/**
 * generated by fontconvert.py
 * name: ia_duospace_10_regular
 * size: 10
 * mode: 1-bit
 * Command used: fontconvert.py ia_duospace_10_regular 10 /Users/jacobshober/Downloads/iA-Fonts-master/iA Writer Duo/Static/iAWriterDuoS-Regular.ttf NotoSansHebrew-Regular.ttf NotoSansArabic-Regular.ttf --additional-intervals 0x05D0,0x05EA --additional-intervals 0x060C,0x060C --additional-intervals 0x061B,0x061B --additional-intervals 0x061F,0x061F --additional-intervals 0x0621,0x0621 --additional-intervals 0x0640,0x0640 --additional-intervals 0x0654,0x0654 --additional-intervals 0x0660,0x0669 --additional-intervals 0x06BA,0x06BA --additional-intervals 0x06D4,0x06D4 --additional-intervals 0x06D5,0x06D5 --additional-intervals 0x06F0,0x06F9 --additional-intervals 0xFB56,0xFB59 --additional-intervals 0xFB66,0xFB69 --additional-intervals 0xFB7A,0xFB7D --additional-intervals 0xFB88,0xFB95 --additional-intervals 0xFB9E,0xFB9F --additional-intervals 0xFBA6,0xFBB1 --additional-intervals 0xFBFC,0xFBFF --additional-intervals 0xFE80,0xFEFC
 */
#pragma once
#include "EpdFontData.h"

static const uint8_t ia_duospace_10_regularBitmaps[20416] = {
    0x77, 0x77, 0x76, 0x66, 0x66, 0x00, 0x7F, 0xF0, 0xEF, 0xBE, 0xFB, 0xEF, 0xB0, 0x0E, 0xC0, 0x76,
    0x03, 0x30, 0x19, 0x83, 0xFF, 0x3F, 0xFD, 0xFF, 0xC3, 0x30, 0x7F, 0xE7, 0xFF, 0xBF, 0xFC, 0x37,
    0x03, 0xB0, 0x19, 0x80, 0xCC, 0x00, 0x0C, 0x01, 0x80, 0x7C, 0x3F, 0xE7, 0xDF, 0xD8, 0xBB, 0x07,
    0x60, 0x7E, 0x07, 0xF0, 0x3F, 0x06, 0x70, 0xCE, 0x99, 0xFB, 0x3F, 0xFE, 0x3F, 0x81, 0xC0, 0x30,
    0x00, 0x7C, 0x0E, 0x3F, 0x0E, 0x31, 0x86, 0x18, 0xC7, 0x0C, 0x67, 0x06, 0x33, 0x03, 0xFB, 0x80,
    0xFB, 0xBE, 0x19, 0x9F, 0x81, 0xD8, 0xC1, 0xCC, 0x60, 0xC6, 0x30, 0xE3, 0x18, 0xE0, 0xFC, 0x60,
    0x7C, 0x1F, 0x03, 0xF8, 0x31, 0x83, 0x00, 0x30, 0x03, 0x80, 0x18, 0x63, 0xCF, 0x7E, 0xFE, 0x7C,
    0xE3, 0xCE, 0x1C, 0xE1, 0xC7, 0xFE, 0x3E, 0x70, 0xDB, 0x6D, 0x80, 0x0C, 0x30, 0xC3, 0x86, 0x1C,
    0x30, 0x60, 0xC1, 0x83, 0x06, 0x0E, 0x0C, 0x18, 0x18, 0x38, 0x38, 0x30, 0xE0, 0xE0, 0xE0, 0xC1,
    0xC1, 0x83, 0x06, 0x0E, 0x1C, 0x38, 0x60, 0xC1, 0x86, 0x0C, 0x30, 0xC3, 0x00, 0x06, 0x00, 0x60,
    0x06, 0x07, 0x67, 0x7F, 0xF1, 0xFC, 0x0F, 0x01, 0xF8, 0x19, 0xC3, 0x8C, 0x00, 0x00, 0x0C, 0x01,
    0x80, 0x30, 0x3F, 0xEF, 0xFF, 0xFF, 0x83, 0x00, 0x60, 0x0C, 0x01, 0x80, 0x73, 0x99, 0xCE, 0x60,
    0x7D, 0xFF, 0xF0, 0x7F, 0xF0, 0x00, 0xC0, 0x60, 0x18, 0x0E, 0x03, 0x00, 0xC0, 0x60, 0x18, 0x0E,
    0x03, 0x00, 0xC0, 0x60, 0x18, 0x0E, 0x03, 0x00, 0xC0, 0x70, 0x18, 0x06, 0x00, 0x3F, 0x0F, 0xF1,
    0x87, 0x70, 0x6E, 0x0D, 0x81, 0xF3, 0xBE, 0x77, 0xC0, 0xF8, 0x1F, 0x83, 0x70, 0x66, 0x1C, 0xFF,
    0x0F, 0xC0, 0x1E, 0x07, 0xC1, 0xD8, 0x73, 0x0C, 0x60, 0x0C, 0x01, 0x80, 0x30, 0x06, 0x00, 0xC0,
    0x18, 0x03, 0x00, 0x60, 0xFF, 0xFF, 0xF8, 0x3F, 0x0F, 0xF3, 0x87, 0x70, 0xE0, 0x1C, 0x03, 0x80,
    0x60, 0x1C, 0x07, 0x01, 0xC0, 0x70, 0x1C, 0x07, 0x01, 0xFF, 0xBF, 0xF8, 0x3F, 0x1F, 0xEE, 0x1D,
    0x07, 0x01, 0xC0, 0x70, 0xF8, 0x7C, 0x1F, 0x80, 0x70, 0x0C, 0x07, 0xE1, 0xFF, 0xE7, 0xF0, 0x03,
    0xC0, 0x3C, 0x07, 0xC0, 0x7C, 0x0D, 0xC1, 0xDC, 0x19, 0xC3, 0x9C, 0x31, 0xC6, 0x1C, 0xFF, 0xEF,
    0xFF, 0x7F, 0xF0, 0x1C, 0x01, 0xC0, 0x7F, 0xCF, 0xF9, 0x80, 0x30, 0x06, 0x00, 0xC0, 0x1F, 0xE3,
    0xFE, 0x61, 0xC0, 0x18, 0x03, 0x20, 0x6E, 0x1C, 0xFF, 0x0F, 0xC0, 0x0F, 0x03, 0xC0, 0xF0, 0x1C,
    0x07, 0x00, 0xC0, 0x3F, 0xE7, 0xFE, 0xE1, 0xDC, 0x1B, 0x83, 0x70, 0x66, 0x1C, 0xFF, 0x0F, 0xC0,
    0xFF, 0xDF, 0xFB, 0x07, 0x60, 0xEC, 0x18, 0x07, 0x00, 0xC0, 0x38, 0x07, 0x00, 0xC0, 0x38, 0x06,
    0x01, 0xC0, 0x30, 0x0E, 0x00, 0x3F, 0x0F, 0xFB, 0x87, 0x70, 0x6E, 0x0C, 0xC3, 0x9F, 0xE1, 0xF8,
    0x7F, 0xDC, 0x1B, 0x03, 0xE0, 0x7E, 0x0C, 0xFF, 0x8F, 0xE0, 0x3F, 0x0F, 0xF3, 0x87, 0x70, 0x6E,
    0x0D, 0xC1, 0xF8, 0x73, 0xFE, 0x7F, 0xC3, 0xB8, 0x06, 0x01, 0xC0, 0x70, 0x1C, 0x07, 0x00, 0x7F,
    0xF0, 0x00, 0x00, 0x7F, 0xF0, 0x73, 0x9C, 0x00, 0x00, 0x00, 0x73, 0x99, 0xCE, 0x60, 0x00, 0x00,
    0x30, 0x3C, 0x3C, 0x3E, 0x1E, 0x0E, 0x03, 0xC0, 0x3C, 0x03, 0xC0, 0x7C, 0x07, 0x00, 0x40, 0x7F,
    0xDF, 0xFF, 0xFF, 0x00, 0x07, 0xFD, 0xFF, 0xFF, 0xF0, 0x00, 0x38, 0x07, 0x80, 0xF0, 0x0F, 0x00,
    0xF0, 0x1C, 0x0F, 0x0F, 0x87, 0x87, 0x83, 0x80, 0xC0, 0x00, 0x3F, 0x1F, 0xE6, 0x1F, 0x87, 0x01,
    0xC0, 0x70, 0x78, 0x3C, 0x0C, 0x03, 0x00, 0x00, 0x00, 0x1E, 0x07, 0x81, 0xE0, 0x07, 0xF0, 0x0F,
    0xFE, 0x0E, 0x03, 0x8E, 0x00, 0xE6, 0x7F, 0x33, 0x3F, 0x9B, 0x38, 0xCD, 0x98, 0x67, 0xCC, 0x33,
    0xE6, 0x19, 0xB3, 0x8C, 0xD9, 0xFF, 0xE6, 0x7F, 0xE3, 0x8C, 0x60, 0xE0, 0x00, 0x3F, 0xF0, 0x0F,
    0xFC, 0x01, 0xFC, 0x00, 0x07, 0x00, 0xF0, 0x0F, 0x80, 0xD8, 0x1D, 0x81, 0x98, 0x19, 0xC3, 0x8C,
    0x3F, 0xC3, 0xFE, 0x3F, 0xE7, 0x06, 0x60, 0x76, 0x07, 0xE0, 0x30, 0xFF, 0x9F, 0xF3, 0x87, 0x70,
    0x6E, 0x0D, 0xC3, 0xBF, 0xE7, 0xFC, 0xFF, 0xDC, 0x1B, 0x83, 0xF0, 0x7E, 0x0D, 0xFF, 0xBF, 0xE0,
    0x1F, 0x87, 0xF9, 0xC7, 0x30, 0x6E, 0x01, 0xC0, 0x38, 0x07, 0x00, 0xE0, 0x1C, 0x03, 0x80, 0x30,
    0x67, 0x0C, 0x7F, 0x87, 0xE0, 0x7F, 0x0F, 0xF1, 0x87, 0x30, 0x66, 0x0C, 0xC1, 0xD8, 0x3B, 0x07,
    0x60, 0xEC, 0x1D, 0x83, 0x30, 0x66, 0x1C, 0xFF, 0x1F, 0xC0, 0xFF, 0xFF, 0xFE, 0x03, 0x80, 0xE0,
    0x38, 0x0F, 0xFB, 0xFF, 0xFF, 0xF8, 0x0E, 0x03, 0x80, 0xE0, 0x3F, 0xFF, 0xFC, 0xFF, 0xDF, 0xFB,
    0x80, 0x70, 0x0E, 0x01, 0xC0, 0x3F, 0xE7, 0xFE, 0xFF, 0xDC, 0x03, 0x80, 0x70, 0x0E, 0x01, 0xC0,
    0x38, 0x00, 0x3F, 0x1F, 0xE7, 0x1F, 0x83, 0xE0, 0x30, 0x0C, 0x03, 0x0E, 0xC7, 0xF1, 0xFE, 0x0F,
    0x83, 0x61, 0xDF, 0xF3, 0xEC, 0xE0, 0xF8, 0x3E, 0x0F, 0x83, 0xE0, 0xF8, 0x3F, 0xFF, 0xFF, 0xFF,
    0xF8, 0x3E, 0x0F, 0x83, 0xE0, 0xF8, 0x3E, 0x0C, 0xFF, 0xDF, 0xF0, 0xE0, 0x38, 0x0E, 0x03, 0x80,
    0xE0, 0x38, 0x0E, 0x03, 0x80, 0xE0, 0x38, 0x0E, 0x1F, 0xFF, 0xFC, 0x3F, 0x9F, 0xC0, 0x60, 0x30,
    0x18, 0x0C, 0x06, 0x03, 0x01, 0x80, 0xC0, 0x6C, 0x3E, 0x3B, 0xFC, 0xFC, 0xE0, 0xEE, 0x1C, 0xE3,
    0x8E, 0x38, 0xE7, 0x0E, 0xE0, 0xFC, 0x0F, 0xE0, 0xFE, 0x0F, 0x70, 0xE3, 0x8E, 0x38, 0xE1, 0xCE,
    0x0E, 0xE0, 0xE0, 0xE0, 0x38, 0x0E, 0x03, 0x80, 0xE0, 0x38, 0x0E, 0x03, 0x80, 0xE0, 0x38, 0x0E,
    0x03, 0x80, 0xE0, 0x3F, 0xEF, 0xFC, 0xF0, 0x1F, 0xE0, 0x7F, 0xE0, 0xFF, 0xC3, 0xFF, 0xC6, 0xFD,
    0x9D, 0xFB, 0xB3, 0xF3, 0xE7, 0xE7, 0x8F, 0xC7, 0x1F, 0x84, 0x3F, 0x00, 0x7E, 0x00, 0xFC, 0x01,
    0xF8, 0x03, 0x80, 0xF0, 0xFC, 0x3F, 0x8F, 0xE3, 0xF8, 0xFF, 0x3E, 0xCF, 0xB3, 0xEE, 0xF9, 0xBE,
    0x7F, 0x8F, 0xE3, 0xF8, 0xFE, 0x1C, 0x3F, 0x0F, 0xF1, 0x87, 0x70, 0x6E, 0x0D, 0x81, 0xF0, 0x3E,
    0x07, 0xC0, 0xF8, 0x1F, 0x83, 0x70, 0x66, 0x1C, 0xFF, 0x0F, 0xC0, 0xFF, 0x9F, 0xFB, 0x83, 0x70,
    0x7E, 0x0F, 0xC1, 0xFF, 0xF7, 0xFC, 0xFF, 0x1C, 0x03, 0x80, 0x70, 0x0E, 0x01, 0xC0, 0x38, 0x00,
    0x3F, 0x03, 0xFC, 0x18, 0x71, 0xC1, 0x8E, 0x0C, 0x60, 0x73, 0x03, 0x98, 0x1C, 0xC0, 0xE6, 0x07,
    0x3B, 0xB1, 0xCF, 0x86, 0x3C, 0x3F, 0xF0, 0xFF, 0xC0, 0x06, 0xFF, 0x9F, 0xFB, 0x83, 0x70, 0x7E,
    0x0F, 0xC1, 0xBF, 0xF7, 0xFC, 0xFE, 0x1C, 0xE3, 0x8C, 0x71, 0xCE, 0x19, 0xC3, 0xB8, 0x38, 0x1F,
    0xC3, 0xFE, 0x70, 0x67, 0x00, 0x70, 0x07, 0x00, 0x3F, 0x01, 0xFC, 0x03, 0xE0, 0x06, 0x00, 0x72,
    0x07, 0x70, 0xE7, 0xFE, 0x1F, 0xC0, 0xFF, 0xFF, 0xFF, 0x07, 0x00, 0x70, 0x07, 0x00, 0x70, 0x07,
    0x00, 0x70, 0x07, 0x00, 0x70, 0x07, 0x00, 0x70, 0x07, 0x00, 0x70, 0x07, 0x00, 0xE0, 0xF8, 0x3E,
    0x0F, 0x83, 0xE0, 0xF8, 0x3E, 0x0F, 0x83, 0xE0, 0xF8, 0x3E, 0x0D, 0x83, 0x61, 0xDF, 0xE3, 0xF0,
    0x60, 0x76, 0x07, 0x70, 0x67, 0x06, 0x30, 0xE3, 0x0E, 0x38, 0xC1, 0x8C, 0x19, 0xC1, 0xD8, 0x1D,
    0x80, 0xF8, 0x0F, 0x80, 0xF0, 0x07, 0x00, 0xE0, 0xE0, 0xDC, 0x1C, 0x19, 0x87, 0x83, 0x38, 0xF8,
    0xE7, 0x1B, 0x1C, 0xE3, 0x63, 0x0C, 0xEC, 0x61, 0x99, 0xDC, 0x3B, 0x1B, 0x87, 0x63, 0x60, 0x7C,
    0x6C, 0x0F, 0x0F, 0x81, 0xE0, 0xF0, 0x3C, 0x1C, 0x03, 0x83, 0x80, 0x60, 0x77, 0x06, 0x38, 0xE1,
    0x9C, 0x1D, 0xC0, 0xF8, 0x0F, 0x00, 0x70, 0x0F, 0x00, 0xF8, 0x1D, 0xC3, 0x8C, 0x30, 0xE7, 0x06,
    0xE0, 0x70, 0xE0, 0x33, 0x83, 0x9C, 0x38, 0x71, 0xC3, 0x9C, 0x0E, 0xE0, 0x7E, 0x01, 0xE0, 0x07,
    0x00, 0x38, 0x01, 0xC0, 0x0E, 0x00, 0x70, 0x03, 0x80, 0x1C, 0x00, 0xFF, 0xFF, 0xF8, 0x07, 0x01,
    0xC0, 0x38, 0x0E, 0x03, 0x80, 0x60, 0x1C, 0x07, 0x00, 0xC0, 0x38, 0x0E, 0x01, 0xFF, 0xFF, 0xF8,
    0xFF, 0xFF, 0x87, 0x0E, 0x1C, 0x38, 0x70, 0xE1, 0xC3, 0x87, 0x0E, 0x1C, 0x38, 0x70, 0xE1, 0xFB,
    0xFB, 0xF0, 0x60, 0x18, 0x07, 0x00, 0xC0, 0x38, 0x06, 0x01, 0x80, 0x70, 0x0C, 0x03, 0x00, 0x60,
    0x18, 0x07, 0x00, 0xC0, 0x30, 0x06, 0x01, 0x80, 0x70, 0x0C, 0x7E, 0xFC, 0x18, 0x30, 0x60, 0xC1,
    0x83, 0x06, 0x0C, 0x18, 0x30, 0x60, 0xC1, 0x83, 0x06, 0xFD, 0xFB, 0xF0, 0x07, 0x00, 0xF0, 0x0F,
    0x81, 0x9C, 0x38, 0xC3, 0x0E, 0x70, 0x66, 0x07, 0x60, 0x20, 0x7F, 0xDF, 0xFF, 0xFF, 0x00, 0x03,
    0x1C, 0x63, 0x00, 0x3F, 0x0F, 0xF1, 0x86, 0x00, 0xC0, 0x78, 0xFF, 0x3F, 0xE7, 0x0C, 0xE1, 0x9F,
    0xFD, 0xFF, 0x80, 0x60, 0x0C, 0x01, 0x80, 0x30, 0x06, 0xF8, 0xFF, 0x98, 0x73, 0x06, 0x60, 0xEC,
    0x1D, 0x83, 0xB0, 0x66, 0x1C, 0xFF, 0x9F, 0xE0, 0x1F, 0x0F, 0xE7, 0x1D, 0x80, 0xE0, 0x38, 0x0E,
    0x01, 0x80, 0x70, 0xCF, 0xF1, 0xF8, 0x01, 0xC0, 0x70, 0x1C, 0x07, 0x3F, 0xDF, 0xFE, 0x1F, 0x87,
    0xC1, 0xF0, 0x7C, 0x1F, 0x87, 0xE1, 0xDF, 0xF3, 0xFC, 0x3F, 0x0F, 0xF1, 0xC7, 0x70, 0x6F, 0xFD,
    0xFF, 0xBF, 0xF7, 0x00, 0x60, 0xCF, 0xF8, 0xFE, 0x00, 0x07, 0xE1, 0xFC, 0x38, 0x06, 0x0F, 0xFF,
    0xFF, 0xC3, 0x00, 0x60, 0x0C, 0x01, 0x80, 0x30, 0x06, 0x00, 0xC0, 0xFF, 0xBF, 0xF0, 0x3F, 0xDF,
    0xFE, 0x1F, 0x87, 0xC1, 0xF0, 0x7C, 0x1F, 0x87, 0xE1, 0xDF, 0xF3, 0xFC, 0x07, 0x01, 0x9F, 0xE3,
    0xF0, 0xC0, 0x60, 0x30, 0x18, 0x0F, 0xE7, 0xFB, 0x0F, 0x87, 0xC1, 0xE0, 0xF0, 0x78, 0x3C, 0x1E,
    0x0F, 0x06, 0x0E, 0x01, 0xC0, 0x10, 0x00, 0x0F, 0xE0, 0xFC, 0x03, 0x80, 0x70, 0x0E, 0x01, 0xC0,
    0x38, 0x07, 0x00, 0xE0, 0xFF, 0xBF, 0xF0, 0x03, 0x01, 0xC0, 0xE0, 0x00, 0x03, 0xF9, 0xFC, 0x06,
    0x03, 0x01, 0x80, 0xC0, 0x60, 0x30, 0x18, 0x0C, 0x06, 0x03, 0x01, 0x9F, 0xCF, 0xC0, 0xC0, 0x30,
    0x0C, 0x03, 0x00, 0xC3, 0xB1, 0xCC, 0xE3, 0x70, 0xFC, 0x3F, 0x0E, 0xE3, 0x1C, 0xC3, 0xB0, 0xEC,
    0x1C, 0xFC, 0x3F, 0x00, 0xC0, 0x30, 0x0C, 0x03, 0x00, 0xC0, 0x30, 0x0C, 0x03, 0x00, 0xC0, 0x30,
    0x0C, 0x3F, 0xFF, 0xFC, 0xFE, 0x7D, 0xFF, 0xFB, 0x0E, 0x3E, 0x1C, 0x3C, 0x38, 0x78, 0x70, 0xF0,
    0xE1, 0xE1, 0xC3, 0xC3, 0x87, 0x87, 0x0F, 0x0E, 0x18, 0xFE, 0x7F, 0xB0, 0xF8, 0x7C, 0x1E, 0x0F,
    0x07, 0x83, 0xC1, 0xE0, 0xF0, 0x60, 0x3F, 0x0F, 0xF1, 0x87, 0x70, 0x6E, 0x0D, 0xC1, 0xB8, 0x37,
    0x06, 0x61, 0xCF, 0xF0, 0xFC, 0x00, 0x6F, 0x8F, 0xF9, 0x87, 0x30, 0x66, 0x0E, 0xC1, 0xD8, 0x3B,
    0x06, 0x61, 0xCF, 0xF9, 0xFE, 0x30, 0x06, 0x00, 0xC0, 0x18, 0x00, 0x3F, 0xDF, 0xFE, 0x1F, 0x87,
    0xC1, 0xF0, 0x7C, 0x1F, 0x87, 0xE1, 0xDF, 0xF3, 0xFC, 0x07, 0x01, 0xC0, 0x70, 0x1C, 0xFF, 0xFF,
    0xFC, 0x78, 0x0E, 0x01, 0xC0, 0x38, 0x07, 0x00, 0xE0, 0x1C, 0x1F, 0xFB, 0xFF, 0x00, 0x3F, 0x9F,
    0xF6, 0x09, 0x80, 0x7C, 0x0F, 0xE0, 0x3C, 0x03, 0xE0, 0xDF, 0xF3, 0xF8, 0x0C, 0x01, 0x80, 0x30,
    0x06, 0x0F, 0xFE, 0xFF, 0xC3, 0x00, 0x60, 0x0C, 0x01, 0x80, 0x30, 0x06, 0x00, 0xE0, 0x1F, 0xC1,
    0xF8, 0x61, 0xD8, 0x76, 0x1D, 0x87, 0x61, 0xD8, 0x76, 0x1D, 0x87, 0x61, 0xDF, 0xF3, 0xFC, 0xE0,
    0xDC, 0x19, 0x87, 0x38, 0xC3, 0x18, 0x67, 0x0E, 0xC0, 0xD8, 0x1F, 0x03, 0xC0, 0x38, 0x00, 0xE1,
    0xC3, 0x30, 0xE1, 0x98, 0x70, 0xCE, 0x7C, 0xE7, 0x36, 0x61, 0x9B, 0x30, 0xD9, 0x98, 0x7C, 0x78,
    0x1E, 0x3C, 0x0F, 0x1E, 0x07, 0x0F, 0x00, 0xE1, 0xCE, 0x30, 0xEE, 0x1F, 0x81, 0xE0, 0x1C, 0x07,
    0x81, 0xF8, 0x33, 0x8E, 0x3B, 0x87, 0x00, 0xC0, 0xFC, 0x19, 0x87, 0x38, 0xC3, 0x18, 0x67, 0x0E,
    0xC0, 0xF8, 0x1E, 0x01, 0xC0, 0x38, 0x06, 0x01, 0xC0, 0xF0, 0x3E, 0x00, 0x7F, 0xDF, 0xF0, 0x38,
    0x1C, 0x07, 0x03, 0x81, 0xC0, 0xE0, 0x70, 0x3F, 0xFF, 0xFC, 0x1F, 0x8F, 0xC6, 0x03, 0x01, 0x80,
    0xE0, 0x30, 0x18, 0x7C, 0x7C, 0x3F, 0x01, 0x80, 0xC0, 0xE0, 0x60, 0x30, 0x18, 0x0F, 0x87, 0xE1,
    0xE0, 0xFF, 0xFF, 0xFF, 0xFF, 0xFC, 0xFC, 0x7E, 0x03, 0x01, 0x81, 0xC0, 0xC0, 0xC0, 0x60, 0x3F,
    0x0F, 0xCF, 0xC6, 0x03, 0x00, 0xC0, 0x70, 0x18, 0x0C, 0x3E, 0x3F, 0x1F, 0x00, 0x00, 0x0F, 0xFF,
    0x3F, 0x01, 0xC0, 0xFF, 0x70, 0x06, 0x66, 0x66, 0x77, 0x77, 0x70, 0x04, 0x03, 0x00, 0xE0, 0xFE,
    0x7F, 0xDB, 0x36, 0xC3, 0xB0, 0xEC, 0x3B, 0x06, 0xC9, 0xF7, 0x3F, 0x87, 0xC0, 0xC0, 0x30, 0x1F,
    0x87, 0xF9, 0xC3, 0xB0, 0x26, 0x00, 0xC0, 0x18, 0x03, 0xF0, 0xFF, 0x1F, 0xE0, 0xC0, 0x18, 0x07,
    0x01, 0xFF, 0xBF, 0xF8, 0xE0, 0x33, 0x83, 0x9C, 0x18, 0x61, 0xC3, 0x8C, 0x0C, 0xE0, 0x76, 0x07,
    0xF8, 0x7F, 0xE3, 0xFF, 0x01, 0x80, 0x0C, 0x00, 0x60, 0x3F, 0xF1, 0xFF, 0x80, 0xFF, 0xFC, 0x03,
    0xFF, 0xF0, 0x1F, 0x8F, 0xE7, 0x09, 0xC0, 0x70, 0x0F, 0x83, 0xF9, 0x8F, 0xE0, 0xF8, 0x37, 0x0D,
    0xFE, 0x1F, 0x00, 0xE0, 0x18, 0x06, 0x3F, 0x9F, 0xC1, 0xC0, 0x62, 0xE7, 0xE7, 0x00, 0x00, 0x1F,
    0xC0, 0xFF, 0xC1, 0x81, 0xC6, 0x01, 0xCC, 0xF9, 0xB3, 0xF3, 0x66, 0x27, 0xCC, 0x07, 0x98, 0x1F,
    0x31, 0x33, 0x7F, 0x66, 0x7D, 0xCE, 0x77, 0x0F, 0xFE, 0x0F, 0xF0, 0x03, 0x80, 0x3C, 0x7E, 0x46,
    0x06, 0x7E, 0x7E, 0x7E, 0x7F, 0x00, 0x01, 0x18, 0xE7, 0x3D, 0xCF, 0x71, 0xCE, 0x3D, 0xE1, 0xDE,
    0x1D, 0xC1, 0x08, 0x7F, 0xBF, 0xFF, 0xFC, 0x03, 0x00, 0xC0, 0x30, 0x0C, 0x7D, 0xFF, 0xF0, 0x00,
    0x1F, 0x1F, 0xDF, 0xAF, 0xD7, 0xF9, 0xFC, 0xFC, 0x18, 0x00, 0x7D, 0xFF, 0xF0, 0x00, 0x3E, 0x7F,
    0xE3, 0xE3, 0xE3, 0x7F, 0x7E, 0x18, 0x0C, 0x01, 0x80, 0x30, 0x3F, 0xEF, 0xFF, 0xFF, 0x83, 0x00,
    0x60, 0x0C, 0x01, 0x80, 0x00, 0x7F, 0xEF, 0xFE, 0x79, 0xF9, 0x30, 0x61, 0x8E, 0x38, 0x7F, 0x7F,
    0xF0, 0xCE, 0x3C, 0x3F, 0xDE, 0x07, 0x6E, 0xC0, 0xC3, 0xE1, 0xF0, 0xF8, 0x7C, 0x3E, 0x1F, 0x0F,
    0x87, 0xE3, 0xFF, 0xFF, 0xF8, 0x0C, 0x06, 0x03, 0x00, 0x1F, 0xE7, 0xFD, 0xFD, 0xBF, 0xB7, 0xF6,
    0xFE, 0xDF, 0xDB, 0xFB, 0x3F, 0x61, 0xEC, 0x1D, 0x83, 0xB0, 0x76, 0x0E, 0xC1, 0xD8, 0x3B, 0x07,
    0x60, 0xCC, 0x77, 0x70, 0x23, 0x1E, 0xBF, 0x80, 0x79, 0xF2, 0x60, 0xC1, 0x83, 0x06, 0x7F, 0x3E,
    0x7E, 0x63, 0x63, 0x63, 0x63, 0x7E, 0x3E, 0x00, 0x31, 0x8E, 0x71, 0xCE, 0x39, 0xC7, 0x33, 0x9D,
    0xCE, 0xE7, 0x31, 0x80, 0x70, 0x37, 0x83, 0x8C, 0x18, 0x61, 0xC3, 0x0C, 0x18, 0xE3, 0xF6, 0x00,
    0x00, 0x18, 0x70, 0xC7, 0x8E, 0x3C, 0x63, 0x67, 0x33, 0x31, 0xFF, 0x80, 0xC0, 0x70, 0x37, 0x83,
    0x8C, 0x18, 0x61, 0xC3, 0x0C, 0x18, 0xE3, 0xF6, 0x00, 0x00, 0x19, 0xF0, 0xCF, 0x8E, 0x4C, 0x60,
    0xC7, 0x0C, 0x30, 0xFB, 0x8F, 0xC0, 0x78, 0x37, 0xE3, 0x87, 0x18, 0x71, 0xC3, 0xCC, 0x7E, 0xE1,
    0xF6, 0x06, 0x00, 0x18, 0x70, 0xC7, 0x8E, 0x3C, 0x63, 0x67, 0x33, 0x31, 0xFF, 0x80, 0xC0, 0x0E,
    0x03, 0x80, 0xE0, 0x00, 0x00, 0x03, 0x80, 0xE0, 0x78, 0x78, 0x1C, 0x06, 0x01, 0x83, 0x61, 0xDF,
    0xE3, 0xF0, 0x0C, 0x00, 0xC0, 0x0E, 0x00, 0x60, 0x00, 0x00, 0x70, 0x0F, 0x00, 0xF8, 0x0D, 0x81,
    0xD8, 0x19, 0x81, 0x9C, 0x38, 0xC3, 0xFC, 0x3F, 0xE3, 0xFE, 0x70, 0x66, 0x07, 0x60, 0x7E, 0x03,
    0x01, 0x00, 0x38, 0x03, 0x00, 0x60, 0x00, 0x00, 0x70, 0x0F, 0x00, 0xF8, 0x0D, 0x81, 0xD8, 0x19,
    0x81, 0x9C, 0x38, 0xC3, 0xFC, 0x3F, 0xE3, 0xFE, 0x70, 0x66, 0x07, 0x60, 0x7E, 0x03, 0x0F, 0x00,
    0xF8, 0x19, 0xC1, 0x08, 0x07, 0x00, 0xF0, 0x0F, 0x80, 0xD8, 0x1D, 0x81, 0x98, 0x19, 0xC3, 0x8C,
    0x3F, 0xC3, 0xFE, 0x3F, 0xE7, 0x06, 0x60, 0x76, 0x07, 0xE0, 0x30, 0x00, 0x01, 0xFC, 0x1F, 0xC0,
    0x18, 0x00, 0x00, 0x70, 0x0F, 0x00, 0xF8, 0x0D, 0x81, 0xD8, 0x19, 0x81, 0x9C, 0x38, 0xC3, 0xFC,
    0x3F, 0xE3, 0xFE, 0x70, 0x66, 0x07, 0x60, 0x7E, 0x03, 0x18, 0x83, 0x9C, 0x39, 0xC0, 0x00, 0x00,
    0x00, 0x70, 0x0F, 0x00, 0xF8, 0x0D, 0x81, 0xD8, 0x19, 0x81, 0x9C, 0x38, 0xC3, 0xFC, 0x3F, 0xE3,
    0xFE, 0x70, 0x66, 0x07, 0x60, 0x7E, 0x03, 0x00, 0x00, 0xF0, 0x0F, 0x81, 0x98, 0x0F, 0x80, 0xF0,
    0x06, 0x00, 0x70, 0x0F, 0x00, 0xF8, 0x0D, 0x81, 0xD8, 0x19, 0x81, 0x9C, 0x38, 0xC3, 0xFC, 0x3F,
    0xE3, 0xFE, 0x70, 0x66, 0x07, 0x60, 0x7E, 0x03, 0x01, 0xFF, 0xC0, 0x7F, 0xF0, 0x3E, 0x00, 0x0D,
    0x80, 0x07, 0x60, 0x01, 0x98, 0x00, 0xE7, 0xF8, 0x31, 0xFF, 0x1F, 0xFF, 0x87, 0xF8, 0x03, 0xFE,
    0x00, 0xC1, 0x80, 0x70, 0x60, 0x1C, 0x1F, 0xFE, 0x07, 0xFC, 0x1F, 0x87, 0xF9, 0xC7, 0x30, 0x6E,
    0x01, 0xC0, 0x38, 0x07, 0x00, 0xE0, 0x1C, 0x03, 0x80, 0x30, 0x67, 0x0C, 0x7F, 0x87, 0xE0, 0x60,
    0x0F, 0x01, 0xE0, 0x7C, 0x00, 0x18, 0x07, 0x00, 0xC0, 0x30, 0x00, 0x3F, 0xFF, 0xFF, 0x80, 0xE0,
    0x38, 0x0E, 0x03, 0xFE, 0xFF, 0xFF, 0xFE, 0x03, 0x80, 0xE0, 0x38, 0x0F, 0xFF, 0xFF, 0x03, 0x01,
    0xC0, 0x60, 0x30, 0x00, 0x3F, 0xFF, 0xFF, 0x80, 0xE0, 0x38, 0x0E, 0x03, 0xFE, 0xFF, 0xFF, 0xFE,
    0x03, 0x80, 0xE0, 0x38, 0x0F, 0xFF, 0xFF, 0x1E, 0x07, 0xC3, 0xB8, 0xC6, 0xFF, 0xFF, 0xFE, 0x03,
    0x80, 0xE0, 0x38, 0x0F, 0xFB, 0xFF, 0xFF, 0xF8, 0x0E, 0x03, 0x80, 0xE0, 0x3F, 0xFF, 0xFC, 0x31,
    0x1C, 0xE7, 0x38, 0x00, 0x00, 0x3F, 0xFF, 0xFF, 0x80, 0xE0, 0x38, 0x0E, 0x03, 0xFE, 0xFF, 0xFF,
    0xFE, 0x03, 0x80, 0xE0, 0x38, 0x0F, 0xFF, 0xFF, 0x18, 0x06, 0x01, 0xC0, 0x30, 0x00, 0x3F, 0xF7,
    0xFC, 0x38, 0x0E, 0x03, 0x80, 0xE0, 0x38, 0x0E, 0x03, 0x80, 0xE0, 0x38, 0x0E, 0x03, 0x87, 0xFF,
    0xFF, 0x02, 0x01, 0xC0, 0x60, 0x30, 0x00, 0x3F, 0xF7, 0xFC, 0x38, 0x0E, 0x03, 0x80, 0xE0, 0x38,
    0x0E, 0x03, 0x80, 0xE0, 0x38, 0x0E, 0x03, 0x87, 0xFF, 0xFF, 0x1E, 0x07, 0xC3, 0x38, 0x84, 0xFF,
    0xDF, 0xF0, 0xE0, 0x38, 0x0E, 0x03, 0x80, 0xE0, 0x38, 0x0E, 0x03, 0x80, 0xE0, 0x38, 0x0E, 0x1F,
    0xFF, 0xFC, 0x31, 0x1C, 0xE7, 0x38, 0x00, 0x00, 0x3F, 0xF7, 0xFC, 0x38, 0x0E, 0x03, 0x80, 0xE0,
    0x38, 0x0E, 0x03, 0x80, 0xE0, 0x38, 0x0E, 0x03, 0x87, 0xFF, 0xFF, 0x3F, 0x83, 0xFC, 0x30, 0xE3,
    0x06, 0x30, 0x63, 0x07, 0x7C, 0x7F, 0xE7, 0xFE, 0x73, 0x07, 0x30, 0x63, 0x06, 0x30, 0xE3, 0xFC,
    0x3F, 0x80, 0x00, 0x0F, 0xE3, 0xF8, 0x0C, 0x00, 0x3C, 0x3F, 0x0F, 0xE3, 0xF8, 0xFE, 0x3F, 0xCF,
    0xB3, 0xEC, 0xFB, 0xBE, 0x6F, 0x9F, 0xE3, 0xF8, 0xFE, 0x3F, 0x87, 0x18, 0x03, 0x00, 0x70, 0x06,
    0x00, 0x00, 0x7E, 0x1F, 0xE3, 0x0E, 0xE0, 0xDC, 0x1B, 0x03, 0xE0, 0x7C, 0x0F, 0x81, 0xF0, 0x3F,
    0x06, 0xE0, 0xCC, 0x39, 0xFE, 0x1F, 0x80, 0x02, 0x00, 0xE0, 0x18, 0x06, 0x00, 0x00, 0x7E, 0x1F,
    0xE3, 0x0E, 0xE0, 0xDC, 0x1B, 0x03, 0xE0, 0x7C, 0x0F, 0x81, 0xF0, 0x3F, 0x06, 0xE0, 0xCC, 0x39,
    0xFE, 0x1F, 0x80, 0x1E, 0x03, 0xE0, 0xCE, 0x10, 0x83, 0xF0, 0xFF, 0x18, 0x77, 0x06, 0xE0, 0xD8,
    0x1F, 0x03, 0xE0, 0x7C, 0x0F, 0x81, 0xF8, 0x37, 0x06, 0x61, 0xCF, 0xF0, 0xFC, 0x00, 0x00, 0x07,
    0xF0, 0xFE, 0x01, 0x80, 0x00, 0x7E, 0x1F, 0xE3, 0x0E, 0xE0, 0xDC, 0x1B, 0x03, 0xE0, 0x7C, 0x0F,
    0x81, 0xF0, 0x3F, 0x06, 0xE0, 0xCC, 0x39, 0xFE, 0x1F, 0x80, 0x31, 0x0E, 0x71, 0xCE, 0x00, 0x00,
    0x00, 0x7E, 0x1F, 0xE3, 0x0E, 0xE0, 0xDC, 0x1B, 0x03, 0xE0, 0x7C, 0x0F, 0x81, 0xF0, 0x3F, 0x06,
    0xE0, 0xCC, 0x39, 0xFE, 0x1F, 0x80, 0x60, 0x9C, 0x73, 0xB8, 0x7C, 0x0E, 0x07, 0xC3, 0xB9, 0xC7,
    0x60, 0xC0, 0x00, 0x00, 0x21, 0xFF, 0x3F, 0xE3, 0x0E, 0x71, 0xE7, 0x1E, 0x63, 0xF6, 0x37, 0x66,
    0x76, 0x67, 0x6C, 0x77, 0xC6, 0x78, 0x63, 0x8E, 0x7F, 0xC7, 0xF8, 0x60, 0x00, 0x18, 0x06, 0x01,
    0xC0, 0x30, 0x00, 0x38, 0x3E, 0x0F, 0x83, 0xE0, 0xF8, 0x3E, 0x0F, 0x83, 0xE0, 0xF8, 0x3E, 0x0F,
    0x83, 0x60, 0xD8, 0x77, 0xF8, 0xFC, 0x02, 0x01, 0xC0, 0x60, 0x30, 0x00, 0x38, 0x3E, 0x0F, 0x83,
    0xE0, 0xF8, 0x3E, 0x0F, 0x83, 0xE0, 0xF8, 0x3E, 0x0F, 0x83, 0x60, 0xD8, 0x77, 0xF8, 0xFC, 0x1E,
    0x07, 0xC3, 0x38, 0x84, 0xE0, 0xF8, 0x3E, 0x0F, 0x83, 0xE0, 0xF8, 0x3E, 0x0F, 0x83, 0xE0, 0xF8,
    0x3E, 0x0D, 0x83, 0x61, 0xDF, 0xE3, 0xF0, 0x31, 0x1C, 0xE7, 0x38, 0x00, 0x00, 0x38, 0x3E, 0x0F,
    0x83, 0xE0, 0xF8, 0x3E, 0x0F, 0x83, 0xE0, 0xF8, 0x3E, 0x0F, 0x83, 0x60, 0xD8, 0x77, 0xF8, 0xFC,
    0x01, 0x00, 0x1C, 0x00, 0xC0, 0x0C, 0x00, 0x00, 0x70, 0x19, 0xC1, 0xCE, 0x1C, 0x38, 0xE1, 0xCE,
    0x07, 0x70, 0x3F, 0x00, 0xF0, 0x03, 0x80, 0x1C, 0x00, 0xE0, 0x07, 0x00, 0x38, 0x01, 0xC0, 0x0E,
    0x00, 0xE0, 0x1C, 0x03, 0x80, 0x7E, 0x0F, 0xF9, 0xFF, 0xB8, 0x3F, 0x07, 0xE0, 0xFF, 0xFB, 0xFF,
    0x7F, 0x8E, 0x01, 0xC0, 0x38, 0x00, 0x1F, 0x83, 0xFC, 0x38, 0xE3, 0x0E, 0xF3, 0xEF, 0x7E, 0x36,
    0x03, 0x60, 0x37, 0x83, 0x3E, 0x30, 0x73, 0x03, 0x36, 0x33, 0x7F, 0x33, 0xE0, 0x00, 0x07, 0x00,
    0x60, 0x0E, 0x00, 0xC0, 0x00, 0x0F, 0xC3, 0xFC, 0x61, 0x80, 0x30, 0x1E, 0x3F, 0xCF, 0xF9, 0xC3,
    0x38, 0x67, 0xFF, 0x7F, 0xE0, 0x00, 0x00, 0xC0, 0x38, 0x06, 0x00, 0xC0, 0x00, 0x0F, 0xC3, 0xFC,
    0x61, 0x80, 0x30, 0x1E, 0x3F, 0xCF, 0xF9, 0xC3, 0x38, 0x67, 0xFF, 0x7F, 0xE0, 0x1E, 0x07, 0xE1,
    0xCC, 0x10, 0x80, 0x00, 0x7E, 0x1F, 0xE3, 0x0C, 0x01, 0x80, 0xF1, 0xFE, 0x7F, 0xCE, 0x19, 0xC3,
    0x3F, 0xFB, 0xFF, 0x00, 0x0F, 0xE1, 0xFE, 0x03, 0x00, 0x00, 0x7E, 0x1F, 0xE3, 0x0C, 0x01, 0x80,
    0xF1, 0xFE, 0x7F, 0xCE, 0x19, 0xC3, 0x3F, 0xFB, 0xFF, 0x23, 0x0E, 0x71, 0xCE, 0x00, 0x00, 0x00,
    0x7E, 0x1F, 0xE3, 0x0C, 0x01, 0x80, 0xF1, 0xFE, 0x7F, 0xCE, 0x19, 0xC3, 0x3F, 0xFB, 0xFF, 0x00,
    0x03, 0xC0, 0xF8, 0x19, 0x83, 0xF0, 0x3C, 0x03, 0x01, 0xF8, 0x7F, 0x8C, 0x30, 0x06, 0x03, 0xC7,
    0xF9, 0xFF, 0x38, 0x67, 0x0C, 0xFF, 0xEF, 0xFC, 0x3E, 0x7E, 0x3F, 0xFF, 0x98, 0xF1, 0xC0, 0x30,
    0x70, 0x7F, 0xFB, 0xFF, 0xFF, 0xFF, 0xFF, 0xC3, 0x00, 0xE3, 0xC3, 0x7F, 0xFF, 0x9F, 0x9F, 0x80,
    0x1F, 0x0F, 0xE7, 0x1D, 0x80, 0xE0, 0x38, 0x0E, 0x01, 0x80, 0x70, 0xCF, 0xF1, 0xF8, 0x30, 0x0F,
    0x03, 0xC1, 0xF0, 0x00, 0x03, 0x00, 0x70, 0x06, 0x00, 0x40, 0x00, 0x0F, 0xC3, 0xFC, 0x71, 0xDC,
    0x1B, 0xFF, 0x7F, 0xEF, 0xFD, 0xC0, 0x18, 0x33, 0xFE, 0x3F, 0x80, 0x00, 0x00, 0xE0, 0x18, 0x07,
    0x00, 0xC0, 0x00, 0x0F, 0xC3, 0xFC, 0x71, 0xDC, 0x1B, 0xFF, 0x7F, 0xEF, 0xFD, 0xC0, 0x18, 0x33,
    0xFE, 0x3F, 0x80, 0x1E, 0x03, 0xE0, 0xCE, 0x10, 0xC0, 0x00, 0x7E, 0x1F, 0xE3, 0x8E, 0xE0, 0xDF,
    0xFB, 0xFF, 0x7F, 0xEE, 0x00, 0xC1, 0x9F, 0xF1, 0xFC, 0x31, 0x0E, 0x71, 0xCE, 0x00, 0x00, 0x00,
    0x7E, 0x1F, 0xE3, 0x8E, 0xE0, 0xDF, 0xFB, 0xFF, 0x7F, 0xEE, 0x00, 0xC1, 0x9F, 0xF1, 0xFC, 0x00,
    0x0E, 0x01, 0x80, 0x70, 0x0C, 0x00, 0x0F, 0xC3, 0xF0, 0x0C, 0x03, 0x00, 0xC0, 0x30, 0x0C, 0x03,
    0x00, 0xC3, 0xFF, 0xFF, 0xC0, 0x00, 0x01, 0x80, 0xE0, 0x30, 0x0C, 0x00, 0x0F, 0xC3, 0xF0, 0x0C,
    0x03, 0x00, 0xC0, 0x30, 0x0C, 0x03, 0x00, 0xC3, 0xFF, 0xFF, 0xC0, 0x1E, 0x0F, 0xC7, 0x30, 0x84,
    0x00, 0x3F, 0x0F, 0xC0, 0x30, 0x0C, 0x03, 0x00, 0xC0, 0x30, 0x0C, 0x03, 0x0F, 0xFF, 0xFF, 0x23,
    0x1C, 0xE7, 0x38, 0x00, 0x00, 0x3F, 0x0F, 0xC0, 0x30, 0x0C, 0x03, 0x00, 0xC0, 0x30, 0x0C, 0x03,
    0x0F, 0xFF, 0xFF, 0x00, 0x07, 0xF0, 0x3C, 0x0F, 0x81, 0x38, 0x7F, 0x1F, 0xF3, 0x0E, 0xE0, 0xDC,
    0x1B, 0x83, 0x70, 0x6E, 0x0C, 0xC3, 0x9F, 0xE1, 0xF8, 0x00, 0x3F, 0x9F, 0xC0, 0xC0, 0x07, 0xF3,
    0xFD, 0x87, 0xC3, 0xE0, 0xF0, 0x78, 0x3C, 0x1E, 0x0F, 0x07, 0x83, 0x00, 0x03, 0x00, 0x70, 0x06,
    0x00, 0xC0, 0x00, 0x0F, 0xC3, 0xFC, 0x61, 0xDC, 0x1B, 0x83, 0x70, 0x6E, 0x0D, 0xC1, 0x98, 0x73,
    0xFC, 0x3F, 0x00, 0x00, 0x00, 0xE0, 0x18, 0x07, 0x00, 0xC0, 0x00, 0x0F, 0xC3, 0xFC, 0x61, 0xDC,
    0x1B, 0x83, 0x70, 0x6E, 0x0D, 0xC1, 0x98, 0x73, 0xFC, 0x3F, 0x00, 0x1E, 0x03, 0xE0, 0xCE, 0x10,
    0x80, 0x00, 0x7E, 0x1F, 0xE3, 0x0E, 0xE0, 0xDC, 0x1B, 0x83, 0x70, 0x6E, 0x0C, 0xC3, 0x9F, 0xE1,
    0xF8, 0x00, 0x07, 0xF0, 0xFE, 0x01, 0x80, 0x00, 0x7E, 0x1F, 0xE3, 0x0E, 0xE0, 0xDC, 0x1B, 0x83,
    0x70, 0x6E, 0x0C, 0xC3, 0x9F, 0xE1, 0xF8, 0x31, 0x0E, 0x71, 0xCE, 0x00, 0x00, 0x00, 0x7E, 0x1F,
    0xE3, 0x0E, 0xE0, 0xDC, 0x1B, 0x83, 0x70, 0x6E, 0x0C, 0xC3, 0x9F, 0xE1, 0xF8, 0x0C, 0x01, 0xC0,
    0x38, 0x00, 0x07, 0xFD, 0xFF, 0xFF, 0xF0, 0x00, 0x0C, 0x01, 0xC0, 0x38, 0x00, 0x00, 0x21, 0xFF,
    0x3F, 0xE3, 0x0E, 0x71, 0xE7, 0x36, 0x76, 0x67, 0xE6, 0x7C, 0x63, 0x8E, 0x3F, 0xC7, 0xF8, 0x40,
    0x00, 0x00, 0x06, 0x01, 0xC0, 0x30, 0x0C, 0x00, 0x06, 0x1D, 0x87, 0x61, 0xD8, 0x76, 0x1D, 0x87,
    0x61, 0xD8, 0x76, 0x1D, 0xFF, 0x3F, 0xC0, 0x00, 0x01, 0xC0, 0x60, 0x38, 0x0C, 0x00, 0x06, 0x1D,
    0x87, 0x61, 0xD8, 0x76, 0x1D, 0x87, 0x61, 0xD8, 0x76, 0x1D, 0xFF, 0x3F, 0xC0, 0x1E, 0x07, 0xC3,
    0x38, 0x84, 0x00, 0x18, 0x76, 0x1D, 0x87, 0x61, 0xD8, 0x76, 0x1D, 0x87, 0x61, 0xD8, 0x77, 0xFC,
    0xFF, 0x31, 0x1C, 0xE7, 0x38, 0x00, 0x00, 0x18, 0x76, 0x1D, 0x87, 0x61, 0xD8, 0x76, 0x1D, 0x87,
    0x61, 0xD8, 0x77, 0xFC, 0xFF, 0x00, 0x00, 0xE0, 0x18, 0x07, 0x00, 0xC0, 0x00, 0x30, 0x3F, 0x06,
    0x61, 0xCE, 0x30, 0xC6, 0x19, 0xC3, 0xB0, 0x3E, 0x07, 0x80, 0x70, 0x0E, 0x01, 0x80, 0x70, 0x3C,
    0x0F, 0x80, 0x60, 0x0C, 0x01, 0x80, 0x30, 0x06, 0xF8, 0xFF, 0x98, 0x73, 0x06, 0x60, 0xEC, 0x1D,
    0x83, 0xB0, 0x66, 0x1C, 0xFF, 0x9F, 0xE3, 0x00, 0x60, 0x0C, 0x01, 0x80, 0x00, 0x31, 0x0E, 0x71,
    0xCE, 0x00, 0x00, 0x01, 0x81, 0xF8, 0x33, 0x0E, 0x71, 0x86, 0x30, 0xCE, 0x1D, 0x81, 0xF0, 0x3C,
    0x03, 0x80, 0x70, 0x0C, 0x03, 0x81, 0xE0, 0x7C, 0x00, 0x0F, 0x81, 0xFC, 0x1F, 0x80, 0x00, 0x07,
    0x00, 0xF0, 0x0F, 0x80, 0xD8, 0x1D, 0x81, 0x98, 0x19, 0xC3, 0x8C, 0x3F, 0xC3, 0xFE, 0x3F, 0xE7,
    0x06, 0x60, 0x76, 0x07, 0xE0, 0x30, 0x3E, 0x07, 0xE0, 0xFC, 0x00, 0x00, 0x00, 0x7E, 0x1F, 0xE3,
    0x0C, 0x01, 0x80, 0xF1, 0xFE, 0x7F, 0xCE, 0x19, 0xC3, 0x3F, 0xFB, 0xFF, 0x10, 0x81, 0x8C, 0x1F,
    0x80, 0xF8, 0x06, 0x00, 0x70, 0x0F, 0x00, 0xF8, 0x0D, 0x81, 0xD8, 0x19, 0x81, 0x9C, 0x38, 0xC3,
    0xFC, 0x3F, 0xE3, 0xFE, 0x70, 0x66, 0x07, 0x60, 0x7E, 0x03, 0x21, 0x0E, 0x60, 0xFC, 0x1F, 0x00,
    0xC0, 0x00, 0x0F, 0xC3, 0xFC, 0x61, 0x80, 0x30, 0x1E, 0x3F, 0xCF, 0xF9, 0xC3, 0x38, 0x67, 0xFF,
    0x7F, 0xE0, 0x07, 0x00, 0x78, 0x03, 0xE0, 0x1B, 0x01, 0xD8, 0x0C, 0xC0, 0x67, 0x07, 0x18, 0x3F,
    0xC1, 0xFF, 0x0F, 0xF8, 0xE0, 0xC6, 0x07, 0x30, 0x3B, 0x80, 0xC0, 0x0E, 0x00, 0xC0, 0x07, 0x80,
    0x3C, 0x3F, 0x0F, 0xF1, 0x86, 0x00, 0xC0, 0x78, 0xFF, 0x3F, 0xE7, 0x0C, 0xE1, 0x9F, 0xFD, 0xFB,
    0x80, 0xE0, 0x18, 0x07, 0xC0, 0x78, 0x03, 0x00, 0x60, 0x1C, 0x03, 0x00, 0x00, 0x3F, 0x0F, 0xF3,
    0x8E, 0x60, 0xDC, 0x03, 0x80, 0x70, 0x0E, 0x01, 0xC0, 0x38, 0x07, 0x00, 0x60, 0xCE, 0x18, 0xFF,
    0x0F, 0xC0, 0x00, 0x00, 0xC0, 0x70, 0x18, 0x0C, 0x00, 0x01, 0xF0, 0xFE, 0x71, 0xD8, 0x0E, 0x03,
    0x80, 0xE0, 0x18, 0x07, 0x0C, 0xFF, 0x1F, 0x80, 0x0F, 0x03, 0xE0, 0xE6, 0x08, 0x41, 0xF8, 0x7F,
    0x9C, 0x73, 0x06, 0xE0, 0x1C, 0x03, 0x80, 0x70, 0x0E, 0x01, 0xC0, 0x38, 0x03, 0x06, 0x70, 0xC7,
    0xF8, 0x7E, 0x00, 0x0E, 0x07, 0xC3, 0xB8, 0xC6, 0x00, 0x07, 0xC3, 0xF9, 0xC7, 0x60, 0x38, 0x0E,
    0x03, 0x80, 0x60, 0x1C, 0x33, 0xFC, 0x7E, 0x06, 0x01, 0xC0, 0x38, 0x00, 0x00, 0x00, 0x3F, 0x0F,
    0xF3, 0x8E, 0x60, 0xDC, 0x03, 0x80, 0x70, 0x0E, 0x01, 0xC0, 0x38, 0x07, 0x00, 0x60, 0xCE, 0x18,
    0xFF, 0x0F, 0xC0, 0x04, 0x03, 0x80, 0xE0, 0x00, 0x00, 0x07, 0xC3, 0xF9, 0xC7, 0x60, 0x38, 0x0E,
    0x03, 0x80, 0x60, 0x1C, 0x33, 0xFC, 0x7E, 0x10, 0x87, 0x30, 0x7C, 0x07, 0x80, 0x00, 0x3F, 0x0F,
    0xF3, 0x8E, 0x60, 0xDC, 0x03, 0x80, 0x70, 0x0E, 0x01, 0xC0, 0x38, 0x07, 0x00, 0x60, 0xCE, 0x18,
    0xFF, 0x0F, 0xC0, 0x31, 0x8E, 0xE1, 0xF0, 0x38, 0x00, 0x07, 0xC3, 0xF9, 0xC7, 0x60, 0x38, 0x0E,
    0x03, 0x80, 0x60, 0x1C, 0x33, 0xFC, 0x7E, 0x21, 0x0E, 0x60, 0xF8, 0x0F, 0x00, 0x00, 0xFE, 0x1F,
    0xE3, 0x0E, 0x60, 0xCC, 0x19, 0x83, 0xB0, 0x76, 0x0E, 0xC1, 0xD8, 0x3B, 0x06, 0x60, 0xCC, 0x39,
    0xFE, 0x3F, 0x80, 0x00, 0xDC, 0x03, 0x60, 0x0D, 0x80, 0x36, 0x3E, 0xC0, 0xFF, 0x07, 0x1C, 0x18,
    0x30, 0x60, 0xC1, 0x83, 0x06, 0x0C, 0x18, 0x30, 0x71, 0xC0, 0xFF, 0x03, 0xEC, 0x00, 0x3F, 0x83,
    0xFC, 0x30, 0xE3, 0x06, 0x30, 0x63, 0x07, 0x7C, 0x7F, 0xE7, 0xFE, 0x73, 0x07, 0x30, 0x63, 0x06,
    0x30, 0xE3, 0xFC, 0x3F, 0x80, 0x07, 0xC1, 0xFC, 0x1F, 0x80, 0xE3, 0xFC, 0xFF, 0xB8, 0x77, 0x0E,
    0xC1, 0xD8, 0x3B, 0x07, 0x70, 0xEE, 0x1C, 0xFF, 0x8F, 0xF0, 0x1F, 0x0F, 0xE3, 0xF0, 0x00, 0xFF,
    0xFF, 0xFE, 0x03, 0x80, 0xE0, 0x38, 0x0F, 0xFB, 0xFF, 0xFF, 0xF8, 0x0E, 0x03, 0x80, 0xE0, 0x3F,
    0xFF, 0xFC, 0x1F, 0x07, 0xF0, 0xFC, 0x00, 0x00, 0x00, 0x7E, 0x1F, 0xE3, 0x8E, 0xE0, 0xDF, 0xFB,
    0xFF, 0x7F, 0xEE, 0x00, 0xC1, 0x9F, 0xF1, 0xFC, 0x21, 0x0C, 0x63, 0xF8, 0x7C, 0x0C, 0x3F, 0xFF,
    0xFF, 0x80, 0xE0, 0x38, 0x0E, 0x03, 0xFE, 0xFF, 0xFF, 0xFE, 0x03, 0x80, 0xE0, 0x38, 0x0F, 0xFF,
    0xFF, 0x21, 0x06, 0x30, 0xFC, 0x0F, 0x80, 0xC0, 0x00, 0x0F, 0xC3, 0xFC, 0x71, 0xDC, 0x1B, 0xFF,
    0x7F, 0xEF, 0xFD, 0xC0, 0x18, 0x33, 0xFE, 0x3F, 0x80, 0x04, 0x03, 0x80, 0xE0, 0x00, 0x00, 0x3F,
    0xFF, 0xFF, 0x80, 0xE0, 0x38, 0x0E, 0x03, 0xFE, 0xFF, 0xFF, 0xFE, 0x03, 0x80, 0xE0, 0x38, 0x0F,
    0xFF, 0xFF, 0x0C, 0x01, 0xC0, 0x38, 0x00, 0x00, 0x00, 0x7E, 0x1F, 0xE3, 0x8E, 0xE0, 0xDF, 0xFB,
    0xFF, 0x7F, 0xEE, 0x00, 0xC1, 0x9F, 0xF1, 0xFC, 0xFF, 0xDF, 0xFB, 0x80, 0x70, 0x0E, 0x01, 0xC0,
    0x3F, 0xE7, 0xFE, 0xFF, 0xDC, 0x03, 0x80, 0x70, 0x0E, 0x01, 0xFF, 0xBF, 0xF0, 0x0E, 0x03, 0x00,
    0x78, 0x0F, 0x00, 0x3F, 0x0F, 0xF1, 0x87, 0x7F, 0xEF, 0xFD, 0xFF, 0xB8, 0x07, 0x04, 0x71, 0xCF,
    0xF0, 0xFC, 0x03, 0x00, 0xC0, 0x1E, 0x03, 0xC0, 0x31, 0x8E, 0xE1, 0xF0, 0x78, 0x00, 0x3F, 0xFF,
    0xFF, 0x80, 0xE0, 0x38, 0x0E, 0x03, 0xFE, 0xFF, 0xFF, 0xFE, 0x03, 0x80, 0xE0, 0x38, 0x0F, 0xFF,
    0xFF, 0x31, 0x87, 0x70, 0x7C, 0x0F, 0x00, 0x00, 0x7E, 0x1F, 0xE3, 0x8E, 0xE0, 0xDF, 0xFB, 0xFF,
    0x7F, 0xEE, 0x00, 0xC1, 0x9F, 0xF1, 0xFC, 0x1E, 0x07, 0xC3, 0xB8, 0xC6, 0x3F, 0x1F, 0xE7, 0x1F,
    0x83, 0xE0, 0x30, 0x0C, 0x03, 0x0E, 0xC7, 0xF1, 0xFE, 0x0F, 0x83, 0x61, 0xDF, 0xF3, 0xEC, 0x1E,
    0x07, 0xC3, 0x38, 0x84, 0x00, 0x0F, 0xF7, 0xFF, 0x87, 0xE1, 0xF0, 0x7C, 0x1F, 0x07, 0xE1, 0xF8,
    0x77, 0xFC, 0xFF, 0x01, 0xC0, 0x67, 0xF8, 0xFC, 0x21, 0x0C, 0x63, 0xF8, 0x7C, 0x0C, 0x0F, 0xC7,
    0xF9, 0xC7, 0xE0, 0xF8, 0x0C, 0x03, 0x00, 0xC3, 0xB1, 0xFC, 0x7F, 0x83, 0xE0, 0xD8, 0x77, 0xFC,
    0xFB, 0x21, 0x0C, 0x63, 0xF0, 0x7C, 0x0C, 0x00, 0x03, 0xFD, 0xFF, 0xE1, 0xF8, 0x7C, 0x1F, 0x07,
    0xC1, 0xF8, 0x7E, 0x1D, 0xFF, 0x3F, 0xC0, 0x70, 0x19, 0xFE, 0x3F, 0x00, 0x04, 0x03, 0x80, 0xE0,
    0x00, 0x00, 0x0F, 0xC7, 0xF9, 0xC7, 0xE0, 0xF8, 0x0C, 0x03, 0x00, 0xC3, 0xB1, 0xFC, 0x7F, 0x83,
    0xE0, 0xD8, 0x77, 0xFC, 0xFB, 0x0C, 0x07, 0x01, 0xC0, 0x00, 0x00, 0x0F, 0xF7, 0xFF, 0x87, 0xE1,
    0xF0, 0x7C, 0x1F, 0x07, 0xE1, 0xF8, 0x77, 0xFC, 0xFF, 0x01, 0xC0, 0x67, 0xF8, 0xFC, 0x3F, 0x1F,
    0xE7, 0x1F, 0x83, 0xE0, 0x30, 0x0C, 0x03, 0x0E, 0xC7, 0xF1, 0xFE, 0x0F, 0x83, 0x61, 0xDF, 0xF3,
    0xEC, 0x00, 0x0E, 0x03, 0x01, 0xC0, 0x60, 0x06, 0x03, 0x80, 0xE0, 0x38, 0x00, 0x0F, 0xF7, 0xFF,
    0x87, 0xE1, 0xF0, 0x7C, 0x1F, 0x07, 0xE1, 0xF8, 0x77, 0xFC, 0xFF, 0x01, 0xC0, 0x67, 0xF8, 0xFC,
    0x1E, 0x07, 0xC3, 0x38, 0x84, 0xE0, 0xF8, 0x3E, 0x0F, 0x83, 0xE0, 0xF8, 0x3F, 0xFF, 0xFF, 0xFF,
    0xF8, 0x3E, 0x0F, 0x83, 0xE0, 0xF8, 0x3E, 0x0C, 0x3C, 0x07, 0xE0, 0xE6, 0x04, 0x20, 0x00, 0x01,
    0x80, 0x18, 0x01, 0x80, 0x18, 0x01, 0xFC, 0x1F, 0xE1, 0x87, 0x18, 0x71, 0x83, 0x18, 0x31, 0x83,
    0x18, 0x31, 0x83, 0x18, 0x31, 0x83, 0x70, 0x63, 0x83, 0x1F, 0xFD, 0xFF, 0xFF, 0xFF, 0x38, 0x31,
    0xFF, 0x8F, 0xFC, 0x7F, 0xE3, 0x83, 0x1C, 0x18, 0xE0, 0xC7, 0x06, 0x38, 0x31, 0xC1, 0x80, 0x7C,
    0x1F, 0xC1, 0xF8, 0x18, 0x03, 0xF8, 0x7F, 0x8C, 0x39, 0x87, 0x30, 0x66, 0x0C, 0xC1, 0x98, 0x33,
    0x06, 0x60, 0xCC, 0x18, 0x00, 0x0F, 0xE3, 0xF8, 0x0C, 0x00, 0x3F, 0xF7, 0xFC, 0x38, 0x0E, 0x03,
    0x80, 0xE0, 0x38, 0x0E, 0x03, 0x80, 0xE0, 0x38, 0x0E, 0x03, 0x87, 0xFF, 0xFF, 0x00, 0x1F, 0xC7,
    0xF8, 0x08, 0x00, 0x3F, 0x0F, 0xC0, 0x30, 0x0C, 0x03, 0x00, 0xC0, 0x30, 0x0C, 0x03, 0x0F, 0xFF,
    0xFF, 0x1F, 0x0F, 0xE3, 0xF0, 0x00, 0xFF, 0xDF, 0xF0, 0xE0, 0x38, 0x0E, 0x03, 0x80, 0xE0, 0x38,
    0x0E, 0x03, 0x80, 0xE0, 0x38, 0x0E, 0x1F, 0xFF, 0xFC, 0x3E, 0x0F, 0xC3, 0xF0, 0x00, 0x00, 0x3F,
    0x0F, 0xC0, 0x30, 0x0C, 0x03, 0x00, 0xC0, 0x30, 0x0C, 0x03, 0x0F, 0xFF, 0xFF, 0x21, 0x0C, 0x63,
    0xF0, 0x7C, 0x0C, 0x3F, 0xF7, 0xFC, 0x38, 0x0E, 0x03, 0x80, 0xE0, 0x38, 0x0E, 0x03, 0x80, 0xE0,
    0x38, 0x0E, 0x03, 0x87, 0xFF, 0xFF, 0x21, 0x1C, 0xC3, 0xF0, 0xF8, 0x0C, 0x00, 0x0F, 0xC3, 0xF0,
    0x0C, 0x03, 0x00, 0xC0, 0x30, 0x0C, 0x03, 0x00, 0xC3, 0xFF, 0xFF, 0xC0, 0xFF, 0xCF, 0xF8, 0x38,
    0x07, 0x00, 0xE0, 0x1C, 0x03, 0x80, 0x70, 0x0E, 0x01, 0xC0, 0x38, 0x07, 0x00, 0xE0, 0xFF, 0xBF,
    0xF0, 0x0E, 0x03, 0x00, 0x78, 0x0F, 0x00, 0x1C, 0x07, 0x00, 0xC0, 0x00, 0xFC, 0x3F, 0x00, 0xC0,
    0x30, 0x0C, 0x03, 0x00, 0xC0, 0x30, 0x0C, 0x3F, 0xFF, 0xFC, 0x0E, 0x03, 0x01, 0xF0, 0x3C, 0x0C,
    0x03, 0x80, 0xE0, 0x00, 0x00, 0x3F, 0xF7, 0xFC, 0x38, 0x0E, 0x03, 0x80, 0xE0, 0x38, 0x0E, 0x03,
    0x80, 0xE0, 0x38, 0x0E, 0x03, 0x87, 0xFF, 0xFF, 0xFC, 0x3F, 0x00, 0xC0, 0x30, 0x0C, 0x03, 0x00,
    0xC0, 0x30, 0x0C, 0x3F, 0xFF, 0xFC, 0xE1, 0xF8, 0x7E, 0x1F, 0x87, 0xE1, 0xF8, 0x7E, 0x1F, 0x87,
    0xE1, 0xC0, 0x70, 0x1D, 0x87, 0x61, 0xDF, 0xE3, 0xF0, 0x61, 0xD8, 0x76, 0x08, 0x00, 0x61, 0xD8,
    0x76, 0x1D, 0x87, 0x61, 0xD8, 0x76, 0x1D, 0x87, 0x61, 0xD8, 0x76, 0x1C, 0x07, 0x01, 0xCF, 0xE3,
    0xF0, 0x0E, 0x0F, 0x8E, 0xE6, 0x33, 0xF9, 0xFC, 0x06, 0x03, 0x01, 0x80, 0xC0, 0x60, 0x30, 0x18,
    0x0C, 0x06, 0xC3, 0xE3, 0xBF, 0xCF, 0xC0, 0x07, 0x80, 0xF8, 0x33, 0x84, 0x20, 0x00, 0xFE, 0x1F,
    0xC0, 0x18, 0x03, 0x00, 0x60, 0x0C, 0x01, 0x80, 0x30, 0x06, 0x00, 0xC0, 0x18, 0x03, 0x00, 0x61,
    0xFC, 0x3F, 0x00, 0xE0, 0xEE, 0x1C, 0xE3, 0x8E, 0x38, 0xE7, 0x0E, 0xE0, 0xFC, 0x0F, 0xE0, 0xFE,
    0x0F, 0x70, 0xE3, 0x8E, 0x38, 0xE1, 0xCE, 0x0E, 0xE0, 0xE0, 0x00, 0x0E, 0x00, 0xE0, 0x0C, 0x00,
    0xC0, 0xC0, 0x30, 0x0C, 0x03, 0x00, 0xC3, 0xB1, 0xCC, 0xE3, 0x70, 0xFC, 0x3F, 0x0E, 0xE3, 0x1C,
    0xC3, 0xB0, 0xEC, 0x1C, 0x00, 0x1C, 0x07, 0x01, 0x80, 0x60, 0xC3, 0xD8, 0x73, 0x1C, 0x67, 0x0D,
    0xC1, 0xF8, 0x3F, 0x86, 0x38, 0xC3, 0x98, 0x73, 0x07, 0x00, 0x30, 0x1C, 0x06, 0x03, 0x00, 0x00,
    0x38, 0x0E, 0x03, 0x80, 0xE0, 0x38, 0x0E, 0x03, 0x80, 0xE0, 0x38, 0x0E, 0x03, 0x80, 0xE0, 0x38,
    0x0F, 0xFB, 0xFF, 0x00, 0x01, 0xC0, 0x60, 0x38, 0x0C, 0x00, 0x0F, 0xC3, 0xF0, 0x0C, 0x03, 0x00,
    0xC0, 0x30, 0x0C, 0x03, 0x00, 0xC0, 0x30, 0x0C, 0x03, 0x00, 0xC3, 0xFF, 0xFF, 0xC0, 0xE0, 0x38,
    0x0E, 0x03, 0x80, 0xE0, 0x38, 0x0E, 0x03, 0x80, 0xE0, 0x38, 0x0E, 0x03, 0x80, 0xE0, 0x3F, 0xEF,
    0xFC, 0x00, 0x1C, 0x07, 0x01, 0x80, 0x60, 0xFC, 0x3F, 0x00, 0xC0, 0x30, 0x0C, 0x03, 0x00, 0xC0,
    0x30, 0x0C, 0x03, 0x00, 0xC0, 0x30, 0x0C, 0x3F, 0xFF, 0xFC, 0x00, 0x0E, 0x03, 0x01, 0xC0, 0x60,
    0xEE, 0x3B, 0x0E, 0xC3, 0xB0, 0xE0, 0x38, 0x0E, 0x03, 0x80, 0xE0, 0x38, 0x0E, 0x03, 0x80, 0xE0,
    0x3F, 0xEF, 0xFC, 0xFC, 0xDF, 0x98, 0x33, 0x06, 0x60, 0xC0, 0x18, 0x03, 0x00, 0x60, 0x0C, 0x01,
    0x80, 0x30, 0x06, 0x00, 0xC1, 0xFF, 0xBF, 0xF0, 0xE0, 0x38, 0x0E, 0x03, 0x80, 0xE0, 0x38, 0x0E,
    0x33, 0x8E, 0xE3, 0xB8, 0x0E, 0x03, 0x80, 0xE0, 0x3F, 0xEF, 0xFC, 0xFC, 0x1F, 0x80, 0x30, 0x06,
    0x00, 0xC0, 0x18, 0x03, 0x00, 0x62, 0x0C, 0xE1, 0x9C, 0x30, 0x06, 0x00, 0xC1, 0xFF, 0xBF, 0xF0,
    0x38, 0x03, 0x80, 0x38, 0x03, 0x80, 0x38, 0x03, 0x80, 0x3F, 0x83, 0xF8, 0xFC, 0x0F, 0x80, 0x38,
    0x03, 0x80, 0x38, 0x03, 0xFE, 0x3F, 0xF0, 0xFC, 0x3F, 0x00, 0xC0, 0x30, 0x0C, 0x03, 0x00, 0xCC,
    0x3F, 0x7F, 0x1F, 0x00, 0xC0, 0x30, 0x0C, 0x3F, 0xFF, 0xFC, 0x02, 0x01, 0xC0, 0x60, 0x30, 0x00,
    0x3C, 0x3F, 0x0F, 0xE3, 0xF8, 0xFE, 0x3F, 0xCF, 0xB3, 0xEC, 0xFB, 0xBE, 0x6F, 0x9F, 0xE3, 0xF8,
    0xFE, 0x3F, 0x87, 0x00, 0x07, 0x03, 0x03, 0x81, 0x80, 0x03, 0xF9, 0xFE, 0xC3, 0xE1, 0xF0, 0x78,
    0x3C, 0x1E, 0x0F, 0x07, 0x83, 0xC1, 0x80, 0xF0, 0xFC, 0x3F, 0x8F, 0xE3, 0xF8, 0xFF, 0x3E, 0xCF,
    0xB3, 0xEE, 0xF9, 0xBE, 0x7F, 0x8F, 0xE3, 0xF8, 0xFE, 0x1C, 0x00, 0x0E, 0x03, 0x01, 0xC0, 0x60,
    0xFE, 0x7F, 0xB0, 0xF8, 0x7C, 0x1E, 0x0F, 0x07, 0x83, 0xC1, 0xE0, 0xF0, 0x60, 0x01, 0xC0, 0xC0,
    0xE0, 0x70, 0x21, 0x0C, 0xE1, 0xF0, 0x78, 0x00, 0x3C, 0x3F, 0x0F, 0xE3, 0xF8, 0xFE, 0x3F, 0xCF,
    0xB3, 0xEC, 0xFB, 0xBE, 0x6F, 0x9F, 0xE3, 0xF8, 0xFE, 0x3F, 0x87, 0x63, 0x3B, 0x8F, 0x87, 0x80,
    0x07, 0xF3, 0xFD, 0x87, 0xC3, 0xE0, 0xF0, 0x78, 0x3C, 0x1E, 0x0F, 0x07, 0x83, 0xC0, 0x18, 0x03,
    0x00, 0x60, 0x03, 0xF8, 0x7F, 0x8C, 0x39, 0x87, 0x30, 0x66, 0x0C, 0xC1, 0x98, 0x33, 0x06, 0x60,
    0xCC, 0x18, 0xF0, 0xFC, 0x3F, 0x8F, 0xE3, 0xF8, 0xFF, 0x3E, 0xCF, 0xB3, 0xEE, 0xF9, 0xBE, 0x7F,
    0x8F, 0xE3, 0xF8, 0xFE, 0x1C, 0x03, 0x00, 0xCF, 0xF3, 0xF8, 0xFE, 0x7F, 0xB0, 0xF8, 0x7C, 0x1E,
    0x0F, 0x07, 0x83, 0xC1, 0xE0, 0xF0, 0x60, 0x30, 0x1B, 0xFD, 0xFC, 0x1F, 0x07, 0xF0, 0xFC, 0x00,
    0x03, 0xF0, 0xFF, 0x18, 0x77, 0x06, 0xE0, 0xD8, 0x1F, 0x03, 0xE0, 0x7C, 0x0F, 0x81, 0xF8, 0x37,
    0x06, 0x61, 0xCF, 0xF0, 0xFC, 0x00, 0x1F, 0x07, 0xF0, 0xFC, 0x00, 0x00, 0x00, 0x7E, 0x1F, 0xE3,
    0x0E, 0xE0, 0xDC, 0x1B, 0x83, 0x70, 0x6E, 0x0C, 0xC3, 0x9F, 0xE1, 0xF8, 0x21, 0x06, 0x30, 0xFC,
    0x0F, 0x80, 0xC0, 0x7E, 0x1F, 0xE3, 0x0E, 0xE0, 0xDC, 0x1B, 0x03, 0xE0, 0x7C, 0x0F, 0x81, 0xF0,
    0x3F, 0x06, 0xE0, 0xCC, 0x39, 0xFE, 0x1F, 0x80, 0x21, 0x06, 0x30, 0xFC, 0x0F, 0x80, 0xC0, 0x00,
    0x0F, 0xC3, 0xFC, 0x61, 0xDC, 0x1B, 0x83, 0x70, 0x6E, 0x0D, 0xC1, 0x98, 0x73, 0xFC, 0x3F, 0x00,
    0x0D, 0x83, 0xB0, 0x6E, 0x0D, 0x80, 0x00, 0x7E, 0x1F, 0xE3, 0x0E, 0xE0, 0xDC, 0x1B, 0x03, 0xE0,
    0x7C, 0x0F, 0x81, 0xF0, 0x3F, 0x06, 0xE0, 0xCC, 0x39, 0xFE, 0x1F, 0x80, 0x00, 0x01, 0xB0, 0x76,
    0x0D, 0x81, 0x30, 0x00, 0x0F, 0xC3, 0xFC, 0x61, 0xDC, 0x1B, 0x83, 0x70, 0x6E, 0x0D, 0xC1, 0x98,
    0x73, 0xFC, 0x3F, 0x00, 0x0F, 0xFF, 0xCF, 0xFF, 0xF7, 0x07, 0x01, 0xC1, 0xC0, 0x60, 0x70, 0x38,
    0x1C, 0x0E, 0x07, 0xFB, 0x81, 0xFF, 0xE0, 0x7F, 0xF8, 0x1C, 0x06, 0x07, 0x01, 0xC1, 0xC0, 0x70,
    0x70, 0x0F, 0xFF, 0xF0, 0xFF, 0xFC, 0x1F, 0x9F, 0x07, 0xFF, 0xF9, 0xC3, 0xC7, 0x30, 0x70, 0x66,
    0x0F, 0xFE, 0xC0, 0xFF, 0xD8, 0x3F, 0xFB, 0x07, 0x00, 0x70, 0xF0, 0xC7, 0xFF, 0xF8, 0x7E, 0x7E,
    0x00, 0x03, 0x00, 0xE0, 0x18, 0x07, 0x00, 0x01, 0xFF, 0x3F, 0xF7, 0x06, 0xE0, 0xFC, 0x1F, 0x83,
    0x7F, 0xEF, 0xF9, 0xFC, 0x39, 0xC7, 0x18, 0xE3, 0x9C, 0x33, 0x87, 0x70, 0x70, 0x00, 0x00, 0x70,
    0x0C, 0x03, 0x80, 0x60, 0x00, 0x3F, 0xFF, 0xFF, 0x1E, 0x03, 0x80, 0x70, 0x0E, 0x01, 0xC0, 0x38,
    0x07, 0x07, 0xFE, 0xFF, 0xC0, 0xFF, 0x9F, 0xFB, 0x83, 0x70, 0x7E, 0x0F, 0xC1, 0xBF, 0xF7, 0xFC,
    0xFE, 0x1C, 0xE3, 0x8C, 0x71, 0xCE, 0x19, 0xC3, 0xB8, 0x38, 0x00, 0x0E, 0x01, 0x80, 0x30, 0x0E,
    0x00, 0xFF, 0xFF, 0xFC, 0x78, 0x0E, 0x01, 0xC0, 0x38, 0x07, 0x00, 0xE0, 0x1C, 0x1F, 0xFB, 0xFF,
    0x00, 0x01, 0xC0, 0x38, 0x06, 0x00, 0xC0, 0x31, 0x87, 0x70, 0x7C, 0x07, 0x00, 0x01, 0xFF, 0x3F,
    0xF7, 0x06, 0xE0, 0xFC, 0x1F, 0x83, 0x7F, 0xEF, 0xF9, 0xFC, 0x39, 0xC7, 0x18, 0xE3, 0x9C, 0x33,
    0x87, 0x70, 0x70, 0x18, 0xC3, 0xB8, 0x3E, 0x07, 0x80, 0x01, 0xFF, 0xFF, 0xF8, 0xF0, 0x1C, 0x03,
    0x80, 0x70, 0x0E, 0x01, 0xC0, 0x38, 0x3F, 0xF7, 0xFE, 0x01, 0x00, 0x38, 0x03, 0x00, 0x60, 0x00,
    0x01, 0xFC, 0x3F, 0xE7, 0x06, 0x70, 0x07, 0x00, 0x70, 0x03, 0xF0, 0x1F, 0xC0, 0x3E, 0x00, 0x60,
    0x07, 0x20, 0x77, 0x0E, 0x7F, 0xE1, 0xFC, 0x00, 0x01, 0xC0, 0x60, 0x38, 0x0C, 0x00, 0x03, 0xF9,
    0xFF, 0x60, 0x98, 0x07, 0xC0, 0xFE, 0x03, 0xC0, 0x3E, 0x0D, 0xFF, 0x3F, 0x80, 0x0F, 0x00, 0xF8,
    0x19, 0xC1, 0x08, 0x1F, 0xC3, 0xFE, 0x70, 0x67, 0x00, 0x70, 0x07, 0x00, 0x3F, 0x01, 0xFC, 0x03,
    0xE0, 0x06, 0x00, 0x72, 0x07, 0x70, 0xE7, 0xFE, 0x1F, 0xC0, 0x1E, 0x07, 0xC3, 0x38, 0x84, 0x00,
    0x0F, 0xE7, 0xFD, 0x82, 0x60, 0x1F, 0x03, 0xF8, 0x0F, 0x00, 0xF8, 0x37, 0xFC, 0xFE, 0x1F, 0xC3,
    0xFE, 0x70, 0x67, 0x00, 0x70, 0x07, 0x00, 0x3F, 0x01, 0xFC, 0x03, 0xE0, 0x06, 0x00, 0x72, 0x07,
    0x70, 0xE7, 0xFE, 0x1F, 0xC0, 0x60, 0x07, 0x80, 0x78, 0x0F, 0x80, 0x3F, 0x9F, 0xF6, 0x09, 0x80,
    0x7C, 0x0F, 0xE0, 0x3C, 0x03, 0xE0, 0xDF, 0xF3, 0xF8, 0x30, 0x0F, 0x03, 0xC1, 0xF0, 0x10, 0x81,
    0x9C, 0x0F, 0x80, 0xF0, 0x00, 0x01, 0xFC, 0x3F, 0xE7, 0x06, 0x70, 0x07, 0x00, 0x70, 0x03, 0xF0,
    0x1F, 0xC0, 0x3E, 0x00, 0x60, 0x07, 0x20, 0x77, 0x0E, 0x7F, 0xE1, 0xFC, 0x21, 0x0C, 0xE1, 0xF0,
    0x78, 0x00, 0x0F, 0xE7, 0xFD, 0x82, 0x60, 0x1F, 0x03, 0xF8, 0x0F, 0x00, 0xF8, 0x37, 0xFC, 0xFE,
    0xFF, 0xFF, 0xFF, 0x07, 0x00, 0x70, 0x07, 0x00, 0x70, 0x07, 0x00, 0x70, 0x07, 0x00, 0x70, 0x07,
    0x00, 0x70, 0x07, 0x00, 0x70, 0x07, 0x00, 0x00, 0x07, 0x00, 0x60, 0x0E, 0x00, 0xC0, 0x0C, 0x01,
    0x80, 0x30, 0x06, 0x0F, 0xFE, 0xFF, 0xC3, 0x00, 0x60, 0x0C, 0x01, 0x80, 0x30, 0x06, 0x00, 0xE0,
    0x1F, 0xC1, 0xF8, 0x00, 0x03, 0x80, 0x70, 0x0C, 0x01, 0x80, 0x10, 0x81, 0x9C, 0x0F, 0x80, 0xF0,
    0x00, 0x0F, 0xFF, 0xFF, 0xF0, 0x70, 0x07, 0x00, 0x70, 0x07, 0x00, 0x70, 0x07, 0x00, 0x70, 0x07,
    0x00, 0x70, 0x07, 0x00, 0x70, 0x07, 0x00, 0x70, 0x0C, 0xE1, 0x98, 0x33, 0x06, 0x6F, 0xFE, 0xFF,
    0xC3, 0x00, 0x60, 0x0C, 0x01, 0x80, 0x30, 0x06, 0x00, 0xE0, 0x1F, 0xC1, 0xF8, 0xFF, 0xFF, 0xFF,
    0x07, 0x00, 0x70, 0x07, 0x00, 0x70, 0x3F, 0xC7, 0xFE, 0x3F, 0xE0, 0x70, 0x07, 0x00, 0x70, 0x07,
    0x00, 0x70, 0x07, 0x00, 0x0C, 0x01, 0x80, 0x30, 0x06, 0x0F, 0xFE, 0xFF, 0xC3, 0x00, 0x60, 0x1F,
    0x87, 0xF8, 0xFF, 0x06, 0x00, 0xC0, 0x1F, 0xC1, 0xF8, 0x00, 0x0F, 0xE3, 0xF8, 0x0C, 0x00, 0x38,
    0x3E, 0x0F, 0x83, 0xE0, 0xF8, 0x3E, 0x0F, 0x83, 0xE0, 0xF8, 0x3E, 0x0F, 0x83, 0x60, 0xD8, 0x77,
    0xF8, 0xFC, 0x00, 0x0F, 0xE3, 0xF8, 0x0C, 0x00, 0x18, 0x76, 0x1D, 0x87, 0x61, 0xD8, 0x76, 0x1D,
    0x87, 0x61, 0xD8, 0x77, 0xFC, 0xFF, 0x1F, 0x0F, 0xE3, 0xF0, 0x00, 0xE0, 0xF8, 0x3E, 0x0F, 0x83,
    0xE0, 0xF8, 0x3E, 0x0F, 0x83, 0xE0, 0xF8, 0x3E, 0x0D, 0x83, 0x61, 0xDF, 0xE3, 0xF0, 0x1F, 0x0F,
    0xC3, 0xF0, 0x00, 0x00, 0x18, 0x76, 0x1D, 0x87, 0x61, 0xD8, 0x76, 0x1D, 0x87, 0x61, 0xD8, 0x77,
    0xFC, 0xFF, 0x21, 0x0C, 0x63, 0xF0, 0x7C, 0x0C, 0x38, 0x3E, 0x0F, 0x83, 0xE0, 0xF8, 0x3E, 0x0F,
    0x83, 0xE0, 0xF8, 0x3E, 0x0F, 0x83, 0x60, 0xD8, 0x77, 0xF8, 0xFC, 0x21, 0x0C, 0x63, 0xF0, 0x7C,
    0x0C, 0x00, 0x06, 0x1D, 0x87, 0x61, 0xD8, 0x76, 0x1D, 0x87, 0x61, 0xD8, 0x76, 0x1D, 0xFF, 0x3F,
    0xC0, 0x00, 0x07, 0x81, 0xF0, 0xCC, 0x1F, 0x07, 0x80, 0xC3, 0x83, 0xE0, 0xF8, 0x3E, 0x0F, 0x83,
    0xE0, 0xF8, 0x3E, 0x0F, 0x83, 0xE0, 0xF8, 0x36, 0x0D, 0x87, 0x7F, 0x8F, 0xC0, 0x00, 0x07, 0x81,
    0xF0, 0xCC, 0x1F, 0x07, 0x80, 0xC1, 0x87, 0x61, 0xD8, 0x76, 0x1D, 0x87, 0x61, 0xD8, 0x76, 0x1D,
    0x87, 0x7F, 0xCF, 0xF0, 0x0D, 0x87, 0x61, 0xB8, 0x6C, 0x00, 0x38, 0x3E, 0x0F, 0x83, 0xE0, 0xF8,
    0x3E, 0x0F, 0x83, 0xE0, 0xF8, 0x3E, 0x0F, 0x83, 0x60, 0xD8, 0x77, 0xF8, 0xFC, 0x00, 0x03, 0x61,
    0xD8, 0x6C, 0x13, 0x00, 0x06, 0x1D, 0x87, 0x61, 0xD8, 0x76, 0x1D, 0x87, 0x61, 0xD8, 0x76, 0x1D,
    0xFF, 0x3F, 0xC0, 0xE0, 0xF8, 0x3E, 0x0F, 0x83, 0xE0, 0xF8, 0x3E, 0x0F, 0x83, 0xE0, 0xF8, 0x3E,
    0x0D, 0x83, 0x61, 0xDF, 0xE3, 0xF0, 0x18, 0x0C, 0x03, 0xC0, 0xF0, 0x61, 0xD8, 0x76, 0x1D, 0x87,
    0x61, 0xD8, 0x76, 0x1D, 0x87, 0x61, 0xDF, 0xF3, 0xFC, 0x0E, 0x03, 0x01, 0xF0, 0x3C, 0x01, 0xE0,
    0x00, 0x3E, 0x00, 0x0C, 0xE0, 0x01, 0x0C, 0x0E, 0x0E, 0x0D, 0xC1, 0xC1, 0x98, 0x78, 0x33, 0x8F,
    0x8E, 0x71, 0xB1, 0xCE, 0x36, 0x30, 0xCE, 0xC6, 0x19, 0x9D, 0xC3, 0xB1, 0xB8, 0x76, 0x36, 0x07,
    0xC6, 0xC0, 0xF0, 0xF8, 0x1E, 0x0F, 0x03, 0xC1, 0xC0, 0x38, 0x38, 0x00, 0x01, 0xC0, 0x01, 0xF0,
    0x01, 0xDC, 0x00, 0xC6, 0x00, 0x00, 0x07, 0x0E, 0x19, 0x87, 0x0C, 0xC3, 0x86, 0x73, 0xE7, 0x39,
    0xB3, 0x0C, 0xD9, 0x86, 0xCC, 0xC3, 0xE3, 0xC0, 0xF1, 0xE0, 0x78, 0xF0, 0x38, 0x78, 0x0F, 0x00,
    0x7C, 0x06, 0x70, 0x21, 0x0E, 0x03, 0x38, 0x39, 0xC3, 0x87, 0x1C, 0x39, 0xC0, 0xEE, 0x07, 0xE0,
    0x1E, 0x00, 0x70, 0x03, 0x80, 0x1C, 0x00, 0xE0, 0x07, 0x00, 0x38, 0x01, 0xC0, 0x1E, 0x03, 0xE0,
    0xCE, 0x10, 0x80, 0x01, 0x81, 0xF8, 0x33, 0x0E, 0x71, 0x86, 0x30, 0xCE, 0x1D, 0x81, 0xF0, 0x3C,
    0x03, 0x80, 0x70, 0x0C, 0x03, 0x81, 0xE0, 0x7C, 0x00, 0x18, 0x81, 0xCE, 0x0E, 0x70, 0x00, 0x00,
    0x00, 0x70, 0x19, 0xC1, 0xCE, 0x1C, 0x38, 0xE1, 0xCE, 0x07, 0x70, 0x3F, 0x00, 0xF0, 0x03, 0x80,
    0x1C, 0x00, 0xE0, 0x07, 0x00, 0x38, 0x01, 0xC0, 0x0E, 0x00, 0x02, 0x00, 0xE0, 0x18, 0x06, 0x00,
    0x01, 0xFF, 0xFF, 0xF0, 0x0E, 0x03, 0x80, 0x70, 0x1C, 0x07, 0x00, 0xC0, 0x38, 0x0E, 0x01, 0x80,
    0x70, 0x1C, 0x03, 0xFF, 0xFF, 0xF0, 0x00, 0x01, 0xC0, 0x60, 0x38, 0x0C, 0x00, 0x07, 0xFD, 0xFF,
    0x03, 0x81, 0xC0, 0x70, 0x38, 0x1C, 0x0E, 0x07, 0x03, 0xFF, 0xFF, 0xC0, 0x0C, 0x01, 0xC0, 0x38,
    0x00, 0x00, 0x01, 0xFF, 0xFF, 0xF0, 0x0E, 0x03, 0x80, 0x70, 0x1C, 0x07, 0x00, 0xC0, 0x38, 0x0E,
    0x01, 0x80, 0x70, 0x1C, 0x03, 0xFF, 0xFF, 0xF0, 0x0C, 0x03, 0x80, 0xE0, 0x00, 0x00, 0x1F, 0xF7,
    0xFC, 0x0E, 0x07, 0x01, 0xC0, 0xE0, 0x70, 0x38, 0x1C, 0x0F, 0xFF, 0xFF, 0x21, 0x06, 0x70, 0x7C,
    0x0F, 0x00, 0x01, 0xFF, 0xFF, 0xF0, 0x0E, 0x03, 0x80, 0x70, 0x1C, 0x07, 0x00, 0xC0, 0x38, 0x0E,
    0x01, 0x80, 0x70, 0x1C, 0x03, 0xFF, 0xFF, 0xF0, 0x21, 0x8C, 0xE1, 0xF0, 0x78, 0x00, 0x1F, 0xF7,
    0xFC, 0x0E, 0x07, 0x01, 0xC0, 0xE0, 0x70, 0x38, 0x1C, 0x0F, 0xFF, 0xFF, 0x00, 0x60, 0x0C, 0xFF,
    0xBF, 0xE6, 0x1D, 0xC1, 0xB8, 0x36, 0x07, 0xC0, 0xF8, 0x1F, 0x03, 0xE0, 0x7E, 0x0D, 0xC1, 0x98,
    0x73, 0xFC, 0x3F, 0x00, 0x00, 0xE0, 0x1C, 0xFF, 0xBF, 0xE6, 0x1D, 0xC1, 0xB8, 0x37, 0x06, 0xE0,
    0xDC, 0x19, 0x87, 0x3F, 0xC3, 0xF0, 0x00, 0x30, 0x03, 0xE0, 0xFE, 0x0C, 0xE0, 0xCE, 0x0C, 0xE0,
    0xCE, 0x0C, 0xE0, 0xCE, 0x0C, 0xE0, 0xCE, 0x0C, 0xE0, 0xC6, 0x0C, 0x61, 0xC7, 0xF8, 0x3F, 0x00,
    0x00, 0x70, 0x07, 0x61, 0xE6, 0x1C, 0x61, 0xC6, 0x1C, 0x61, 0xC6, 0x1C, 0x61, 0xC6, 0x1C, 0x61,
    0xC7, 0xFC, 0x3F, 0xC0, 0x01, 0x00, 0x38, 0x07, 0x00, 0x20, 0x0F, 0x00, 0xF8, 0x19, 0x80, 0xF8,
    0x0F, 0x00, 0x70, 0x0F, 0x00, 0xF8, 0x0D, 0x81, 0xD8, 0x19, 0x81, 0x9C, 0x38, 0xC3, 0xFC, 0x3F,
    0xE3, 0xFE, 0x70, 0x66, 0x07, 0x60, 0x7E, 0x03, 0x04, 0x00, 0xC0, 0x30, 0x06, 0x01, 0xE0, 0x7C,
    0x0C, 0xC1, 0xF8, 0x1E, 0x01, 0x80, 0xFC, 0x3F, 0xC6, 0x18, 0x03, 0x01, 0xE3, 0xFC, 0xFF, 0x9C,
    0x33, 0x86, 0x7F, 0xF7, 0xFE, 0x00, 0x30, 0x00, 0x1C, 0x00, 0x06, 0x00, 0x01, 0x80, 0x00, 0x00,
    0x00, 0x7F, 0xF0, 0x1F, 0xFC, 0x0F, 0x80, 0x03, 0x60, 0x01, 0xD8, 0x00, 0x66, 0x00, 0x39, 0xFE,
    0x0C, 0x7F, 0xC7, 0xFF, 0xE1, 0xFE, 0x00, 0xFF, 0x80, 0x30, 0x60, 0x1C, 0x18, 0x07, 0x07, 0xFF,
    0x81, 0xFF, 0x00, 0x00, 0x00, 0x70, 0x00, 0x30, 0x00, 0x30, 0x00, 0x18, 0x00, 0x00, 0x00, 0xF9,
    0xF8, 0xFF, 0xFE, 0x63, 0xC7, 0x00, 0xC1, 0xC1, 0xFF, 0xEF, 0xFF, 0xFF, 0xFF, 0xFF, 0x0C, 0x03,
    0x8F, 0x0D, 0xFF, 0xFE, 0x7E, 0x7E, 0x00, 0x01, 0x00, 0x38, 0x03, 0x00, 0x60, 0x00, 0x21, 0xFF,
    0x3F, 0xE3, 0x0E, 0x71, 0xE7, 0x1E, 0x63, 0xF6, 0x37, 0x66, 0x76, 0x67, 0x6C, 0x77, 0xC6, 0x78,
    0x63, 0x8E, 0x7F, 0xC7, 0xF8, 0x60, 0x00, 0x00, 0x00, 0x38, 0x03, 0x00, 0x70, 0x06, 0x00, 0x02,
    0x1F, 0xF3, 0xFE, 0x30, 0xE7, 0x1E, 0x73, 0x67, 0x66, 0x7E, 0x67, 0xC6, 0x38, 0xE3, 0xFC, 0x7F,
    0x84, 0x00, 0x1F, 0xC3, 0xFE, 0x70, 0x67, 0x00, 0x70, 0x07, 0x00, 0x3F, 0x01, 0xFC, 0x03, 0xE0,
    0x06, 0x00, 0x72, 0x07, 0x70, 0xE7, 0xFE, 0x1F, 0xC0, 0x00, 0x07, 0x00, 0x60, 0x0E, 0x00, 0xC0,
    0x3F, 0x9F, 0xF6, 0x09, 0x80, 0x7C, 0x0F, 0xE0, 0x3C, 0x03, 0xE0, 0xDF, 0xF3, 0xF8, 0x00, 0x0C,
    0x07, 0x01, 0xC0, 0x60, 0xFF, 0xFF, 0xFF, 0x07, 0x00, 0x70, 0x07, 0x00, 0x70, 0x07, 0x00, 0x70,
    0x07, 0x00, 0x70, 0x07, 0x00, 0x70, 0x07, 0x00, 0x70, 0x07, 0x00, 0x00, 0x07, 0x00, 0x60, 0x0E,
    0x00, 0xC0, 0x0C, 0x01, 0x80, 0x30, 0x06, 0x0F, 0xFE, 0xFF, 0xC3, 0x00, 0x60, 0x0C, 0x01, 0x80,
    0x30, 0x06, 0x00, 0xE0, 0x1F, 0xC1, 0xF8, 0x00, 0x03, 0x80, 0x70, 0x0C, 0x01, 0x80, 0x0E, 0x63,
    0x30, 0x07, 0x6C, 0xC0, 0x3C, 0x7E, 0x66, 0x42, 0x00, 0xFE, 0xFF, 0x04, 0x7B, 0xFF, 0xC0, 0x42,
    0xE7, 0x7E, 0x7E, 0x18, 0x6E, 0xE0, 0x42, 0xE7, 0xE7, 0x4F, 0xF3, 0x60, 0x01, 0xEF, 0xF3, 0xFD,
    0xE3, 0x00, 0x00, 0x36, 0x6E, 0x6C, 0xC8, 0x42, 0x66, 0x7E, 0x3C, 0x37, 0x77, 0xFB, 0x60, 0x33,
    0x3F, 0x40, 0x66, 0x60, 0xEE, 0xEC, 0x63, 0x1F, 0xBF, 0x80, 0x33, 0xB1, 0xEF, 0xB0, 0x18, 0x07,
    0x00, 0xC0, 0x30, 0x00, 0x3F, 0xFF, 0xFF, 0x80, 0xE0, 0x38, 0x0E, 0x03, 0xFE, 0xFF, 0xFF, 0xFE,
    0x03, 0x80, 0xE0, 0x38, 0x0F, 0xFF, 0xFF, 0x31, 0x1C, 0xE7, 0x38, 0x00, 0x00, 0x3F, 0xFF, 0xFF,
    0x80, 0xE0, 0x38, 0x0E, 0x03, 0xFE, 0xFF, 0xFF, 0xFE, 0x03, 0x80, 0xE0, 0x38, 0x0F, 0xFF, 0xFF,
    0xFF, 0x8F, 0xF8, 0x1C, 0x01, 0xC0, 0x1C, 0x01, 0xC0, 0x1F, 0xE1, 0xFE, 0x1C, 0x71, 0xC7, 0x1C,
    0x71, 0xC7, 0x1C, 0x71, 0xC7, 0x1C, 0x70, 0x07, 0x03, 0xF0, 0x7E, 0x07, 0xC0, 0x06, 0x03, 0x03,
    0x81, 0x80, 0x07, 0xFF, 0xFF, 0xC0, 0xE0, 0x70, 0x38, 0x1C, 0x0E, 0x07, 0x03, 0x81, 0xC0, 0xE0,
    0x70, 0x38, 0x1C, 0x00, 0x1F, 0x87, 0xF9, 0xC3, 0x30, 0x6E, 0x01, 0xC0, 0x3F, 0x87, 0xF0, 0xFE,
    0x1C, 0x03, 0x80, 0x30, 0x67, 0x0C, 0x7F, 0x87, 0xE0, 0x1F, 0xC3, 0xFE, 0x70, 0x67, 0x00, 0x70,
    0x07, 0x00, 0x3F, 0x01, 0xFC, 0x03, 0xE0, 0x06, 0x00, 0x72, 0x07, 0x70, 0xE7, 0xFE, 0x1F, 0xC0,
    0xFF, 0xDF, 0xF0, 0xE0, 0x38, 0x0E, 0x03, 0x80, 0xE0, 0x38, 0x0E, 0x03, 0x80, 0xE0, 0x38, 0x0E,
    0x1F, 0xFF, 0xFC, 0x31, 0x1C, 0xE7, 0x38, 0x00, 0x00, 0x3F, 0xF7, 0xFC, 0x38, 0x0E, 0x03, 0x80,
    0xE0, 0x38, 0x0E, 0x03, 0x80, 0xE0, 0x38, 0x0E, 0x03, 0x87, 0xFF, 0xFF, 0x3F, 0x9F, 0xC0, 0x60,
    0x30, 0x18, 0x0C, 0x06, 0x03, 0x01, 0x80, 0xC0, 0x6C, 0x3E, 0x3B, 0xFC, 0xFC, 0x1F, 0xF0, 0x00,
    0xFF, 0x80, 0x07, 0x0C, 0x00, 0x38, 0x60, 0x01, 0xC3, 0x00, 0x0E, 0x1F, 0x80, 0x70, 0xFF, 0x83,
    0x87, 0xFE, 0x1C, 0x30, 0x30, 0xC1, 0x81, 0xC6, 0x0C, 0x0E, 0x30, 0x60, 0x73, 0x83, 0x03, 0x78,
    0x1F, 0xFB, 0x80, 0xFF, 0x80, 0x60, 0x70, 0x06, 0x07, 0x00, 0x60, 0x70, 0x06, 0x07, 0x00, 0x60,
    0x70, 0x06, 0x07, 0x00, 0x60, 0x7F, 0xC7, 0xFF, 0xFE, 0x7F, 0xF0, 0xF6, 0x07, 0x07, 0x60, 0x70,
    0x36, 0x07, 0x07, 0x60, 0x70, 0x76, 0x07, 0xFE, 0x60, 0x7F, 0xE0, 0xFF, 0x8F, 0xF8, 0x1C, 0x01,
    0xC0, 0x1C, 0x01, 0xC0, 0x1F, 0xE1, 0xFE, 0x1C, 0x71, 0xC7, 0x1C, 0x71, 0xC7, 0x1C, 0x71, 0xC7,
    0x1C, 0x70, 0x06, 0x00, 0xC0, 0x38, 0x06, 0x00, 0x01, 0xC3, 0xB8, 0x77, 0x0C, 0xE3, 0x9C, 0x63,
    0x9C, 0x73, 0x0F, 0xE1, 0xFC, 0x39, 0xC7, 0x38, 0xE3, 0x9C, 0x73, 0x87, 0xF0, 0xF0, 0x18, 0x06,
    0x01, 0xC0, 0x30, 0x00, 0x38, 0x3E, 0x1F, 0x87, 0xE3, 0xF8, 0xFE, 0x7F, 0x9B, 0xEE, 0xFB, 0x3F,
    0xCF, 0xE3, 0xF0, 0xFC, 0x3E, 0x0F, 0x83, 0x18, 0x81, 0x9C, 0x1F, 0x80, 0xF8, 0x06, 0x06, 0x07,
    0x70, 0x73, 0x06, 0x38, 0xE3, 0x8C, 0x18, 0xC1, 0xDC, 0x0D, 0x80, 0xF8, 0x07, 0x80, 0x70, 0x07,
    0x00, 0x60, 0x1E, 0x01, 0xE0, 0xE0, 0xF8, 0x3E, 0x0F, 0x83, 0xE0, 0xF8, 0x3E, 0x0F, 0x83, 0xE0,
    0xF8, 0x3E, 0x0F, 0x83, 0xE0, 0xFF, 0xFF, 0xFC, 0x30, 0x0C, 0x03, 0x00, 0x07, 0x00, 0xF0, 0x0F,
    0x80, 0xD8, 0x1D, 0x81, 0x98, 0x19, 0xC3, 0x8C, 0x3F, 0xC3, 0xFE, 0x3F, 0xE7, 0x06, 0x60, 0x76,
    0x07, 0xE0, 0x30, 0xFF, 0x9F, 0xF3, 0x80, 0x70, 0x0E, 0x01, 0xF8, 0x3F, 0xE7, 0xFE, 0xE0, 0xDC,
    0x1B, 0x83, 0xF0, 0x6E, 0x0D, 0xFF, 0xBF, 0xE0, 0xFF, 0x9F, 0xF3, 0x87, 0x70, 0x6E, 0x0D, 0xC3,
    0xBF, 0xE7, 0xFC, 0xFF, 0xDC, 0x1B, 0x83, 0xF0, 0x7E, 0x0D, 0xFF, 0xBF, 0xE0, 0xFF, 0xFF, 0xF8,
    0x1C, 0x0E, 0x07, 0x03, 0x81, 0xC0, 0xE0, 0x70, 0x38, 0x1C, 0x0E, 0x07, 0x03, 0x80, 0x1F, 0xF8,
    0x3F, 0xF0, 0x70, 0xE0, 0xE1, 0xC1, 0xC3, 0x83, 0x87, 0x07, 0x0E, 0x0E, 0x1C, 0x1C, 0x38, 0x30,
    0x70, 0x60, 0xE1, 0xC1, 0xC3, 0x83, 0x9F, 0xFF, 0xFF, 0xFF, 0xE0, 0x03, 0xC0, 0x07, 0x80, 0x0F,
    0x00, 0x18, 0xFF, 0xFF, 0xFE, 0x03, 0x80, 0xE0, 0x38, 0x0F, 0xFB, 0xFF, 0xFF, 0xF8, 0x0E, 0x03,
    0x80, 0xE0, 0x3F, 0xFF, 0xFC, 0xE0, 0xE1, 0xFE, 0x1C, 0x38, 0xC3, 0x8E, 0x1C, 0x71, 0x81, 0x8E,
    0x70, 0x39, 0xCE, 0x03, 0xFF, 0x80, 0x7F, 0xE0, 0x0F, 0xFE, 0x03, 0x9C, 0xE0, 0x63, 0x8C, 0x1C,
    0x71, 0xC3, 0x0E, 0x19, 0xE1, 0xC3, 0xF8, 0x38, 0x38, 0x1F, 0x87, 0xF9, 0xC3, 0x80, 0x70, 0x0E,
    0x01, 0xC3, 0xF0, 0x7C, 0x0F, 0xC0, 0x1C, 0x01, 0x90, 0x37, 0x0E, 0xFF, 0x87, 0xE0, 0xE0, 0xF8,
    0x7E, 0x1F, 0x8F, 0xE3, 0xF9, 0xFE, 0x6F, 0xBB, 0xEC, 0xFF, 0x3F, 0x8F, 0xC3, 0xF0, 0xF8, 0x3E,
    0x0C, 0x31, 0x0C, 0xE3, 0xF0, 0x7C, 0x0C, 0x38, 0x3E, 0x1F, 0x87, 0xE3, 0xF8, 0xFE, 0x7F, 0x9B,
    0xEE, 0xFB, 0x3F, 0xCF, 0xE3, 0xF0, 0xFC, 0x3E, 0x0F, 0x83, 0xE1, 0xDC, 0x3B, 0x86, 0x71, 0xCE,
    0x31, 0xCE, 0x39, 0x87, 0xF0, 0xFE, 0x1C, 0xE3, 0x9C, 0x71, 0xCE, 0x39, 0xC3, 0xF8, 0x78, 0x1F,
    0xE3, 0xFC, 0x61, 0x8C, 0x31, 0x86, 0x30, 0xC6, 0x18, 0xC3, 0x18, 0x63, 0x0C, 0x61, 0x9C, 0x33,
    0x07, 0xE0, 0xF8, 0x18, 0xF0, 0x1F, 0xE0, 0x7F, 0xE0, 0xFF, 0xC3, 0xFF, 0xC6, 0xFD, 0x9D, 0xFB,
    0xB3, 0xF3, 0xE7, 0xE7, 0x8F, 0xC7, 0x1F, 0x84, 0x3F, 0x00, 0x7E, 0x00, 0xFC, 0x01, 0xF8, 0x03,
    0x80, 0xE0, 0xF8, 0x3E, 0x0F, 0x83, 0xE0, 0xF8, 0x3F, 0xFF, 0xFF, 0xFF, 0xF8, 0x3E, 0x0F, 0x83,
    0xE0, 0xF8, 0x3E, 0x0C, 0x3F, 0x0F, 0xF1, 0x87, 0x70, 0x6E, 0x0D, 0x81, 0xF0, 0x3E, 0x07, 0xC0,
    0xF8, 0x1F, 0x83, 0x70, 0x66, 0x1C, 0xFF, 0x0F, 0xC0, 0xFF, 0xFF, 0xFE, 0x0F, 0x83, 0xE0, 0xF8,
    0x3E, 0x0F, 0x83, 0xE0, 0xF8, 0x3E, 0x0F, 0x83, 0xE0, 0xF8, 0x3E, 0x0C, 0xFF, 0x9F, 0xFB, 0x83,
    0x70, 0x7E, 0x0F, 0xC1, 0xFF, 0xF7, 0xFC, 0xFF, 0x1C, 0x03, 0x80, 0x70, 0x0E, 0x01, 0xC0, 0x38,
    0x00, 0x1F, 0x87, 0xF9, 0xC7, 0x30, 0x6E, 0x01, 0xC0, 0x38, 0x07, 0x00, 0xE0, 0x1C, 0x03, 0x80,
    0x30, 0x67, 0x0C, 0x7F, 0x87, 0xE0, 0xFF, 0xFF, 0xFF, 0x07, 0x00, 0x70, 0x07, 0x00, 0x70, 0x07,
    0x00, 0x70, 0x07, 0x00, 0x70, 0x07, 0x00, 0x70, 0x07, 0x00, 0x70, 0x07, 0x00, 0x60, 0x77, 0x07,
    0x30, 0x63, 0x8E, 0x38, 0xC1, 0x8C, 0x1D, 0xC0, 0xD8, 0x0F, 0x80, 0x78, 0x07, 0x00, 0x70, 0x06,
    0x01, 0xE0, 0x1E, 0x00, 0x01, 0xC0, 0x00, 0xE0, 0x07, 0xFF, 0x07, 0xFF, 0xC7, 0x1C, 0xF3, 0x0E,
    0x3B, 0x87, 0x0D, 0xC3, 0x86, 0xE1, 0xC3, 0x70, 0xE1, 0x98, 0x71, 0xCE, 0x38, 0xE3, 0xFF, 0xE0,
    0xFF, 0xE0, 0x1F, 0x80, 0x03, 0x80, 0x01, 0x80, 0x00, 0x60, 0x77, 0x06, 0x38, 0xE1, 0x9C, 0x1D,
    0xC0, 0xF8, 0x0F, 0x00, 0x70, 0x0F, 0x00, 0xF8, 0x1D, 0xC3, 0x8C, 0x30, 0xE7, 0x06, 0xE0, 0x70,
    0xE1, 0xDC, 0x3B, 0x87, 0x70, 0xEE, 0x1D, 0xC3, 0xB8, 0x77, 0x0E, 0xE1, 0xDC, 0x3B, 0x87, 0x70,
    0xEE, 0x1D, 0xFF, 0xFF, 0xF8, 0x03, 0x00, 0x60, 0x0C, 0x01, 0x80, 0xC0, 0xF0, 0x3C, 0x0F, 0x03,
    0xC0, 0xF0, 0x3E, 0x0D, 0xFF, 0x7F, 0xC7, 0xB0, 0x0C, 0x03, 0x00, 0xC0, 0x30, 0x0C, 0xC1, 0xC3,
    0xE0, 0xE1, 0xF0, 0x70, 0xF8, 0x38, 0x7C, 0x1C, 0x3E, 0x0E, 0x1F, 0x07, 0x0F, 0x83, 0x87, 0xC1,
    0xC3, 0xE0, 0xE1, 0xF0, 0x70, 0xF8, 0x38, 0x7C, 0x1C, 0x3F, 0xFF, 0xFF, 0xFF, 0xFE, 0xE1, 0xC1,
    0x9C, 0x38, 0x33, 0x87, 0x06, 0x70, 0xE0, 0xCE, 0x1C, 0x19, 0xC3, 0x83, 0x38, 0x70, 0x67, 0x0E,
    0x0C, 0xE1, 0xC1, 0x9C, 0x38, 0x33, 0x87, 0x06, 0x70, 0xE0, 0xCE, 0x1C, 0x19, 0xFF, 0xFF, 0xFF,
    0xFF, 0xF8, 0x00, 0x03, 0x00, 0x00, 0x60, 0x00, 0x0C, 0xFC, 0x07, 0xE0, 0x07, 0x00, 0x38, 0x01,
    0xC0, 0x0F, 0x80, 0x7F, 0x83, 0xFE, 0x1C, 0x30, 0xE1, 0x87, 0x0C, 0x38, 0x61, 0xC7, 0x0F, 0xF8,
    0x7F, 0x80, 0xC0, 0x0F, 0x80, 0x1F, 0x00, 0x3E, 0x00, 0x7C, 0x00, 0xF8, 0x01, 0xFF, 0xC3, 0xFF,
    0xE7, 0xC1, 0xCF, 0x81, 0xDF, 0x03, 0xBE, 0x07, 0x7C, 0x0C, 0xFF, 0xF9, 0xFF, 0xE3, 0x80, 0x60,
    0x0C, 0x01, 0x80, 0x30, 0x06, 0x00, 0xC0, 0x1F, 0xC3, 0xFE, 0x61, 0xCC, 0x1D, 0x83, 0xB0, 0x76,
    0x0C, 0xFF, 0x9F, 0xE0, 0x3F, 0x0F, 0xF3, 0x86, 0x60, 0xE0, 0x0C, 0x01, 0x83, 0xF0, 0xFE, 0x1F,
    0xC0, 0x18, 0x03, 0x60, 0xEE, 0x18, 0xFF, 0x0F, 0xC0, 0xE0, 0xFC, 0x70, 0xFF, 0x38, 0xE1, 0xDC,
    0xE0, 0x6E, 0x70, 0x3F, 0x30, 0x1F, 0xF8, 0x0F, 0xFC, 0x07, 0xFE, 0x03, 0xF3, 0x01, 0xF9, 0xC0,
    0xFC, 0xE0, 0x6E, 0x38, 0x77, 0x1F, 0xF3, 0x83, 0xF0, 0x1F, 0xE7, 0xFD, 0xC1, 0xB8, 0x37, 0x06,
    0xE0, 0xCF, 0xF8, 0xFF, 0x0F, 0xE1, 0x8C, 0x71, 0x8C, 0x33, 0x86, 0xE0, 0xFC, 0x18, 0x3F, 0x0F,
    0xF1, 0x86, 0x00, 0xC0, 0x78, 0xFF, 0x3F, 0xE7, 0x0C, 0xE1, 0x9F, 0xFD, 0xFF, 0x80, 0x03, 0x83,
    0xF8, 0xFE, 0x38, 0x06, 0x01, 0xFE, 0x3F, 0xE7, 0x0E, 0xE0, 0xDC, 0x1B, 0x83, 0x70, 0x6E, 0x0C,
    0xC3, 0x9F, 0xE1, 0xF8, 0xFF, 0x7F, 0xF0, 0xF8, 0x7F, 0xF7, 0xFB, 0xFF, 0x83, 0xC1, 0xFF, 0xFF,
    0xC0, 0xFF, 0xFF, 0xF8, 0x1C, 0x0E, 0x07, 0x03, 0x81, 0xC0, 0xE0, 0x70, 0x38, 0x00, 0x1F, 0xC1,
    0xFC, 0x18, 0xC1, 0x8C, 0x18, 0xC1, 0x8C, 0x38, 0xC3, 0x8C, 0x30, 0xCF, 0xFF, 0xFF, 0xFC, 0x03,
    0xC0, 0x3C, 0x03, 0x3F, 0x0F, 0xF1, 0xC7, 0x70, 0x6F, 0xFD, 0xFF, 0xBF, 0xF7, 0x00, 0x60, 0xCF,
    0xF8, 0xFE, 0x00, 0xE3, 0x8F, 0xE7, 0x3C, 0xCE, 0x61, 0x9D, 0xC3, 0xFF, 0x03, 0xFE, 0x0F, 0xFC,
    0x19, 0xDC, 0x33, 0x99, 0xE7, 0x3F, 0x8E, 0x38, 0x3F, 0x1F, 0xEE, 0x1C, 0x06, 0x1F, 0x8F, 0xC1,
    0xF8, 0x07, 0xC1, 0xFF, 0xE7, 0xF0, 0x61, 0xD8, 0x76, 0x3D, 0x9F, 0x66, 0xDB, 0xF7, 0xDD, 0xE7,
    0x79, 0xDC, 0x76, 0x1C, 0x21, 0x0C, 0xE3, 0xF0, 0x7C, 0x0C, 0x00, 0x06, 0x1D, 0x87, 0x63, 0xD9,
    0xF6, 0x6D, 0xBF, 0x7D, 0xDE, 0x77, 0x9D, 0xC7, 0x61, 0xC0, 0xC3, 0xB0, 0xCC, 0x73, 0x18, 0xFE,
    0x3F, 0x0F, 0xE3, 0x38, 0xC7, 0x30, 0xEC, 0x3C, 0x1F, 0xE3, 0xFC, 0x63, 0x8C, 0x71, 0x8E, 0x31,
    0xC6, 0x39, 0xC7, 0x30, 0xFE, 0x1F, 0x83, 0x80, 0xE1, 0xFC, 0x7F, 0x3F, 0xEF, 0xDB, 0xF7, 0xBC,
    0xEF, 0x33, 0xC4, 0xF0, 0x3C, 0x0C, 0x61, 0xD8, 0x76, 0x1D, 0x87, 0x7F, 0xDF, 0xF7, 0xFD, 0x87,
    0x61, 0xD8, 0x76, 0x1C, 0x3F, 0x0F, 0xF1, 0x87, 0x70, 0x6E, 0x0D, 0xC1, 0xB8, 0x37, 0x06, 0x61,
    0xCF, 0xF0, 0xFC, 0x00, 0xFF, 0xFF, 0xF0, 0xF8, 0x7C, 0x3E, 0x1F, 0x0F, 0x87, 0xC3, 0xE1, 0xF0,
    0xE0, 0x6F, 0x8F, 0xF9, 0x87, 0x30, 0x66, 0x0E, 0xC1, 0xD8, 0x3B, 0x06, 0x61, 0xCF, 0xF9, 0xFE,
    0x30, 0x06, 0x00, 0xC0, 0x18, 0x00, 0x1F, 0x0F, 0xE7, 0x1D, 0x80, 0xE0, 0x38, 0x0E, 0x01, 0x80,
    0x70, 0xCF, 0xF1, 0xF8, 0xFF, 0xDF, 0xF8, 0x30, 0x06, 0x00, 0xC0, 0x18, 0x03, 0x00, 0x60, 0x0C,
    0x01, 0x80, 0x30, 0x00, 0xC0, 0xFC, 0x19, 0x87, 0x38, 0xC3, 0x18, 0x67, 0x0E, 0xC0, 0xF8, 0x1E,
    0x01, 0xC0, 0x38, 0x06, 0x01, 0xC0, 0xF0, 0x3E, 0x00, 0x03, 0x80, 0x07, 0x00, 0x0E, 0x00, 0x1C,
    0x03, 0xFF, 0x8F, 0xFF, 0x98, 0xE3, 0x71, 0xC6, 0xE3, 0x8D, 0xC7, 0x1B, 0x8E, 0x37, 0x1C, 0x66,
    0x38, 0xCF, 0xFF, 0x8F, 0xFE, 0x01, 0xC0, 0x03, 0x80, 0x07, 0x00, 0x0E, 0x00, 0xE1, 0xCE, 0x30,
    0xEE, 0x1F, 0x81, 0xE0, 0x1C, 0x07, 0x81, 0xF8, 0x33, 0x8E, 0x3B, 0x87, 0x00, 0xE1, 0x9C, 0x33,
    0x86, 0x70, 0xCE, 0x19, 0xC3, 0x38, 0x67, 0x0C, 0xE1, 0x9F, 0xFF, 0xFF, 0x80, 0x30, 0x06, 0x00,
    0xC0, 0xE1, 0xF8, 0x7E, 0x1F, 0x87, 0xE1, 0xDF, 0xF7, 0xFC, 0x77, 0x01, 0xC0, 0x70, 0x1C, 0xE3,
    0x8F, 0x8E, 0x3E, 0x38, 0xF8, 0xE3, 0xE3, 0x8F, 0x8E, 0x3E, 0x38, 0xF8, 0xE3, 0xE3, 0x8F, 0xFF,
    0xFF, 0xFF, 0xC0, 0x63, 0x8C, 0x63, 0x8C, 0x63, 0x8C, 0x63, 0x8C, 0x63, 0x8C, 0x63, 0x8C, 0x63,
    0x8C, 0x63, 0x8C, 0x63, 0x8C, 0x7F, 0xFF, 0x7F, 0xFF, 0x00, 0x03, 0x00, 0x03, 0x00, 0x03, 0xF8,
    0x0F, 0x80, 0x18, 0x01, 0xF0, 0x1F, 0xE1, 0xFE, 0x18, 0x71, 0x87, 0x18, 0x71, 0xFE, 0x1F, 0xE0,
    0x60, 0x0D, 0x80, 0x36, 0x00, 0xDF, 0x03, 0x7F, 0x8D, 0xFF, 0x36, 0x1C, 0xD8, 0x73, 0x61, 0xCD,
    0xFE, 0x37, 0xF8, 0xC0, 0xC0, 0x60, 0x30, 0x1F, 0x0F, 0xF7, 0xFF, 0x07, 0x83, 0xC1, 0xFF, 0xFF,
    0xC0, 0x3F, 0x1F, 0xE6, 0x18, 0x07, 0x0F, 0xC7, 0xF1, 0xFC, 0x07, 0x61, 0x9F, 0xE3, 0xF0, 0xC3,
    0xF1, 0x8F, 0xF3, 0x18, 0x76, 0x70, 0x6F, 0xE0, 0xDF, 0xC1, 0xFF, 0x83, 0x67, 0x06, 0xC6, 0x1D,
    0x8F, 0xF3, 0x0F, 0xC0, 0x3F, 0xDF, 0xF6, 0x1D, 0x87, 0x61, 0xDF, 0xF3, 0xFC, 0x7F, 0x39, 0xFC,
    0x7E, 0x1C, 0x00, 0x03, 0x00, 0x70, 0x06, 0x00, 0x40, 0x00, 0x0F, 0xC3, 0xFC, 0x71, 0xDC, 0x1B,
    0xFF, 0x7F, 0xEF, 0xFD, 0xC0, 0x18, 0x33, 0xFE, 0x3F, 0x80, 0x31, 0x0E, 0x71, 0xCE, 0x00, 0x00,
    0x00, 0x7E, 0x1F, 0xE3, 0x8E, 0xE0, 0xDF, 0xFB, 0xFF, 0x7F, 0xEE, 0x00, 0xC1, 0x9F, 0xF1, 0xFC,
    0x30, 0x0F, 0x83, 0xF8, 0x3F, 0x03, 0x00, 0x7F, 0x0F, 0xF1, 0x87, 0x30, 0xE6, 0x0C, 0xC1, 0x98,
    0x33, 0x06, 0x60, 0xCC, 0x19, 0x83, 0x00, 0x60, 0x0C, 0x7F, 0x8F, 0xE0, 0x00, 0x03, 0x03, 0x81,
    0x80, 0x80, 0x03, 0xFF, 0xFF, 0xE0, 0x70, 0x38, 0x1C, 0x0E, 0x07, 0x03, 0x81, 0xC0, 0xE0, 0x00,
    0x1F, 0x0F, 0xE7, 0x1D, 0x80, 0xFE, 0x3F, 0xCF, 0xE1, 0x80, 0x70, 0xCF, 0xF1, 0xF8, 0x3F, 0x9F,
    0xF6, 0x09, 0x80, 0x7C, 0x0F, 0xE0, 0x3C, 0x03, 0xE0, 0xDF, 0xF3, 0xF8, 0x0E, 0x01, 0xC0, 0x10,
    0x00, 0x0F, 0xE0, 0xFC, 0x03, 0x80, 0x70, 0x0E, 0x01, 0xC0, 0x38, 0x07, 0x00, 0xE0, 0xFF, 0xBF,
    0xF0, 0x23, 0x1C, 0xE7, 0x38, 0x00, 0x00, 0x3F, 0x0F, 0xC0, 0x30, 0x0C, 0x03, 0x00, 0xC0, 0x30,
    0x0C, 0x03, 0x0F, 0xFF, 0xFF, 0x03, 0x01, 0xC0, 0xE0, 0x00, 0x03, 0xF9, 0xFC, 0x06, 0x03, 0x01,
    0x80, 0xC0, 0x60, 0x30, 0x18, 0x0C, 0x06, 0x03, 0x01, 0x9F, 0xCF, 0xC0, 0x1F, 0xC0, 0x0F, 0xE0,
    0x06, 0x30, 0x03, 0x1E, 0x01, 0x8F, 0xE0, 0xC7, 0xF8, 0xE3, 0x0E, 0x71, 0x87, 0x30, 0xC3, 0x78,
    0x7F, 0xB8, 0x3F, 0x80, 0xC3, 0x81, 0x87, 0x03, 0x0E, 0x06, 0x1F, 0x0F, 0xFF, 0xDF, 0xFF, 0xFF,
    0xE1, 0xE1, 0xC3, 0xC3, 0x8F, 0x87, 0xFF, 0x0F, 0xF0, 0x7C, 0x1F, 0xC1, 0xF8, 0x18, 0x03, 0xF8,
    0x7F, 0x8C, 0x39, 0x87, 0x30, 0x66, 0x0C, 0xC1, 0x98, 0x33, 0x06, 0x60, 0xCC, 0x18, 0x00, 0x03,
    0x80, 0xC0, 0x70, 0x18, 0x00, 0x0C, 0x3B, 0x0C, 0xC7, 0x31, 0x8F, 0xE3, 0xF0, 0xFE, 0x33, 0x8C,
    0x73, 0x0E, 0xC3, 0xC0, 0x00, 0x06, 0x01, 0xC0, 0x30, 0x0C, 0x00, 0x06, 0x1D, 0x87, 0x63, 0xD9,
    0xF6, 0x6D, 0xBF, 0x7D, 0xDE, 0x77, 0x9D, 0xC7, 0x61, 0xC0, 0x31, 0x06, 0x70, 0xFC, 0x0F, 0x80,
    0xC0, 0x00, 0x30, 0x3F, 0x06, 0x61, 0xCE, 0x30, 0xC6, 0x19, 0xC3, 0xB0, 0x3E, 0x07, 0x80, 0x70,
    0x0E, 0x01, 0x80, 0x70, 0x3C, 0x0F, 0x80, 0xC3, 0xE1, 0xF0, 0xF8, 0x7C, 0x3E, 0x1F, 0x0F, 0x87,
    0xC3, 0xFF, 0xFF, 0xE3, 0x01, 0x80, 0xC0, 0x3F, 0x0F, 0xF1, 0x87, 0x70, 0x6E, 0x0D, 0x81, 0xFF,
    0xFF, 0xFF, 0xFF, 0xF8, 0x1F, 0x83, 0x70, 0x66, 0x1C, 0xFF, 0x0F, 0xC0, 0x3F, 0x0F, 0xF1, 0x87,
    0x70, 0x6F, 0xFD, 0xFF, 0xBF, 0xF7, 0x06, 0x61, 0xCF, 0xF0, 0xFC, 0x00, 0x01, 0x80, 0xC0, 0x7F,
    0xFF, 0xFF, 0x03, 0x81, 0xC0, 0xE0, 0x70, 0x38, 0x1C, 0x0E, 0x07, 0x03, 0x81, 0xC0, 0xE0, 0x70,
    0x00, 0x01, 0x80, 0xC0, 0x7F, 0xFF, 0xFF, 0x03, 0x81, 0xC0, 0xE0, 0x70, 0x38, 0x1C, 0x0E, 0x07,
    0x00, 0x3F, 0xE7, 0xF8, 0xC0, 0x18, 0x03, 0x00, 0x60, 0x1F, 0xC7, 0xF8, 0xFF, 0x06, 0x00, 0xC0,
    0x18, 0x03, 0x00, 0x60, 0x0C, 0x00, 0x1F, 0xE3, 0xFC, 0x60, 0x0C, 0x07, 0xF0, 0xFF, 0x1F, 0xE0,
    0xC0, 0x18, 0x03, 0x00, 0x60, 0x00, 0xFF, 0x9F, 0xF3, 0x80, 0x70, 0x0E, 0x01, 0xC0, 0x38, 0x07,
    0xFC, 0xFF, 0xDC, 0x1B, 0x83, 0xF0, 0x7E, 0x0F, 0xC1, 0xF8, 0x38, 0x06, 0x07, 0xC1, 0xF8, 0x3C,
    0x00, 0xFE, 0x7F, 0x30, 0x18, 0x0C, 0x07, 0xFB, 0xFF, 0x83, 0xC1, 0xE0, 0xF0, 0x60, 0x30, 0x18,
    0x3C, 0x3C, 0x70, 0x60, 0xE3, 0xC3, 0x0F, 0x06, 0x18, 0x70, 0x38, 0xC3, 0x01, 0xC6, 0x38, 0x06,
    0x31, 0x80, 0x3F, 0xFC, 0x00, 0xFF, 0xC0, 0x0F, 0xFF, 0x00, 0x63, 0x18, 0x07, 0x18, 0xE0, 0x30,
    0xC3, 0x03, 0x86, 0x1C, 0x78, 0x30, 0x7B, 0xC1, 0x83, 0xC0, 0x00, 0x06, 0x00, 0x00, 0x30, 0x00,
    0x01, 0x80, 0x71, 0x8F, 0x71, 0x8E, 0x39, 0x9C, 0x19, 0x98, 0x1F, 0xF8, 0x0F, 0xF0, 0x1F, 0xF8,
    0x19, 0x9C, 0x39, 0x9C, 0x71, 0x8F, 0x71, 0x8F, 0x00, 0x03, 0x00, 0x03, 0x00, 0x03, 0x1F, 0x87,
    0xF9, 0xC3, 0x80, 0x70, 0x0E, 0x01, 0xC3, 0xF0, 0x7C, 0x0F, 0xC0, 0x1C, 0x01, 0x80, 0x36, 0x0E,
    0xF3, 0xCF, 0xF0, 0x78, 0x06, 0x00, 0xC0, 0x3F, 0x1F, 0xEE, 0x1C, 0x06, 0x1F, 0x8F, 0xC1, 0xF8,
    0x07, 0x41, 0xFC, 0xE7, 0xF8, 0x78, 0x0C, 0x03, 0x00, 0xE1, 0xDC, 0x33, 0x8E, 0x71, 0xCE, 0x31,
    0xCE, 0x39, 0x87, 0xF0, 0xFE, 0x1C, 0xE3, 0x9C, 0x71, 0x8E, 0x39, 0xC3, 0xF8, 0x78, 0x03, 0x00,
    0x60, 0x0C, 0xC3, 0xB0, 0xCC, 0x73, 0x38, 0xFC, 0x3F, 0x0F, 0xC3, 0x38, 0xC6, 0x31, 0xCC, 0x3C,
    0x07, 0x01, 0xC0, 0x70, 0xC0, 0xF8, 0x3B, 0x07, 0x60, 0xCD, 0xB9, 0xB6, 0x37, 0xC7, 0xF0, 0xFF,
    0x1B, 0x63, 0x6E, 0x6D, 0xCC, 0x1D, 0x83, 0xF0, 0x38, 0xE0, 0xDC, 0x3B, 0xE6, 0x7D, 0xCF, 0xF1,
    0xFC, 0x3F, 0xC7, 0xDC, 0xE1, 0x9C, 0x3F, 0x83, 0x80, 0xFC, 0x77, 0xE3, 0x87, 0x18, 0x39, 0xC1,
    0xCC, 0x0E, 0xE0, 0x77, 0x03, 0xF0, 0x1F, 0x80, 0xEE, 0x07, 0x30, 0x39, 0xC1, 0xCE, 0x0E, 0x3C,
    0x71, 0xE0, 0xF8, 0x7F, 0x8E, 0x18, 0xC1, 0x9C, 0x1F, 0x81, 0xF8, 0x1F, 0x81, 0x9C, 0x18, 0xC1,
    0x8F, 0x18, 0x70, 0xE1, 0xDC, 0x3B, 0x87, 0x70, 0xEE, 0x1D, 0xC3, 0xBF, 0xF7, 0xFE, 0xFF, 0xDC,
    0x3B, 0x87, 0x70, 0xEE, 0x1D, 0xC3, 0xF8, 0x78, 0x03, 0x00, 0x60, 0x0C, 0xE1, 0x9C, 0x33, 0x86,
    0x70, 0xCF, 0xF9, 0xFF, 0x3F, 0xE7, 0x0C, 0xE1, 0x9C, 0x3F, 0x87, 0x80, 0x30, 0x06, 0x00, 0xC0,
    0xC0, 0xFF, 0xE0, 0x7F, 0xF0, 0x38, 0x18, 0x1C, 0x0C, 0x0E, 0x06, 0x07, 0x03, 0xFF, 0x81, 0xFF,
    0xC0, 0xFF, 0xE0, 0x60, 0x70, 0x30, 0x38, 0x18, 0x1C, 0x0C, 0x0E, 0x06, 0x07, 0x03, 0x03, 0x80,
    0xC7, 0xF8, 0xFF, 0x1C, 0x63, 0x8F, 0xF1, 0xFE, 0x3F, 0xC6, 0x38, 0xC7, 0x18, 0xE3, 0x1C, 0x00,
    0x1F, 0x87, 0xF9, 0xC7, 0x30, 0x6E, 0x01, 0xC0, 0x38, 0x07, 0x00, 0xE0, 0x1C, 0x03, 0x80, 0x30,
    0x47, 0x0C, 0xF3, 0x8F, 0xE0, 0x70, 0x06, 0x00, 0xC0, 0x1F, 0x0F, 0xE7, 0x1D, 0x80, 0xE0, 0x38,
    0x0E, 0x01, 0x80, 0x60, 0xDE, 0xF3, 0xF8, 0x38, 0x0E, 0x03, 0x80, 0xE0, 0x33, 0x83, 0x9C, 0x38,
    0x71, 0xC3, 0x9C, 0x0E, 0xE0, 0x7E, 0x01, 0xE0, 0x07, 0x00, 0x38, 0x01, 0xC0, 0x0E, 0x00, 0x70,
    0x03, 0x80, 0x1C, 0x00, 0xE0, 0xCC, 0x19, 0x87, 0x38, 0xC3, 0x18, 0x66, 0x0E, 0xC0, 0xF8, 0x1E,
    0x01, 0xC0, 0x38, 0x06, 0x00, 0xC0, 0x18, 0x03, 0x00, 0xE0, 0x33, 0x83, 0x9C, 0x38, 0x71, 0xC3,
    0x9C, 0x0E, 0xC0, 0x3E, 0x01, 0xE0, 0x07, 0x01, 0xFF, 0x0F, 0xF0, 0x0E, 0x00, 0x70, 0x03, 0x80,
    0x1C, 0x00, 0xE0, 0xCC, 0x19, 0x87, 0x38, 0xC3, 0x18, 0x66, 0x0E, 0xC0, 0xF8, 0x1E, 0x03, 0xC0,
    0x38, 0x3F, 0xC3, 0xF8, 0x18, 0x03, 0x00, 0x60, 0x73, 0x87, 0x0E, 0x38, 0x73, 0x81, 0xD8, 0x07,
    0xC0, 0x3C, 0x00, 0xE0, 0x0F, 0x00, 0xFC, 0x06, 0x70, 0x73, 0x83, 0x0E, 0x38, 0x3F, 0x81, 0xE0,
    0x03, 0x00, 0x18, 0x00, 0xC0, 0xE1, 0xCE, 0x30, 0xEE, 0x1F, 0x81, 0xE0, 0x1C, 0x07, 0x81, 0xF8,
    0x33, 0x8E, 0x3F, 0x87, 0x80, 0x30, 0x06, 0x00, 0xC0, 0xC1, 0xD8, 0x3B, 0x07, 0x60, 0xEC, 0x1D,
    0x83, 0xB8, 0x77, 0xFE, 0x7F, 0xC3, 0xF8, 0x07, 0x00, 0xE0, 0x1C, 0x03, 0xC0, 0x78, 0x03, 0x00,
    0x60, 0x0C, 0xE1, 0x9C, 0x33, 0x86, 0x70, 0xCE, 0x19, 0xFF, 0x1F, 0xE0, 0xEC, 0x01, 0x80, 0x3C,
    0x07, 0x80, 0x30, 0x06, 0x00, 0xC0, 0xC0, 0xF0, 0x3C, 0x0F, 0x03, 0xCC, 0xFB, 0x3E, 0xCD, 0xFF,
    0x7F, 0xC3, 0x30, 0xCC, 0x33, 0x00, 0xC0, 0x30, 0x0C, 0xE1, 0xF8, 0x7E, 0x1F, 0xB7, 0xED, 0xDF,
    0xF7, 0xFC, 0xF7, 0x0D, 0xC0, 0x70, 0x1C, 0xE0, 0x1C, 0x03, 0x80, 0x70, 0x0E, 0x01, 0xC0, 0x3F,
    0xE7, 0xFE, 0xE0, 0xDC, 0x1F, 0x83, 0xF0, 0x7E, 0x0F, 0xC1, 0xF8, 0x38, 0xC0, 0x60, 0x30, 0x18,
    0x0F, 0xE7, 0xFB, 0x0F, 0x87, 0xC1, 0xE0, 0xF0, 0x78, 0x3C, 0x1E, 0x0F, 0x06, 0xFF, 0xDF, 0xF0,
    0xE0, 0x38, 0x0E, 0x03, 0x80, 0xE0, 0x38, 0x0E, 0x03, 0x80, 0xE0, 0x38, 0x0E, 0x1F, 0xFF, 0xFC,
    0x03, 0x18, 0x00, 0x7F, 0x00, 0x07, 0xC0, 0x00, 0x60, 0x0E, 0x0E, 0x1F, 0xE1, 0xC3, 0x8C, 0x38,
    0xE1, 0xC7, 0x18, 0x18, 0xE7, 0x03, 0x9C, 0xE0, 0x3F, 0xF8, 0x07, 0xFE, 0x00, 0xFF, 0xE0, 0x39,
    0xCE, 0x06, 0x38, 0xC1, 0xC7, 0x1C, 0x30, 0xE1, 0x9E, 0x1C, 0x3F, 0x83, 0x83, 0x80, 0x0C, 0x60,
    0x1F, 0xC0, 0x1F, 0x00, 0x18, 0x00, 0x00, 0x1C, 0x71, 0xFC, 0xE7, 0x99, 0xCC, 0x33, 0xB8, 0x7F,
    0xE0, 0x7F, 0xC1, 0xFF, 0x83, 0x3B, 0x86, 0x73, 0x3C, 0xE7, 0xF1, 0xC7, 0x7F, 0xBF, 0xF7, 0xFC,
    0x30, 0x0C, 0x03, 0x00, 0xC0, 0x30, 0x0C, 0x03, 0x00, 0xC0, 0x30, 0x0C, 0x03, 0x0F, 0xFF, 0xFF,
    0x18, 0x81, 0x9C, 0x1F, 0x80, 0xF8, 0x06, 0x00, 0x70, 0x0F, 0x00, 0xF8, 0x0D, 0x81, 0xD8, 0x19,
    0x81, 0x9C, 0x38, 0xC3, 0xFC, 0x3F, 0xE3, 0xFE, 0x70, 0x66, 0x07, 0x60, 0x7E, 0x03, 0x21, 0x0E,
    0x70, 0xFC, 0x1F, 0x00, 0xC0, 0x00, 0x0F, 0xC3, 0xFC, 0x61, 0x80, 0x30, 0x1E, 0x3F, 0xCF, 0xF9,
    0xC3, 0x38, 0x67, 0xFF, 0x7F, 0xE0, 0x18, 0x83, 0x9C, 0x39, 0xC0, 0x00, 0x00, 0x00, 0x70, 0x0F,
    0x00, 0xF8, 0x0D, 0x81, 0xD8, 0x19, 0x81, 0x9C, 0x38, 0xC3, 0xFC, 0x3F, 0xE3, 0xFE, 0x70, 0x66,
    0x07, 0x60, 0x7E, 0x03, 0x23, 0x0E, 0x71, 0xCE, 0x00, 0x00, 0x00, 0x7E, 0x1F, 0xE3, 0x0C, 0x01,
    0x80, 0xF1, 0xFE, 0x7F, 0xCE, 0x19, 0xC3, 0x3F, 0xFB, 0xFF, 0x01, 0xFF, 0xC0, 0x7F, 0xF0, 0x3E,
    0x00, 0x0D, 0x80, 0x07, 0x60, 0x01, 0x98, 0x00, 0xE7, 0xF8, 0x31, 0xFF, 0x1F, 0xFF, 0x87, 0xF8,
    0x03, 0xFE, 0x00, 0xC1, 0x80, 0x70, 0x60, 0x1C, 0x1F, 0xFE, 0x07, 0xFC, 0x3E, 0x7E, 0x3F, 0xFF,
    0x98, 0xF1, 0xC0, 0x30, 0x70, 0x7F, 0xFB, 0xFF, 0xFF, 0xFF, 0xFF, 0xC3, 0x00, 0xE3, 0xC3, 0x7F,
    0xFF, 0x9F, 0x9F, 0x80, 0x31, 0x0C, 0x63, 0xF8, 0x7C, 0x0C, 0x3F, 0xFF, 0xFF, 0x80, 0xE0, 0x38,
    0x0E, 0x03, 0xFE, 0xFF, 0xFF, 0xFE, 0x03, 0x80, 0xE0, 0x38, 0x0F, 0xFF, 0xFF, 0x31, 0x06, 0x30,
    0xFC, 0x0F, 0x80, 0xC0, 0x00, 0x0F, 0xC3, 0xFC, 0x71, 0xDC, 0x1B, 0xFF, 0x7F, 0xEF, 0xFD, 0xC0,
    0x18, 0x33, 0xFE, 0x3F, 0x80, 0x3F, 0x0F, 0xF3, 0x87, 0x60, 0x60, 0x0C, 0x01, 0xDF, 0xFF, 0xFF,
    0xFF, 0xF8, 0x1F, 0x83, 0x70, 0x66, 0x1C, 0xFF, 0x0F, 0xC0, 0x3F, 0x0F, 0xF1, 0x87, 0x00, 0x67,
    0xFD, 0xFF, 0xBF, 0xF7, 0x06, 0x61, 0xCF, 0xF0, 0xFC, 0x00, 0x03, 0x38, 0x00, 0x67, 0x00, 0x0C,
    0x60, 0x00, 0x00, 0x0E, 0x0E, 0x1F, 0xE1, 0xC3, 0x8C, 0x38, 0xE1, 0xC7, 0x18, 0x18, 0xE7, 0x03,
    0x9C, 0xE0, 0x3F, 0xF8, 0x07, 0xFE, 0x00, 0xFF, 0xE0, 0x39, 0xCE, 0x06, 0x38, 0xC1, 0xC7, 0x1C,
    0x30, 0xE1, 0x9E, 0x1C, 0x3F, 0x83, 0x83, 0x80, 0x0C, 0x60, 0x19, 0xC0, 0x33, 0x80, 0x00, 0x00,
    0x00, 0x1C, 0x71, 0xFC, 0xE7, 0x99, 0xCC, 0x33, 0xB8, 0x7F, 0xE0, 0x7F, 0xC1, 0xFF, 0x83, 0x3B,
    0x86, 0x73, 0x3C, 0xE7, 0xF1, 0xC7, 0x11, 0x87, 0x38, 0xE7, 0x00, 0x00, 0x00, 0x3F, 0x0F, 0xF3,
    0x87, 0x00, 0xE0, 0x1C, 0x03, 0x87, 0xE0, 0xF8, 0x1F, 0x80, 0x38, 0x03, 0x20, 0x6E, 0x1D, 0xFF,
    0x0F, 0xC0, 0x23, 0x1C, 0xE7, 0x38, 0x00, 0x00, 0x0F, 0xC7, 0xFB, 0x87, 0x01, 0x87, 0xE3, 0xF0,
    0x7E, 0x01, 0xF0, 0x7F, 0xF9, 0xFC, 0x1F, 0x0F, 0xE3, 0xF0, 0x00, 0xE0, 0xF8, 0x7E, 0x1F, 0x8F,
    0xE3, 0xF9, 0xFE, 0x6F, 0xBB, 0xEC, 0xFF, 0x3F, 0x8F, 0xC3, 0xF0, 0xF8, 0x3E, 0x0C, 0x1F, 0x0F,
    0xC3, 0xF0, 0x00, 0x00, 0x18, 0x76, 0x1D, 0x8F, 0x67, 0xD9, 0xB6, 0xFD, 0xF7, 0x79, 0xDE, 0x77,
    0x1D, 0x87, 0x31, 0x1C, 0xE7, 0x38, 0x00, 0x00, 0x38, 0x3E, 0x1F, 0x87, 0xE3, 0xF8, 0xFE, 0x7F,
    0x9B, 0xEE, 0xFB, 0x3F, 0xCF, 0xE3, 0xF0, 0xFC, 0x3E, 0x0F, 0x83, 0x31, 0x1C, 0xE7, 0x38, 0x00,
    0x00, 0x18, 0x76, 0x1D, 0x8F, 0x67, 0xD9, 0xB6, 0xFD, 0xF7, 0x79, 0xDE, 0x77, 0x1D, 0x87, 0x31,
    0x0E, 0x71, 0xCE, 0x00, 0x00, 0x00, 0x7E, 0x1F, 0xE3, 0x0E, 0xE0, 0xDC, 0x1B, 0x03, 0xE0, 0x7C,
    0x0F, 0x81, 0xF0, 0x3F, 0x06, 0xE0, 0xCC, 0x39, 0xFE, 0x1F, 0x80, 0x31, 0x0E, 0x71, 0xCE, 0x00,
    0x00, 0x00, 0x7E, 0x1F, 0xE3, 0x0E, 0xE0, 0xDC, 0x1B, 0x83, 0x70, 0x6E, 0x0C, 0xC3, 0x9F, 0xE1,
    0xF8, 0x3F, 0x0F, 0xF1, 0x87, 0x70, 0x6E, 0x0D, 0x81, 0xFF, 0xFF, 0xFF, 0xFF, 0xF8, 0x1F, 0x83,
    0x70, 0x66, 0x1C, 0xFF, 0x0F, 0xC0, 0x3F, 0x0F, 0xF1, 0x87, 0x70, 0x6F, 0xFD, 0xFF, 0xBF, 0xF7,
    0x06, 0x61, 0xCF, 0xF0, 0xFC, 0x00, 0x0F, 0x81, 0xFC, 0x1F, 0x80, 0x00, 0x60, 0x77, 0x07, 0x30,
    0x63, 0x8E, 0x38, 0xC1, 0x8C, 0x1D, 0xC0, 0xD8, 0x0F, 0x80, 0x78, 0x07, 0x00, 0x70, 0x06, 0x01,
    0xE0, 0x1E, 0x00, 0x1F, 0x07, 0xF0, 0xFC, 0x00, 0x00, 0x01, 0x81, 0xF8, 0x33, 0x0E, 0x71, 0x86,
    0x30, 0xCE, 0x1D, 0x81, 0xF0, 0x3C, 0x03, 0x80, 0x70, 0x0C, 0x03, 0x81, 0xE0, 0x7C, 0x00, 0x18,
    0x83, 0x9C, 0x39, 0xC0, 0x00, 0x00, 0x06, 0x07, 0x70, 0x73, 0x06, 0x38, 0xE3, 0x8C, 0x18, 0xC1,
    0xDC, 0x0D, 0x80, 0xF8, 0x07, 0x80, 0x70, 0x07, 0x00, 0x60, 0x1E, 0x01, 0xE0, 0x31, 0x0E, 0x71,
    0xCE, 0x00, 0x00, 0x01, 0x81, 0xF8, 0x33, 0x0E, 0x71, 0x86, 0x30, 0xCE, 0x1D, 0x81, 0xF0, 0x3C,
    0x03, 0x80, 0x70, 0x0C, 0x03, 0x81, 0xE0, 0x7C, 0x00, 0x06, 0xC0, 0xEC, 0x0D, 0xC0, 0xD8, 0x00,
    0x06, 0x07, 0x70, 0x73, 0x06, 0x38, 0xE3, 0x8C, 0x18, 0xC1, 0xDC, 0x0D, 0x80, 0xF8, 0x07, 0x80,
    0x70, 0x07, 0x00, 0x60, 0x1E, 0x01, 0xE0, 0x00, 0x01, 0xB0, 0x76, 0x0D, 0x81, 0x30, 0x00, 0x30,
    0x3F, 0x06, 0x61, 0xCE, 0x30, 0xC6, 0x19, 0xC3, 0xB0, 0x3E, 0x07, 0x80, 0x70, 0x0E, 0x01, 0x80,
    0x70, 0x3C, 0x0F, 0x80, 0x23, 0x1C, 0xE7, 0x38, 0x00, 0x00, 0x30, 0x3C, 0x0F, 0x03, 0xC0, 0xF0,
    0x3C, 0x0F, 0x83, 0x7F, 0xDF, 0xF1, 0xEC, 0x03, 0x00, 0xC0, 0x30, 0x0C, 0x03, 0x23, 0x1C, 0xE7,
    0x38, 0x00, 0x00, 0x38, 0x7E, 0x1F, 0x87, 0xE1, 0xF8, 0x77, 0xFD, 0xFF, 0x1D, 0xC0, 0x70, 0x1C,
    0x07, 0x0E, 0xE0, 0x1D, 0xC0, 0x00, 0x00, 0x00, 0x0C, 0x00, 0xF8, 0x01, 0xF0, 0x03, 0xE0, 0x07,
    0xC0, 0x0F, 0x80, 0x1F, 0xFC, 0x3F, 0xFE, 0x7C, 0x1C, 0xF8, 0x1D, 0xF0, 0x3B, 0xE0, 0x77, 0xC0,
    0xCF, 0xFF, 0x9F, 0xFE, 0x38, 0x0E, 0xE0, 0x3B, 0x80, 0x00, 0x00, 0x00, 0x60, 0x0D, 0x80, 0x36,
    0x00, 0xDF, 0x03, 0x7F, 0x8D, 0xFF, 0x36, 0x1C, 0xD8, 0x73, 0x61, 0xCD, 0xFE, 0x37, 0xF8, 0xC0,
    0x70, 0x39, 0xC1, 0xC7, 0x0C, 0x1C, 0xE1, 0xF7, 0x1F, 0xF1, 0xCF, 0x0E, 0x38, 0x70, 0xC3, 0x07,
    0x18, 0x1D, 0xC0, 0xE0, 0x7F, 0x87, 0xF8, 0x01, 0xC0, 0x1C, 0x01, 0xC0, 0x1C, 0x01, 0xC0, 0x1C,
    0x01, 0xC0, 0x1C, 0x7F, 0xEF, 0xFE, 0x7C, 0x7E, 0x0E, 0x0E, 0x0E, 0x0E, 0x0E, 0x0E, 0x0E, 0x1E,
    0xF6, 0xE7, 0x00, 0xFF, 0xEF, 0xFC, 0x0E, 0x01, 0xC0, 0x38, 0x07, 0x00, 0xE0, 0x1C, 0x03, 0x80,
    0x70, 0x0E, 0x01, 0xC0, 0xFF, 0xDF, 0xF8, 0x03, 0x80, 0x70, 0x0F, 0xC1, 0xF8, 0x3F, 0x07, 0xE0,
    0xFC, 0x1F, 0x83, 0xF0, 0x70, 0x7B, 0xCE, 0x73, 0x9C, 0xE7, 0x39, 0xCE, 0x70, 0xFE, 0xF8, 0xE1,
    0x87, 0x0E, 0x1C, 0x18, 0x30, 0x70, 0xE1, 0xC0, 0x7F, 0xE3, 0xFF, 0x8C, 0x0C, 0x60, 0x73, 0x03,
    0x98, 0x1C, 0xC0, 0xE6, 0x07, 0x30, 0x39, 0x81, 0xCC, 0x0E, 0x60, 0x70, 0xC7, 0xCC, 0x7E, 0xC0,
    0xEC, 0x06, 0xC0, 0x6C, 0x06, 0xE0, 0x6E, 0x06, 0xE0, 0xE7, 0x1E, 0x7F, 0xC3, 0xF8, 0x7B, 0xCE,
    0x73, 0x9C, 0xE0, 0x7F, 0x9F, 0xF0, 0x1C, 0x03, 0x00, 0xC0, 0x30, 0x0C, 0x03, 0x00, 0xC0, 0x30,
    0x0C, 0x03, 0x00, 0xC0, 0x30, 0x0C, 0x03, 0x7F, 0x1F, 0xE0, 0x38, 0x07, 0x01, 0xC0, 0x70, 0x1C,
    0x07, 0x01, 0xC0, 0xE7, 0xF9, 0xFC, 0x60, 0x1C, 0x03, 0x80, 0x70, 0x0F, 0xFD, 0xFF, 0x80, 0x70,
    0x0E, 0x03, 0x80, 0x70, 0x0C, 0x03, 0x80, 0x70, 0x0C, 0x03, 0x80, 0x70, 0xFF, 0xEF, 0xFF, 0x70,
    0x77, 0x07, 0x70, 0x77, 0x07, 0x70, 0x77, 0x07, 0x70, 0x77, 0x07, 0x7F, 0xF7, 0xFF, 0x67, 0xE3,
    0xBF, 0x9F, 0x1E, 0x70, 0x73, 0x81, 0x9C, 0x0C, 0xE0, 0x66, 0x07, 0x30, 0x3B, 0x83, 0xDD, 0xFC,
    0xEF, 0xC0, 0x7B, 0xCE, 0x73, 0x9C, 0xE7, 0x39, 0xCE, 0x73, 0x9C, 0xE7, 0xFB, 0xE1, 0xC7, 0x1C,
    0x71, 0xC7, 0x1C, 0x7F, 0xFF, 0x7F, 0xE3, 0xFF, 0x8E, 0x1C, 0x60, 0x77, 0x03, 0xB8, 0x1D, 0xC0,
    0xEE, 0x07, 0x30, 0x71, 0xC3, 0x8F, 0xF8, 0x1F, 0x80, 0x00, 0x07, 0x07, 0x70, 0x73, 0x07, 0x30,
    0x73, 0x86, 0x38, 0x61, 0x8E, 0x18, 0xE1, 0xCC, 0x1D, 0xC1, 0xF8, 0x7F, 0x0F, 0x80, 0x00, 0x00,
    0x3F, 0x0F, 0xF3, 0x87, 0x60, 0x6C, 0x0F, 0xC1, 0xFC, 0x3B, 0xC7, 0x00, 0xE0, 0x1C, 0x03, 0x80,
    0x70, 0x0E, 0x01, 0xC0, 0x38, 0x07, 0x3F, 0x0F, 0xF3, 0x87, 0x60, 0x6C, 0x0F, 0xC1, 0xFE, 0x39,
    0xC7, 0x00, 0xC0, 0x7B, 0xFE, 0x7F, 0x80, 0xE0, 0xCE, 0x19, 0xC7, 0x1C, 0xE3, 0x9C, 0x37, 0x07,
    0xE0, 0xF0, 0x0C, 0x01, 0xC0, 0x38, 0x03, 0x00, 0x70, 0x0E, 0x01, 0xC0, 0x18, 0x70, 0xEF, 0x1C,
    0xE3, 0x8E, 0x61, 0xDC, 0x1F, 0x81, 0xE0, 0x38, 0x03, 0x80, 0x39, 0xFF, 0x3F, 0xE0, 0xFF, 0xFF,
    0xFE, 0x00, 0xE0, 0x0E, 0x60, 0xE6, 0x0C, 0x61, 0xC6, 0x1C, 0x61, 0x86, 0x38, 0x63, 0x86, 0x30,
    0x60, 0x06, 0x00, 0x60, 0x06, 0x00, 0x7F, 0x1F, 0xE0, 0x1C, 0x07, 0x01, 0xC0, 0x70, 0x1C, 0x07,
    0x01, 0xC0, 0x70, 0x1C, 0x07, 0xE7, 0x1F, 0x38, 0xF9, 0xC7, 0xCE, 0x3E, 0xE1, 0xFF, 0x0F, 0xF0,
    0xFC, 0x07, 0x60, 0x3B, 0x83, 0x8F, 0xF8, 0x3F, 0x80, 0x7F, 0xF3, 0xFF, 0xC6, 0x0E, 0x30, 0x71,
    0x83, 0x8C, 0x1C, 0x60, 0xE3, 0x07, 0x18, 0x38, 0xC1, 0xDE, 0x0F, 0xE0, 0x70, 0x27, 0x67, 0x70,
    0x33, 0x77, 0x6E, 0x00, 0x6E, 0xE4, 0x00, 0x3F, 0xBF, 0xFC, 0x2C, 0x07, 0x03, 0x80, 0xE0, 0x38,
    0x0E, 0x03, 0x01, 0x80, 0x00, 0x60, 0x78, 0x3C, 0x0C, 0x00, 0x1C, 0x3E, 0x7C, 0x60, 0x60, 0x73,
    0x3F, 0xFE, 0xF8, 0x00, 0xFF, 0xFC, 0x00, 0x77, 0x30, 0xFF, 0x00, 0x6F, 0xF2, 0x0C, 0xEE, 0x66,
    0x67, 0x77, 0x77, 0x73, 0x30, 0x00, 0x18, 0x76, 0x19, 0xFE, 0x7F, 0x1F, 0x07, 0x00, 0xC0, 0x30,
    0x0C, 0x03, 0x00, 0xC0, 0x38, 0x0E, 0x03, 0x80, 0x00, 0x00, 0x06, 0x36, 0x67, 0x67, 0x77, 0x7F,
    0xE7, 0xFE, 0x70, 0x03, 0x00, 0x30, 0x03, 0x00, 0x30, 0x03, 0x00, 0x38, 0x03, 0x80, 0x38, 0x00,
    0x00, 0x00, 0x07, 0x03, 0xE1, 0xE0, 0x60, 0x38, 0x0F, 0xC1, 0xF0, 0x3C, 0x1C, 0x06, 0x03, 0x80,
    0xE0, 0x1F, 0xE3, 0xF8, 0x00, 0x1E, 0x0F, 0xC7, 0x39, 0x86, 0x61, 0xB8, 0x7E, 0x1D, 0x86, 0x61,
    0x9F, 0xE3, 0xF0, 0x00, 0x00, 0x3F, 0xCF, 0xF0, 0x2C, 0x03, 0x00, 0xE0, 0x38, 0x0E, 0x03, 0x80,
    0xE0, 0x18, 0x06, 0x01, 0x80, 0x70, 0x1C, 0x00, 0x40, 0x0E, 0x07, 0xE0, 0x67, 0x0E, 0x70, 0xE3,
    0x0C, 0x39, 0xC3, 0x98, 0x19, 0x81, 0xF8, 0x1F, 0x00, 0xF0, 0x0F, 0x00, 0xE0, 0x06, 0x00, 0x00,
    0x02, 0x00, 0x60, 0x07, 0x00, 0xF0, 0x0F, 0x00, 0xF8, 0x1F, 0x81, 0x98, 0x39, 0xC3, 0x9C, 0x30,
    0xC7, 0x0E, 0x70, 0xEE, 0x06, 0xE0, 0x70, 0x00, 0x08, 0x0F, 0x87, 0xF1, 0x9C, 0xE3, 0x38, 0xC7,
    0xF1, 0xFC, 0x1F, 0x80, 0xE0, 0x38, 0x06, 0x01, 0x80, 0x60, 0x18, 0x00, 0x00, 0x10, 0x00, 0xE0,
    0x03, 0x98, 0x06, 0x60, 0x1B, 0x80, 0x7E, 0x01, 0xF8, 0x06, 0xE0, 0x39, 0xE3, 0xC3, 0xFF, 0x07,
    0xF0, 0x7D, 0xF0, 0x18, 0x1C, 0x3E, 0x7E, 0x67, 0xE3, 0xE3, 0xE3, 0x7F, 0x7E, 0x6F, 0xF2, 0x0C,
    0xEE, 0x66, 0x67, 0x77, 0x77, 0x73, 0x30, 0x00, 0x18, 0x76, 0x19, 0xFE, 0x7F, 0x1F, 0x07, 0x00,
    0xC0, 0x30, 0x0C, 0x03, 0x00, 0xC0, 0x38, 0x0E, 0x03, 0x80, 0x00, 0x00, 0x06, 0x36, 0x67, 0x67,
    0x77, 0x7F, 0xE7, 0xFE, 0x70, 0x03, 0x00, 0x30, 0x03, 0x00, 0x30, 0x03, 0x00, 0x38, 0x03, 0x80,
    0x38, 0x00, 0x00, 0x00, 0x39, 0xE6, 0xF1, 0xB0, 0x7F, 0x9F, 0xE7, 0xE1, 0xC0, 0x30, 0x0C, 0x03,
    0x00, 0xC0, 0x30, 0x0C, 0x03, 0x00, 0x00, 0x07, 0x01, 0xE0, 0x78, 0x1F, 0x0E, 0xC3, 0x39, 0xC6,
    0x61, 0xB8, 0x6E, 0x1F, 0x87, 0xED, 0xDF, 0xE7, 0xF8, 0x00, 0x3E, 0x7E, 0x60, 0x60, 0x60, 0x73,
    0x3F, 0x1E, 0x1C, 0x38, 0x70, 0x60, 0xE0, 0xC0, 0x00, 0x40, 0x0E, 0x07, 0xE0, 0x67, 0x0E, 0x70,
    0xE3, 0x0C, 0x39, 0xC3, 0x98, 0x19, 0x81, 0xF8, 0x1F, 0x00, 0xF0, 0x0F, 0x00, 0xE0, 0x06, 0x00,
    0x00, 0x02, 0x00, 0x60, 0x07, 0x00, 0xF0, 0x0F, 0x00, 0xF8, 0x1F, 0x81, 0x98, 0x39, 0xC3, 0x9C,
    0x30, 0xC7, 0x0E, 0x70, 0xEE, 0x06, 0xE0, 0x70, 0x00, 0x08, 0x0F, 0x87, 0xF1, 0x9C, 0xE3, 0x38,
    0xC7, 0xF1, 0xFC, 0x1F, 0x80, 0xE0, 0x38, 0x06, 0x01, 0x80, 0x60, 0x18, 0x00, 0x07, 0x00, 0xF0,
    0x0F, 0x80, 0xD8, 0x1D, 0x81, 0x98, 0x19, 0xC3, 0x8C, 0x3F, 0xC3, 0xFE, 0x3F, 0xE7, 0x06, 0x60,
    0x76, 0x07, 0xE0, 0x30, 0x60, 0x07, 0x00, 0x70, 0x3F, 0x0F, 0xF1, 0x86, 0x00, 0xC0, 0x78, 0xFF,
    0x3F, 0xE7, 0x0C, 0xE1, 0x9F, 0xFD, 0xFF, 0x86, 0x01, 0xC0, 0x38, 0x00, 0x04, 0x00, 0xF0, 0x0F,
    0x80, 0x30, 0x02, 0x00, 0x70, 0x0F, 0x00, 0xF8, 0x0D, 0x81, 0xD8, 0x19, 0x81, 0x9C, 0x38, 0xC3,
    0xFC, 0x3F, 0xE3, 0xFE, 0x70, 0x66, 0x07, 0x60, 0x7E, 0x03, 0x08, 0x03, 0xC0, 0x78, 0x03, 0x00,
    0xC0, 0x00, 0x0F, 0xC3, 0xFC, 0x61, 0x80, 0x30, 0x1E, 0x3F, 0xCF, 0xF9, 0xC3, 0x38, 0x67, 0xFF,
    0x7F, 0xE0, 0x00, 0x00, 0x07, 0x00, 0x60, 0x0E, 0x0F, 0xC0, 0xF8, 0x19, 0xC1, 0x08, 0x07, 0x00,
    0xF0, 0x0F, 0x80, 0xD8, 0x1D, 0x81, 0x98, 0x19, 0xC3, 0x8C, 0x3F, 0xC3, 0xFE, 0x3F, 0xE7, 0x06,
    0x60, 0x76, 0x07, 0xE0, 0x30, 0x00, 0x00, 0x18, 0x03, 0x00, 0xC1, 0xF8, 0x7E, 0x1C, 0xC1, 0x08,
    0x00, 0x07, 0xE1, 0xFE, 0x30, 0xC0, 0x18, 0x0F, 0x1F, 0xE7, 0xFC, 0xE1, 0x9C, 0x33, 0xFF, 0xBF,
    0xF0, 0x00, 0x06, 0x00, 0x70, 0x03, 0x00, 0x3F, 0x00, 0xF8, 0x19, 0xC1, 0x08, 0x07, 0x00, 0xF0,
    0x0F, 0x80, 0xD8, 0x1D, 0x81, 0x98, 0x19, 0xC3, 0x8C, 0x3F, 0xC3, 0xFE, 0x3F, 0xE7, 0x06, 0x60,
    0x76, 0x07, 0xE0, 0x30, 0x00, 0x0E, 0x00, 0x60, 0x07, 0x00, 0x3F, 0x01, 0xF8, 0x39, 0x81, 0x08,
    0x00, 0x01, 0xF8, 0x3F, 0xC3, 0x0C, 0x00, 0xC0, 0x3C, 0x3F, 0xC7, 0xFC, 0x70, 0xC7, 0x0C, 0x7F,
    0xF3, 0xFF, 0x00, 0x80, 0x1E, 0x01, 0xE0, 0x66, 0x0F, 0xC1, 0xF8, 0x19, 0xC1, 0x08, 0x07, 0x00,
    0xF0, 0x0F, 0x80, 0xD8, 0x1D, 0x81, 0x98, 0x19, 0xC3, 0x8C, 0x3F, 0xC3, 0xFE, 0x3F, 0xE7, 0x06,
    0x60, 0x76, 0x07, 0xE0, 0x30, 0x03, 0x00, 0x78, 0x0F, 0x06, 0xE1, 0xF8, 0x7E, 0x1C, 0xC1, 0x08,
    0x00, 0x07, 0xE1, 0xFE, 0x30, 0xC0, 0x18, 0x0F, 0x1F, 0xE7, 0xFC, 0xE1, 0x9C, 0x33, 0xFF, 0xBF,
    0xF0, 0x00, 0x01, 0xFC, 0x1F, 0xC0, 0x78, 0x0F, 0x01, 0xF8, 0x19, 0xC0, 0x00, 0x07, 0x00, 0xF0,
    0x0F, 0x80, 0xD8, 0x1D, 0x81, 0x98, 0x19, 0xC3, 0x8C, 0x3F, 0xC3, 0xFE, 0x3F, 0xE7, 0x06, 0x60,
    0x76, 0x07, 0xE0, 0x30, 0x00, 0x0F, 0xE1, 0xFE, 0x07, 0x01, 0xE0, 0x7E, 0x1C, 0xC0, 0x00, 0x00,
    0x07, 0xE1, 0xFE, 0x30, 0xC0, 0x18, 0x0F, 0x1F, 0xE7, 0xFC, 0xE1, 0x9C, 0x33, 0xFF, 0xBF, 0xF0,
    0x0F, 0x00, 0xF8, 0x19, 0xC1, 0x08, 0x07, 0x00, 0xF0, 0x0F, 0x80, 0xD8, 0x1D, 0x81, 0x98, 0x19,
    0xC3, 0x8C, 0x3F, 0xC3, 0xFE, 0x3F, 0xE7, 0x06, 0x60, 0x76, 0x07, 0xE0, 0x30, 0x60, 0x07, 0x00,
    0x70, 0x1E, 0x07, 0xE1, 0xCC, 0x10, 0x80, 0x00, 0x7E, 0x1F, 0xE3, 0x0C, 0x01, 0x80, 0xF1, 0xFE,
    0x7F, 0xCE, 0x19, 0xC3, 0x3F, 0xFB, 0xFF, 0x0C, 0x03, 0x80, 0x70, 0x00, 0x01, 0x00, 0x38, 0x03,
    0x00, 0x70, 0x1E, 0xC1, 0xFC, 0x0F, 0x80, 0x60, 0x07, 0x00, 0xF0, 0x0F, 0x80, 0xD8, 0x1D, 0x81,
    0x98, 0x19, 0xC3, 0x8C, 0x3F, 0xC3, 0xFE, 0x3F, 0xE7, 0x06, 0x60, 0x76, 0x07, 0xE0, 0x30, 0x00,
    0x00, 0xC0, 0x38, 0x06, 0x06, 0xF8, 0x7E, 0x0F, 0xC0, 0x60, 0x3F, 0x0F, 0xF1, 0x86, 0x00, 0xC0,
    0x78, 0xFF, 0x3F, 0xE7, 0x0C, 0xE1, 0x9F, 0xFD, 0xFF, 0x80, 0x04, 0x00, 0xC0, 0x0E, 0x00, 0x60,
    0x1A, 0xC1, 0xFC, 0x0F, 0x80, 0x60, 0x07, 0x00, 0xF0, 0x0F, 0x80, 0xD8, 0x1D, 0x81, 0x98, 0x19,
    0xC3, 0x8C, 0x3F, 0xC3, 0xFE, 0x3F, 0xE7, 0x06, 0x60, 0x76, 0x07, 0xE0, 0x30, 0x10, 0x07, 0x00,
    0x60, 0x06, 0x06, 0xF8, 0x7E, 0x0F, 0xC0, 0x60, 0x3F, 0x0F, 0xF1, 0x86, 0x00, 0xC0, 0x78, 0xFF,
    0x3F, 0xE7, 0x0C, 0xE1, 0x9F, 0xFD, 0xFF, 0x80, 0x04, 0x00, 0xF0, 0x0F, 0x00, 0x30, 0x1E, 0xC1,
    0xFC, 0x0F, 0x80, 0x60, 0x07, 0x00, 0xF0, 0x0F, 0x80, 0xD8, 0x1D, 0x81, 0x98, 0x19, 0xC3, 0x8C,
    0x3F, 0xC3, 0xFE, 0x3F, 0xE7, 0x06, 0x60, 0x76, 0x07, 0xE0, 0x30, 0x08, 0x03, 0xC0, 0x78, 0x06,
    0x06, 0xD8, 0x7E, 0x0F, 0xC0, 0x60, 0x3F, 0x0F, 0xF1, 0x86, 0x00, 0xC0, 0x78, 0xFF, 0x3F, 0xE7,
    0x0C, 0xE1, 0x9F, 0xFD, 0xFF, 0x80, 0x00, 0x01, 0xFC, 0x1F, 0xC0, 0x18, 0x18, 0xC1, 0xFC, 0x0F,
    0x80, 0x60, 0x07, 0x00, 0xF0, 0x0F, 0x80, 0xD8, 0x1D, 0x81, 0x98, 0x19, 0xC3, 0x8C, 0x3F, 0xC3,
    0xFE, 0x3F, 0xE7, 0x06, 0x60, 0x76, 0x07, 0xE0, 0x30, 0x00, 0x0F, 0xE1, 0xFE, 0x03, 0x06, 0x38,
    0x7E, 0x0F, 0xC0, 0x60, 0x3F, 0x0F, 0xF1, 0x86, 0x00, 0xC0, 0x78, 0xFF, 0x3F, 0xE7, 0x0C, 0xE1,
    0x9F, 0xFD, 0xFF, 0x80, 0x10, 0x81, 0x8C, 0x1F, 0x80, 0xF8, 0x06, 0x00, 0x70, 0x0F, 0x00, 0xF8,
    0x0D, 0x81, 0xD8, 0x19, 0x81, 0x9C, 0x38, 0xC3, 0xFC, 0x3F, 0xE3, 0xFE, 0x70, 0x66, 0x07, 0x60,
    0x7E, 0x03, 0x06, 0x00, 0x70, 0x07, 0x00, 0x21, 0x0E, 0x60, 0xFC, 0x1F, 0x00, 0xC0, 0x00, 0x0F,
    0xC3, 0xFC, 0x61, 0x80, 0x30, 0x1E, 0x3F, 0xCF, 0xF9, 0xC3, 0x38, 0x67, 0xFF, 0x7F, 0xE1, 0x80,
    0x70, 0x0E, 0x00, 0xFF, 0xFF, 0xFE, 0x03, 0x80, 0xE0, 0x38, 0x0F, 0xFB, 0xFF, 0xFF, 0xF8, 0x0E,
    0x03, 0x80, 0xE0, 0x3F, 0xFF, 0xFC, 0x10, 0x0E, 0x03, 0x80, 0x3F, 0x0F, 0xF1, 0xC7, 0x70, 0x6F,
    0xFD, 0xFF, 0xBF, 0xF7, 0x00, 0x60, 0xCF, 0xF8, 0xFE, 0x02, 0x00, 0xE0, 0x1C, 0x00, 0x08, 0x07,
    0xC0, 0xF0, 0x18, 0x06, 0x3F, 0xFF, 0xFF, 0x80, 0xE0, 0x38, 0x0E, 0x03, 0xFE, 0xFF, 0xFF, 0xFE,
    0x03, 0x80, 0xE0, 0x38, 0x0F, 0xFF, 0xFF, 0x08, 0x03, 0xC0, 0x7C, 0x03, 0x00, 0x60, 0x00, 0x0F,
    0xC3, 0xFC, 0x71, 0xDC, 0x1B, 0xFF, 0x7F, 0xEF, 0xFD, 0xC0, 0x18, 0x33, 0xFE, 0x3F, 0x80, 0x00,
    0x0F, 0xE3, 0xF8, 0x0C, 0x00, 0x3F, 0xFF, 0xFF, 0x80, 0xE0, 0x38, 0x0E, 0x03, 0xFE, 0xFF, 0xFF,
    0xFE, 0x03, 0x80, 0xE0, 0x38, 0x0F, 0xFF, 0xFF, 0x00, 0x07, 0xF0, 0xFE, 0x01, 0x80, 0x00, 0x7E,
    0x1F, 0xE3, 0x8E, 0xE0, 0xDF, 0xFB, 0xFF, 0x7F, 0xEE, 0x00, 0xC1, 0x9F, 0xF1, 0xFC, 0x00, 0x00,
    0x0C, 0x03, 0x80, 0x61, 0xF8, 0x3E, 0x0E, 0xE1, 0x8C, 0xFF, 0xDF, 0xFB, 0x80, 0x70, 0x0E, 0x01,
    0xC0, 0x3F, 0xE7, 0xFE, 0xFF, 0xDC, 0x03, 0x80, 0x70, 0x0E, 0x01, 0xFF, 0xBF, 0xF0, 0x00, 0x00,
    0x0C, 0x03, 0x80, 0x61, 0xF8, 0x3E, 0x0C, 0xE1, 0x0C, 0x00, 0x07, 0xE1, 0xFE, 0x38, 0xEE, 0x0D,
    0xFF, 0xBF, 0xF7, 0xFE, 0xE0, 0x0C, 0x19, 0xFF, 0x1F, 0xC0, 0x00, 0x0C, 0x01, 0xC0, 0x18, 0x03,
    0xF0, 0x1F, 0x07, 0x70, 0xC6, 0x7F, 0xEF, 0xFD, 0xC0, 0x38, 0x07, 0x00, 0xE0, 0x1F, 0xF3, 0xFF,
    0x7F, 0xEE, 0x01, 0xC0, 0x38, 0x07, 0x00, 0xFF, 0xDF, 0xF8, 0x00, 0x06, 0x00, 0x70, 0x03, 0x00,
    0x3F, 0x00, 0xF8, 0x19, 0xC1, 0x0C, 0x00, 0x01, 0xF8, 0x3F, 0xC3, 0x8E, 0x70, 0x67, 0xFE, 0x7F,
    0xE7, 0xFE, 0x70, 0x03, 0x06, 0x3F, 0xE1, 0xFC, 0x01, 0x00, 0x78, 0x0F, 0x06, 0x61, 0xF8, 0x3E,
    0x0C, 0xE1, 0x08, 0xFF, 0xDF, 0xFB, 0x80, 0x70, 0x0E, 0x01, 0xC0, 0x3F, 0xE7, 0xFE, 0xFF, 0xDC,
    0x03, 0x80, 0x70, 0x0E, 0x01, 0xFF, 0xBF, 0xF0, 0x01, 0x00, 0x78, 0x0F, 0x06, 0x61, 0xF8, 0x3E,
    0x0C, 0xE1, 0x08, 0x00, 0x07, 0xE1, 0xFE, 0x38, 0xEE, 0x0D, 0xFF, 0xBF, 0xF7, 0xFE, 0xE0, 0x0C,
    0x19, 0xFF, 0x1F, 0xC0, 0x00, 0x0F, 0xE3, 0xF8, 0x3C, 0x1E, 0x0F, 0xC3, 0x18, 0x00, 0xFF, 0xFF,
    0xFE, 0x03, 0x80, 0xE0, 0x38, 0x0F, 0xFB, 0xFF, 0xFF, 0xF8, 0x0E, 0x03, 0x80, 0xE0, 0x3F, 0xFF,
    0xFC, 0x00, 0x07, 0xF0, 0xFE, 0x07, 0x81, 0xE0, 0x7E, 0x0C, 0xE0, 0x00, 0x00, 0x07, 0xE1, 0xFE,
    0x38, 0xEE, 0x0D, 0xFF, 0xBF, 0xF7, 0xFE, 0xE0, 0x0C, 0x19, 0xFF, 0x1F, 0xC0, 0x1E, 0x07, 0xC3,
    0xB8, 0xC6, 0xFF, 0xFF, 0xFE, 0x03, 0x80, 0xE0, 0x38, 0x0F, 0xFB, 0xFF, 0xFF, 0xF8, 0x0E, 0x03,
    0x80, 0xE0, 0x3F, 0xFF, 0xFC, 0x10, 0x0E, 0x03, 0x80, 0x1E, 0x03, 0xE0, 0xCE, 0x10, 0xC0, 0x00,
    0x7E, 0x1F, 0xE3, 0x8E, 0xE0, 0xDF, 0xFB, 0xFF, 0x7F, 0xEE, 0x00, 0xC1, 0x9F, 0xF1, 0xFC, 0x04,
    0x01, 0xC0, 0x38, 0x00, 0x08, 0x07, 0x81, 0xF0, 0x18, 0x04, 0x3F, 0xF7, 0xFC, 0x38, 0x0E, 0x03,
    0x80, 0xE0, 0x38, 0x0E, 0x03, 0x80, 0xE0, 0x38, 0x0E, 0x03, 0x87, 0xFF, 0xFF, 0x08, 0x07, 0x81,
    0xE0, 0x18, 0x0C, 0x00, 0x0F, 0xC3, 0xF0, 0x0C, 0x03, 0x00, 0xC0, 0x30, 0x0C, 0x03, 0x00, 0xC3,
    0xFF, 0xFF, 0xC0, 0xFF, 0xDF, 0xF0, 0xE0, 0x38, 0x0E, 0x03, 0x80, 0xE0, 0x38, 0x0E, 0x03, 0x80,
    0xE0, 0x38, 0x0E, 0x1F, 0xFF, 0xFC, 0x30, 0x0E, 0x03, 0x80, 0x0E, 0x01, 0xC0, 0x10, 0x00, 0x0F,
    0xE0, 0xFC, 0x03, 0x80, 0x70, 0x0E, 0x01, 0xC0, 0x38, 0x07, 0x00, 0xE0, 0xFF, 0xBF, 0xF0, 0x30,
    0x0E, 0x01, 0xC0, 0x3F, 0x0F, 0xF1, 0x87, 0x70, 0x6E, 0x0D, 0x81, 0xF0, 0x3E, 0x07, 0xC0, 0xF8,
    0x1F, 0x83, 0x70, 0x66, 0x1C, 0xFF, 0x0F, 0xC0, 0x60, 0x0E, 0x01, 0xC0, 0x3F, 0x0F, 0xF1, 0x87,
    0x70, 0x6E, 0x0D, 0xC1, 0xB8, 0x37, 0x06, 0x61, 0xCF, 0xF0, 0xFC, 0x06, 0x00, 0xE0, 0x1C, 0x00,
    0x08, 0x03, 0xC0, 0x7C, 0x03, 0x00, 0x40, 0x7E, 0x1F, 0xE3, 0x0E, 0xE0, 0xDC, 0x1B, 0x03, 0xE0,
    0x7C, 0x0F, 0x81, 0xF0, 0x3F, 0x06, 0xE0, 0xCC, 0x39, 0xFE, 0x1F, 0x80, 0x08, 0x03, 0xC0, 0x7C,
    0x03, 0x00, 0x40, 0x00, 0x0F, 0xC3, 0xFC, 0x61, 0xDC, 0x1B, 0x83, 0x70, 0x6E, 0x0D, 0xC1, 0x98,
    0x73, 0xFC, 0x3F, 0x00, 0x00, 0x00, 0x1C, 0x03, 0x00, 0xE1, 0xF8, 0x3E, 0x0C, 0xE1, 0x08, 0x3F,
    0x0F, 0xF1, 0x87, 0x70, 0x6E, 0x0D, 0x81, 0xF0, 0x3E, 0x07, 0xC0, 0xF8, 0x1F, 0x83, 0x70, 0x66,
    0x1C, 0xFF, 0x0F, 0xC0, 0x00, 0x00, 0x1C, 0x03, 0x00, 0xE1, 0xF8, 0x3E, 0x0C, 0xE1, 0x08, 0x00,
    0x07, 0xE1, 0xFE, 0x30, 0xEE, 0x0D, 0xC1, 0xB8, 0x37, 0x06, 0xE0, 0xCC, 0x39, 0xFE, 0x1F, 0x80,
    0x00, 0x06, 0x00, 0x70, 0x03, 0x00, 0x3F, 0x00, 0xF8, 0x19, 0xC1, 0x08, 0x1F, 0x83, 0xFC, 0x30,
    0xE7, 0x06, 0x70, 0x66, 0x07, 0x60, 0x76, 0x07, 0x60, 0x76, 0x07, 0x70, 0x67, 0x06, 0x30, 0xE3,
    0xFC, 0x1F, 0x80, 0x00, 0x06, 0x00, 0x70, 0x03, 0x00, 0x3F, 0x00, 0xF8, 0x19, 0xC1, 0x08, 0x00,
    0x01, 0xF8, 0x3F, 0xC3, 0x0E, 0x70, 0x67, 0x06, 0x70, 0x67, 0x06, 0x70, 0x63, 0x0E, 0x3F, 0xC1,
    0xF8, 0x01, 0x00, 0x78, 0x0F, 0x06, 0x61, 0xF8, 0x7E, 0x0C, 0xE1, 0x08, 0x3F, 0x0F, 0xF1, 0x87,
    0x70, 0x6E, 0x0D, 0x81, 0xF0, 0x3E, 0x07, 0xC0, 0xF8, 0x1F, 0x83, 0x70, 0x66, 0x1C, 0xFF, 0x0F,
    0xC0, 0x01, 0x00, 0x78, 0x0F, 0x06, 0x61, 0xF8, 0x7E, 0x0C, 0xE1, 0x08, 0x00, 0x07, 0xE1, 0xFE,
    0x30, 0xEE, 0x0D, 0xC1, 0xB8, 0x37, 0x06, 0xE0, 0xCC, 0x39, 0xFE, 0x1F, 0x80, 0x00, 0x07, 0xF0,
    0xFE, 0x07, 0x81, 0xE0, 0x7E, 0x0C, 0xE0, 0x00, 0x3F, 0x0F, 0xF1, 0x87, 0x70, 0x6E, 0x0D, 0x81,
    0xF0, 0x3E, 0x07, 0xC0, 0xF8, 0x1F, 0x83, 0x70, 0x66, 0x1C, 0xFF, 0x0F, 0xC0, 0x00, 0x07, 0xF0,
    0xFE, 0x07, 0x81, 0xE0, 0x7E, 0x0C, 0xE0, 0x00, 0x00, 0x07, 0xE1, 0xFE, 0x30, 0xEE, 0x0D, 0xC1,
    0xB8, 0x37, 0x06, 0xE0, 0xCC, 0x39, 0xFE, 0x1F, 0x80, 0x1E, 0x03, 0xE0, 0xCE, 0x10, 0x83, 0xF0,
    0xFF, 0x18, 0x77, 0x06, 0xE0, 0xD8, 0x1F, 0x03, 0xE0, 0x7C, 0x0F, 0x81, 0xF8, 0x37, 0x06, 0x61,
    0xCF, 0xF0, 0xFC, 0x06, 0x00, 0xE0, 0x1C, 0x00, 0x1E, 0x03, 0xE0, 0xCE, 0x10, 0x80, 0x00, 0x7E,
    0x1F, 0xE3, 0x0E, 0xE0, 0xDC, 0x1B, 0x83, 0x70, 0x6E, 0x0C, 0xC3, 0x9F, 0xE1, 0xF8, 0x0C, 0x01,
    0xC0, 0x38, 0x00, 0x02, 0x00, 0xE0, 0x18, 0x06, 0x30, 0x06, 0x7F, 0xDF, 0xF3, 0x0E, 0xE0, 0xDC,
    0x1B, 0x03, 0xE0, 0x7C, 0x0F, 0x81, 0xF0, 0x3F, 0x06, 0xE0, 0xCC, 0x39, 0xFE, 0x1F, 0x80, 0x00,
    0x00, 0xE0, 0x18, 0x07, 0x00, 0xCE, 0x01, 0xCF, 0xFB, 0xFE, 0x61, 0xDC, 0x1B, 0x83, 0x70, 0x6E,
    0x0D, 0xC1, 0x98, 0x73, 0xFC, 0x3F, 0x00, 0x18, 0x03, 0x00, 0x70, 0x06, 0x30, 0x06, 0x7F, 0xDF,
    0xF3, 0x0E, 0xE0, 0xDC, 0x1B, 0x03, 0xE0, 0x7C, 0x0F, 0x81, 0xF0, 0x3F, 0x06, 0xE0, 0xCC, 0x39,
    0xFE, 0x1F, 0x80, 0x00, 0x03, 0x00, 0x70, 0x06, 0x00, 0xCE, 0x01, 0xCF, 0xFB, 0xFE, 0x61, 0xDC,
    0x1B, 0x83, 0x70, 0x6E, 0x0D, 0xC1, 0x98, 0x73, 0xFC, 0x3F, 0x00, 0x08, 0x03, 0xC0, 0x7C, 0x03,
    0x30, 0x46, 0x7F, 0xDF, 0xF3, 0x0E, 0xE0, 0xDC, 0x1B, 0x03, 0xE0, 0x7C, 0x0F, 0x81, 0xF0, 0x3F,
    0x06, 0xE0, 0xCC, 0x39, 0xFE, 0x1F, 0x80, 0x08, 0x03, 0xC0, 0x7C, 0x03, 0x00, 0x4E, 0x01, 0xCF,
    0xFB, 0xFE, 0x61, 0xDC, 0x1B, 0x83, 0x70, 0x6E, 0x0D, 0xC1, 0x98, 0x73, 0xFC, 0x3F, 0x00, 0x00,
    0x07, 0xE0, 0xFE, 0x01, 0x30, 0x06, 0x7F, 0xDF, 0xF3, 0x0E, 0xE0, 0xDC, 0x1B, 0x03, 0xE0, 0x7C,
    0x0F, 0x81, 0xF0, 0x3F, 0x06, 0xE0, 0xCC, 0x39, 0xFE, 0x1F, 0x80, 0x3F, 0x87, 0xE0, 0x03, 0x80,
    0x73, 0xFE, 0xFF, 0x98, 0x77, 0x06, 0xE0, 0xDC, 0x1B, 0x83, 0x70, 0x66, 0x1C, 0xFF, 0x0F, 0xC0,
    0x00, 0x60, 0x0C, 0xFF, 0xBF, 0xE6, 0x1D, 0xC1, 0xB8, 0x36, 0x07, 0xC0, 0xF8, 0x1F, 0x03, 0xE0,
    0x7E, 0x0D, 0xC1, 0x98, 0x73, 0xFC, 0x3F, 0x01, 0x80, 0x38, 0x07, 0x00, 0x00, 0xE0, 0x1C, 0xFF,
    0xBF, 0xE6, 0x1D, 0xC1, 0xB8, 0x37, 0x06, 0xE0, 0xDC, 0x19, 0x87, 0x3F, 0xC3, 0xF0, 0x18, 0x03,
    0x80, 0x70, 0xE0, 0xF8, 0x3E, 0x0F, 0x83, 0xE0, 0xF8, 0x3E, 0x0F, 0x83, 0xE0, 0xF8, 0x3E, 0x0D,
    0x83, 0x61, 0xDF, 0xE3, 0xF0, 0x30, 0x0E, 0x03, 0x80, 0x61, 0xD8, 0x76, 0x1D, 0x87, 0x61, 0xD8,
    0x76, 0x1D, 0x87, 0x61, 0xDF, 0xF3, 0xFC, 0x30, 0x0E, 0x03, 0x80, 0x08, 0x07, 0x81, 0xF0, 0x18,
    0x04, 0x38, 0x3E, 0x0F, 0x83, 0xE0, 0xF8, 0x3E, 0x0F, 0x83, 0xE0, 0xF8, 0x3E, 0x0F, 0x83, 0x60,
    0xD8, 0x77, 0xF8, 0xFC, 0x08, 0x07, 0x81, 0xE0, 0x18, 0x04, 0x00, 0x06, 0x1D, 0x87, 0x61, 0xD8,
    0x76, 0x1D, 0x87, 0x61, 0xD8, 0x76, 0x1D, 0xFF, 0x3F, 0xC0, 0x02, 0x00, 0x70, 0x06, 0x00, 0xC3,
    0x00, 0x3E, 0x0F, 0xE0, 0xCE, 0x0C, 0xE0, 0xCE, 0x0C, 0xE0, 0xCE, 0x0C, 0xE0, 0xCE, 0x0C, 0xE0,
    0xCE, 0x0C, 0x60, 0xC6, 0x1C, 0x7F, 0x83, 0xF0, 0x00, 0x00, 0x70, 0x06, 0x00, 0xE0, 0x0C, 0x70,
    0x07, 0x61, 0xE6, 0x1C, 0x61, 0xC6, 0x1C, 0x61, 0xC6, 0x1C, 0x61, 0xC6, 0x1C, 0x61, 0xC7, 0xFC,
    0x3F, 0xC0, 0x18, 0x01, 0x80, 0x1C, 0x00, 0xC3, 0x00, 0x3E, 0x0F, 0xE0, 0xCE, 0x0C, 0xE0, 0xCE,
    0x0C, 0xE0, 0xCE, 0x0C, 0xE0, 0xCE, 0x0C, 0xE0, 0xCE, 0x0C, 0x60, 0xC6, 0x1C, 0x7F, 0x83, 0xF0,
    0x00, 0x01, 0x80, 0x1C, 0x00, 0xC0, 0x0C, 0x70, 0x07, 0x61, 0xE6, 0x1C, 0x61, 0xC6, 0x1C, 0x61,
    0xC6, 0x1C, 0x61, 0xC6, 0x1C, 0x61, 0xC7, 0xFC, 0x3F, 0xC0, 0x08, 0x01, 0xE0, 0x1F, 0x00, 0x63,
    0x04, 0x3E, 0x0F, 0xE0, 0xCE, 0x0C, 0xE0, 0xCE, 0x0C, 0xE0, 0xCE, 0x0C, 0xE0, 0xCE, 0x0C, 0xE0,
    0xCE, 0x0C, 0x60, 0xC6, 0x1C, 0x7F, 0x83, 0xF0, 0x08, 0x01, 0xE0, 0x1E, 0x00, 0x60, 0x04, 0x70,
    0x07, 0x61, 0xE6, 0x1C, 0x61, 0xC6, 0x1C, 0x61, 0xC6, 0x1C, 0x61, 0xC6, 0x1C, 0x61, 0xC7, 0xFC,
    0x3F, 0xC0, 0x00, 0x03, 0xF0, 0x3F, 0x80, 0x23, 0x00, 0x3E, 0x0F, 0xE0, 0xCE, 0x0C, 0xE0, 0xCE,
    0x0C, 0xE0, 0xCE, 0x0C, 0xE0, 0xCE, 0x0C, 0xE0, 0xCE, 0x0C, 0x60, 0xC6, 0x1C, 0x7F, 0x83, 0xF0,
    0x3F, 0x83, 0xF0, 0x00, 0x70, 0x07, 0x61, 0xE6, 0x1C, 0x61, 0xC6, 0x1C, 0x61, 0xC6, 0x1C, 0x61,
    0xC6, 0x1C, 0x61, 0xC7, 0xFC, 0x3F, 0xC0, 0x00, 0x30, 0x03, 0xE0, 0xFE, 0x0C, 0xE0, 0xCE, 0x0C,
    0xE0, 0xCE, 0x0C, 0xE0, 0xCE, 0x0C, 0xE0, 0xCE, 0x0C, 0xE0, 0xC6, 0x0C, 0x61, 0xC7, 0xF8, 0x3F,
    0x00, 0xC0, 0x0E, 0x00, 0xE0, 0x00, 0x70, 0x07, 0x61, 0xE6, 0x1C, 0x61, 0xC6, 0x1C, 0x61, 0xC6,
    0x1C, 0x61, 0xC6, 0x1C, 0x61, 0xC7, 0xFC, 0x3F, 0xC0, 0xC0, 0x0E, 0x00, 0xE0, 0x0C, 0x00, 0x60,
    0x03, 0x80, 0x0C, 0x00, 0x00, 0x70, 0x19, 0xC1, 0xCE, 0x1C, 0x38, 0xE1, 0xCE, 0x07, 0x70, 0x3F,
    0x00, 0xF0, 0x03, 0x80, 0x1C, 0x00, 0xE0, 0x07, 0x00, 0x38, 0x01, 0xC0, 0x0E, 0x00, 0x00, 0x03,
    0x00, 0x70, 0x06, 0x00, 0xC0, 0x00, 0x30, 0x3F, 0x06, 0x61, 0xCE, 0x30, 0xC6, 0x19, 0xC3, 0xB0,
    0x3E, 0x07, 0x80, 0x70, 0x0E, 0x01, 0x80, 0x70, 0x3C, 0x0F, 0x80, 0xE0, 0x33, 0x83, 0x9C, 0x38,
    0x71, 0xC3, 0x9C, 0x0E, 0xE0, 0x7E, 0x01, 0xE0, 0x07, 0x00, 0x38, 0x01, 0xC0, 0x0E, 0x00, 0x70,
    0x03, 0x80, 0x1C, 0x00, 0xC0, 0x07, 0x00, 0x38, 0x00, 0xC0, 0xFC, 0x19, 0x87, 0x38, 0xC3, 0x18,
    0x67, 0x0E, 0xC0, 0xF8, 0x1E, 0x01, 0xC0, 0x38, 0x06, 0x41, 0xDC, 0xF3, 0xBE, 0x00, 0x04, 0x00,
    0x78, 0x03, 0xE0, 0x06, 0x00, 0x20, 0x70, 0x19, 0xC1, 0xCE, 0x1C, 0x38, 0xE1, 0xCE, 0x07, 0x70,
    0x3F, 0x00, 0xF0, 0x03, 0x80, 0x1C, 0x00, 0xE0, 0x07, 0x00, 0x38, 0x01, 0xC0, 0x0E, 0x00, 0x08,
    0x03, 0xC0, 0x7C, 0x03, 0x00, 0x40, 0x00, 0x30, 0x3F, 0x06, 0x61, 0xCE, 0x30, 0xC6, 0x19, 0xC3,
    0xB0, 0x3E, 0x07, 0x80, 0x70, 0x0E, 0x01, 0x80, 0x70, 0x3C, 0x0F, 0x80, 0x00, 0x00, 0xFE, 0x07,
    0xF0, 0x03, 0x00, 0x00, 0x70, 0x19, 0xC1, 0xCE, 0x1C, 0x38, 0xE1, 0xCE, 0x07, 0x70, 0x3F, 0x00,
    0xF0, 0x03, 0x80, 0x1C, 0x00, 0xE0, 0x07, 0x00, 0x38, 0x01, 0xC0, 0x0E, 0x00, 0x00, 0x07, 0xF0,
    0xFE, 0x01, 0x80, 0x01, 0x81, 0xF8, 0x33, 0x0E, 0x71, 0x86, 0x30, 0xCE, 0x1D, 0x81, 0xF0, 0x3C,
    0x03, 0x80, 0x70, 0x0C, 0x03, 0x81, 0xE0, 0x7C, 0x00, 0xFF, 0xFF, 0xFF, 0xFF, 0x49, 0xE3, 0x1E,
    0x78, 0xC3, 0x0C, 0x30, 0xC3, 0x0C, 0x30, 0xC3, 0x0C, 0x00, 0x47, 0xBF, 0xFB, 0x4C, 0x30, 0xC3,
    0x0C, 0x30, 0xC3, 0x0C, 0x30, 0xC0, 0x00, 0x00, 0x87, 0xBF, 0x7C, 0xB0, 0xC3, 0x0C, 0x30, 0xC3,
    0x0C, 0x30, 0xC3, 0x0C, 0x00, 0x7F, 0xF7, 0xC0, 0x7F, 0xF7, 0xC0, 0x7F, 0xDF, 0xFF, 0xFF, 0x00,
    0x7F, 0xFD, 0xFF, 0xFF, 0xFF, 0xF8, 0x37, 0x77, 0xEE, 0x7B, 0x9C, 0xC6, 0x70, 0x73, 0x99, 0xCE,
    0x60, 0x39, 0xCE, 0x73, 0x19, 0xCE, 0x73, 0x9C, 0xE0, 0x73, 0x9C, 0xE6, 0x33, 0x9C, 0xE7, 0x31,
    0x80, 0x73, 0x9C, 0xE6, 0x33, 0x9C, 0xE7, 0x31, 0x80, 0x0C, 0x01, 0x80, 0x30, 0x06, 0x0F, 0xFD,
    0xFF, 0x83, 0x00, 0x60, 0x0C, 0x01, 0x80, 0x30, 0x06, 0x00, 0xC0, 0x18, 0x03, 0x00, 0x60, 0x0C,
    0x01, 0x80, 0x30, 0x00, 0x0C, 0x01, 0x80, 0x30, 0x06, 0x0F, 0xFD, 0xFF, 0x83, 0x00, 0x60, 0x0C,
    0x01, 0x80, 0x30, 0x06, 0x07, 0xFD, 0xFF, 0xBF, 0xF0, 0x60, 0x0C, 0x01, 0x80, 0x30, 0x00, 0xFF,
    0xFF, 0xF0, 0x71, 0xC7, 0x71, 0xC7, 0x71, 0xC7, 0x7C, 0x0C, 0x00, 0xFC, 0x18, 0x00, 0xC6, 0x38,
    0x00, 0xC6, 0x70, 0x00, 0xC6, 0x60, 0x00, 0xC6, 0xE0, 0x00, 0xFF, 0xC0, 0x00, 0x7D, 0xBE, 0x7C,
    0x3B, 0xFF, 0x7E, 0x07, 0x63, 0xE6, 0x06, 0x63, 0xC7, 0x0E, 0x63, 0xC6, 0x1C, 0x63, 0xE6, 0x18,
    0x3F, 0x7E, 0x38, 0x3E, 0x3C, 0x00, 0x23, 0x9E, 0xF3, 0x8F, 0x0E, 0x1C, 0x20, 0x06, 0x38, 0xE3,
    0x8C, 0xEE, 0xE6, 0x00, 0x00, 0x30, 0x03, 0x80, 0x18, 0x01, 0xC0, 0x0C, 0x00, 0xE0, 0x06, 0x00,
    0x00, 0x18, 0x00, 0xC0, 0x0E, 0x00, 0x60, 0x07, 0x00, 0x30, 0x03, 0x80, 0x00, 0x6E, 0xE4, 0x00,
    0xE6, 0x77, 0x31, 0x79, 0xFB, 0x37, 0xFC, 0xF9, 0xBF, 0x3C, 0x1C, 0x79, 0xB3, 0x6C, 0xDF, 0xC3,
    0x06, 0xFD, 0x83, 0x07, 0xEF, 0xC1, 0xBF, 0x3C, 0x38, 0xE1, 0x87, 0xEF, 0xD9, 0xFF, 0x3E, 0xFD,
    0x9B, 0x30, 0xC1, 0x87, 0x0C, 0x18, 0x7D, 0xFB, 0x33, 0xEF, 0xD9, 0xFF, 0x3E, 0x79, 0xFB, 0x36,
    0x67, 0xC1, 0x86, 0x38, 0x79, 0xFB, 0x37, 0xFC, 0xF9, 0xBF, 0x3C, 0x79, 0xF0, 0x60, 0xC1, 0x83,
    0x06, 0x7F, 0x79, 0xF9, 0x30, 0x61, 0x8E, 0x38, 0x7F, 0x7F, 0xF0, 0xCE, 0x3C, 0x3F, 0xDE, 0x1C,
    0x79, 0xB3, 0x6C, 0xDF, 0xC3, 0x06, 0xFD, 0x83, 0x07, 0xEF, 0xC1, 0xBF, 0x3C, 0x38, 0xE1, 0x87,
    0xEF, 0xD9, 0xFF, 0x3E, 0xFD, 0x9B, 0x30, 0xC1, 0x87, 0x0C, 0x18, 0x7D, 0xFB, 0x33, 0xEF, 0xD9,
    0xFF, 0x3E, 0x79, 0xFB, 0x36, 0x67, 0xC1, 0x86, 0x38, 0x00, 0x01, 0xB0, 0x3C, 0x0F, 0xC3, 0xFC,
    0xFF, 0x9A, 0xF7, 0xD8, 0xFB, 0x1F, 0x63, 0xEC, 0x7D, 0x0F, 0xE1, 0xFC, 0x1F, 0xB3, 0xFE, 0x3F,
    0xC7, 0xE0, 0xD8, 0x1B, 0x00, 0x1F, 0x87, 0xF9, 0xC3, 0xB0, 0x06, 0x00, 0xFC, 0x3F, 0xC7, 0xF8,
    0x7E, 0x1F, 0xE3, 0xFC, 0x38, 0x06, 0x01, 0xFF, 0xBF, 0xF8, 0x38, 0x63, 0x86, 0x3C, 0x63, 0xC6,
    0x3C, 0x67, 0xE6, 0xF7, 0xF7, 0x7F, 0x77, 0x6F, 0xF7, 0x7F, 0x73, 0x3E, 0x31, 0xE3, 0x1E, 0x31,
    0xE0, 0xF8, 0x0F, 0xC0, 0xCC, 0x0C, 0xE0, 0xCE, 0x0C, 0xFE, 0xFF, 0xEF, 0xF8, 0xF9, 0x8D, 0x9C,
    0xDC, 0xEC, 0xC6, 0xCE, 0x7C, 0xFE, 0xC7, 0xE0, 0x70, 0x67, 0x06, 0x70, 0x67, 0x06, 0x70, 0x6F,
    0xFF, 0x7F, 0xF7, 0xF6, 0x7F, 0x6F, 0xDF, 0xFD, 0xF3, 0xDE, 0x39, 0xE3, 0x9E, 0x39, 0xE0, 0xFC,
    0xFF, 0xDF, 0x1F, 0xEF, 0xFD, 0xBF, 0xB7, 0xF6, 0xFE, 0xDF, 0xDB, 0xFB, 0x7F, 0x6F, 0xED, 0xFD,
    0x8D, 0xBF, 0xB7, 0xE0, 0x0F, 0xE1, 0xFC, 0x07, 0x1F, 0xE7, 0xFC, 0xC3, 0xB8, 0x77, 0x0E, 0xE1,
    0xDC, 0x39, 0x87, 0x3F, 0xE3, 0xFD, 0xFF, 0xBF, 0xF0, 0x1F, 0x87, 0xF9, 0xC3, 0x30, 0x6F, 0xE1,
    0xFC, 0x3F, 0x87, 0x00, 0xFE, 0x1F, 0xC3, 0xF8, 0x30, 0x67, 0x0C, 0x7F, 0x87, 0xE0, 0x30, 0x63,
    0x0E, 0x31, 0xC3, 0x1C, 0x33, 0x83, 0x70, 0x7F, 0xEF, 0xFF, 0xFF, 0xE3, 0x70, 0x33, 0x83, 0x1C,
    0x31, 0xC3, 0x0E, 0x30, 0x70, 0xFF, 0xFF, 0xFF, 0x07, 0x00, 0x70, 0x07, 0xC0, 0x7C, 0x0F, 0x83,
    0xF4, 0x3F, 0xC0, 0x7C, 0x1F, 0x03, 0xF0, 0x27, 0x00, 0x70, 0x07, 0x00, 0x7F, 0x87, 0xFC, 0x70,
    0xE7, 0xFE, 0xFF, 0xFF, 0xFF, 0x7F, 0xEF, 0xFF, 0xFF, 0xF7, 0xFC, 0x7F, 0xC7, 0xF0, 0x70, 0x07,
    0x00, 0x70, 0x00, 0x03, 0x00, 0xC3, 0xF1, 0xFE, 0x67, 0xF9, 0xBC, 0x63, 0x18, 0xCE, 0x33, 0xEC,
    0xFF, 0x3F, 0xCC, 0xFB, 0x37, 0x9D, 0xFE, 0x1F, 0x06, 0x01, 0x80, 0x1F, 0x83, 0xFC, 0x30, 0xC0,
    0x0E, 0x7F, 0xEF, 0xFF, 0xFF, 0xF7, 0xFE, 0xFF, 0xFF, 0xFF, 0x30, 0x03, 0x00, 0x38, 0x63, 0xFE,
    0x1F, 0x80, 0x03, 0x00, 0x60, 0x7E, 0x1F, 0xE7, 0x7C, 0xCD, 0xB9, 0x87, 0x30, 0xE6, 0x1D, 0x83,
    0xB0, 0x76, 0x0E, 0xC0, 0xD9, 0x9F, 0x31, 0xFE, 0x1F, 0x83, 0x00, 0x60, 0x00, 0x7F, 0xF7, 0xFF,
    0x00, 0x00, 0x00, 0x7F, 0xF7, 0xFF, 0x07, 0x00, 0x70, 0x07, 0x00, 0x70, 0x07, 0x00, 0x70, 0x07,
    0x00, 0x70, 0x07, 0x00, 0x7F, 0xDF, 0xFF, 0xFF, 0xBF, 0xEF, 0xFF, 0xFF, 0xC0, 0xC3, 0xF8, 0xFE,
    0x1F, 0x80, 0x70, 0x07, 0x00, 0x70, 0x07, 0x00, 0xE0, 0x0C, 0x30, 0x06, 0x00, 0xCC, 0x1F, 0x83,
    0xE1, 0xF2, 0x3D, 0xC1, 0xF8, 0x7C, 0x7E, 0x1E, 0xC3, 0x98, 0x63, 0x1C, 0x7F, 0x0F, 0xC0, 0x3F,
    0xC3, 0xFE, 0x38, 0x73, 0x87, 0x38, 0x73, 0x87, 0x38, 0x77, 0xFE, 0x7F, 0xE7, 0xF8, 0x7F, 0x87,
    0xFC, 0x7F, 0x83, 0x80, 0x38, 0x00, 0x1E, 0x03, 0xC3, 0xFC, 0x7F, 0xCE, 0x1D, 0xC1, 0xB8, 0x37,
    0x0E, 0xFF, 0x9F, 0xF3, 0xFF, 0x70, 0x6E, 0x0F, 0xC1, 0xF8, 0x37, 0xFE, 0xFF, 0x83, 0xC0, 0x78,
    0x0B, 0x00, 0x08, 0x01, 0xC0, 0x38, 0x07, 0x00, 0xFF, 0xF7, 0xFF, 0x38, 0x01, 0xC0, 0x0C, 0x00,
    0x0C, 0x07, 0x83, 0xF1, 0xFE, 0x6D, 0xD3, 0x20, 0xC0, 0x30, 0x0C, 0x03, 0x00, 0xC0, 0x30, 0x0C,
    0x03, 0x00, 0xC0, 0x01, 0x00, 0x0C, 0x00, 0x70, 0x00, 0xCF, 0xFF, 0x3F, 0xF8, 0x03, 0x80, 0x38,
    0x01, 0x80, 0x0C, 0x03, 0x00, 0xC0, 0x30, 0x0C, 0x03, 0x00, 0xC0, 0x30, 0x0C, 0x13, 0x26, 0xDD,
    0xFE, 0x3F, 0x07, 0x80, 0xC0, 0x08, 0x80, 0xCE, 0x0E, 0x38, 0xE0, 0xEF, 0xFF, 0xFF, 0xF9, 0xC3,
    0x87, 0x38, 0x19, 0x80, 0x0C, 0x07, 0x83, 0xF1, 0xFE, 0x6D, 0xD3, 0x20, 0xC0, 0x30, 0x0C, 0x03,
    0x06, 0xDD, 0xF6, 0x3F, 0x07, 0x80, 0xC0, 0x00, 0xFE, 0x1F, 0x83, 0xE0, 0x6E, 0x0C, 0xE1, 0x8E,
    0x00, 0xE0, 0x0E, 0x00, 0xE0, 0x0C, 0x00, 0x00, 0x07, 0xF0, 0x7F, 0x01, 0xF0, 0x3F, 0x07, 0x70,
    0xE3, 0x1C, 0x03, 0x80, 0x70, 0x0E, 0x00, 0x00, 0x00, 0x40, 0x0E, 0x00, 0x70, 0x03, 0x80, 0x1C,
    0x00, 0xE3, 0x07, 0x70, 0x3F, 0x01, 0xF0, 0x0F, 0x07, 0xF0, 0x7E, 0x00, 0x00, 0x0C, 0x03, 0x80,
    0xE0, 0x39, 0x8E, 0x33, 0x86, 0xE0, 0xF8, 0x1E, 0x03, 0xF8, 0x7E, 0x00, 0x01, 0xE0, 0x07, 0x82,
    0x0C, 0x38, 0x63, 0x83, 0x38, 0x3B, 0xFF, 0x8F, 0xE0, 0x38, 0x00, 0xE0, 0x03, 0x00, 0x38, 0x03,
    0xC0, 0x38, 0x41, 0x83, 0x0E, 0x1C, 0x38, 0x71, 0xFF, 0xC1, 0xFE, 0x00, 0xE0, 0x0E, 0x00, 0x60,
    0x04, 0x01, 0x80, 0xF0, 0x38, 0x07, 0xFE, 0xFF, 0xCE, 0x18, 0xE3, 0x0C, 0x60, 0x0C, 0x01, 0x80,
    0x30, 0x06, 0x00, 0xC0, 0x18, 0x02, 0x00, 0xE0, 0x0E, 0x00, 0xEF, 0xFF, 0xFF, 0xB8, 0xE7, 0x38,
    0xE6, 0x1C, 0x03, 0x80, 0x70, 0x0E, 0x01, 0xC0, 0x30, 0x00, 0x00, 0x60, 0x0C, 0x01, 0x80, 0x30,
    0x06, 0x00, 0xC3, 0x18, 0xE3, 0x38, 0x6E, 0x0D, 0xFF, 0xBF, 0xF3, 0x80, 0x38, 0x03, 0x00, 0xC0,
    0x1C, 0x03, 0x80, 0x70, 0x0E, 0x01, 0xC0, 0x38, 0x87, 0x38, 0xE3, 0x9C, 0x3B, 0xFF, 0xBF, 0xE0,
    0x38, 0x0E, 0x01, 0x80, 0x07, 0xE0, 0x7F, 0x83, 0x0C, 0x38, 0x61, 0xC3, 0x8C, 0x00, 0x60, 0x0B,
    0x20, 0xFB, 0x83, 0xF8, 0x0F, 0x80, 0x38, 0x00, 0x80, 0x00, 0x3E, 0x03, 0xF8, 0x38, 0xE1, 0x83,
    0x0C, 0x18, 0x00, 0xC0, 0x06, 0x01, 0x32, 0x0D, 0xB8, 0x7F, 0x81, 0xF8, 0x07, 0x80, 0x18, 0x00,
    0x07, 0xF0, 0x7F, 0x1F, 0xC3, 0xFE, 0x77, 0x76, 0x63, 0xE0, 0x3C, 0x03, 0xC0, 0x3E, 0x03, 0x60,
    0x37, 0x06, 0x39, 0xE1, 0xFC, 0x02, 0x00, 0xFE, 0x07, 0xE0, 0x1E, 0xC3, 0xEE, 0x76, 0x66, 0x67,
    0xE0, 0x3C, 0x03, 0xC0, 0x3C, 0x03, 0xE0, 0x36, 0x03, 0x70, 0x63, 0x9E, 0x1F, 0xC0, 0x20, 0x01,
    0x00, 0x0C, 0x00, 0x70, 0x01, 0xCF, 0xFF, 0x3F, 0xF8, 0x23, 0x83, 0xB8, 0x39, 0x83, 0x80, 0x3F,
    0xFC, 0xFF, 0xE3, 0x80, 0x0E, 0x00, 0x30, 0x00, 0x08, 0x00, 0xE0, 0x0E, 0x00, 0xE0, 0x0F, 0xFF,
    0x3F, 0xF8, 0xE4, 0x03, 0xB0, 0x0D, 0xC0, 0x03, 0x3F, 0xFC, 0xFF, 0xE0, 0x0E, 0x00, 0xE0, 0x06,
    0x00, 0x3C, 0x03, 0xC0, 0x1C, 0x01, 0xC0, 0x18, 0x7F, 0x9F, 0xF3, 0x0E, 0xE0, 0xDC, 0x1B, 0x83,
    0x70, 0x6E, 0x0C, 0xE7, 0x0F, 0xE0, 0x20, 0x07, 0x00, 0xF0, 0x0F, 0x80, 0xD8, 0x1D, 0x81, 0x98,
    0x19, 0xC3, 0x8C, 0x38, 0xC3, 0x0E, 0x30, 0xE7, 0x06, 0x60, 0x77, 0xFF, 0x7F, 0xF0, 0xFF, 0xFF,
    0xFE, 0x0F, 0x83, 0xE0, 0xF8, 0x3E, 0x0F, 0x83, 0xE0, 0xF8, 0x3E, 0x0F, 0x83, 0xE0, 0xF8, 0x3E,
    0x0C, 0xFF, 0xDF, 0xFB, 0x80, 0x38, 0x03, 0x00, 0x70, 0x07, 0x00, 0x70, 0x06, 0x00, 0xE0, 0x1C,
    0x07, 0x01, 0xC0, 0x38, 0x0E, 0x03, 0x80, 0x60, 0x1F, 0xFB, 0xFF, 0x00, 0xFF, 0xEF, 0xF8, 0x00,
    0x30, 0x03, 0x00, 0x70, 0x06, 0xF0, 0x6F, 0x8E, 0x18, 0xC1, 0x8C, 0x1C, 0xC1, 0xDC, 0x0D, 0x80,
    0xD8, 0x0F, 0x80, 0x70, 0x07, 0x00, 0x7D, 0xE7, 0xEF, 0xB1, 0xCD, 0x8C, 0x7C, 0x73, 0xF7, 0xD9,
    0xE7, 0xC0, 0x00, 0x00, 0xE0, 0x7F, 0x07, 0xE0, 0x60, 0x06, 0x00, 0x60, 0x06, 0x00, 0x60, 0x06,
    0x00, 0x60, 0x06, 0x00, 0x60, 0x06, 0x00, 0x60, 0x06, 0x00, 0x60, 0x06, 0x00, 0x60, 0x7E, 0x0F,
    0xE0, 0x78, 0x00, 0x00, 0x0F, 0xFF, 0x3F, 0x01, 0xC0, 0x00, 0xFF, 0xF3, 0xF0, 0x1C, 0x01, 0x80,
    0x63, 0xFF, 0x7F, 0xF0, 0x60, 0x18, 0x3F, 0xF7, 0xFF, 0x38, 0x06, 0x00, 0x00, 0x00, 0x30, 0x7C,
    0x7E, 0x7C, 0x3C, 0x0F, 0x81, 0xF8, 0x0F, 0x80, 0xF0, 0x0D, 0xFE, 0xFF, 0xDF, 0xF0, 0x00, 0x38,
    0x0F, 0x80, 0xF8, 0x0F, 0xC0, 0x70, 0x3C, 0x3E, 0x7E, 0x3E, 0x0C, 0x01, 0xFE, 0xFF, 0xDF, 0xF0,
    0x3E, 0xE7, 0xDC, 0xC1, 0x18, 0x0F, 0xFE, 0xFF, 0xCC, 0x39, 0x87, 0x30, 0xE6, 0x1C, 0xC3, 0x98,
    0x73, 0x0E, 0x61, 0xCC, 0x38, 0x3F, 0xE7, 0xDC, 0xC3, 0x98, 0x7F, 0xFE, 0xFD, 0xCC, 0x39, 0x87,
    0x30, 0xE6, 0x1C, 0xC3, 0x98, 0x73, 0x0E, 0x61, 0xCC, 0x38, 0x00, 0x00, 0x20, 0x00, 0x06, 0x60,
    0x00, 0x7E, 0x00, 0x07, 0xE0, 0x00, 0x3E, 0x00, 0x03, 0xE0, 0x00, 0x77, 0xFF, 0xFE, 0x3F, 0xFF,
    0xC0, 0xFF, 0xC0, 0x00, 0x00, 0x00, 0x01, 0x00, 0x01, 0xF8, 0x00, 0x0F, 0x80, 0x00, 0x60, 0x00,
    0x06, 0x00, 0x00, 0x00, 0x00, 0x00, 0x00, 0x00, 0x60, 0x00, 0x00, 0xE0, 0x00, 0x00, 0xE0, 0x00,
    0x30, 0xE0, 0x00, 0x78, 0xE0, 0x01, 0xF8, 0x7F, 0xFF, 0xFF, 0x3F, 0xFF, 0x1F, 0x0F, 0xF0, 0x00,
    0x00, 0x00, 0x00, 0x00, 0x00, 0x00, 0x01, 0xF0, 0x00, 0x01, 0xB0, 0x00, 0x00, 0xE0, 0x00, 0x00,
    0xE0, 0x00, 0x00, 0x40, 0x00, 0x08, 0x71, 0xC3, 0x0C, 0x30, 0xDF, 0x78, 0x00, 0x1F, 0x6C, 0xE3,
    0x84, 0x1C, 0x0C, 0x06, 0x07, 0x0F, 0xFF, 0xFC, 0x00, 0x00, 0x7C, 0x3E, 0x06, 0x07, 0x00, 0x00,
    0x00, 0x00, 0x00, 0x0C, 0x00, 0x00, 0xF8, 0x00, 0x0F, 0x80, 0x00, 0xF8, 0x00, 0x1F, 0x80, 0x00,
    0xF0, 0x20, 0x00, 0x06, 0x60, 0x00, 0x7E, 0x00, 0x07, 0xE0, 0x00, 0x3E, 0x00, 0x03, 0xE0, 0x00,
    0x77, 0xFF, 0xFE, 0x3F, 0xFF, 0xC0, 0xFF, 0xC0, 0x00, 0x00, 0x00, 0x00, 0xC0, 0x00, 0x00, 0xF8,
    0x00, 0x00, 0xF8, 0x00, 0x00, 0xFC, 0x00, 0x01, 0xF8, 0x00, 0x00, 0xF0, 0x00, 0x00, 0x00, 0x00,
    0x60, 0x00, 0x00, 0xE0, 0x00, 0x00, 0xE0, 0x00, 0x30, 0xE0, 0x00, 0x78, 0xE0, 0x01, 0xF8, 0x7F,
    0xFF, 0xFF, 0x3F, 0xFF, 0x1F, 0x0F, 0xF0, 0x00, 0x01, 0x87, 0x9F, 0x6F, 0xFF, 0x00, 0x10, 0xC3,
    0x0E, 0x38, 0x63, 0xBC, 0xF0, 0x00, 0x00, 0x18, 0x0F, 0x07, 0xC3, 0xE3, 0xF0, 0xF0, 0x00, 0x00,
    0x0E, 0x06, 0x03, 0x03, 0x87, 0xFF, 0xFE, 0x00, 0x7E, 0x07, 0xFE, 0x13, 0xFE, 0x07, 0xF0, 0xFC,
    0x0F, 0x00, 0xE0, 0x0E, 0x00, 0x67, 0xC7, 0x36, 0x30, 0xC1, 0x87, 0x0C, 0x00, 0x70, 0x01, 0xE0,
    0x07, 0xFF, 0x1F, 0xF8, 0x0C, 0x00, 0x7E, 0x00, 0x7F, 0xE0, 0x13, 0xFE, 0x00, 0x7F, 0x00, 0xFF,
    0x00, 0xF3, 0x80, 0xE0, 0xE0, 0xE0, 0x7E, 0x67, 0xDF, 0x73, 0x60, 0x30, 0xC0, 0x18, 0x70, 0x0C,
    0x00, 0x07, 0x00, 0x01, 0xE0, 0x00, 0x7F, 0xF0, 0x1F, 0xF8, 0x00, 0xC0, 0x00, 0x38, 0x07, 0xF0,
    0x7F, 0x80, 0x1F, 0x03, 0xF0, 0xF8, 0xFE, 0x0F, 0x80, 0x00, 0x00, 0x80, 0x1F, 0x81, 0xF0, 0x06,
    0x00, 0xE0, 0x00, 0x00, 0x38, 0x00, 0xFE, 0x01, 0xFE, 0x00, 0x0F, 0x80, 0x3F, 0x01, 0xFC, 0x3F,
    0x9F, 0x7C, 0x1F, 0x00, 0x00, 0x00, 0x00, 0x6C, 0x00, 0xD8, 0x00, 0xE0, 0x01, 0xC0, 0x01, 0x00,
    0x00, 0x00, 0x0C, 0x07, 0x83, 0xE1, 0xB1, 0xF0, 0xF0, 0x00, 0x00, 0x03, 0x03, 0x80, 0xE0, 0x30,
    0x1C, 0x06, 0x03, 0x41, 0xBF, 0xDF, 0xC0, 0x00, 0x00, 0x00, 0xC0, 0x07, 0x80, 0x3E, 0x01, 0xB0,
    0x1F, 0x80, 0xF0, 0x00, 0x00, 0x00, 0x00, 0x30, 0x03, 0x80, 0x0E, 0x00, 0x30, 0x01, 0xC0, 0x06,
    0x00, 0x38, 0x41, 0xC3, 0xFF, 0x9F, 0xDC, 0x00, 0x00, 0x00, 0x1C, 0x1C, 0x36, 0x3E, 0x12, 0x00,
    0x00, 0x0C, 0x0E, 0x06, 0x07, 0x07, 0x07, 0x06, 0x0E, 0x1C, 0x7C, 0xF0, 0x60, 0x00, 0x03, 0x80,
    0x70, 0x1B, 0x03, 0xE0, 0x08, 0x00, 0x00, 0x00, 0x0C, 0x01, 0xC0, 0x18, 0x03, 0x80, 0x70, 0x0F,
    0x81, 0xF8, 0x70, 0x1C, 0x0F, 0x83, 0xE0, 0x30, 0x00, 0x00, 0x18, 0x1E, 0x1F, 0x1B, 0x3F, 0x3C,
    0x00, 0x00, 0x0C, 0x0E, 0x06, 0x07, 0x07, 0x07, 0x06, 0x0E, 0x1C, 0x7C, 0xF0, 0x60, 0x00, 0x06,
    0x00, 0x78, 0x0F, 0x83, 0xB0, 0x7C, 0x0F, 0x00, 0x00, 0x00, 0x01, 0x80, 0x38, 0x03, 0x00, 0x70,
    0x0E, 0x01, 0xF0, 0x3F, 0x0E, 0x03, 0x81, 0xF0, 0x7C, 0x06, 0x00, 0x00, 0x00, 0x40, 0x00, 0x3C,
    0x00, 0x1F, 0x00, 0x0F, 0x80, 0x03, 0xC0, 0x00, 0x70, 0x00, 0x0F, 0x00, 0x00, 0xF0, 0x60, 0x07,
    0x1C, 0x00, 0x73, 0x80, 0x06, 0x70, 0x00, 0xCE, 0x00, 0x18, 0xFF, 0xFF, 0x0F, 0xFF, 0xC0, 0x7F,
    0xC0, 0x00, 0x00, 0x40, 0x00, 0x07, 0x80, 0x00, 0x7C, 0x00, 0x07, 0xC0, 0x00, 0x3C, 0x00, 0x00,
    0xE0, 0x00, 0x03, 0xC0, 0x00, 0x07, 0x80, 0x60, 0x0F, 0x03, 0x80, 0x1E, 0x0E, 0x00, 0x38, 0x38,
    0x00, 0x70, 0xE0, 0x01, 0xE1, 0xFF, 0xFF, 0xE3, 0xFF, 0xF7, 0xC3, 0xFE, 0x00, 0x01, 0x83, 0xC7,
    0xCF, 0x87, 0x07, 0x01, 0xC0, 0x70, 0x1C, 0x07, 0x01, 0x80, 0xE0, 0x77, 0xF3, 0xF0, 0x00, 0x01,
    0x80, 0x78, 0x1F, 0x07, 0xC0, 0x70, 0x0E, 0x00, 0x70, 0x03, 0x80, 0x1C, 0x00, 0xE0, 0x06, 0x00,
    0x70, 0x07, 0x8F, 0xFF, 0xFC, 0xF0, 0x00, 0x00, 0x00, 0x00, 0x00, 0x30, 0x00, 0x1E, 0x00, 0x0F,
    0xA0, 0x03, 0xDE, 0x00, 0x6F, 0x80, 0x07, 0xC0, 0x01, 0xE0, 0x00, 0x38, 0x00, 0x07, 0x80, 0x00,
    0x78, 0x30, 0x03, 0x8E, 0x00, 0x39, 0xC0, 0x03, 0x38, 0x00, 0x67, 0x00, 0x0C, 0x7F, 0xFF, 0x87,
    0xFF, 0xE0, 0x3F, 0xE0, 0x00, 0x00, 0x00, 0x00, 0x00, 0x06, 0x00, 0x00, 0x78, 0x00, 0x07, 0xD0,
    0x00, 0x3D, 0xE0, 0x00, 0xDF, 0x00, 0x01, 0xF0, 0x00, 0x0F, 0x00, 0x00, 0x38, 0x00, 0x00, 0xF0,
    0x00, 0x01, 0xE0, 0x18, 0x03, 0xC0, 0xE0, 0x07, 0x83, 0x80, 0x0E, 0x0E, 0x00, 0x1C, 0x38, 0x00,
    0x78, 0x7F, 0xFF, 0xF8, 0xFF, 0xFD, 0xF0, 0xFF, 0x80, 0x00, 0x00, 0x03, 0x87, 0xC7, 0xBF, 0x7E,
    0xF9, 0xF0, 0xE0, 0xE0, 0x38, 0x0E, 0x03, 0x80, 0xE0, 0x30, 0x1C, 0x0E, 0xFE, 0x7E, 0x00, 0x00,
    0x00, 0x00, 0x70, 0x1F, 0x03, 0xD8, 0xF7, 0x8D, 0xF0, 0x7C, 0x07, 0x00, 0xE0, 0x07, 0x00, 0x38,
    0x01, 0xC0, 0x0E, 0x00, 0x60, 0x07, 0x00, 0x78, 0xFF, 0xFF, 0xCF, 0x00, 0x00, 0x00, 0x10, 0x00,
    0xE0, 0x03, 0x98, 0x06, 0x60, 0x1B, 0x80, 0x7E, 0x01, 0xF8, 0x06, 0xE0, 0x39, 0xE3, 0xC3, 0xFF,
    0x07, 0xF0, 0x00, 0x38, 0x00, 0x1C, 0x18, 0x06, 0x0C, 0x03, 0x8E, 0x01, 0xF7, 0x00, 0xFF, 0x80,
    0x61, 0xC0, 0x70, 0x78, 0x78, 0x1F, 0xF8, 0x07, 0xF0, 0x00, 0x18, 0x1C, 0x3E, 0x7E, 0x67, 0xE3,
    0xE3, 0xE3, 0x7F, 0x7E, 0x3E, 0x07, 0xE0, 0xE6, 0x0E, 0x70, 0xE3, 0x0E, 0x3E, 0x61, 0xE0, 0x00,
    0x11, 0x8C, 0x73, 0x8C, 0xFE, 0xF1, 0x08, 0xE7, 0x00, 0x00, 0x06, 0x03, 0xC7, 0x79, 0xE3, 0x78,
    0x7C, 0x07, 0x80, 0xF0, 0x0E, 0x00, 0x80, 0x00, 0x00, 0x1C, 0x00, 0x78, 0x03, 0xF0, 0x0D, 0xE0,
    0x73, 0xC1, 0xCF, 0x83, 0x76, 0x0F, 0x9B, 0xFF, 0xEF, 0xFF, 0x8C, 0x18, 0x01, 0xC0, 0x0F, 0x80,
    0x7E, 0x03, 0x98, 0x0E, 0x60, 0x33, 0x80, 0xDC, 0x3F, 0xFF, 0xFF, 0xFC, 0x30, 0xC0, 0xE3, 0x03,
    0xFC, 0x07, 0xF0, 0x07, 0x00, 0x00, 0x01, 0xC0, 0x1E, 0x03, 0xF0, 0x37, 0x87, 0x3C, 0x73, 0xE3,
    0x76, 0x3E, 0x6F, 0xFE, 0xFF, 0xE0, 0x18, 0x07, 0x01, 0xF0, 0x1F, 0x83, 0xB8, 0x33, 0x83, 0x38,
    0x77, 0x0F, 0xFF, 0xFF, 0xF7, 0x1C, 0x30, 0xC3, 0xFC, 0x1F, 0x80, 0xF0, 0x06, 0x00, 0x01, 0xE0,
    0x00, 0x7E, 0x00, 0x0F, 0xC0, 0x03, 0x98, 0x00, 0xE0, 0x00, 0x38, 0x00, 0x07, 0x00, 0x00, 0x7F,
    0xFF, 0xE7, 0xFF, 0xFC, 0x1F, 0xFC, 0x00, 0x07, 0xF9, 0xFF, 0xFF, 0xF9, 0xC0, 0x0C, 0x00, 0x7C,
    0x01, 0xFF, 0xE1, 0xFF, 0x38, 0x00, 0x07, 0x00, 0x00, 0xC0, 0x00, 0x1E, 0x00, 0x03, 0x80, 0x00,
    0x0C, 0x00, 0x03, 0xC0, 0x00, 0xFC, 0x00, 0x1F, 0x80, 0x07, 0x30, 0x01, 0xC0, 0x00, 0x70, 0x00,
    0x0E, 0x00, 0x00, 0xFF, 0xFF, 0xCF, 0xFF, 0xF8, 0x3F, 0xF8, 0x38, 0x01, 0xC0, 0x0C, 0x00, 0x78,
    0x03, 0x80, 0x03, 0xFC, 0xFF, 0xFF, 0xFC, 0xE0, 0x06, 0x00, 0x3E, 0x00, 0xFF, 0xF0, 0xFF, 0x80,
    0x00, 0x1E, 0x00, 0x7F, 0x00, 0x72, 0x00, 0xE0, 0x00, 0xC0, 0x60, 0xE0, 0x60, 0xF8, 0xE0, 0x7E,
    0xE0, 0x0E, 0xE0, 0x0E, 0xE0, 0x1E, 0x78, 0x7C, 0x3F, 0xF8, 0x1F, 0xE0, 0x60, 0x00, 0x30, 0x1C,
    0x38, 0x0F, 0xDC, 0x03, 0xFE, 0x00, 0x67, 0x00, 0x71, 0xE0, 0xF0, 0x7F, 0xF0, 0x1F, 0xE0, 0x00,
    0x08, 0x71, 0xC3, 0x0C, 0x30, 0xDF, 0x78, 0x00, 0x1B, 0x6C, 0x1C, 0x0C, 0x06, 0x07, 0x0F, 0xFF,
    0xFC, 0x00, 0x00, 0x7E, 0x3E, 0x00, 0x1C, 0x3E, 0x7C, 0x60, 0x60, 0x73, 0x3F, 0xFE, 0xF8, 0x00,
    0x78, 0x7F, 0x0E, 0x00, 0x18, 0x1C, 0x1C, 0x1C, 0x1C, 0x1C, 0x1C, 0x1C, 0x1C, 0x1C, 0x1C, 0x1C,
    0x1C, 0x1C, 0x78, 0x1F, 0xC0, 0xE0, 0x00, 0x1C, 0x07, 0x01, 0xC0, 0x70, 0x1C, 0x07, 0x01, 0xC0,
    0x70, 0x1C, 0x07, 0x00, 0xC0, 0x30, 0x0C, 0x03, 0xE0, 0x78, 0x00, 0xF7, 0x31, 0xFE, 0x01, 0x8E,
    0x73, 0x9C, 0xE7, 0x39, 0xCE, 0x73, 0x9C, 0xE0, 0xF0, 0xE0, 0xC0, 0xF8, 0xE0, 0x00, 0x70, 0x70,
    0x70, 0x70, 0x70, 0x70, 0x70, 0x70, 0x70, 0x70, 0x30, 0x30, 0x30, 0x3E, 0x1E, 0x00, 0x1C, 0x1E,
    0x0E, 0x03, 0xC3, 0xC0, 0x00, 0x78, 0x7E, 0x77, 0x31, 0x98, 0xEF, 0xF3, 0xF0, 0x78, 0x1C, 0x7C,
    0x7C, 0x38, 0x00, 0x1C, 0x07, 0x80, 0xE0, 0x0F, 0x03, 0xC0, 0x00, 0x07, 0x81, 0xF8, 0x77, 0x0C,
    0x61, 0x8E, 0x3F, 0xF3, 0xFE, 0x0E, 0x01, 0xC1, 0xF0, 0x7C, 0x0E, 0x00, 0xE7, 0x39, 0xCE, 0x73,
    0x9C, 0xE7, 0x39, 0xCE, 0x31, 0x80, 0xF7, 0x31, 0xEE, 0x00, 0xE1, 0xC3, 0x87, 0x0E, 0x1C, 0x38,
    0x70, 0xE1, 0xC1, 0x83, 0x06, 0x0F, 0x8F, 0x00, 0xF1, 0xC3, 0x07, 0x8E, 0x00, 0x1C, 0x1E, 0x38,
    0x7F, 0x30, 0x72, 0x3E, 0xE0, 0x3C, 0xC0, 0x60, 0xE0, 0x60, 0xF8, 0xE0, 0x7E, 0xE0, 0x0E, 0xE0,
    0x0E, 0xE0, 0x1E, 0x78, 0x7C, 0x3F, 0xF8, 0x1F, 0xE0, 0x1C, 0x00, 0x1C, 0x00, 0x0C, 0x00, 0x07,
    0xC0, 0x03, 0xC0, 0x03, 0x00, 0x01, 0x80, 0xE1, 0xC0, 0x7E, 0xE0, 0x1F, 0xF0, 0x03, 0x38, 0x03,
    0x8F, 0x07, 0x83, 0xFF, 0x80, 0xFF, 0x00, 0x77, 0x30, 0xFF, 0x00, 0x46, 0x31, 0xCE, 0x33, 0xFB,
    0xC0, 0x78, 0x38, 0x18, 0x0F, 0x07, 0x00, 0x00, 0x60, 0x30, 0x38, 0x1C, 0x3F, 0xDD, 0xE0, 0x00,
    0xFF, 0xFF, 0xFF, 0xFF, 0xFE, 0xD8, 0xE1, 0xC3, 0x87, 0x0E, 0x1C, 0x38, 0x70, 0xE1, 0xC1, 0x83,
    0x06, 0x0F, 0x8F, 0x00, 0x00, 0x00, 0x20, 0x00, 0x06, 0x60, 0x00, 0x7E, 0x00, 0x07, 0xE0, 0x00,
    0x3E, 0x00, 0x03, 0xE0, 0x00, 0x77, 0xFF, 0xFE, 0x3F, 0xFF, 0xC0, 0xFF, 0xC0, 0x00, 0x00, 0x00,
    0x06, 0x00, 0x00, 0x60, 0x00, 0x00, 0x00, 0x00, 0x60, 0x00, 0x00, 0xE0, 0x00, 0x00, 0xE0, 0x00,
    0x30, 0xE0, 0x00, 0x78, 0xE0, 0x01, 0xF8, 0x7F, 0xFF, 0xFF, 0x3F, 0xFF, 0x1F, 0x0F, 0xF0, 0x00,
    0x00, 0x00, 0x00, 0x00, 0xE0, 0x00, 0x00, 0xE0, 0x00, 0x11, 0x8C, 0x73, 0x8C, 0xFE, 0xF0, 0x00,
    0xE6, 0x00, 0x18, 0x0C, 0x0E, 0x07, 0x0F, 0xF7, 0x78, 0x00, 0x00, 0x38, 0x1C, 0x00, 0x36, 0x3E,
    0x04, 0x00, 0x18, 0x1C, 0x3E, 0x7E, 0x67, 0xE3, 0xE3, 0xE3, 0x7F, 0x7E, 0x1F, 0x03, 0xF0, 0x12,
    0x00, 0x00, 0x03, 0x00, 0x70, 0x1F, 0x03, 0xF0, 0x73, 0x0E, 0x30, 0xE3, 0x07, 0xF0, 0x7F, 0x80,
    0xFE, 0x01, 0xE0, 0x00, 0x00, 0xF8, 0x00, 0x1F, 0x80, 0x00, 0x90, 0x20, 0x00, 0x06, 0x60, 0x00,
    0x7E, 0x00, 0x07, 0xE0, 0x00, 0x3E, 0x00, 0x03, 0xE0, 0x00, 0x77, 0xFF, 0xFE, 0x3F, 0xFF, 0xC0,
    0xFF, 0xC0, 0x00, 0xF8, 0x00, 0x01, 0xF8, 0x00, 0x00, 0x90, 0x00, 0x00, 0x00, 0x00, 0x60, 0x00,
    0x00, 0xE0, 0x00, 0x00, 0xE0, 0x00, 0x30, 0xE0, 0x00, 0x78, 0xE0, 0x01, 0xF8, 0x7F, 0xFF, 0xFF,
    0x3F, 0xFF, 0x1F, 0x0F, 0xF0, 0x00, 0xDB, 0xE4, 0x00, 0x10, 0xC3, 0x0E, 0x38, 0x63, 0xBC, 0xF0,
    0x00, 0x3E, 0x3F, 0x09, 0x00, 0x01, 0xC0, 0xC0, 0x60, 0x70, 0xFF, 0xFF, 0xC0, 0x00, 0x00, 0x00,
    0x00, 0x06, 0x00, 0x00, 0x60, 0x00, 0x0F, 0x80, 0x01, 0xF8, 0x00, 0x09, 0x02, 0x00, 0x00, 0x66,
    0x00, 0x07, 0xE0, 0x00, 0x7E, 0x00, 0x03, 0xE0, 0x00, 0x3E, 0x00, 0x07, 0x7F, 0xFF, 0xE3, 0xFF,
    0xFC, 0x0F, 0xFC, 0x00, 0x00, 0x00, 0x00, 0x00, 0x70, 0x00, 0x00, 0x60, 0x00, 0x00, 0xF8, 0x00,
    0x01, 0xF8, 0x00, 0x00, 0x90, 0x00, 0x00, 0x00, 0x00, 0x60, 0x00, 0x00, 0xE0, 0x00, 0x00, 0xE0,
    0x00, 0x30, 0xE0, 0x00, 0x78, 0xE0, 0x01, 0xF8, 0x7F, 0xFF, 0xFF, 0x3F, 0xFF, 0x1F, 0x0F, 0xF0,
    0x00, 0x01, 0xC7, 0x36, 0xF9, 0x00, 0x04, 0x30, 0xC3, 0x8E, 0x18, 0xEF, 0x3C, 0x00, 0x00, 0x0C,
    0x06, 0x07, 0xC7, 0xE1, 0x20, 0x00, 0x38, 0x18, 0x0C, 0x0E, 0x1F, 0xFF, 0xF8, 0x00, 0x7C, 0x07,
    0xFC, 0x13, 0xFC, 0x07, 0xE0, 0xF8, 0x0F, 0x00, 0xE0, 0x0E, 0x00, 0xE0, 0x07, 0x1C, 0x30, 0xE1,
    0x80, 0x0C, 0x00, 0x70, 0x01, 0xC0, 0x4F, 0xFF, 0x1F, 0xF0, 0x1C, 0x00, 0x7C, 0x01, 0xFF, 0x01,
    0x3F, 0xC0, 0x1F, 0x80, 0xFC, 0x03, 0xD8, 0x0E, 0x38, 0x38, 0x3F, 0xE0, 0x3F, 0xC7, 0x03, 0x0E,
    0x06, 0x00, 0x0C, 0x00, 0x1C, 0x00, 0x1C, 0x04, 0x3F, 0xFC, 0x1F, 0xF0, 0x07, 0x00, 0x38, 0x07,
    0xF0, 0x7F, 0x80, 0x1F, 0x03, 0xF0, 0xF8, 0xFE, 0x0F, 0x80, 0x00, 0x00, 0x00, 0x06, 0x00, 0x60,
    0x38, 0x00, 0xFE, 0x01, 0xFE, 0x00, 0x0F, 0x80, 0x3F, 0x01, 0xFC, 0x3F, 0x9F, 0x7C, 0x1F, 0x00,
    0x00, 0x00, 0x00, 0x38, 0x00, 0x70, 0x00, 0x7C, 0x07, 0xFC, 0x13, 0xFC, 0x07, 0xE0, 0xF8, 0x0F,
    0x00, 0xE0, 0x0E, 0x00, 0xE0, 0x07, 0x00, 0x30, 0x01, 0x80, 0x0C, 0x00, 0x70, 0x01, 0xC0, 0x4F,
    0xFF, 0x1F, 0xF0, 0x1C, 0x00, 0x7C, 0x01, 0xFF, 0x01, 0x3F, 0xC0, 0x1F, 0x80, 0xFC, 0x03, 0xD8,
    0x0E, 0x38, 0x38, 0x3F, 0xE0, 0x3F, 0xC0, 0x03, 0x00, 0x06, 0x00, 0x0C, 0x00, 0x1C, 0x00, 0x1C,
    0x04, 0x3F, 0xFC, 0x1F, 0xF0, 0x07, 0x00, 0x38, 0x07, 0xF0, 0x7F, 0x80, 0x1F, 0x03, 0xF0, 0xF8,
    0xFE, 0x0F, 0x80, 0x00, 0x00, 0x38, 0x00, 0xFE, 0x01, 0xFE, 0x00, 0x0F, 0x80, 0x3F, 0x01, 0xFC,
    0x3F, 0x9F, 0x7C, 0x1F, 0x00, 0x00, 0x07, 0x00, 0x38, 0x00, 0x80, 0x00, 0x07, 0xC0, 0x7F, 0xC1,
    0x3F, 0xC0, 0x7E, 0x0F, 0x80, 0xF0, 0x0E, 0x00, 0xE0, 0x0E, 0x00, 0x70, 0x03, 0x00, 0x18, 0x00,
    0xC0, 0x07, 0x00, 0x1C, 0x04, 0xFF, 0xF1, 0xFF, 0x01, 0xC0, 0x07, 0x00, 0x0E, 0x00, 0x08, 0x00,
    0x00, 0x07, 0xC0, 0x1F, 0xF0, 0x13, 0xFC, 0x01, 0xF8, 0x0F, 0xC0, 0x3D, 0x80, 0xE3, 0x83, 0x83,
    0xFE, 0x03, 0xFC, 0x00, 0x30, 0x00, 0x60, 0x00, 0xC0, 0x01, 0xC0, 0x01, 0xC0, 0x43, 0xFF, 0xC1,
    0xFF, 0x00, 0x70, 0x00, 0x38, 0x03, 0x80, 0x10, 0x00, 0x00, 0x38, 0x07, 0xF0, 0x7F, 0x80, 0x1F,
    0x03, 0xF0, 0xF8, 0xFE, 0x0F, 0x80, 0x00, 0x00, 0x30, 0x00, 0x70, 0x00, 0x40, 0x00, 0x00, 0x03,
    0x80, 0x0F, 0xE0, 0x1F, 0xE0, 0x00, 0xF8, 0x03, 0xF0, 0x1F, 0xC3, 0xF9, 0xF7, 0xC1, 0xF0, 0x00,
    0x00, 0x06, 0x07, 0x01, 0xC0, 0x60, 0x38, 0x0C, 0x06, 0x83, 0x7F, 0xBF, 0x80, 0x00, 0x06, 0x00,
    0x70, 0x01, 0xC0, 0x06, 0x00, 0x38, 0x00, 0xC0, 0x07, 0x08, 0x38, 0x7F, 0xF3, 0xFB, 0x80, 0x00,
    0x1C, 0x0E, 0x02, 0x00, 0x00, 0x60, 0x70, 0x1C, 0x06, 0x03, 0x80, 0xC0, 0x68, 0x37, 0xFB, 0xF8,
    0x00, 0x1C, 0x00, 0xE0, 0x02, 0x00, 0x00, 0x00, 0x60, 0x07, 0x00, 0x1C, 0x00, 0x60, 0x03, 0x80,
    0x0C, 0x00, 0x70, 0x83, 0x87, 0xFF, 0x3F, 0xB8, 0x00, 0x00, 0x00, 0x0C, 0x0E, 0x06, 0x07, 0x07,
    0x07, 0x06, 0x0E, 0x1C, 0x7C, 0xF0, 0x60, 0x00, 0x01, 0x80, 0x38, 0x03, 0x00, 0x70, 0x0E, 0x01,
    0xF0, 0x3F, 0x0E, 0x03, 0x81, 0xF0, 0x7C, 0x06, 0x00, 0x0C, 0x1C, 0x08, 0x00, 0x00, 0x0C, 0x0E,
    0x06, 0x07, 0x07, 0x07, 0x06, 0x0E, 0x1C, 0x7C, 0xF0, 0x60, 0x1C, 0x03, 0x80, 0x20, 0x00, 0x00,
    0x00, 0x18, 0x03, 0x80, 0x30, 0x07, 0x00, 0xE0, 0x1F, 0x03, 0xF0, 0xE0, 0x38, 0x1F, 0x07, 0xC0,
    0x60, 0x00, 0x00, 0x00, 0x02, 0x00, 0x00, 0x03, 0x80, 0x00, 0x01, 0xC0, 0x07, 0x0C, 0x60, 0x03,
    0x86, 0x33, 0x00, 0xC3, 0x1D, 0x80, 0x73, 0x8D, 0xC0, 0x3F, 0xFE, 0xE0, 0x1F, 0xFE, 0x70, 0x0C,
    0x00, 0x38, 0x0E, 0x00, 0x0F, 0x0F, 0x00, 0x03, 0xFF, 0x00, 0x00, 0xFE, 0x00, 0x00, 0x00, 0x00,
    0x00, 0x00, 0x00, 0x00, 0x30, 0x00, 0x38, 0x63, 0x00, 0x03, 0x86, 0x30, 0x60, 0x18, 0x63, 0x86,
    0x01, 0xCE, 0x38, 0xE0, 0x1F, 0xFF, 0xFE, 0x01, 0xFF, 0xEF, 0xE0, 0x18, 0x00, 0x0E, 0x03, 0x80,
    0x00, 0x78, 0x78, 0x00, 0x03, 0xFF, 0x00, 0x00, 0x1F, 0xC0, 0x00, 0x00, 0x00, 0x04, 0x00, 0x0E,
    0x00, 0x06, 0x18, 0xC6, 0x38, 0xC7, 0x38, 0xC7, 0x39, 0xC7, 0xFF, 0xFE, 0xFF, 0xFC, 0x00, 0x00,
    0x00, 0x02, 0x00, 0x00, 0xC0, 0x63, 0x18, 0x1C, 0x63, 0x83, 0x8C, 0x70, 0x73, 0x8E, 0x3F, 0xFF,
    0xFF, 0xFF, 0xEF, 0x00, 0x00, 0x00, 0x00, 0x00, 0x00, 0x00, 0x00, 0x60, 0x00, 0x00, 0x30, 0x00,
    0x00, 0x3E, 0x00, 0x00, 0x3F, 0x00, 0x00, 0x09, 0x10, 0x00, 0x00, 0x1C, 0x00, 0x00, 0x0E, 0x00,
    0x38, 0x63, 0x00, 0x1C, 0x31, 0x98, 0x06, 0x18, 0xEC, 0x03, 0x9C, 0x6E, 0x01, 0xFF, 0xF7, 0x00,
    0xFF, 0xF3, 0x80, 0x60, 0x01, 0xC0, 0x70, 0x00, 0x78, 0x78, 0x00, 0x1F, 0xF8, 0x00, 0x07, 0xF0,
    0x00, 0x00, 0x00, 0x00, 0x00, 0x00, 0x00, 0x0C, 0x00, 0x00, 0x00, 0xC0, 0x00, 0x00, 0x1F, 0x00,
    0x00, 0x03, 0xF0, 0x00, 0x00, 0x12, 0x00, 0x00, 0x00, 0x00, 0x00, 0x00, 0x00, 0x30, 0x00, 0x38,
    0x63, 0x00, 0x03, 0x86, 0x30, 0x60, 0x18, 0x63, 0x86, 0x01, 0xCE, 0x38, 0xE0, 0x1F, 0xFF, 0xFE,
    0x01, 0xFF, 0xEF, 0xE0, 0x18, 0x00, 0x0E, 0x03, 0x80, 0x00, 0x78, 0x78, 0x00, 0x03, 0xFF, 0x00,
    0x00, 0x1F, 0xC0, 0x00, 0x00, 0x00, 0x00, 0x00, 0xC0, 0x00, 0xC0, 0x03, 0xF0, 0x03, 0xF0, 0x01,
    0x24, 0x00, 0x0E, 0x00, 0x06, 0x18, 0xC6, 0x38, 0xC7, 0x38, 0xC7, 0x39, 0xC7, 0xFF, 0xFE, 0xFF,
    0xFC, 0x00, 0x00, 0x00, 0x00, 0x00, 0x18, 0x00, 0x03, 0x00, 0x01, 0xF8, 0x00, 0x3F, 0x00, 0x02,
    0x40, 0x00, 0x00, 0x80, 0x00, 0x30, 0x18, 0xC6, 0x07, 0x18, 0xE0, 0xE3, 0x1C, 0x1C, 0xE3, 0x8F,
    0xFF, 0xFF, 0xFF, 0xFB, 0xC0, 0x00, 0x00, 0x00, 0x00, 0x0F, 0x80, 0x00, 0x07, 0xF8, 0x00, 0xE1,
    0xE7, 0x00, 0x1C, 0x70, 0x76, 0x01, 0x9C, 0x0E, 0xC0, 0x3F, 0x03, 0xB8, 0x07, 0xFF, 0xF7, 0x00,
    0xFF, 0xF8, 0xE0, 0x18, 0xF8, 0x1C, 0x07, 0x00, 0x01, 0xE1, 0xE0, 0x00, 0x1F, 0xF8, 0x00, 0x01,
    0xFC, 0x00, 0x00, 0x00, 0x00, 0x0F, 0x80, 0x00, 0x00, 0xFF, 0x00, 0x03, 0x87, 0x9C, 0x00, 0x0E,
    0x38, 0x38, 0x60, 0x19, 0xC0, 0xE1, 0x80, 0x7E, 0x07, 0x0E, 0x01, 0xFF, 0xFF, 0xB8, 0x07, 0xFF,
    0xFE, 0xE0, 0x18, 0xF8, 0x03, 0x80, 0xE0, 0x00, 0x07, 0x87, 0x80, 0x00, 0x0F, 0xFC, 0x00, 0x00,
    0x1F, 0xC0, 0x00, 0x00, 0x00, 0x0F, 0x00, 0x0F, 0xE1, 0x87, 0x9C, 0x63, 0x83, 0x39, 0xC0, 0xCE,
    0xE0, 0x7F, 0xFF, 0xFB, 0xBF, 0xFC, 0x03, 0xF8, 0x00, 0x00, 0x0F, 0x00, 0x01, 0xFC, 0x06, 0x1E,
    0x70, 0x31, 0xC1, 0x83, 0x9C, 0x0C, 0x1D, 0xC0, 0xE3, 0xFF, 0xFF, 0xFD, 0xFF, 0xFF, 0x03, 0xF8,
    0x00, 0x00, 0x00, 0x06, 0x00, 0x00, 0x00, 0xC0, 0x00, 0x00, 0x00, 0x00, 0x00, 0x00, 0x00, 0x00,
    0x00, 0xF8, 0x00, 0x00, 0x7F, 0x80, 0x0E, 0x1E, 0x70, 0x01, 0xC7, 0x07, 0x60, 0x19, 0xC0, 0xEC,
    0x03, 0xF0, 0x3B, 0x80, 0x7F, 0xFF, 0x70, 0x0F, 0xFF, 0x8E, 0x01, 0x8F, 0x81, 0xC0, 0x70, 0x00,
    0x1E, 0x1E, 0x00, 0x01, 0xFF, 0x80, 0x00, 0x1F, 0xC0, 0x00, 0x00, 0x00, 0x00, 0x06, 0x00, 0x00,
    0x00, 0x18, 0x00, 0x00, 0x00, 0x00, 0x00, 0x00, 0x00, 0x00, 0x00, 0x00, 0x0F, 0x80, 0x00, 0x00,
    0xFF, 0x00, 0x03, 0x87, 0x9C, 0x00, 0x0E, 0x38, 0x38, 0x60, 0x19, 0xC0, 0xE1, 0x80, 0x7E, 0x07,
    0x0E, 0x01, 0xFF, 0xFF, 0xB8, 0x07, 0xFF, 0xFE, 0xE0, 0x18, 0xF8, 0x03, 0x80, 0xE0, 0x00, 0x07,
    0x87, 0x80, 0x00, 0x0F, 0xFC, 0x00, 0x00, 0x1F, 0xC0, 0x00, 0x00, 0x00, 0x0E, 0x00, 0x03, 0x80,
    0x00, 0x40, 0x00, 0x00, 0x00, 0x0F, 0x00, 0x0F, 0xE1, 0x87, 0x9C, 0x63, 0x83, 0x39, 0xC0, 0xCE,
    0xE0, 0x7F, 0xFF, 0xFB, 0xBF, 0xFC, 0x03, 0xF8, 0x00, 0x00, 0x0E, 0x00, 0x00, 0x70, 0x00, 0x01,
    0x00, 0x00, 0x00, 0x00, 0x00, 0xF0, 0x00, 0x1F, 0xC0, 0x61, 0xE7, 0x03, 0x1C, 0x18, 0x39, 0xC0,
    0xC1, 0xDC, 0x0E, 0x3F, 0xFF, 0xFF, 0xDF, 0xFF, 0xF0, 0x3F, 0x80, 0x00, 0x0C, 0x00, 0x0C, 0x00,
    0x0C, 0x00, 0x0C, 0x00, 0x0C, 0x00, 0x0C, 0x00, 0x0C, 0x00, 0x0C, 0x7C, 0x0D, 0xFE, 0x0F, 0xC7,
    0x0F, 0x87, 0x0F, 0x07, 0x0E, 0x0E, 0xFF, 0xFE, 0xFF, 0xF8, 0x1F, 0xC0, 0x0C, 0x00, 0x01, 0x80,
    0x00, 0x30, 0x00, 0x06, 0x00, 0x00, 0xC0, 0x00, 0x18, 0x00, 0x03, 0x00, 0x00, 0x63, 0xE0, 0x0D,
    0xFE, 0x01, 0xF8, 0xE0, 0x3E, 0x1C, 0x07, 0x83, 0x80, 0xE0, 0xE1, 0xFF, 0xFF, 0xBF, 0xFF, 0xF8,
    0xFE, 0x00, 0x70, 0x01, 0xC0, 0x07, 0x00, 0x1C, 0x00, 0x70, 0x01, 0xC0, 0x07, 0x00, 0x1C, 0x7C,
    0x77, 0xF9, 0xFE, 0xE3, 0xE1, 0xCE, 0x06, 0x70, 0x3B, 0xFF, 0xCF, 0xFE, 0x00, 0x00, 0x70, 0x00,
    0x70, 0x00, 0x70, 0x00, 0x70, 0x00, 0x70, 0x00, 0x70, 0x00, 0x70, 0x00, 0x71, 0xF0, 0x77, 0xF8,
    0x7F, 0xB8, 0x3E, 0x1C, 0x38, 0x18, 0x70, 0x38, 0xFF, 0xFF, 0xFF, 0xFF, 0x00, 0x00, 0x0C, 0x00,
    0x0C, 0x00, 0x0C, 0x00, 0x0C, 0x18, 0x0C, 0x38, 0x0C, 0x10, 0x0C, 0x00, 0x0C, 0x7C, 0x0D, 0xFE,
    0x0F, 0xC7, 0x0F, 0x87, 0x0F, 0x07, 0x0E, 0x0E, 0xFF, 0xFE, 0xFF, 0xF8, 0x1F, 0xC0, 0x0C, 0x00,
    0x01, 0x80, 0x00, 0x30, 0x00, 0x06, 0x18, 0x00, 0xC7, 0x00, 0x18, 0x40, 0x03, 0x00, 0x00, 0x63,
    0xE0, 0x0D, 0xFE, 0x01, 0xF8, 0xE0, 0x3E, 0x1C, 0x07, 0x83, 0x80, 0xE0, 0xE1, 0xFF, 0xFF, 0xBF,
    0xFF, 0xF8, 0xFE, 0x00, 0x70, 0x01, 0xC0, 0x07, 0x00, 0x1C, 0x70, 0x71, 0xC1, 0xC2, 0x07, 0x00,
    0x1C, 0x7C, 0x77, 0xF9, 0xFE, 0xE3, 0xE1, 0xCE, 0x06, 0x70, 0x3B, 0xFF, 0xCF, 0xFE, 0x00, 0x00,
    0x70, 0x00, 0x70, 0x00, 0x70, 0x00, 0x71, 0xC0, 0x71, 0xC0, 0x70, 0x80, 0x70, 0x00, 0x71, 0xF0,
    0x77, 0xF8, 0x7F, 0xB8, 0x3E, 0x1C, 0x38, 0x18, 0x70, 0x38, 0xFF, 0xFF, 0xFF, 0xFF, 0x00, 0x00,
    0x1E, 0x01, 0xF0, 0x1F, 0x80, 0xC0, 0x0E, 0x00, 0x30, 0xC1, 0xFE, 0x07, 0xF0, 0x3C, 0x03, 0x80,
    0x18, 0x01, 0xC0, 0x0C, 0x00, 0x60, 0x03, 0x00, 0x1C, 0x00, 0x70, 0x03, 0xFF, 0x87, 0xFC, 0x06,
    0x00, 0x0F, 0x01, 0xFC, 0x1F, 0xF0, 0xE3, 0x83, 0x98, 0x0F, 0xC0, 0x3C, 0x03, 0xFE, 0x3B, 0xF3,
    0x80, 0x38, 0x01, 0x80, 0x0C, 0x00, 0x70, 0x03, 0x80, 0x8F, 0xFE, 0x3F, 0xE0, 0x30, 0x00, 0x00,
    0x07, 0xC3, 0xF1, 0xC0, 0x70, 0x1C, 0x03, 0x80, 0xFF, 0xFF, 0xFF, 0x80, 0x00, 0x0F, 0x03, 0xF8,
    0x7F, 0xC7, 0x1C, 0x79, 0x81, 0xF8, 0x1F, 0x0F, 0xFF, 0xFB, 0xF0, 0x00, 0x0C, 0x00, 0x60, 0x00,
    0x00, 0x00, 0x01, 0xE0, 0x1F, 0x01, 0xF8, 0x0C, 0x00, 0xE0, 0x03, 0x0C, 0x1F, 0xE0, 0x7F, 0x03,
    0xC0, 0x38, 0x01, 0x80, 0x1C, 0x00, 0xC0, 0x06, 0x00, 0x30, 0x01, 0xC0, 0x07, 0x00, 0x3F, 0xF8,
    0x7F, 0xC0, 0x60, 0x06, 0x00, 0x30, 0x00, 0x80, 0x00, 0x00, 0xF0, 0x1F, 0xC1, 0xFF, 0x0E, 0x38,
    0x39, 0x80, 0xFC, 0x03, 0xC0, 0x3F, 0xE3, 0xBF, 0x38, 0x03, 0x80, 0x18, 0x00, 0xC0, 0x07, 0x00,
    0x38, 0x08, 0xFF, 0xE3, 0xFE, 0x03, 0x00, 0x0E, 0x03, 0x80, 0x40, 0x00, 0x00, 0x07, 0xC3, 0xF1,
    0xC0, 0x70, 0x1C, 0x03, 0x80, 0xFF, 0xFF, 0xFF, 0x80, 0x00, 0x06, 0x00, 0xE0, 0x04, 0x00, 0x00,
    0x0F, 0x03, 0xF8, 0x7F, 0xC7, 0x1C, 0x79, 0x81, 0xF8, 0x1F, 0x0F, 0xFF, 0xFB, 0xF0, 0x00, 0x00,
    0x01, 0x80, 0x00, 0x38, 0x00, 0x01, 0x00, 0x00, 0x00, 0x00, 0x01, 0xC0, 0x00, 0x3E, 0x00, 0x07,
    0xE0, 0x00, 0x67, 0x60, 0x0E, 0x7E, 0x00, 0xE7, 0xE0, 0x07, 0xFE, 0x00, 0x3F, 0xE0, 0x00, 0x77,
    0xFF, 0xFE, 0x3F, 0xFF, 0xE0, 0xFF, 0xF0, 0x00, 0x00, 0x60, 0x00, 0x00, 0xE0, 0x00, 0x00, 0x40,
    0x00, 0x00, 0x00, 0x00, 0x00, 0xF0, 0x00, 0x01, 0xF8, 0x60, 0x03, 0xF8, 0xE0, 0x03, 0x9C, 0xE0,
    0x03, 0x1C, 0xE0, 0x03, 0x98, 0xE0, 0x01, 0xF8, 0x7F, 0xFF, 0xFF, 0x3F, 0xFF, 0xFF, 0x0F, 0xFC,
    0x00, 0x1C, 0x0E, 0x02, 0x00, 0x00, 0xC1, 0xF8, 0xFC, 0xE6, 0x73, 0xB9, 0xCF, 0xE3, 0xF0, 0x77,
    0xF3, 0xF0, 0x00, 0x0C, 0x00, 0xC0, 0x04, 0x00, 0x00, 0x0E, 0x03, 0xF0, 0x3B, 0x87, 0x38, 0x71,
    0x83, 0x38, 0x3F, 0x0F, 0xFE, 0xFF, 0xF0, 0x00, 0x00, 0x6C, 0x00, 0x6C, 0x00, 0x00, 0x00, 0x00,
    0x00, 0x3C, 0x00, 0x7E, 0x00, 0x6E, 0x00, 0xE6, 0x60, 0xC7, 0x60, 0xFF, 0xE0, 0xFF, 0xE0, 0x3E,
    0xE0, 0x06, 0xE0, 0x0E, 0x78, 0x3C, 0x3F, 0xF8, 0x1F, 0xE0, 0x00, 0x7C, 0x00, 0x1F, 0x80, 0x02,
    0x40, 0x00, 0x00, 0x00, 0x3C, 0x00, 0x1F, 0x80, 0x0E, 0xE0, 0x03, 0x18, 0x70, 0xC7, 0x18, 0x3F,
    0xFE, 0x07, 0xFF, 0x80, 0x18, 0xE0, 0x0E, 0x1C, 0x07, 0x87, 0xCF, 0xC0, 0xFF, 0xE0, 0x0F, 0xE0,
    0x00, 0x36, 0x1F, 0x04, 0x00, 0x00, 0xC1, 0xF8, 0xFC, 0xE6, 0x73, 0xB9, 0xCF, 0xE3, 0xF0, 0x77,
    0xF3, 0xF0, 0x00, 0x1F, 0x03, 0xF0, 0x12, 0x00, 0x00, 0x0E, 0x03, 0xF0, 0x3B, 0x87, 0x38, 0x71,
    0x83, 0x38, 0x3F, 0x0F, 0xFE, 0xFF, 0xF0, 0x00, 0x00, 0x01, 0x80, 0x00, 0x60, 0x00, 0x18, 0x00,
    0x06, 0x00, 0x61, 0x80, 0x38, 0x60, 0x0C, 0x18, 0x03, 0x86, 0x60, 0x61, 0xB8, 0x78, 0x6E, 0x18,
    0x1B, 0x80, 0x06, 0xE0, 0x03, 0x9F, 0xFF, 0xE3, 0xFF, 0xF0, 0x3F, 0xE0, 0x00, 0x01, 0x80, 0x00,
    0x0C, 0x00, 0x00, 0x60, 0x00, 0x03, 0x00, 0x06, 0x18, 0x00, 0x70, 0xC0, 0x03, 0x06, 0x00, 0x1C,
    0x30, 0x60, 0x61, 0x87, 0x0F, 0x0C, 0x38, 0x60, 0x61, 0xC0, 0x03, 0x8E, 0x00, 0x3C, 0x3F, 0xFF,
    0xF8, 0xFF, 0xFD, 0xE1, 0xFF, 0x00, 0x01, 0x83, 0xC7, 0xCF, 0x87, 0x07, 0x01, 0xC0, 0x70, 0x1C,
    0x07, 0x01, 0x80, 0xE0, 0x77, 0xF3, 0xF0, 0x00, 0x01, 0x80, 0x78, 0x1F, 0x07, 0xC0, 0x70, 0x0E,
    0x00, 0x70, 0x03, 0x80, 0x1C, 0x00, 0xE0, 0x06, 0x00, 0x70, 0x07, 0x8F, 0xFF, 0xFC, 0xF0, 0x00,
    0x00, 0x18, 0x00, 0x60, 0x01, 0x80, 0x06, 0x00, 0x18, 0x00, 0x60, 0x01, 0x80, 0x06, 0x00, 0x18,
    0x00, 0x60, 0x01, 0x98, 0x07, 0x60, 0x1B, 0x80, 0x6E, 0x01, 0xB8, 0x06, 0xE0, 0x39, 0xE3, 0xC3,
    0xFE, 0x07, 0xF0, 0x00, 0x18, 0x00, 0x0C, 0x00, 0x06, 0x00, 0x03, 0x00, 0x01, 0x80, 0x00, 0xC0,
    0x00, 0x60, 0x00, 0x30, 0x00, 0x18, 0x00, 0x0C, 0x00, 0x06, 0x0C, 0x03, 0x86, 0x01, 0xC7, 0x00,
    0xFB, 0x80, 0x7F, 0xC0, 0x30, 0xE0, 0x38, 0x3C, 0x78, 0x0F, 0xF8, 0x03, 0xF8, 0x00, 0x31, 0x8C,
    0x63, 0x18, 0xC6, 0x31, 0x8E, 0x73, 0x7B, 0x80, 0x30, 0x30, 0x30, 0x30, 0x30, 0x30, 0x30, 0x30,
    0x30, 0x30, 0x38, 0x38, 0x38, 0xFE, 0xEF, 0x00, 0x1F, 0x0F, 0xE7, 0x39, 0x86, 0x01, 0xCF, 0xF7,
    0xFB, 0x86, 0xE0, 0x38, 0x0E, 0x03, 0x80, 0xE0, 0x18, 0x06, 0x01, 0x80, 0x00, 0x00, 0x07, 0x00,
    0x7C, 0x0F, 0xE0, 0x73, 0x87, 0x8C, 0x7E, 0x73, 0xFF, 0xF9, 0xFF, 0xC3, 0x06, 0x00, 0x30, 0x01,
    0xC0, 0x0E, 0x00, 0x30, 0x01, 0x80, 0x0E, 0x00, 0x00, 0x00, 0x07, 0x03, 0xE1, 0xFC, 0xE7, 0x30,
    0xDE, 0x3F, 0xFF, 0xBE, 0x00, 0x00, 0x07, 0x00, 0x3E, 0x01, 0xF8, 0x0E, 0x70, 0x38, 0xC1, 0xE3,
    0x8F, 0xFF, 0xBB, 0xFE, 0x03, 0x00, 0x03, 0x00, 0x0C, 0x00, 0x00, 0x00, 0x00, 0x00, 0x10, 0x00,
    0xE0, 0x03, 0x98, 0x06, 0x60, 0x1B, 0x80, 0x7E, 0x01, 0xF8, 0x06, 0xE0, 0x39, 0xE3, 0xC3, 0xFF,
    0x07, 0xF0, 0x03, 0x00, 0x01, 0x80, 0x00, 0x00, 0x00, 0x00, 0x00, 0x00, 0x00, 0x01, 0xC0, 0x00,
    0xE0, 0xC0, 0x30, 0x60, 0x1C, 0x70, 0x0F, 0xB8, 0x07, 0xFC, 0x03, 0x0E, 0x03, 0x83, 0xC3, 0xC0,
    0xFF, 0xC0, 0x3F, 0x80, 0x73, 0x88, 0x01, 0x18, 0xC7, 0x38, 0xCF, 0xEF, 0x00, 0x30, 0x1C, 0x04,
    0x00, 0x01, 0x80, 0xC0, 0xE0, 0x70, 0xFF, 0x77, 0x80, 0x00, 0x18, 0x1C, 0x3E, 0x7E, 0x67, 0xE3,
    0xE3, 0xE3, 0x7F, 0x7E, 0x03, 0x00, 0x70, 0x1F, 0x03, 0xF0, 0x73, 0x0E, 0x30, 0xE3, 0x07, 0xF0,
    0x7F, 0x80, 0xFE, 0x01, 0xE0, 0x00, 0x00, 0x01, 0xC0, 0x1E, 0x03, 0xF0, 0x37, 0x87, 0x3C, 0x73,
    0xE3, 0x76, 0x3E, 0x6F, 0xFE, 0xFF, 0xE0, 0x18, 0x07, 0x01, 0xF0, 0x1F, 0x83, 0xB8, 0x33, 0x83,
    0x38, 0x77, 0x0F, 0xFF, 0xFF, 0xF7, 0x1C, 0x30, 0xC3, 0xFC, 0x1F, 0x80, 0xF0, 0x00, 0x0F, 0x0F,
    0xCE, 0xE6, 0x33, 0x1D, 0xFE, 0x7E, 0x0F, 0x03, 0x8F, 0x8F, 0x87, 0x00, 0x00, 0x03, 0xC0, 0xFC,
    0x3B, 0x86, 0x30, 0xC7, 0x1F, 0xF9, 0xFF, 0x07, 0x00, 0xE0, 0xF8, 0x3E, 0x07, 0x00, 0x00, 0x1E,
    0x00, 0x7F, 0x00, 0x72, 0x00, 0xE0, 0x00, 0xC0, 0x60, 0xE0, 0x60, 0xF8, 0xE0, 0x7E, 0xE0, 0x0E,
    0xE0, 0x0E, 0xE0, 0x1E, 0x78, 0x7C, 0x3F, 0xF8, 0x1F, 0xE0, 0x60, 0x00, 0x30, 0x1C, 0x38, 0x0F,
    0xDC, 0x03, 0xFE, 0x00, 0x67, 0x00, 0x71, 0xE0, 0xF0, 0x7F, 0xF0, 0x1F, 0xE0, 0x00, 0x00, 0x1E,
    0x00, 0x7F, 0x00, 0x72, 0x00, 0xE0, 0x00, 0xC0, 0x60, 0xE0, 0x60, 0xF8, 0xE0, 0x7E, 0xE0, 0x0E,
    0xE0, 0x0E, 0xE0, 0x1E, 0x78, 0x7C, 0x3F, 0xF8, 0x1F, 0xE0, 0x00, 0x00, 0x00, 0x00, 0x06, 0xC0,
    0x06, 0xC0, 0x60, 0x00, 0x30, 0x1C, 0x38, 0x0F, 0xDC, 0x03, 0xFE, 0x00, 0x67, 0x00, 0x71, 0xE0,
    0xF0, 0x7F, 0xF0, 0x1F, 0xE0, 0x00, 0x00, 0x00, 0x00, 0x01, 0xF8, 0x00, 0xFC, 0x00, 0x08, 0x71,
    0xC3, 0x0C, 0x30, 0xDF, 0x78, 0x00, 0x1B, 0x6C, 0x1C, 0x0C, 0x06, 0x07, 0x0F, 0xFF, 0xFC, 0x00,
    0x00, 0x7E, 0x3E, 0x00, 0x72, 0x07, 0xF9, 0x83, 0x8C, 0x00, 0x61, 0x83, 0x0F, 0x18, 0x3C, 0xC0,
    0xFE, 0x01, 0xF0, 0x07, 0x00, 0x3C, 0x03, 0xF0, 0x39, 0x83, 0x8C, 0x3F, 0xE1, 0xFE, 0x38, 0x00,
    0x7F, 0x30, 0x06, 0x30, 0x00, 0x30, 0x18, 0x30, 0x1C, 0x30, 0x1E, 0x30, 0x0F, 0x30, 0x07, 0x30,
    0x03, 0xB0, 0x01, 0xF0, 0x00, 0xF0, 0x00, 0x70, 0x00, 0xF8, 0x1F, 0xFF, 0x1F, 0x9F, 0x00, 0x00,
    0x70, 0x07, 0x00, 0x60, 0x07, 0x86, 0x70, 0x60, 0x06, 0x30, 0x63, 0xC6, 0x1E, 0x60, 0xFE, 0x03,
    0xE0, 0x1C, 0x01, 0xE0, 0x3F, 0x07, 0x30, 0xE3, 0x1F, 0xF1, 0xFE, 0x70, 0x03, 0x80, 0x0C, 0x00,
    0x3E, 0x30, 0xF0, 0xC0, 0x03, 0x06, 0x0C, 0x1C, 0x30, 0x78, 0xC0, 0xF3, 0x01, 0xCC, 0x03, 0xB0,
    0x07, 0xC0, 0x0F, 0x00, 0x1C, 0x00, 0xF8, 0x7F, 0xFD, 0xF9, 0xF0, 0x00, 0x00, 0x00, 0xC0, 0x18,
    0x03, 0x30, 0x67, 0x8C, 0x79, 0x87, 0xF0, 0x3E, 0x03, 0x80, 0x78, 0x1F, 0x87, 0x31, 0xC6, 0x7F,
    0xCF, 0xF0, 0x00, 0x38, 0x0F, 0x01, 0x80, 0x1E, 0x07, 0x80, 0x00, 0xC0, 0x03, 0x00, 0x0C, 0x18,
    0x30, 0x70, 0xC1, 0xE3, 0x03, 0xCC, 0x07, 0x30, 0x0E, 0xC0, 0x1F, 0x00, 0x3C, 0x00, 0x70, 0x03,
    0xE1, 0xFF, 0xF7, 0xE7, 0xC0, 0x00, 0x1C, 0x00, 0x70, 0x01, 0x80, 0x07, 0x80, 0x1C, 0x00, 0x00,
    0xC0, 0x18, 0x03, 0x30, 0x67, 0x8C, 0x79, 0x87, 0xF0, 0x3E, 0x03, 0x80, 0x78, 0x1F, 0x87, 0x31,
    0xC6, 0x7F, 0xCF, 0xF0, 0x00, 0xC0, 0x03, 0x00, 0x0C, 0x18, 0x30, 0x70, 0xC1, 0xE3, 0x03, 0xCC,
    0x07, 0x30, 0x0E, 0xC0, 0x1F, 0x00, 0x3C, 0x00, 0x70, 0x03, 0xE1, 0xFF, 0xF7, 0xE7, 0xC0, 0x00,
};

static const EpdGlyph ia_duospace_10_regularGlyphs[] = {
    { 0, 0, 0, 0, 0, 0, 0 }, // U+0000
    { 0, 0, 87, 0, 0, 0, 0 }, // U+000D
    { 0, 0, 200, 0, 0, 0, 0 }, // U+0020
    { 4, 15, 200, 4, 15, 8, 0 }, // !
    { 6, 6, 200, 3, 15, 5, 8 }, // "
    { 13, 15, 200, 0, 15, 25, 13 }, // #
    { 11, 19, 200, 1, 17, 27, 38 }, // $
    { 17, 15, 300, 1, 15, 32, 65 }, // %
    { 12, 15, 200, 0, 15, 23, 97 }, // &
    { 3, 6, 200, 5, 15, 3, 120 }, // '
    { 7, 19, 200, 4, 15, 17, 123 }, // (
    { 7, 19, 200, 2, 15, 17, 140 }, // )
    { 12, 11, 200, 0, 11, 17, 157 }, // *
    { 11, 10, 200, 1, 11, 14, 174 }, // +
    { 5, 6, 200, 4, 3, 4, 188 }, // ,
    { 7, 3, 200, 3, 8, 3, 192 }, // -
    { 4, 3, 200, 4, 3, 2, 195 }, // .
    { 10, 19, 200, 1, 15, 24, 197 }, // /
    { 11, 15, 200, 1, 15, 21, 221 }, // 0
    { 11, 15, 200, 1, 15, 21, 242 }, // 1
    { 11, 15, 200, 1, 15, 21, 263 }, // 2
    { 10, 15, 200, 1, 15, 19, 284 }, // 3
    { 12, 15, 200, 0, 15, 23, 303 }, // 4
    { 11, 15, 200, 1, 15, 21, 326 }, // 5
    { 11, 15, 200, 1, 15, 21, 347 }, // 6
    { 11, 15, 200, 1, 15, 21, 368 }, // 7
    { 11, 15, 200, 1, 15, 21, 389 }, // 8
    { 11, 15, 200, 1, 15, 21, 410 }, // 9
    { 4, 11, 200, 4, 11, 6, 431 }, // :
    { 5, 14, 200, 4, 11, 9, 437 }, // ;
    { 10, 13, 200, 1, 13, 17, 446 }, // <
    { 11, 7, 200, 1, 10, 10, 463 }, // =
    { 10, 13, 200, 1, 13, 17, 473 }, // >
    { 10, 15, 200, 1, 15, 19, 490 }, // ?
    { 17, 18, 300, 1, 15, 39, 509 }, // @
    { 12, 15, 200, 0, 15, 23, 548 }, // A
    { 11, 15, 200, 1, 15, 21, 571 }, // B
    { 11, 15, 200, 1, 15, 21, 592 }, // C
    { 11, 15, 200, 1, 15, 21, 613 }, // D
    { 10, 15, 200, 1, 15, 19, 634 }, // E
    { 11, 15, 200, 1, 15, 21, 653 }, // F
    { 10, 15, 200, 1, 15, 19, 674 }, // G
    { 10, 15, 200, 1, 15, 19, 693 }, // H
    { 10, 15, 200, 1, 15, 19, 712 }, // I
    { 9, 15, 200, 1, 15, 17, 731 }, // J
    { 12, 15, 200, 1, 15, 23, 748 }, // K
    { 10, 15, 200, 2, 15, 19, 771 }, // L
    { 15, 15, 300, 2, 15, 29, 790 }, // M
    { 10, 15, 200, 1, 15, 19, 819 }, // N
    { 11, 15, 200, 1, 15, 21, 838 }, // O
    { 11, 15, 200, 1, 15, 21, 859 }, // P
    { 13, 16, 200, 1, 15, 26, 880 }, // Q
    { 11, 15, 200, 1, 15, 21, 906 }, // R
    { 12, 15, 200, 0, 15, 23, 927 }, // S
    { 12, 15, 200, 0, 15, 23, 950 }, // T
    { 10, 15, 200, 1, 15, 19, 973 }, // U
    { 12, 15, 200, 0, 15, 23, 992 }, // V
    { 19, 15, 300, 0, 15, 36, 1015 }, // W
    { 12, 15, 200, 0, 15, 23, 1051 }, // X
    { 13, 15, 200, 0, 15, 25, 1074 }, // Y
    { 11, 15, 200, 1, 15, 21, 1099 }, // Z
    { 7, 20, 200, 4, 15, 18, 1120 }, // [
    { 10, 19, 200, 1, 15, 24, 1138 }, // <backslash>
    { 7, 20, 200, 1, 15, 18, 1162 }, // ]
    { 12, 9, 200, 0, 15, 14, 1180 }, // ^
    { 11, 3, 200, 1, -1, 5, 1194 }, // _
    { 5, 5, 200, 3, 17, 4, 1199 }, // `
    { 11, 11, 200, 1, 11, 16, 1203 }, // a
    { 11, 15, 200, 1, 15, 21, 1219 }, // b
    { 10, 11, 200, 1, 11, 14, 1240 }, // c
    { 10, 15, 200, 1, 15, 19, 1254 }, // d
    { 11, 11, 200, 1, 11, 16, 1273 }, // e
    { 11, 15, 200, 1, 15, 21, 1289 }, // f
    { 10, 15, 200, 1, 11, 19, 1310 }, // g
    { 9, 15, 200, 2, 15, 17, 1329 }, // h
    { 11, 15, 200, 1, 15, 21, 1346 }, // i
    { 9, 20, 200, 1, 16, 23, 1367 }, // j
    { 10, 15, 200, 2, 15, 19, 1390 }, // k
    { 10, 15, 200, 1, 15, 19, 1409 }, // l
    { 15, 11, 300, 2, 11, 21, 1428 }, // m
    { 9, 11, 200, 2, 11, 13, 1449 }, // n
    { 11, 11, 200, 1, 11, 16, 1462 }, // o
    { 11, 15, 200, 1, 11, 21, 1478 }, // p
    { 10, 15, 200, 1, 11, 19, 1499 }, // q
    { 11, 11, 200, 1, 11, 16, 1518 }, // r
    { 10, 11, 200, 1, 11, 14, 1534 }, // s
    { 11, 15, 200, 0, 15, 21, 1548 }, // t
    { 10, 11, 200, 1, 11, 14, 1569 }, // u
    { 11, 11, 200, 1, 11, 16, 1583 }, // v
    { 17, 11, 300, 1, 11, 24, 1599 }, // w
    { 11, 11, 200, 1, 11, 16, 1623 }, // x
    { 11, 15, 200, 1, 11, 21, 1639 }, // y
    { 10, 11, 200, 1, 11, 14, 1660 }, // z
    { 9, 20, 200, 2, 15, 23, 1674 }, // {
    { 2, 19, 200, 5, 15, 5, 1697 }, // |
    { 9, 20, 200, 2, 15, 23, 1702 }, // }
    { 11, 4, 200, 1, 8, 6, 1725 }, // ~
    { 0, 0, 200, 0, 0, 0, 1731 }, // U+00A0
    { 4, 15, 200, 4, 11, 8, 1731 }, // U+00A1
    { 10, 16, 200, 1, 14, 20, 1739 }, // U+00A2
    { 11, 15, 200, 1, 15, 21, 1759 }, // U+00A3
    { 13, 15, 200, 0, 15, 25, 1780 }, // U+00A5
    { 2, 18, 200, 5, 15, 5, 1805 }, // U+00A6
    { 10, 19, 200, 1, 15, 24, 1810 }, // U+00A7
    { 8, 3, 200, 2, 16, 3, 1834 }, // U+00A8
    { 15, 17, 300, 2, 16, 32, 1837 }, // U+00A9
    { 8, 8, 200, 2, 15, 8, 1869 }, // U+00AA
    { 11, 10, 200, 1, 11, 14, 1877 }, // U+00AB
    { 10, 7, 200, 1, 8, 9, 1891 }, // U+00AC
    { 7, 3, 200, 3, 8, 3, 1900 }, // U+00AD
    { 9, 9, 200, 2, 15, 11, 1903 }, // U+00AE
    { 7, 3, 200, 3, 16, 3, 1914 }, // U+00AF
    { 8, 9, 200, 2, 16, 9, 1917 }, // U+00B0
    { 11, 13, 200, 1, 13, 18, 1926 }, // U+00B1
    { 7, 8, 200, 3, 15, 7, 1944 }, // U+00B2
    { 6, 8, 200, 3, 15, 6, 1951 }, // U+00B3
    { 4, 5, 200, 5, 17, 3, 1957 }, // U+00B4
    { 9, 15, 200, 2, 11, 17, 1960 }, // U+00B5
    { 11, 18, 200, 0, 15, 25, 1977 }, // U+00B6
    { 4, 3, 200, 4, 8, 2, 2002 }, // U+00B7
    { 5, 6, 200, 4, 1, 4, 2004 }, // U+00B8
    { 7, 8, 200, 3, 15, 7, 2008 }, // U+00B9
    { 8, 8, 200, 2, 15, 8, 2015 }, // U+00BA
    { 10, 10, 200, 1, 11, 13, 2023 }, // U+00BB
    { 13, 15, 200, 0, 15, 25, 2036 }, // U+00BC
    { 13, 15, 200, 0, 15, 25, 2061 }, // U+00BD
    { 13, 15, 200, 0, 15, 25, 2086 }, // U+00BE
    { 10, 15, 200, 1, 11, 19, 2111 }, // U+00BF
    { 12, 20, 200, 0, 20, 30, 2130 }, // U+00C0
    { 12, 20, 200, 0, 20, 30, 2160 }, // U+00C1
    { 12, 19, 200, 0, 19, 29, 2190 }, // U+00C2
    { 12, 20, 200, 0, 20, 30, 2219 }, // U+00C3
    { 12, 20, 200, 0, 20, 30, 2249 }, // U+00C4
    { 12, 22, 200, 0, 22, 33, 2279 }, // U+00C5
    { 18, 15, 300, 0, 15, 34, 2312 }, // U+00C6
    { 11, 19, 200, 1, 15, 27, 2346 }, // U+00C7
    { 10, 20, 200, 1, 20, 25, 2373 }, // U+00C8
    { 10, 20, 200, 1, 20, 25, 2398 }, // U+00C9
    { 10, 19, 200, 1, 19, 24, 2423 }, // U+00CA
    { 10, 20, 200, 1, 20, 25, 2447 }, // U+00CB
    { 10, 20, 200, 1, 20, 25, 2472 }, // U+00CC
    { 10, 20, 200, 1, 20, 25, 2497 }, // U+00CD
    { 10, 19, 200, 1, 19, 24, 2522 }, // U+00CE
    { 10, 20, 200, 1, 20, 25, 2546 }, // U+00CF
    { 12, 15, 200, 0, 15, 23, 2571 }, // U+00D0
    { 10, 20, 200, 1, 20, 25, 2594 }, // U+00D1
    { 11, 20, 200, 1, 20, 28, 2619 }, // U+00D2
    { 11, 20, 200, 1, 20, 28, 2647 }, // U+00D3
    { 11, 19, 200, 1, 19, 27, 2675 }, // U+00D4
    { 11, 20, 200, 1, 20, 28, 2702 }, // U+00D5
    { 11, 20, 200, 1, 20, 28, 2730 }, // U+00D6
    { 10, 10, 200, 1, 11, 13, 2758 }, // U+00D7
    { 12, 17, 200, 0, 16, 26, 2771 }, // U+00D8
    { 10, 20, 200, 1, 20, 25, 2797 }, // U+00D9
    { 10, 20, 200, 1, 20, 25, 2822 }, // U+00DA
    { 10, 19, 200, 1, 19, 24, 2847 }, // U+00DB
    { 10, 20, 200, 1, 20, 25, 2871 }, // U+00DC
    { 13, 20, 200, 0, 20, 33, 2896 }, // U+00DD
    { 11, 15, 200, 1, 15, 21, 2929 }, // U+00DE
    { 12, 15, 200, 0, 15, 23, 2950 }, // U+00DF
    { 11, 17, 200, 1, 17, 24, 2973 }, // U+00E0
    { 11, 17, 200, 1, 17, 24, 2997 }, // U+00E1
    { 11, 16, 200, 1, 16, 22, 3021 }, // U+00E2
    { 11, 16, 200, 1, 16, 22, 3043 }, // U+00E3
    { 11, 16, 200, 1, 16, 22, 3065 }, // U+00E4
    { 11, 18, 200, 1, 18, 25, 3087 }, // U+00E5
    { 17, 11, 300, 1, 11, 24, 3112 }, // U+00E6
    { 10, 15, 200, 1, 11, 19, 3136 }, // U+00E7
    { 11, 17, 200, 1, 17, 24, 3155 }, // U+00E8
    { 11, 17, 200, 1, 17, 24, 3179 }, // U+00E9
    { 11, 16, 200, 1, 16, 22, 3203 }, // U+00EA
    { 11, 16, 200, 1, 16, 22, 3225 }, // U+00EB
    { 10, 17, 200, 2, 17, 22, 3247 }, // U+00EC
    { 10, 17, 200, 2, 17, 22, 3269 }, // U+00ED
    { 10, 16, 200, 2, 16, 20, 3291 }, // U+00EE
    { 10, 16, 200, 2, 16, 20, 3311 }, // U+00EF
    { 11, 16, 200, 1, 16, 22, 3331 }, // U+00F0
    { 9, 16, 200, 2, 16, 18, 3353 }, // U+00F1
    { 11, 17, 200, 1, 17, 24, 3371 }, // U+00F2
    { 11, 17, 200, 1, 17, 24, 3395 }, // U+00F3
    { 11, 16, 200, 1, 16, 22, 3419 }, // U+00F4
    { 11, 16, 200, 1, 16, 22, 3441 }, // U+00F5
    { 11, 16, 200, 1, 16, 22, 3463 }, // U+00F6
    { 11, 11, 200, 1, 12, 16, 3485 }, // U+00F7
    { 12, 13, 200, 0, 12, 20, 3501 }, // U+00F8
    { 10, 17, 200, 1, 17, 22, 3521 }, // U+00F9
    { 10, 17, 200, 1, 17, 22, 3543 }, // U+00FA
    { 10, 16, 200, 1, 16, 20, 3565 }, // U+00FB
    { 10, 16, 200, 1, 16, 20, 3585 }, // U+00FC
    { 11, 21, 200, 1, 17, 29, 3605 }, // U+00FD
    { 11, 19, 200, 1, 15, 27, 3634 }, // U+00FE
    { 11, 20, 200, 1, 16, 28, 3661 }, // U+00FF
    { 12, 19, 200, 0, 19, 29, 3689 }, // U+0100
    { 11, 16, 200, 1, 16, 22, 3718 }, // U+0101
    { 12, 20, 200, 0, 20, 30, 3740 }, // U+0102
    { 11, 17, 200, 1, 17, 24, 3770 }, // U+0103
    { 13, 19, 200, 0, 15, 31, 3794 }, // U+0104
    { 11, 15, 200, 1, 11, 21, 3825 }, // U+0105
    { 11, 20, 200, 1, 20, 28, 3846 }, // U+0106
    { 10, 17, 200, 1, 17, 22, 3874 }, // U+0107
    { 11, 19, 200, 1, 19, 27, 3896 }, // U+0108
    { 10, 16, 200, 1, 16, 20, 3923 }, // U+0109
    { 11, 20, 200, 1, 20, 28, 3943 }, // U+010A
    { 10, 16, 200, 1, 16, 20, 3971 }, // U+010B
    { 11, 20, 200, 1, 20, 28, 3991 }, // U+010C
    { 10, 16, 200, 1, 16, 20, 4019 }, // U+010D
    { 11, 20, 200, 1, 20, 28, 4039 }, // U+010E
    { 14, 15, 200, 0, 15, 27, 4067 }, // U+010F
    { 12, 15, 200, 0, 15, 23, 4094 }, // U+0110
    { 11, 15, 200, 1, 15, 21, 4117 }, // U+0111
    { 10, 19, 200, 1, 19, 24, 4138 }, // U+0112
    { 11, 16, 200, 1, 16, 22, 4162 }, // U+0113
    { 10, 20, 200, 1, 20, 25, 4184 }, // U+0114
    { 11, 17, 200, 1, 17, 24, 4209 }, // U+0115
    { 10, 20, 200, 1, 20, 25, 4233 }, // U+0116
    { 11, 16, 200, 1, 16, 22, 4258 }, // U+0117
    { 11, 19, 200, 1, 15, 27, 4280 }, // U+0118
    { 11, 15, 200, 1, 11, 21, 4307 }, // U+0119
    { 10, 20, 200, 1, 20, 25, 4328 }, // U+011A
    { 11, 16, 200, 1, 16, 22, 4353 }, // U+011B
    { 10, 19, 200, 1, 19, 24, 4375 }, // U+011C
    { 10, 20, 200, 1, 16, 25, 4399 }, // U+011D
    { 10, 20, 200, 1, 20, 25, 4424 }, // U+011E
    { 10, 21, 200, 1, 17, 27, 4449 }, // U+011F
    { 10, 20, 200, 1, 20, 25, 4476 }, // U+0120
    { 10, 20, 200, 1, 16, 25, 4501 }, // U+0121
    { 10, 20, 200, 1, 15, 25, 4526 }, // U+0122
    { 10, 20, 200, 1, 16, 25, 4551 }, // U+0123
    { 10, 19, 200, 1, 19, 24, 4576 }, // U+0124
    { 12, 20, 200, -1, 20, 30, 4600 }, // U+0125
    { 13, 15, 200, 0, 15, 25, 4630 }, // U+0126
    { 11, 15, 200, 0, 15, 21, 4655 }, // U+0127
    { 10, 20, 200, 1, 20, 25, 4676 }, // U+0128
    { 10, 16, 200, 2, 16, 20, 4701 }, // U+0129
    { 10, 19, 200, 1, 19, 24, 4721 }, // U+012A
    { 10, 16, 200, 2, 16, 20, 4745 }, // U+012B
    { 10, 20, 200, 1, 20, 25, 4765 }, // U+012C
    { 10, 17, 200, 2, 17, 22, 4790 }, // U+012D
    { 11, 19, 200, 1, 15, 27, 4812 }, // U+012E
    { 10, 19, 200, 2, 15, 24, 4839 }, // U+012F
    { 10, 20, 200, 1, 20, 25, 4863 }, // U+0130
    { 10, 11, 200, 2, 11, 14, 4888 }, // U+0131
    { 10, 15, 200, 1, 15, 19, 4902 }, // U+0132
    { 10, 19, 200, 1, 15, 24, 4921 }, // U+0133
    { 9, 19, 200, 1, 19, 22, 4945 }, // U+0134
    { 11, 20, 200, 1, 16, 28, 4967 }, // U+0135
    { 12, 20, 200, 1, 15, 30, 4995 }, // U+0136
    { 10, 20, 200, 2, 15, 25, 5025 }, // U+0137
    { 11, 11, 200, 2, 11, 16, 5050 }, // U+0138
    { 10, 20, 200, 2, 20, 25, 5066 }, // U+0139
    { 10, 21, 200, 1, 21, 27, 5091 }, // U+013A
    { 10, 20, 200, 2, 15, 25, 5118 }, // U+013B
    { 10, 20, 200, 1, 15, 25, 5143 }, // U+013C
    { 10, 15, 200, 2, 15, 19, 5168 }, // U+013D
    { 11, 15, 200, 1, 15, 21, 5187 }, // U+013E
    { 10, 15, 200, 2, 15, 19, 5208 }, // U+013F
    { 11, 15, 200, 1, 15, 21, 5227 }, // U+0140
    { 12, 15, 200, 0, 15, 23, 5248 }, // U+0141
    { 10, 15, 200, 1, 15, 19, 5271 }, // U+0142
    { 10, 20, 200, 1, 20, 25, 5290 }, // U+0143
    { 9, 17, 200, 2, 17, 20, 5315 }, // U+0144
    { 10, 20, 200, 1, 15, 25, 5335 }, // U+0145
    { 9, 16, 200, 2, 11, 18, 5360 }, // U+0146
    { 10, 20, 200, 1, 20, 25, 5378 }, // U+0147
    { 9, 16, 200, 2, 16, 18, 5403 }, // U+0148
    { 11, 15, 200, 0, 15, 21, 5421 }, // U+0149
    { 10, 19, 200, 1, 15, 24, 5442 }, // U+014A
    { 9, 15, 200, 2, 11, 17, 5466 }, // U+014B
    { 11, 19, 200, 1, 19, 27, 5483 }, // U+014C
    { 11, 16, 200, 1, 16, 22, 5510 }, // U+014D
    { 11, 20, 200, 1, 20, 28, 5532 }, // U+014E
    { 11, 17, 200, 1, 17, 24, 5560 }, // U+014F
    { 11, 20, 200, 1, 20, 28, 5584 }, // U+0150
    { 11, 17, 200, 1, 17, 24, 5612 }, // U+0151
    { 18, 15, 300, 0, 15, 34, 5636 }, // U+0152
    { 19, 11, 300, 0, 11, 27, 5670 }, // U+0153
    { 11, 20, 200, 1, 20, 28, 5697 }, // U+0154
    { 11, 17, 200, 1, 17, 24, 5725 }, // U+0155
    { 11, 20, 200, 1, 15, 28, 5749 }, // U+0156
    { 11, 16, 200, 1, 11, 22, 5777 }, // U+0157
    { 11, 20, 200, 1, 20, 28, 5799 }, // U+0158
    { 11, 16, 200, 1, 16, 22, 5827 }, // U+0159
    { 12, 20, 200, 0, 20, 30, 5849 }, // U+015A
    { 10, 17, 200, 1, 17, 22, 5879 }, // U+015B
    { 12, 19, 200, 0, 19, 29, 5901 }, // U+015C
    { 10, 16, 200, 1, 16, 20, 5930 }, // U+015D
    { 12, 19, 200, 0, 15, 29, 5950 }, // U+015E
    { 10, 15, 200, 1, 11, 19, 5979 }, // U+015F
    { 12, 20, 200, 0, 20, 30, 5998 }, // U+0160
    { 10, 16, 200, 1, 16, 20, 6028 }, // U+0161
    { 12, 20, 200, 0, 15, 30, 6048 }, // U+0162
    { 11, 20, 200, 0, 15, 28, 6078 }, // U+0163
    { 12, 20, 200, 0, 20, 30, 6106 }, // U+0164
    { 11, 15, 200, 0, 15, 21, 6136 }, // U+0165
    { 12, 15, 200, 0, 15, 23, 6157 }, // U+0166
    { 11, 15, 200, 0, 15, 21, 6180 }, // U+0167
    { 10, 20, 200, 1, 20, 25, 6201 }, // U+0168
    { 10, 16, 200, 1, 16, 20, 6226 }, // U+0169
    { 10, 19, 200, 1, 19, 24, 6246 }, // U+016A
    { 10, 16, 200, 1, 16, 20, 6270 }, // U+016B
    { 10, 20, 200, 1, 20, 25, 6290 }, // U+016C
    { 10, 17, 200, 1, 17, 22, 6315 }, // U+016D
    { 10, 22, 200, 1, 22, 28, 6337 }, // U+016E
    { 10, 18, 200, 1, 18, 23, 6365 }, // U+016F
    { 10, 20, 200, 1, 20, 25, 6388 }, // U+0170
    { 10, 17, 200, 1, 17, 22, 6413 }, // U+0171
    { 10, 19, 200, 1, 15, 24, 6435 }, // U+0172
    { 10, 15, 200, 1, 11, 19, 6459 }, // U+0173
    { 19, 19, 300, 0, 19, 46, 6478 }, // U+0174
    { 17, 16, 300, 1, 16, 34, 6524 }, // U+0175
    { 13, 19, 200, 0, 19, 31, 6558 }, // U+0176
    { 11, 20, 200, 1, 16, 28, 6589 }, // U+0177
    { 13, 20, 200, 0, 20, 33, 6617 }, // U+0178
    { 11, 20, 200, 1, 20, 28, 6650 }, // U+0179
    { 10, 17, 200, 1, 17, 22, 6678 }, // U+017A
    { 11, 20, 200, 1, 20, 28, 6700 }, // U+017B
    { 10, 16, 200, 1, 16, 20, 6728 }, // U+017C
    { 11, 20, 200, 1, 20, 28, 6748 }, // U+017D
    { 10, 16, 200, 1, 16, 20, 6776 }, // U+017E
    { 11, 17, 200, 1, 17, 24, 6796 }, // U+01A0
    { 11, 13, 200, 1, 13, 18, 6820 }, // U+01A1
    { 12, 17, 200, 1, 17, 26, 6838 }, // U+01AF
    { 12, 13, 200, 1, 13, 20, 6864 }, // U+01B0
    { 12, 24, 200, 0, 24, 36, 6884 }, // U+01FA
    { 11, 21, 200, 1, 21, 29, 6920 }, // U+01FB
    { 18, 20, 300, 0, 20, 45, 6949 }, // U+01FC
    { 17, 17, 300, 1, 17, 37, 6994 }, // U+01FD
    { 12, 21, 200, 0, 20, 32, 7031 }, // U+01FE
    { 12, 18, 200, 0, 17, 27, 7063 }, // U+01FF
    { 12, 20, 200, 0, 15, 30, 7090 }, // U+0218
    { 10, 16, 200, 1, 11, 20, 7120 }, // U+0219
    { 12, 20, 200, 0, 15, 30, 7140 }, // U+021A
    { 11, 20, 200, 0, 15, 28, 7170 }, // U+021B
    { 4, 5, 0, -3, 17, 3, 7198 }, // U+0300
    { 4, 5, 0, -1, 17, 3, 7201 }, // U+0301
    { 8, 4, 0, -4, 16, 4, 7204 }, // U+0302
    { 8, 4, 0, -4, 16, 4, 7208 }, // U+0303
    { 6, 3, 0, -3, 16, 3, 7212 }, // U+0304
    { 8, 5, 0, -4, 17, 5, 7215 }, // U+0306
    { 4, 3, 0, -2, 16, 2, 7220 }, // U+0307
    { 8, 3, 0, -4, 16, 3, 7222 }, // U+0308
    { 4, 5, 0, -2, 17, 3, 7225 }, // U+0309
    { 6, 7, 0, -3, 18, 6, 7228 }, // U+030A
    { 8, 5, 0, -3, 17, 5, 7234 }, // U+030B
    { 8, 4, 0, -4, 16, 4, 7239 }, // U+030C
    { 4, 4, 0, -2, 16, 2, 7243 }, // U+0312
    { 3, 4, 0, 0, 15, 2, 7245 }, // U+0315
    { 4, 5, 0, -2, 14, 3, 7247 }, // U+031B
    { 4, 3, 0, -2, 0, 2, 7250 }, // U+0323
    { 4, 4, 0, -2, -1, 2, 7252 }, // U+0326
    { 5, 6, 0, -2, 1, 4, 7254 }, // U+0327
    { 5, 6, 0, -4, 1, 4, 7258 }, // U+0328
    { 0, 0, 0, 0, 0, 0, 7262 }, // U+034F
    { 10, 20, 200, 1, 20, 25, 7262 }, // U+0400
    { 10, 20, 200, 1, 20, 25, 7287 }, // U+0401
    { 12, 19, 200, 0, 15, 29, 7312 }, // U+0402
    { 9, 20, 200, 2, 20, 23, 7341 }, // U+0403
    { 11, 15, 200, 1, 15, 21, 7364 }, // U+0404
    { 12, 15, 200, 0, 15, 23, 7385 }, // U+0405
    { 10, 15, 200, 1, 15, 19, 7408 }, // U+0406
    { 10, 20, 200, 1, 20, 25, 7427 }, // U+0407
    { 9, 15, 200, 1, 15, 17, 7452 }, // U+0408
    { 21, 15, 300, -1, 15, 40, 7469 }, // U+0409
    { 20, 15, 300, -1, 15, 38, 7509 }, // U+040A
    { 12, 15, 200, 0, 15, 23, 7547 }, // U+040B
    { 11, 20, 200, 1, 20, 28, 7570 }, // U+040C
    { 10, 20, 200, 1, 20, 25, 7598 }, // U+040D
    { 12, 20, 200, 0, 20, 30, 7623 }, // U+040E
    { 10, 18, 200, 1, 15, 23, 7653 }, // U+040F
    { 12, 15, 200, 0, 15, 23, 7676 }, // U+0410
    { 11, 15, 200, 1, 15, 21, 7699 }, // U+0411
    { 11, 15, 200, 1, 15, 21, 7720 }, // U+0412
    { 9, 15, 200, 2, 15, 17, 7741 }, // U+0413
    { 15, 19, 300, 2, 15, 36, 7758 }, // U+0414
    { 10, 15, 200, 1, 15, 19, 7794 }, // U+0415
    { 19, 15, 300, 0, 15, 36, 7813 }, // U+0416
    { 11, 15, 200, 0, 15, 21, 7849 }, // U+0417
    { 10, 15, 200, 1, 15, 19, 7870 }, // U+0418
    { 10, 20, 200, 1, 20, 25, 7889 }, // U+0419
    { 11, 15, 200, 1, 15, 21, 7914 }, // U+041A
    { 11, 15, 200, 0, 15, 21, 7935 }, // U+041B
    { 15, 15, 300, 2, 15, 29, 7956 }, // U+041C
    { 10, 15, 200, 1, 15, 19, 7985 }, // U+041D
    { 11, 15, 200, 1, 15, 21, 8004 }, // U+041E
    { 10, 15, 200, 1, 15, 19, 8025 }, // U+041F
    { 11, 15, 200, 1, 15, 21, 8044 }, // U+0420
    { 11, 15, 200, 1, 15, 21, 8065 }, // U+0421
    { 12, 15, 200, 0, 15, 23, 8086 }, // U+0422
    { 12, 15, 200, 0, 15, 23, 8109 }, // U+0423
    { 17, 17, 300, 1, 16, 37, 8132 }, // U+0424
    { 12, 15, 200, 0, 15, 23, 8169 }, // U+0425
    { 11, 19, 200, 1, 15, 27, 8192 }, // U+0426
    { 10, 15, 200, 1, 15, 19, 8219 }, // U+0427
    { 17, 15, 300, 1, 15, 32, 8238 }, // U+0428
    { 19, 18, 300, 0, 15, 43, 8270 }, // U+0429
    { 13, 15, 200, 0, 15, 25, 8313 }, // U+042A
    { 15, 15, 300, 2, 15, 29, 8338 }, // U+042B
    { 11, 15, 200, 1, 15, 21, 8367 }, // U+042C
    { 11, 15, 200, 1, 15, 21, 8388 }, // U+042D
    { 17, 15, 300, 1, 15, 32, 8409 }, // U+042E
    { 11, 15, 200, 0, 15, 21, 8441 }, // U+042F
    { 11, 11, 200, 1, 11, 16, 8462 }, // U+0430
    { 11, 16, 200, 1, 16, 22, 8478 }, // U+0431
    { 9, 11, 200, 2, 11, 13, 8500 }, // U+0432
    { 9, 11, 200, 2, 11, 13, 8513 }, // U+0433
    { 12, 14, 200, 0, 11, 21, 8526 }, // U+0434
    { 11, 11, 200, 1, 11, 16, 8547 }, // U+0435
    { 15, 11, 300, 2, 11, 21, 8563 }, // U+0436
    { 10, 11, 200, 1, 11, 14, 8584 }, // U+0437
    { 10, 11, 200, 1, 11, 14, 8598 }, // U+0438
    { 10, 17, 200, 1, 17, 22, 8612 }, // U+0439
    { 10, 11, 200, 2, 11, 14, 8634 }, // U+043A
    { 11, 11, 200, 0, 11, 16, 8648 }, // U+043B
    { 10, 11, 200, 1, 11, 14, 8664 }, // U+043C
    { 10, 11, 200, 1, 11, 14, 8678 }, // U+043D
    { 11, 11, 200, 1, 11, 16, 8692 }, // U+043E
    { 9, 11, 200, 2, 11, 13, 8708 }, // U+043F
    { 11, 15, 200, 1, 11, 21, 8721 }, // U+0440
    { 10, 11, 200, 1, 11, 14, 8742 }, // U+0441
    { 11, 11, 200, 1, 11, 16, 8756 }, // U+0442
    { 11, 15, 200, 1, 11, 21, 8772 }, // U+0443
    { 15, 19, 300, 2, 15, 36, 8793 }, // U+0444
    { 11, 11, 200, 1, 11, 16, 8829 }, // U+0445
    { 11, 14, 200, 1, 11, 20, 8845 }, // U+0446
    { 10, 11, 200, 1, 11, 14, 8865 }, // U+0447
    { 14, 11, 300, 2, 11, 20, 8879 }, // U+0448
    { 16, 14, 300, 1, 11, 28, 8899 }, // U+0449
    { 12, 11, 200, 0, 11, 17, 8927 }, // U+044A
    { 14, 11, 300, 2, 11, 20, 8944 }, // U+044B
    { 9, 11, 200, 2, 11, 13, 8964 }, // U+044C
    { 10, 11, 200, 1, 11, 14, 8977 }, // U+044D
    { 15, 11, 300, 3, 11, 21, 8991 }, // U+044E
    { 10, 11, 200, 1, 11, 14, 9012 }, // U+044F
    { 11, 17, 200, 1, 17, 24, 9026 }, // U+0450
    { 11, 16, 200, 1, 16, 22, 9050 }, // U+0451
    { 11, 20, 200, 0, 16, 28, 9072 }, // U+0452
    { 9, 17, 200, 2, 17, 20, 9100 }, // U+0453
    { 10, 11, 200, 1, 11, 14, 9120 }, // U+0454
    { 10, 11, 200, 1, 11, 14, 9134 }, // U+0455
    { 11, 15, 200, 1, 15, 21, 9148 }, // U+0456
    { 10, 16, 200, 2, 16, 20, 9169 }, // U+0457
    { 9, 20, 200, 1, 16, 23, 9189 }, // U+0458
    { 17, 11, 300, 1, 11, 24, 9212 }, // U+0459
    { 15, 11, 300, 2, 11, 21, 9236 }, // U+045A
    { 11, 15, 200, 0, 15, 21, 9257 }, // U+045B
    { 10, 17, 200, 2, 17, 22, 9278 }, // U+045C
    { 10, 17, 200, 1, 17, 22, 9300 }, // U+045D
    { 11, 21, 200, 1, 17, 29, 9322 }, // U+045E
    { 9, 14, 200, 2, 11, 16, 9351 }, // U+045F
    { 11, 15, 200, 1, 15, 21, 9367 }, // U+0472
    { 11, 11, 200, 1, 11, 16, 9388 }, // U+0473
    { 9, 18, 200, 2, 18, 21, 9404 }, // U+0490
    { 9, 14, 200, 2, 14, 16, 9425 }, // U+0491
    { 11, 15, 200, 1, 15, 21, 9441 }, // U+0492
    { 11, 11, 200, 0, 11, 16, 9462 }, // U+0493
    { 11, 19, 200, 1, 15, 27, 9478 }, // U+0494
    { 9, 15, 200, 2, 11, 17, 9505 }, // U+0495
    { 21, 18, 300, -1, 15, 48, 9522 }, // U+0496
    { 16, 14, 300, 1, 11, 28, 9570 }, // U+0497
    { 11, 18, 200, 0, 15, 25, 9598 }, // U+0498
    { 10, 14, 200, 1, 11, 18, 9623 }, // U+0499
    { 11, 18, 200, 1, 15, 25, 9641 }, // U+049A
    { 10, 14, 200, 2, 11, 18, 9666 }, // U+049B
    { 11, 15, 200, 1, 15, 21, 9684 }, // U+049C
    { 11, 11, 200, 1, 11, 16, 9705 }, // U+049D
    { 13, 15, 200, 0, 15, 25, 9721 }, // U+04A0
    { 12, 11, 200, 0, 11, 17, 9746 }, // U+04A1
    { 11, 18, 200, 1, 15, 25, 9763 }, // U+04A2
    { 11, 14, 200, 1, 11, 20, 9788 }, // U+04A3
    { 17, 15, 300, 1, 15, 32, 9808 }, // U+04A4
    { 11, 11, 200, 1, 11, 16, 9840 }, // U+04A5
    { 11, 18, 200, 1, 15, 25, 9856 }, // U+04AA
    { 10, 14, 200, 1, 11, 18, 9881 }, // U+04AB
    { 13, 15, 200, 0, 15, 25, 9899 }, // U+04AE
    { 11, 15, 200, 1, 11, 21, 9924 }, // U+04AF
    { 13, 15, 200, 0, 15, 25, 9945 }, // U+04B0
    { 11, 15, 200, 1, 11, 21, 9970 }, // U+04B1
    { 13, 18, 200, 0, 15, 30, 9991 }, // U+04B2
    { 11, 14, 200, 1, 11, 20, 10021 }, // U+04B3
    { 11, 18, 200, 1, 15, 25, 10041 }, // U+04B6
    { 11, 14, 200, 1, 11, 20, 10066 }, // U+04B7
    { 10, 15, 200, 1, 15, 19, 10086 }, // U+04B8
    { 10, 11, 200, 1, 11, 14, 10105 }, // U+04B9
    { 11, 15, 200, 1, 15, 21, 10119 }, // U+04BA
    { 9, 15, 200, 2, 15, 17, 10140 }, // U+04BB
    { 10, 15, 200, 1, 15, 19, 10157 }, // U+04C0
    { 19, 19, 300, 0, 19, 46, 10176 }, // U+04C1
    { 15, 16, 300, 2, 16, 30, 10222 }, // U+04C2
    { 10, 16, 200, 1, 16, 20, 10252 }, // U+04CF
    { 12, 20, 200, 0, 20, 30, 10272 }, // U+04D0
    { 11, 17, 200, 1, 17, 24, 10302 }, // U+04D1
    { 12, 20, 200, 0, 20, 30, 10326 }, // U+04D2
    { 11, 16, 200, 1, 16, 22, 10356 }, // U+04D3
    { 18, 15, 300, 0, 15, 34, 10378 }, // U+04D4
    { 17, 11, 300, 1, 11, 24, 10412 }, // U+04D5
    { 10, 20, 200, 1, 20, 25, 10436 }, // U+04D6
    { 11, 17, 200, 1, 17, 24, 10461 }, // U+04D7
    { 11, 15, 200, 1, 15, 21, 10485 }, // U+04D8
    { 11, 11, 200, 1, 11, 16, 10506 }, // U+04D9
    { 19, 19, 300, 0, 19, 46, 10522 }, // U+04DC
    { 15, 16, 300, 2, 16, 30, 10568 }, // U+04DD
    { 11, 20, 200, 0, 20, 28, 10598 }, // U+04DE
    { 10, 16, 200, 1, 16, 20, 10626 }, // U+04DF
    { 10, 19, 200, 1, 19, 24, 10646 }, // U+04E2
    { 10, 16, 200, 1, 16, 20, 10670 }, // U+04E3
    { 10, 20, 200, 1, 20, 25, 10690 }, // U+04E4
    { 10, 16, 200, 1, 16, 20, 10715 }, // U+04E5
    { 11, 20, 200, 1, 20, 28, 10735 }, // U+04E6
    { 11, 16, 200, 1, 16, 22, 10763 }, // U+04E7
    { 11, 15, 200, 1, 15, 21, 10785 }, // U+04E8
    { 11, 11, 200, 1, 11, 16, 10806 }, // U+04E9
    { 12, 19, 200, 0, 19, 29, 10822 }, // U+04EE
    { 11, 20, 200, 1, 16, 28, 10851 }, // U+04EF
    { 12, 20, 200, 0, 20, 30, 10879 }, // U+04F0
    { 11, 20, 200, 1, 16, 28, 10909 }, // U+04F1
    { 12, 20, 200, 0, 20, 30, 10937 }, // U+04F2
    { 11, 21, 200, 1, 17, 29, 10967 }, // U+04F3
    { 10, 20, 200, 1, 20, 25, 10996 }, // U+04F4
    { 10, 16, 200, 1, 16, 20, 11021 }, // U+04F5
    { 15, 19, 300, 2, 19, 36, 11041 }, // U+04F8
    { 14, 15, 300, 2, 15, 27, 11077 }, // U+04F9
    { 13, 12, 211, 0, 12, 20, 11104 }, // U+05D0
    { 12, 12, 191, 0, 12, 18, 11124 }, // U+05D1
    { 8, 13, 125, 0, 12, 13, 11142 }, // U+05D2
    { 11, 12, 181, 0, 12, 17, 11155 }, // U+05D3
    { 11, 12, 209, 1, 12, 17, 11172 }, // U+05D4
    { 5, 12, 100, 0, 12, 8, 11189 }, // U+05D5
    { 7, 12, 110, 0, 12, 11, 11197 }, // U+05D6
    { 13, 12, 221, 0, 12, 20, 11208 }, // U+05D7
    { 12, 12, 211, 1, 12, 18, 11228 }, // U+05D8
    { 5, 8, 98, 0, 12, 5, 11246 }, // U+05D9
    { 10, 16, 182, 0, 12, 20, 11251 }, // U+05DA
    { 10, 12, 172, 0, 12, 15, 11271 }, // U+05DB
    { 11, 16, 174, 0, 16, 22, 11286 }, // U+05DC
    { 12, 12, 228, 1, 12, 18, 11308 }, // U+05DD
    { 13, 12, 220, 0, 12, 20, 11326 }, // U+05DE
    { 5, 16, 110, 0, 12, 10, 11346 }, // U+05DF
    { 6, 12, 126, 1, 12, 9, 11356 }, // U+05E0
    { 13, 12, 214, 0, 12, 20, 11365 }, // U+05E1
    { 12, 15, 198, 0, 13, 23, 11385 }, // U+05E2
    { 11, 16, 207, 1, 12, 22, 11408 }, // U+05E3
    { 11, 12, 200, 1, 12, 17, 11430 }, // U+05E4
    { 11, 16, 176, 0, 12, 22, 11447 }, // U+05E5
    { 11, 12, 185, 0, 12, 17, 11469 }, // U+05E6
    { 12, 16, 209, 1, 12, 24, 11486 }, // U+05E7
    { 10, 12, 174, 0, 12, 15, 11510 }, // U+05E8
    { 13, 12, 243, 1, 12, 20, 11525 }, // U+05E9
    { 13, 12, 228, 0, 12, 20, 11545 }, // U+05EA
    { 4, 6, 109, 1, 5, 3, 11565 }, // U+060C
    { 4, 12, 115, 1, 11, 6, 11568 }, // U+061B
    { 9, 17, 145, 0, 16, 20, 11574 }, // U+061F
    { 8, 10, 137, 0, 8, 10, 11594 }, // U+0621
    { 7, 3, 90, 0, 2, 3, 11604 }, // U+0640
    { 5, 5, 0, 0, 17, 4, 11607 }, // U+0654
    { 4, 4, 191, 4, 8, 2, 11611 }, // U+0660
    { 4, 16, 191, 4, 15, 8, 11613 }, // U+0661
    { 10, 16, 191, 1, 15, 20, 11621 }, // U+0662
    { 12, 16, 191, 0, 15, 24, 11641 }, // U+0663
    { 10, 16, 191, 1, 15, 20, 11665 }, // U+0664
    { 10, 12, 191, 1, 11, 15, 11685 }, // U+0665
    { 10, 16, 191, 1, 15, 20, 11700 }, // U+0666
    { 12, 16, 191, 0, 15, 24, 11720 }, // U+0667
    { 12, 16, 191, 0, 15, 24, 11744 }, // U+0668
    { 10, 16, 191, 1, 15, 20, 11768 }, // U+0669
    { 14, 12, 228, 0, 7, 21, 11788 }, // U+06BA
    { 6, 2, 100, 0, 2, 2, 11809 }, // U+06D4
    { 8, 10, 135, 0, 10, 10, 11811 }, // U+06D5
    { 4, 4, 191, 4, 8, 2, 11821 }, // U+06F0
    { 4, 16, 191, 4, 15, 8, 11823 }, // U+06F1
    { 10, 16, 191, 1, 15, 20, 11831 }, // U+06F2
    { 12, 16, 191, 0, 15, 24, 11851 }, // U+06F3
    { 10, 15, 191, 1, 15, 19, 11875 }, // U+06F4
    { 10, 15, 191, 1, 15, 19, 11894 }, // U+06F5
    { 8, 16, 191, 2, 15, 16, 11913 }, // U+06F6
    { 12, 16, 191, 0, 15, 24, 11929 }, // U+06F7
    { 12, 16, 191, 0, 15, 24, 11953 }, // U+06F8
    { 10, 16, 191, 1, 15, 20, 11977 }, // U+06F9
    { 12, 18, 200, 0, 15, 27, 11997 }, // U+1EA0
    { 11, 14, 200, 1, 11, 20, 12024 }, // U+1EA1
    { 12, 20, 200, 0, 20, 30, 12044 }, // U+1EA2
    { 11, 17, 200, 1, 17, 24, 12074 }, // U+1EA3
    { 12, 23, 200, 0, 23, 35, 12098 }, // U+1EA4
    { 11, 20, 200, 1, 20, 28, 12133 }, // U+1EA5
    { 12, 23, 200, 0, 23, 35, 12161 }, // U+1EA6
    { 12, 20, 200, 0, 20, 30, 12196 }, // U+1EA7
    { 12, 23, 200, 0, 23, 35, 12226 }, // U+1EA8
    { 11, 20, 200, 1, 20, 28, 12261 }, // U+1EA9
    { 12, 23, 200, 0, 23, 35, 12289 }, // U+1EAA
    { 11, 20, 200, 1, 20, 28, 12324 }, // U+1EAB
    { 12, 22, 200, 0, 19, 33, 12352 }, // U+1EAC
    { 11, 19, 200, 1, 16, 27, 12385 }, // U+1EAD
    { 12, 23, 200, 0, 23, 35, 12412 }, // U+1EAE
    { 11, 19, 200, 1, 19, 27, 12447 }, // U+1EAF
    { 12, 23, 200, 0, 23, 35, 12474 }, // U+1EB0
    { 11, 19, 200, 1, 19, 27, 12509 }, // U+1EB1
    { 12, 23, 200, 0, 23, 35, 12536 }, // U+1EB2
    { 11, 19, 200, 1, 19, 27, 12571 }, // U+1EB3
    { 12, 23, 200, 0, 23, 35, 12598 }, // U+1EB4
    { 11, 19, 200, 1, 19, 27, 12633 }, // U+1EB5
    { 12, 23, 200, 0, 20, 35, 12660 }, // U+1EB6
    { 11, 20, 200, 1, 17, 28, 12695 }, // U+1EB7
    { 10, 18, 200, 1, 15, 23, 12723 }, // U+1EB8
    { 11, 14, 200, 1, 11, 20, 12746 }, // U+1EB9
    { 10, 20, 200, 1, 20, 25, 12766 }, // U+1EBA
    { 11, 17, 200, 1, 17, 24, 12791 }, // U+1EBB
    { 10, 20, 200, 1, 20, 25, 12815 }, // U+1EBC
    { 11, 16, 200, 1, 16, 22, 12840 }, // U+1EBD
    { 11, 23, 200, 1, 23, 32, 12862 }, // U+1EBE
    { 11, 20, 200, 1, 20, 28, 12894 }, // U+1EBF
    { 11, 23, 200, 0, 23, 32, 12922 }, // U+1EC0
    { 12, 20, 200, 0, 20, 30, 12954 }, // U+1EC1
    { 11, 23, 200, 1, 23, 32, 12984 }, // U+1EC2
    { 11, 20, 200, 1, 20, 28, 13016 }, // U+1EC3
    { 10, 23, 200, 1, 23, 29, 13044 }, // U+1EC4
    { 11, 20, 200, 1, 20, 28, 13073 }, // U+1EC5
    { 10, 22, 200, 1, 19, 28, 13101 }, // U+1EC6
    { 11, 19, 200, 1, 16, 27, 13129 }, // U+1EC7
    { 10, 20, 200, 1, 20, 25, 13156 }, // U+1EC8
    { 10, 17, 200, 2, 17, 22, 13181 }, // U+1EC9
    { 10, 18, 200, 1, 15, 23, 13203 }, // U+1ECA
    { 11, 18, 200, 1, 15, 25, 13226 }, // U+1ECB
    { 11, 18, 200, 1, 15, 25, 13251 }, // U+1ECC
    { 11, 14, 200, 1, 11, 20, 13276 }, // U+1ECD
    { 11, 20, 200, 1, 20, 28, 13296 }, // U+1ECE
    { 11, 17, 200, 1, 17, 24, 13324 }, // U+1ECF
    { 11, 23, 200, 1, 23, 32, 13348 }, // U+1ED0
    { 11, 20, 200, 1, 20, 28, 13380 }, // U+1ED1
    { 12, 23, 200, 0, 23, 35, 13408 }, // U+1ED2
    { 12, 20, 200, 0, 20, 30, 13443 }, // U+1ED3
    { 11, 23, 200, 1, 23, 32, 13473 }, // U+1ED4
    { 11, 20, 200, 1, 20, 28, 13505 }, // U+1ED5
    { 11, 23, 200, 1, 23, 32, 13533 }, // U+1ED6
    { 11, 20, 200, 1, 20, 28, 13565 }, // U+1ED7
    { 11, 22, 200, 1, 19, 31, 13593 }, // U+1ED8
    { 11, 19, 200, 1, 16, 27, 13624 }, // U+1ED9
    { 11, 20, 200, 1, 20, 28, 13651 }, // U+1EDA
    { 11, 17, 200, 1, 17, 24, 13679 }, // U+1EDB
    { 11, 20, 200, 1, 20, 28, 13703 }, // U+1EDC
    { 11, 17, 200, 1, 17, 24, 13731 }, // U+1EDD
    { 11, 20, 200, 1, 20, 28, 13755 }, // U+1EDE
    { 11, 17, 200, 1, 17, 24, 13783 }, // U+1EDF
    { 11, 20, 200, 1, 20, 28, 13807 }, // U+1EE0
    { 11, 15, 200, 1, 15, 21, 13835 }, // U+1EE1
    { 11, 20, 200, 1, 17, 28, 13856 }, // U+1EE2
    { 11, 16, 200, 1, 13, 22, 13884 }, // U+1EE3
    { 10, 18, 200, 1, 15, 23, 13906 }, // U+1EE4
    { 10, 14, 200, 1, 11, 18, 13929 }, // U+1EE5
    { 10, 20, 200, 1, 20, 25, 13947 }, // U+1EE6
    { 10, 17, 200, 1, 17, 22, 13972 }, // U+1EE7
    { 12, 20, 200, 1, 20, 30, 13994 }, // U+1EE8
    { 12, 17, 200, 1, 17, 26, 14024 }, // U+1EE9
    { 12, 20, 200, 1, 20, 30, 14050 }, // U+1EEA
    { 12, 17, 200, 1, 17, 26, 14080 }, // U+1EEB
    { 12, 20, 200, 1, 20, 30, 14106 }, // U+1EEC
    { 12, 17, 200, 1, 17, 26, 14136 }, // U+1EED
    { 12, 20, 200, 1, 20, 30, 14162 }, // U+1EEE
    { 12, 15, 200, 1, 15, 23, 14192 }, // U+1EEF
    { 12, 20, 200, 1, 17, 30, 14215 }, // U+1EF0
    { 12, 16, 200, 1, 13, 24, 14245 }, // U+1EF1
    { 13, 20, 200, 0, 20, 33, 14269 }, // U+1EF2
    { 11, 21, 200, 1, 17, 29, 14302 }, // U+1EF3
    { 13, 18, 200, 0, 15, 30, 14331 }, // U+1EF4
    { 11, 15, 200, 1, 11, 21, 14361 }, // U+1EF5
    { 13, 20, 200, 0, 20, 33, 14382 }, // U+1EF6
    { 11, 21, 200, 1, 17, 29, 14415 }, // U+1EF7
    { 13, 20, 200, 0, 20, 33, 14444 }, // U+1EF8
    { 11, 20, 200, 1, 16, 28, 14477 }, // U+1EF9
    { 0, 0, 43, 0, 0, 0, 14505 }, // U+2009
    { 0, 0, 0, 0, 0, 0, 14505 }, // U+200B
    { 2, 16, 0, -1, 15, 4, 14505 }, // U+200C
    { 6, 16, 0, -3, 15, 12, 14509 }, // U+200D
    { 6, 18, 0, -1, 16, 14, 14521 }, // U+200E
    { 6, 18, 0, -5, 16, 14, 14535 }, // U+200F
    { 6, 3, 107, 0, 8, 3, 14549 }, // U+2010
    { 6, 3, 107, 0, 7, 3, 14552 }, // U+2011
    { 11, 3, 200, 1, 8, 5, 14555 }, // U+2013
    { 15, 3, 300, 2, 8, 6, 14560 }, // U+2014
    { 4, 6, 200, 4, 15, 3, 14566 }, // U+2018
    { 5, 6, 200, 4, 15, 4, 14569 }, // U+2019
    { 5, 6, 200, 4, 3, 4, 14573 }, // U+201A
    { 10, 6, 200, 1, 15, 8, 14577 }, // U+201C
    { 10, 6, 200, 2, 15, 8, 14585 }, // U+201D
    { 10, 6, 200, 2, 3, 8, 14593 }, // U+201E
    { 11, 19, 200, 1, 15, 27, 14601 }, // U+2020
    { 11, 19, 200, 1, 15, 27, 14628 }, // U+2021
    { 5, 4, 200, 4, 8, 3, 14655 }, // U+2022
    { 16, 3, 301, 1, 3, 6, 14658 }, // U+2026
    { 0, 0, 43, 0, 0, 0, 14664 }, // U+202F
    { 24, 15, 400, 1, 15, 45, 14664 }, // U+2030
    { 6, 10, 200, 3, 11, 8, 14709 }, // U+2039
    { 5, 10, 200, 4, 11, 7, 14717 }, // U+203A
    { 13, 15, 200, 0, 15, 25, 14724 }, // U+2044
    { 4, 12, 115, 1, 11, 6, 14749 }, // U+204F
    { 7, 8, 200, 3, 15, 7, 14755 }, // U+2070
    { 7, 8, 200, 3, 15, 7, 14762 }, // U+2074
    { 7, 8, 200, 3, 15, 7, 14769 }, // U+2075
    { 7, 8, 200, 3, 15, 7, 14776 }, // U+2076
    { 7, 8, 200, 3, 15, 7, 14783 }, // U+2077
    { 7, 8, 200, 3, 15, 7, 14790 }, // U+2078
    { 7, 8, 200, 3, 15, 7, 14797 }, // U+2079
    { 7, 8, 200, 3, 8, 7, 14804 }, // U+2080
    { 7, 8, 200, 3, 8, 7, 14811 }, // U+2081
    { 7, 8, 200, 3, 8, 7, 14818 }, // U+2082
    { 6, 8, 200, 3, 8, 6, 14825 }, // U+2083
    { 7, 8, 200, 3, 8, 7, 14831 }, // U+2084
    { 7, 8, 200, 3, 8, 7, 14838 }, // U+2085
    { 7, 8, 200, 3, 8, 7, 14845 }, // U+2086
    { 7, 8, 200, 3, 8, 7, 14852 }, // U+2087
    { 7, 8, 200, 3, 8, 7, 14859 }, // U+2088
    { 7, 8, 200, 3, 8, 7, 14866 }, // U+2089
    { 11, 20, 200, 1, 18, 28, 14873 }, // U+20A1
    { 11, 15, 200, 1, 15, 21, 14901 }, // U+20A4
    { 12, 15, 200, 0, 15, 23, 14922 }, // U+20A6
    { 12, 15, 200, 1, 15, 23, 14945 }, // U+20A8
    { 12, 15, 200, 0, 15, 23, 14968 }, // U+20A9
    { 11, 15, 200, 1, 15, 21, 14991 }, // U+20AA
    { 11, 15, 200, 1, 15, 21, 15012 }, // U+20AB
    { 11, 15, 200, 1, 15, 21, 15033 }, // U+20AC
    { 12, 15, 200, 0, 15, 23, 15054 }, // U+20AD
    { 12, 15, 200, 0, 15, 23, 15077 }, // U+20AE
    { 12, 15, 200, 0, 15, 23, 15100 }, // U+20B1
    { 10, 19, 200, 1, 17, 24, 15123 }, // U+20B2
    { 12, 15, 200, 0, 15, 23, 15147 }, // U+20B4
    { 11, 19, 200, 1, 17, 27, 15170 }, // U+20B5
    { 12, 15, 200, 0, 15, 23, 15197 }, // U+20B8
    { 11, 16, 200, 1, 15, 22, 15220 }, // U+20B9
    { 11, 15, 200, 1, 15, 21, 15242 }, // U+20BA
    { 12, 15, 200, 0, 15, 23, 15263 }, // U+20BD
    { 11, 20, 200, 1, 17, 28, 15286 }, // U+20BF
    { 12, 9, 200, 0, 12, 14, 15314 }, // U+2190
    { 10, 15, 200, 1, 15, 19, 15328 }, // U+2191
    { 13, 9, 200, 0, 12, 15, 15347 }, // U+2192
    { 10, 15, 200, 1, 15, 19, 15362 }, // U+2193
    { 13, 9, 200, 0, 12, 15, 15381 }, // U+2194
    { 10, 16, 200, 1, 15, 20, 15396 }, // U+2195
    { 11, 11, 200, 1, 13, 16, 15416 }, // U+2196
    { 12, 11, 200, 0, 13, 17, 15432 }, // U+2197
    { 12, 12, 200, 0, 13, 18, 15449 }, // U+2198
    { 11, 12, 200, 1, 13, 17, 15467 }, // U+2199
    { 13, 11, 200, 0, 13, 18, 15484 }, // U+21A9
    { 13, 11, 200, 0, 13, 18, 15502 }, // U+21AA
    { 11, 15, 200, 0, 15, 21, 15520 }, // U+21B0
    { 11, 15, 200, 1, 15, 21, 15541 }, // U+21B1
    { 11, 15, 200, 0, 15, 21, 15562 }, // U+21B2
    { 11, 15, 200, 1, 15, 21, 15583 }, // U+21B3
    { 13, 13, 200, 0, 14, 22, 15604 }, // U+21B6
    { 13, 13, 200, 0, 14, 22, 15626 }, // U+21B7
    { 12, 15, 200, 0, 14, 23, 15648 }, // U+21BA
    { 12, 16, 200, 0, 15, 24, 15671 }, // U+21BB
    { 13, 15, 200, 0, 15, 25, 15695 }, // U+21C4
    { 13, 15, 200, 0, 15, 25, 15720 }, // U+21C6
    { 11, 16, 200, 1, 15, 22, 15745 }, // U+2202
    { 12, 15, 200, 0, 15, 23, 15767 }, // U+2206
    { 10, 15, 200, 1, 15, 19, 15790 }, // U+220F
    { 11, 19, 200, 1, 15, 27, 15809 }, // U+2211
    { 11, 2, 200, 1, 7, 3, 15836 }, // U+2212
    { 12, 15, 200, 0, 15, 23, 15839 }, // U+221A
    { 13, 8, 200, 0, 10, 13, 15862 }, // U+221E
    { 12, 21, 200, 0, 16, 32, 15875 }, // U+222B
    { 11, 8, 200, 1, 10, 11, 15907 }, // U+2248
    { 11, 10, 200, 1, 12, 14, 15918 }, // U+2260
    { 10, 14, 200, 1, 13, 18, 15932 }, // U+2264
    { 10, 14, 200, 1, 13, 18, 15950 }, // U+2265
    { 11, 15, 200, 0, 15, 21, 15968 }, // U+FB01
    { 11, 15, 200, 0, 15, 21, 15989 }, // U+FB02
    { 20, 17, 331, 0, 9, 43, 16010 }, // U+FB56
    { 24, 16, 364, 0, 8, 48, 16053 }, // U+FB57
    { 6, 16, 100, -1, 9, 12, 16101 }, // U+FB58
    { 9, 13, 124, 0, 6, 15, 16113 }, // U+FB59
    { 20, 16, 331, 0, 15, 40, 16128 }, // U+FB66
    { 24, 16, 364, 0, 15, 48, 16168 }, // U+FB67
    { 6, 18, 90, 0, 17, 14, 16216 }, // U+FB68
    { 9, 16, 124, 0, 15, 18, 16230 }, // U+FB69
    { 13, 18, 220, 0, 9, 30, 16248 }, // U+FB7A
    { 17, 18, 240, 0, 9, 39, 16278 }, // U+FB7B
    { 12, 15, 196, 0, 8, 23, 16317 }, // U+FB7C
    { 15, 15, 212, 0, 8, 29, 16340 }, // U+FB7D
    { 9, 20, 159, 0, 19, 23, 16369 }, // U+FB88
    { 13, 20, 177, 0, 19, 33, 16392 }, // U+FB89
    { 8, 20, 122, -1, 15, 20, 16425 }, // U+FB8A
    { 11, 20, 132, -1, 15, 28, 16445 }, // U+FB8B
    { 8, 21, 122, -1, 16, 21, 16473 }, // U+FB8C
    { 11, 21, 132, -1, 16, 29, 16494 }, // U+FB8D
    { 19, 16, 292, 0, 15, 38, 16523 }, // U+FB8E
    { 22, 16, 325, 0, 15, 44, 16561 }, // U+FB8F
    { 9, 16, 137, 0, 15, 18, 16605 }, // U+FB90
    { 12, 16, 169, 0, 15, 24, 16623 }, // U+FB91
    { 19, 19, 292, 0, 18, 46, 16647 }, // U+FB92
    { 22, 19, 325, 0, 18, 53, 16693 }, // U+FB93
    { 9, 19, 137, 0, 18, 22, 16746 }, // U+FB94
    { 12, 19, 169, 0, 18, 29, 16768 }, // U+FB95
    { 14, 12, 228, 0, 7, 21, 16797 }, // U+FB9E
    { 17, 11, 243, 0, 6, 24, 16818 }, // U+FB9F
    { 8, 10, 135, 0, 10, 10, 16842 }, // U+FBA6
    { 12, 8, 160, 0, 7, 12, 16852 }, // U+FBA7
    { 5, 13, 90, 0, 9, 9, 16864 }, // U+FBA8
    { 11, 10, 146, 0, 4, 14, 16873 }, // U+FBA9
    { 14, 12, 224, 0, 11, 21, 16887 }, // U+FBAA
    { 14, 14, 205, 0, 9, 25, 16908 }, // U+FBAB
    { 12, 12, 191, 0, 11, 18, 16933 }, // U+FBAC
    { 12, 14, 169, 0, 9, 21, 16951 }, // U+FBAD
    { 19, 11, 314, 0, 10, 27, 16972 }, // U+FBAE
    { 13, 8, 183, 0, 2, 13, 16999 }, // U+FBAF
    { 19, 16, 314, 0, 15, 38, 17012 }, // U+FBB0
    { 13, 13, 183, 0, 7, 22, 17050 }, // U+FBB1
    { 16, 14, 253, 0, 9, 28, 17072 }, // U+FBFC
    { 17, 9, 245, 0, 4, 20, 17100 }, // U+FBFD
    { 6, 13, 100, -1, 9, 10, 17120 }, // U+FBFE
    { 9, 10, 124, 0, 6, 12, 17130 }, // U+FBFF
    { 8, 10, 137, 0, 8, 10, 17142 }, // U+FE80
    { 8, 18, 78, -2, 18, 18, 17152 }, // U+FE81
    { 10, 20, 97, -2, 19, 25, 17170 }, // U+FE82
    { 5, 20, 78, 0, 20, 13, 17195 }, // U+FE83
    { 8, 22, 97, 0, 21, 22, 17208 }, // U+FE84
    { 9, 18, 149, 0, 13, 21, 17230 }, // U+FE85
    { 11, 18, 157, 0, 13, 25, 17251 }, // U+FE86
    { 5, 21, 79, 1, 15, 14, 17276 }, // U+FE87
    { 7, 21, 97, 1, 15, 19, 17290 }, // U+FE88
    { 16, 14, 253, 0, 9, 28, 17309 }, // U+FE89
    { 17, 14, 245, 0, 9, 30, 17337 }, // U+FE8A
    { 5, 16, 90, 0, 15, 10, 17367 }, // U+FE8B
    { 9, 13, 114, 0, 12, 15, 17377 }, // U+FE8C
    { 3, 15, 79, 1, 15, 6, 17392 }, // U+FE8D
    { 7, 16, 97, 1, 15, 14, 17398 }, // U+FE8E
    { 20, 13, 331, 0, 9, 33, 17412 }, // U+FE8F
    { 24, 12, 364, 0, 8, 36, 17445 }, // U+FE90
    { 5, 13, 90, 0, 9, 9, 17481 }, // U+FE91
    { 9, 10, 114, 0, 6, 12, 17490 }, // U+FE92
    { 8, 14, 135, 0, 14, 14, 17502 }, // U+FE93
    { 12, 16, 162, 0, 15, 24, 17516 }, // U+FE94
    { 20, 12, 331, 0, 11, 30, 17540 }, // U+FE95
    { 24, 12, 364, 0, 11, 36, 17570 }, // U+FE96
    { 6, 14, 90, 0, 13, 11, 17606 }, // U+FE97
    { 9, 11, 124, 0, 10, 13, 17617 }, // U+FE98
    { 20, 15, 331, 0, 14, 38, 17630 }, // U+FE99
    { 24, 15, 364, 0, 14, 45, 17668 }, // U+FE9A
    { 6, 17, 90, 0, 16, 13, 17713 }, // U+FE9B
    { 9, 14, 124, 0, 13, 16, 17726 }, // U+FE9C
    { 13, 18, 213, 0, 9, 30, 17742 }, // U+FE9D
    { 15, 18, 216, 0, 9, 34, 17772 }, // U+FE9E
    { 12, 12, 196, 0, 8, 18, 17806 }, // U+FE9F
    { 15, 12, 212, 0, 8, 23, 17824 }, // U+FEA0
    { 13, 18, 213, 0, 9, 30, 17847 }, // U+FEA1
    { 15, 18, 216, 0, 9, 34, 17877 }, // U+FEA2
    { 12, 9, 196, 0, 8, 14, 17911 }, // U+FEA3
    { 15, 9, 212, 0, 8, 17, 17925 }, // U+FEA4
    { 13, 22, 213, 0, 13, 36, 17942 }, // U+FEA5
    { 15, 22, 216, 0, 13, 42, 17978 }, // U+FEA6
    { 12, 13, 196, 0, 12, 20, 18020 }, // U+FEA7
    { 15, 13, 212, 0, 12, 25, 18040 }, // U+FEA8
    { 9, 11, 159, 0, 10, 13, 18065 }, // U+FEA9
    { 13, 11, 177, 0, 10, 18, 18078 }, // U+FEAA
    { 9, 15, 159, 0, 14, 17, 18096 }, // U+FEAB
    { 13, 15, 177, 0, 14, 25, 18113 }, // U+FEAC
    { 8, 13, 122, -1, 8, 13, 18138 }, // U+FEAD
    { 11, 13, 132, -1, 8, 18, 18151 }, // U+FEAE
    { 8, 17, 122, -1, 12, 17, 18169 }, // U+FEAF
    { 11, 17, 132, -1, 12, 24, 18186 }, // U+FEB0
    { 25, 14, 403, 0, 9, 44, 18210 }, // U+FEB1
    { 28, 13, 423, 0, 8, 46, 18254 }, // U+FEB2
    { 16, 10, 261, 0, 9, 20, 18300 }, // U+FEB3
    { 19, 9, 283, 0, 8, 22, 18320 }, // U+FEB4
    { 25, 19, 403, 0, 14, 60, 18342 }, // U+FEB5
    { 28, 19, 423, 0, 14, 67, 18402 }, // U+FEB6
    { 16, 15, 261, 0, 14, 30, 18469 }, // U+FEB7
    { 19, 15, 283, 0, 14, 36, 18499 }, // U+FEB8
    { 27, 13, 435, 0, 8, 44, 18535 }, // U+FEB9
    { 30, 13, 451, 0, 8, 49, 18579 }, // U+FEBA
    { 18, 9, 301, 0, 8, 21, 18628 }, // U+FEBB
    { 21, 9, 316, 0, 8, 24, 18649 }, // U+FEBC
    { 27, 17, 435, 0, 12, 58, 18673 }, // U+FEBD
    { 30, 17, 451, 0, 12, 64, 18731 }, // U+FEBE
    { 18, 13, 301, 0, 12, 30, 18795 }, // U+FEBF
    { 21, 13, 316, 0, 12, 35, 18825 }, // U+FEC0
    { 16, 16, 263, 0, 15, 32, 18860 }, // U+FEC1
    { 19, 16, 277, 0, 15, 38, 18892 }, // U+FEC2
    { 14, 16, 226, 0, 15, 28, 18930 }, // U+FEC3
    { 16, 16, 237, 0, 15, 32, 18958 }, // U+FEC4
    { 16, 16, 263, 0, 15, 32, 18990 }, // U+FEC5
    { 19, 16, 277, 0, 15, 38, 19022 }, // U+FEC6
    { 14, 16, 226, 0, 15, 28, 19060 }, // U+FEC7
    { 16, 16, 237, 0, 15, 32, 19088 }, // U+FEC8
    { 13, 20, 169, 0, 11, 33, 19120 }, // U+FEC9
    { 13, 18, 177, 0, 9, 30, 19153 }, // U+FECA
    { 10, 11, 168, 0, 10, 14, 19183 }, // U+FECB
    { 12, 10, 174, 0, 9, 15, 19197 }, // U+FECC
    { 13, 24, 169, 0, 15, 39, 19212 }, // U+FECD
    { 13, 22, 177, 0, 13, 36, 19251 }, // U+FECE
    { 10, 15, 168, 0, 14, 19, 19287 }, // U+FECF
    { 12, 14, 174, 0, 13, 21, 19306 }, // U+FED0
    { 20, 16, 328, 0, 15, 40, 19327 }, // U+FED1
    { 24, 14, 366, 0, 13, 42, 19367 }, // U+FED2
    { 9, 16, 149, 0, 15, 18, 19409 }, // U+FED3
    { 12, 14, 165, 0, 13, 21, 19427 }, // U+FED4
    { 16, 17, 258, 0, 13, 34, 19448 }, // U+FED5
    { 18, 17, 269, 0, 11, 39, 19482 }, // U+FED6
    { 9, 16, 149, 0, 15, 18, 19521 }, // U+FED7
    { 12, 14, 165, 0, 13, 21, 19539 }, // U+FED8
    { 18, 16, 294, 0, 15, 36, 19560 }, // U+FED9
    { 21, 16, 307, 0, 15, 42, 19596 }, // U+FEDA
    { 9, 16, 137, 0, 15, 18, 19638 }, // U+FEDB
    { 12, 16, 169, 0, 15, 24, 19656 }, // U+FEDC
    { 14, 20, 232, 0, 15, 35, 19680 }, // U+FEDD
    { 17, 20, 243, 0, 15, 43, 19715 }, // U+FEDE
    { 5, 16, 87, 0, 15, 10, 19758 }, // U+FEDF
    { 8, 16, 100, 0, 15, 16, 19768 }, // U+FEE0
    { 10, 17, 161, 0, 8, 22, 19784 }, // U+FEE1
    { 13, 17, 187, 0, 8, 28, 19806 }, // U+FEE2
    { 10, 9, 175, 0, 8, 12, 19834 }, // U+FEE3
    { 14, 9, 193, 0, 8, 16, 19846 }, // U+FEE4
    { 14, 16, 228, 0, 11, 28, 19862 }, // U+FEE5
    { 17, 16, 243, 0, 11, 34, 19890 }, // U+FEE6
    { 5, 14, 90, 0, 13, 9, 19924 }, // U+FEE7
    { 9, 11, 114, 0, 10, 13, 19933 }, // U+FEE8
    { 8, 10, 135, 0, 10, 10, 19946 }, // U+FEE9
    { 12, 12, 162, 0, 11, 18, 19956 }, // U+FEEA
    { 12, 12, 191, 0, 11, 18, 19974 }, // U+FEEB
    { 12, 14, 169, 0, 9, 21, 19992 }, // U+FEEC
    { 9, 13, 149, 0, 8, 15, 20013 }, // U+FEED
    { 11, 13, 157, 0, 8, 18, 20028 }, // U+FEEE
    { 16, 14, 253, 0, 9, 28, 20046 }, // U+FEEF
    { 17, 9, 245, 0, 4, 20, 20074 }, // U+FEF0
    { 16, 18, 253, 0, 9, 36, 20094 }, // U+FEF1
    { 17, 13, 245, 0, 4, 28, 20130 }, // U+FEF2
    { 6, 13, 100, -1, 9, 10, 20158 }, // U+FEF3
    { 9, 10, 124, 0, 6, 12, 20168 }, // U+FEF4
    { 13, 16, 194, -2, 16, 26, 20180 }, // U+FEF5
    { 16, 17, 200, -2, 16, 34, 20206 }, // U+FEF6
    { 12, 18, 194, -1, 18, 27, 20240 }, // U+FEF7
    { 14, 19, 200, 0, 18, 34, 20267 }, // U+FEF8
    { 11, 21, 194, 0, 15, 29, 20301 }, // U+FEF9
    { 14, 21, 200, 0, 15, 37, 20330 }, // U+FEFA
    { 11, 15, 194, 0, 15, 21, 20367 }, // U+FEFB
    { 14, 16, 200, 0, 15, 28, 20388 }, // U+FEFC
};

static const EpdUnicodeInterval ia_duospace_10_regularIntervals[] = {
    { 0x0, 0x0, 0x0 },
    { 0xD, 0xD, 0x1 },
    { 0x20, 0x7E, 0x2 },
    { 0xA0, 0xA3, 0x61 },
    { 0xA5, 0x17E, 0x65 },
    { 0x1A0, 0x1A1, 0x13F },
    { 0x1AF, 0x1B0, 0x141 },
    { 0x1FA, 0x1FF, 0x143 },
    { 0x218, 0x21B, 0x149 },
    { 0x300, 0x304, 0x14D },
    { 0x306, 0x30C, 0x152 },
    { 0x312, 0x312, 0x159 },
    { 0x315, 0x315, 0x15A },
    { 0x31B, 0x31B, 0x15B },
    { 0x323, 0x323, 0x15C },
    { 0x326, 0x328, 0x15D },
    { 0x34F, 0x34F, 0x160 },
    { 0x400, 0x45F, 0x161 },
    { 0x472, 0x473, 0x1C1 },
    { 0x490, 0x49D, 0x1C3 },
    { 0x4A0, 0x4A5, 0x1D1 },
    { 0x4AA, 0x4AB, 0x1D7 },
    { 0x4AE, 0x4B3, 0x1D9 },
    { 0x4B6, 0x4BB, 0x1DF },
    { 0x4C0, 0x4C2, 0x1E5 },
    { 0x4CF, 0x4D9, 0x1E8 },
    { 0x4DC, 0x4DF, 0x1F3 },
    { 0x4E2, 0x4E9, 0x1F7 },
    { 0x4EE, 0x4F5, 0x1FF },
    { 0x4F8, 0x4F9, 0x207 },
    { 0x5D0, 0x5EA, 0x209 },
    { 0x60C, 0x60C, 0x224 },
    { 0x61B, 0x61B, 0x225 },
    { 0x61F, 0x61F, 0x226 },
    { 0x621, 0x621, 0x227 },
    { 0x640, 0x640, 0x228 },
    { 0x654, 0x654, 0x229 },
    { 0x660, 0x669, 0x22A },
    { 0x6BA, 0x6BA, 0x234 },
    { 0x6D4, 0x6D5, 0x235 },
    { 0x6F0, 0x6F9, 0x237 },
    { 0x1EA0, 0x1EF9, 0x241 },
    { 0x2009, 0x2009, 0x29B },
    { 0x200B, 0x2011, 0x29C },
    { 0x2013, 0x2014, 0x2A3 },
    { 0x2018, 0x201A, 0x2A5 },
    { 0x201C, 0x201E, 0x2A8 },
    { 0x2020, 0x2022, 0x2AB },
    { 0x2026, 0x2026, 0x2AE },
    { 0x202F, 0x2030, 0x2AF },
    { 0x2039, 0x203A, 0x2B1 },
    { 0x2044, 0x2044, 0x2B3 },
    { 0x204F, 0x204F, 0x2B4 },
    { 0x2070, 0x2070, 0x2B5 },
    { 0x2074, 0x2079, 0x2B6 },
    { 0x2080, 0x2089, 0x2BC },
    { 0x20A1, 0x20A1, 0x2C6 },
    { 0x20A4, 0x20A4, 0x2C7 },
    { 0x20A6, 0x20A6, 0x2C8 },
    { 0x20A8, 0x20AE, 0x2C9 },
    { 0x20B1, 0x20B2, 0x2D0 },
    { 0x20B4, 0x20B5, 0x2D2 },
    { 0x20B8, 0x20BA, 0x2D4 },
    { 0x20BD, 0x20BD, 0x2D7 },
    { 0x20BF, 0x20BF, 0x2D8 },
    { 0x2190, 0x2199, 0x2D9 },
    { 0x21A9, 0x21AA, 0x2E3 },
    { 0x21B0, 0x21B3, 0x2E5 },
    { 0x21B6, 0x21B7, 0x2E9 },
    { 0x21BA, 0x21BB, 0x2EB },
    { 0x21C4, 0x21C4, 0x2ED },
    { 0x21C6, 0x21C6, 0x2EE },
    { 0x2202, 0x2202, 0x2EF },
    { 0x2206, 0x2206, 0x2F0 },
    { 0x220F, 0x220F, 0x2F1 },
    { 0x2211, 0x2212, 0x2F2 },
    { 0x221A, 0x221A, 0x2F4 },
    { 0x221E, 0x221E, 0x2F5 },
    { 0x222B, 0x222B, 0x2F6 },
    { 0x2248, 0x2248, 0x2F7 },
    { 0x2260, 0x2260, 0x2F8 },
    { 0x2264, 0x2265, 0x2F9 },
    { 0xFB01, 0xFB02, 0x2FB },
    { 0xFB56, 0xFB59, 0x2FD },
    { 0xFB66, 0xFB69, 0x301 },
    { 0xFB7A, 0xFB7D, 0x305 },
    { 0xFB88, 0xFB95, 0x309 },
    { 0xFB9E, 0xFB9F, 0x317 },
    { 0xFBA6, 0xFBB1, 0x319 },
    { 0xFBFC, 0xFBFF, 0x325 },
    { 0xFE80, 0xFEFC, 0x329 },
};

static const uint16_t ia_duospace_10_regularKernLeftCodepoints[] = {
    0x05D0, 0x05D1, 0x05D2, 0x05D3, 0x05D5, 0x05D6, 0x05D8, 0x05D9, 0x05DB, 0x05DC, 0x05DE, 0x05E0,
    0x05E1, 0x05E2, 0x05E4, 0x05E6, 0x05E8, 0x05E9, 0x05EA, 0xFB8C, 0xFEAD, 0xFEAE, 0xFEAF,
};

static const uint8_t ia_duospace_10_regularKernLeftClassIds[] = {
      1,   2,   3,   4,   5,   6,   7,   8,   9,  10,  11,  12,  13,  14,  15,  16,
     17,  18,  19,  20,  20,  20,  20,
};

static const uint16_t ia_duospace_10_regularKernRightCodepoints[] = {
    0x05D0, 0x05D1, 0x05D2, 0x05D3, 0x05D4, 0x05D6, 0x05D7, 0x05D8, 0x05D9, 0x05DA, 0x05DB, 0x05DC,
    0x05DD, 0x05DE, 0x05E1, 0x05E2, 0x05E3, 0x05E4, 0x05E5, 0x05E7, 0x05E8, 0x05E9, 0x05EA, 0x06D5,
    0xFB8E, 0xFBA6, 0xFBAA, 0xFE8D, 0xFEA3, 0xFEA9, 0xFEB1, 0xFEB3, 0xFEB9, 0xFEBB, 0xFEC1, 0xFEC3,
    0xFECB, 0xFEDB, 0xFEDF, 0xFEE1, 0xFEE3, 0xFEEB,
};

static const uint8_t ia_duospace_10_regularKernRightClassIds[] = {
      1,   2,   3,   4,   5,   6,   7,   8,   9,  10,  11,  12,  13,  14,  15,  16,
     17,  18,  19,  20,  21,  22,  23,  24,  24,  24,  24,  25,  24,  26,  26,  26,
     26,  26,  26,  26,  25,  24,  25,  24,  24,  24,
};

static const uint16_t ia_duospace_10_regularKernRowOffsets[] = {
        0,     6,    11,    18,    29,    35,    36,    45,    56,    62,    72,    77,    80,    87,    89,    96,
      103,   113,   120,   130,   133,
};

static const uint8_t ia_duospace_10_regularKernSparseCols[] = {
      8,  10,  11,  17,  19,  21,   3,   9,  14,  17,  20,   1,   7,   8,  10,  11,
     13,  17,   1,   4,   7,   9,  10,  12,  13,  14,  16,  17,  20,   1,   7,  12,
     14,  17,  20,   1,   3,   7,   9,  10,  16,  17,  18,  19,  20,   1,   4,   6,
      7,  10,  12,  13,  14,  17,  20,  22,   7,  10,  13,  14,  16,  17,   1,   2,
      7,   9,  10,  14,  16,  17,  21,  22,  10,  12,  13,  14,  17,   7,   8,  10,
      7,   9,  11,  14,  16,  17,  20,   7,  14,   9,  10,  11,  14,  16,  17,  21,
      0,   1,   3,   8,  12,  14,  17,   1,   7,   9,  10,  13,  14,  16,  17,  20,
     22,   1,   7,  10,  12,  14,  17,  20,   3,   5,   8,  10,  11,  13,  14,  15,
     17,  21,  23,  24,  25,
};

static const int8_t ia_duospace_10_regularKernSparseValues[] = {
      -7,   -2,   -2,   -7,   -3,   -7,   -4,   -6,  -11,  -11,   -8,    1,   -6,  -11,   -4,   -5,
      -7,   -8,  -13,   -7,   -6,  -17,  -12,   -8,   -4,  -11,  -17,  -12,  -12,   -2,   -5,   -3,
      -2,   -7,   -4,   -6,   -4,   -7,   -6,   -2,   -4,   -7,   -6,   -6,   -4,  -21,   -7,   -2,
      -2,   -2,  -10,   -2,   -2,   -8,   -7,   -7,   -6,   -4,   -5,   -5,   -9,   -9,  -13,   -1,
      -6,  -10,   -9,   -6,  -12,   -5,    6,   -2,   -7,   -4,   -7,   -7,   -9,   -5,   -5,   -8,
      -1,  -10,   -1,   -1,  -10,   -4,   -4,   -2,   -8,   -2,   -7,   -2,   -2,   -9,   -1,   -2,
      -4,   -8,   -6,   -7,   -8,  -11,   -9,  -13,   -7,   -5,   -6,   -2,   -4,  -10,   -4,   -7,
      -7,   -8,   -1,   -8,   -2,   -4,   -2,   -2,  -15,  -17,   -5,   -6,   -1,  -11,  -13,  -13,
      -8,   -7,  -13,   -8,  -10,
};

static const EpdFontData ia_duospace_10_regular = {
    ia_duospace_10_regularBitmaps,
    ia_duospace_10_regularGlyphs,
    ia_duospace_10_regularIntervals,
    91,
    27,
    22,
    -6,
    false,
    nullptr,
    0,
    nullptr,
    nullptr,  // kernLeftClasses: built-in fonts use the split arrays below
    nullptr,  // kernRightClasses
    ia_duospace_10_regularKernLeftCodepoints,
    ia_duospace_10_regularKernLeftClassIds,
    ia_duospace_10_regularKernRightCodepoints,
    ia_duospace_10_regularKernRightClassIds,
    nullptr,  // kernMatrix: built-in fonts use the sparse form below
    ia_duospace_10_regularKernRowOffsets,
    ia_duospace_10_regularKernSparseCols,
    ia_duospace_10_regularKernSparseValues,
    23,
    42,
    20,
    26,
    nullptr,
    0,
};
