/**
 * generated by fontconvert.py
 * name: ia_duospace_12_bold
 * size: 12
 * mode: 1-bit
 * Command used: fontconvert.py ia_duospace_12_bold 12 /Users/jacobshober/Downloads/iA-Fonts-master/iA Writer Duo/Static/iAWriterDuoS-Bold.ttf NotoSansHebrew-Bold.ttf NotoSansArabic-Bold.ttf --additional-intervals 0x05D0,0x05EA --additional-intervals 0x060C,0x060C --additional-intervals 0x061B,0x061B --additional-intervals 0x061F,0x061F --additional-intervals 0x0621,0x0621 --additional-intervals 0x0640,0x0640 --additional-intervals 0x0654,0x0654 --additional-intervals 0x0660,0x0669 --additional-intervals 0x06BA,0x06BA --additional-intervals 0x06D4,0x06D4 --additional-intervals 0x06D5,0x06D5 --additional-intervals 0x06F0,0x06F9 --additional-intervals 0xFB56,0xFB59 --additional-intervals 0xFB66,0xFB69 --additional-intervals 0xFB7A,0xFB7D --additional-intervals 0xFB88,0xFB95 --additional-intervals 0xFB9E,0xFB9F --additional-intervals 0xFBA6,0xFBB1 --additional-intervals 0xFBFC,0xFBFF --additional-intervals 0xFE80,0xFEFC
 */
#pragma once
#include "EpdFontData.h"

static const uint8_t ia_duospace_12_boldBitmaps[31673] = {
    0xFF, 0xFF, 0xFF, 0xFF, 0xEE, 0x73, 0x9C, 0x00, 0x7F, 0xFF, 0xF8, 0xF7, 0xFB, 0xFD, 0xFE, 0xFF,
    0x7F, 0xBF, 0xDF, 0xEF, 0x07, 0x38, 0x1E, 0xF0, 0x3D, 0xE0, 0x7B, 0xC7, 0xFF, 0xEF, 0xFF, 0xDF,
    0xFF, 0x8F, 0x78, 0x1E, 0xF1, 0xFF, 0xFB, 0xFF, 0xF7, 0xFF, 0xE3, 0xDE, 0x07, 0xBC, 0x0F, 0x78,
    0x1E, 0xE0, 0x39, 0xC0, 0x03, 0xC0, 0x07, 0x80, 0x0F, 0x00, 0xFF, 0x83, 0xFF, 0xCF, 0xFF, 0x9F,
    0xFE, 0x3D, 0xC8, 0x7B, 0x80, 0xFF, 0x00, 0xFF, 0xC1, 0xFF, 0xC0, 0xFF, 0xC0, 0x7F, 0x80, 0xEF,
    0x91, 0xDF, 0x3B, 0xBC, 0xFF, 0xF9, 0xFF, 0xE1, 0xFF, 0x80, 0xFC, 0x00, 0x78, 0x00, 0xF0, 0x00,
    0x3F, 0x01, 0xE0, 0xFF, 0x07, 0x83, 0xFE, 0x1F, 0x07, 0x9E, 0x3C, 0x0F, 0x3C, 0xF0, 0x1E, 0x7B,
    0xC0, 0x3F, 0xE7, 0x80, 0x3F, 0xDE, 0xFC, 0x3F, 0x7B, 0xFC, 0x01, 0xFF, 0xF8, 0x03, 0xDE, 0xF0,
    0x0F, 0x3C, 0xF0, 0x3C, 0x79, 0xE0, 0x78, 0xF7, 0x81, 0xE1, 0xFF, 0x07, 0x81, 0xFE, 0x1F, 0x01,
    0xF8, 0x1F, 0xC0, 0x7F, 0xC0, 0xFF, 0x83, 0xE7, 0x07, 0x80, 0x07, 0x80, 0x0F, 0x80, 0x0F, 0x1F,
    0x7F, 0x3E, 0xFF, 0x7F, 0xDF, 0xE7, 0x9F, 0xCF, 0x1F, 0x1F, 0x3F, 0x1F, 0xFE, 0x3F, 0xFE, 0x3F,
    0x3E, 0xFF, 0xFF, 0xFF, 0xFF, 0xFF, 0x0F, 0x87, 0xC1, 0xE0, 0xF0, 0x38, 0x1E, 0x07, 0x03, 0xC0,
    0xF0, 0x3C, 0x0F, 0x03, 0xC0, 0xF0, 0x3C, 0x0F, 0x01, 0xC0, 0x78, 0x0E, 0x03, 0xC0, 0x78, 0x1F,
    0x03, 0xE0, 0x7C, 0x0F, 0x81, 0xE0, 0x3C, 0x07, 0x01, 0xE0, 0x38, 0x0F, 0x03, 0xC0, 0xF0, 0x3C,
    0x0F, 0x03, 0xC0, 0xF0, 0x3C, 0x0E, 0x07, 0x81, 0xC0, 0xF0, 0x78, 0x3E, 0x1F, 0x00, 0x03, 0x80,
    0x07, 0x00, 0x0E, 0x03, 0xDD, 0xE7, 0xFF, 0xCF, 0xFF, 0x8F, 0xFE, 0x07, 0xF0, 0x0F, 0xE0, 0x3F,
    0xE0, 0xFB, 0xE0, 0xE3, 0x80, 0x82, 0x00, 0x07, 0x00, 0x38, 0x01, 0xC0, 0x0E, 0x00, 0x70, 0x7F,
    0xFF, 0xFF, 0xFF, 0xFF, 0x07, 0x00, 0x38, 0x01, 0xC0, 0x0E, 0x00, 0x7E, 0xF9, 0xF3, 0xCF, 0x9E,
    0x3C, 0x78, 0xFF, 0xFF, 0xFF, 0xFF, 0xF0, 0xFF, 0xFF, 0xF0, 0x00, 0xF0, 0x07, 0x80, 0x3C, 0x03,
    0xC0, 0x1E, 0x01, 0xF0, 0x0F, 0x00, 0x78, 0x07, 0x80, 0x3C, 0x01, 0xE0, 0x1E, 0x00, 0xF0, 0x07,
    0x80, 0x78, 0x03, 0xC0, 0x3E, 0x01, 0xE0, 0x0F, 0x00, 0xF0, 0x07, 0x80, 0x3C, 0x00, 0x0F, 0xE0,
    0x3F, 0xE0, 0xFF, 0xE3, 0xE3, 0xE7, 0x83, 0xCF, 0x07, 0xBE, 0x0F, 0xFD, 0xDF, 0xFB, 0xBF, 0xF7,
    0x7F, 0xE0, 0xFB, 0xC1, 0xE7, 0x83, 0xCF, 0x8F, 0x8F, 0xFE, 0x0F, 0xF8, 0x0F, 0xE0, 0x0F, 0xE0,
    0x3F, 0xC0, 0x7F, 0x81, 0xFF, 0x07, 0xDE, 0x0F, 0x3C, 0x0C, 0x78, 0x00, 0xF0, 0x01, 0xE0, 0x03,
    0xC0, 0x07, 0x80, 0x0F, 0x00, 0x1E, 0x00, 0x3C, 0x0F, 0xFF, 0x9F, 0xFF, 0x3F, 0xFE, 0x0F, 0xE0,
    0xFF, 0xC7, 0xFF, 0x9F, 0x3F, 0x78, 0x7C, 0x01, 0xF0, 0x07, 0xC0, 0x3E, 0x01, 0xF8, 0x0F, 0xC0,
    0x7E, 0x03, 0xF0, 0x1F, 0x01, 0xF8, 0x07, 0xFF, 0xDF, 0xFF, 0x7F, 0xFC, 0x1F, 0xE0, 0xFF, 0xE7,
    0xFF, 0xCE, 0x1F, 0x10, 0x7C, 0x01, 0xF0, 0x7F, 0x81, 0xF8, 0x07, 0xF8, 0x03, 0xF0, 0x07, 0xC4,
    0x0F, 0x30, 0x7D, 0xF1, 0xF7, 0xFF, 0x8F, 0xFE, 0x1F, 0xE0, 0x01, 0xF0, 0x07, 0xE0, 0x0F, 0xC0,
    0x3F, 0x80, 0xFF, 0x01, 0xFE, 0x07, 0xBC, 0x1E, 0x78, 0x3C, 0xF0, 0xF1, 0xE3, 0xC3, 0xC7, 0xFF,
    0xFF, 0xFF, 0xFF, 0xFF, 0xC0, 0x3C, 0x00, 0x78, 0x00, 0xF0, 0x7F, 0xF9, 0xFF, 0xE7, 0xFF, 0x1C,
    0x00, 0x70, 0x01, 0xDF, 0x0F, 0xFF, 0x3F, 0xFE, 0xFD, 0xF8, 0xC3, 0xE0, 0x07, 0xC8, 0x1E, 0x70,
    0x7B, 0xE3, 0xEF, 0xFF, 0x1F, 0xFC, 0x3F, 0xC0, 0x03, 0xF0, 0x0F, 0xC0, 0x3F, 0x00, 0xF8, 0x03,
    0xE0, 0x07, 0xC0, 0x1F, 0xFC, 0x3F, 0xFC, 0x7F, 0xFC, 0xF8, 0xF9, 0xE0, 0xFB, 0xC1, 0xF7, 0x83,
    0xCF, 0x8F, 0x8F, 0xFF, 0x0F, 0xFC, 0x0F, 0xE0, 0xFF, 0xFF, 0xFF, 0xFF, 0xFF, 0xE1, 0xFF, 0x0F,
    0xF8, 0x78, 0x07, 0xC0, 0x3C, 0x03, 0xE0, 0x1F, 0x01, 0xF0, 0x0F, 0x80, 0x78, 0x07, 0xC0, 0x3C,
    0x03, 0xE0, 0x1F, 0x00, 0x1F, 0xF0, 0x7F, 0xF1, 0xFF, 0xF3, 0xE3, 0xE7, 0x83, 0xCF, 0x8F, 0x8F,
    0xFE, 0x0F, 0xF8, 0x3F, 0xF8, 0xFD, 0xF9, 0xE0, 0xF3, 0xC1, 0xE7, 0x83, 0xCF, 0x8F, 0x9F, 0xFF,
    0x1F, 0xFC, 0x0F, 0xE0, 0x0F, 0xE0, 0x7F, 0xE1, 0xFF, 0xE3, 0xE3, 0xE7, 0x83, 0xDF, 0x07, 0x9E,
    0x0F, 0x3F, 0x7E, 0x7F, 0xFC, 0x7F, 0xF8, 0x7D, 0xF0, 0x07, 0xC0, 0x1F, 0x80, 0x7E, 0x01, 0xF8,
    0x07, 0xE0, 0x1F, 0x80, 0xFF, 0xFF, 0xF0, 0x00, 0x00, 0xFF, 0xFF, 0xF0, 0x7C, 0xF9, 0xF3, 0xE0,
    0x00, 0x00, 0x00, 0x7E, 0xF9, 0xF3, 0xCF, 0x9E, 0x3C, 0x78, 0x00, 0x00, 0x0C, 0x07, 0x83, 0xF1,
    0xFE, 0x7F, 0x3F, 0xC7, 0xE0, 0xF0, 0x1F, 0x83, 0xFC, 0x1F, 0xE0, 0xFE, 0x07, 0xC0, 0x38, 0x03,
    0xFF, 0xFF, 0xFF, 0xFF, 0xFE, 0x00, 0x00, 0x00, 0x00, 0x03, 0xFF, 0xFF, 0xFF, 0xFF, 0xF8, 0x00,
    0x18, 0x03, 0xC0, 0x7E, 0x0F, 0xF0, 0x7F, 0x07, 0xF8, 0x3F, 0x01, 0xE0, 0xFC, 0x7F, 0xBF, 0xCF,
    0xE1, 0xF0, 0x38, 0x06, 0x00, 0x1F, 0xC3, 0xFF, 0x1F, 0xFD, 0xF3, 0xE3, 0x0F, 0x80, 0x78, 0x0F,
    0xC1, 0xFC, 0x0F, 0xC0, 0x78, 0x03, 0xC0, 0x00, 0x00, 0x00, 0x0F, 0xC0, 0x7E, 0x03, 0xF0, 0x1F,
    0x80, 0x03, 0xFE, 0x00, 0x7F, 0xFC, 0x07, 0xFF, 0xF0, 0x7E, 0x0F, 0xC7, 0xDE, 0xFE, 0x3D, 0xFF,
    0x79, 0xCF, 0xF9, 0xDE, 0xF3, 0xCE, 0xE7, 0x8E, 0x77, 0x3C, 0x73, 0xB9, 0xE3, 0x9D, 0xCF, 0x3C,
    0xEE, 0x3F, 0xFF, 0x39, 0xFF, 0xF1, 0xE7, 0x9F, 0x0F, 0x80, 0x00, 0x3F, 0x00, 0x00, 0xFF, 0xF8,
    0x03, 0xFF, 0xC0, 0x07, 0xFE, 0x00, 0x0F, 0xE0, 0x1F, 0xC0, 0x3F, 0x80, 0xFF, 0x81, 0xFF, 0x03,
    0xDE, 0x07, 0xBC, 0x1F, 0x7C, 0x3C, 0xF8, 0x78, 0xF0, 0xFF, 0xE3, 0xFF, 0xE7, 0xFF, 0xCF, 0x07,
    0xBE, 0x0F, 0xFC, 0x1F, 0xF0, 0x3E, 0x7F, 0xE3, 0xFF, 0x9F, 0xFC, 0xF1, 0xF7, 0x8F, 0xBC, 0x7D,
    0xE7, 0xCF, 0xFC, 0x7F, 0xE3, 0xFF, 0x9E, 0x3E, 0xF0, 0xF7, 0x87, 0xBC, 0x7D, 0xFF, 0xEF, 0xFE,
    0x7F, 0xE0, 0x1F, 0xE0, 0xFF, 0xC7, 0xFF, 0x9E, 0x3E, 0xF8, 0x7B, 0xE1, 0x8F, 0x00, 0x3C, 0x00,
    0xF0, 0x03, 0xC0, 0x0F, 0x00, 0x3E, 0x18, 0xF8, 0x79, 0xE3, 0xE7, 0xFF, 0x8F, 0xFC, 0x1F, 0xE0,
    0xFF, 0xC3, 0xFF, 0x8F, 0xFF, 0x3E, 0x3E, 0xF8, 0xFB, 0xE1, 0xEF, 0x87, 0xBE, 0x1E, 0xF8, 0x7F,
    0xE1, 0xEF, 0x87, 0xBE, 0x1E, 0xF8, 0xFB, 0xE3, 0xEF, 0xFF, 0x3F, 0xF8, 0xFF, 0xC0, 0xFF, 0xFF,
    0xFF, 0xFF, 0xEF, 0x00, 0xF0, 0x0F, 0x00, 0xF0, 0x0F, 0xFE, 0xFF, 0xEF, 0xFE, 0xF0, 0x0F, 0x00,
    0xF0, 0x0F, 0x00, 0xFF, 0xEF, 0xFF, 0xFF, 0xF0, 0xFF, 0xFF, 0xFF, 0xFF, 0xFF, 0x00, 0xF0, 0x0F,
    0x00, 0xF0, 0x0F, 0xFE, 0xFF, 0xEF, 0xFE, 0xF0, 0x0F, 0x00, 0xF0, 0x0F, 0x00, 0xF0, 0x0F, 0x00,
    0xF0, 0x00, 0x0F, 0xE0, 0x7F, 0xC3, 0xFF, 0x9F, 0x1F, 0x7C, 0x7D, 0xE0, 0x07, 0x80, 0x1E, 0x7F,
    0x79, 0xFD, 0xE7, 0xF7, 0x83, 0xDE, 0x0F, 0x7C, 0x3D, 0xF1, 0xF3, 0xFF, 0xCF, 0xFF, 0x1F, 0xBC,
    0xF8, 0xFF, 0xC7, 0xFE, 0x3F, 0xF1, 0xFF, 0x8F, 0xFC, 0x7F, 0xE3, 0xFF, 0xFF, 0xFF, 0xFF, 0xFF,
    0xFE, 0x3F, 0xF1, 0xFF, 0x8F, 0xFC, 0x7F, 0xE3, 0xFF, 0x1F, 0xF8, 0xF8, 0xFF, 0xFF, 0xFF, 0xDF,
    0xFC, 0x1F, 0x00, 0xF8, 0x07, 0xC0, 0x3E, 0x01, 0xF0, 0x0F, 0x80, 0x7C, 0x03, 0xE0, 0x1F, 0x00,
    0xF8, 0x07, 0xC1, 0xFF, 0xDF, 0xFF, 0xFF, 0xF8, 0x1F, 0xF8, 0xFF, 0xC7, 0xFE, 0x00, 0xF0, 0x07,
    0x80, 0x3C, 0x01, 0xE0, 0x0F, 0x00, 0x78, 0x03, 0xC0, 0x1E, 0x00, 0xF7, 0x87, 0xBE, 0x7D, 0xFF,
    0xE7, 0xFE, 0x1F, 0xE0, 0xF8, 0x7D, 0xF1, 0xF3, 0xE7, 0xC7, 0xCF, 0x8F, 0xBE, 0x1F, 0xF8, 0x3F,
    0xF0, 0x7F, 0xC0, 0xFF, 0xC1, 0xFF, 0x83, 0xFF, 0x87, 0xDF, 0x0F, 0x9F, 0x1F, 0x1F, 0x3E, 0x3E,
    0x7C, 0x3E, 0xF8, 0x7C, 0xF0, 0x0F, 0x00, 0xF0, 0x0F, 0x00, 0xF0, 0x0F, 0x00, 0xF0, 0x0F, 0x00,
    0xF0, 0x0F, 0x00, 0xF0, 0x0F, 0x00, 0xF0, 0x0F, 0x00, 0xFF, 0xFF, 0xFF, 0xFF, 0xF0, 0x7C, 0x07,
    0xDF, 0x03, 0xF7, 0xE0, 0xFD, 0xF8, 0x7F, 0x7F, 0x1F, 0xDF, 0xCF, 0xF7, 0xFB, 0xFD, 0xFF, 0xEF,
    0x7B, 0xFB, 0xDE, 0xFC, 0xF7, 0x9F, 0x3D, 0xE7, 0x8F, 0x78, 0xE3, 0xDE, 0x30, 0xF7, 0x80, 0x3D,
    0xE0, 0x0F, 0x78, 0x03, 0xC0, 0xFC, 0x7F, 0xE3, 0xFF, 0x1F, 0xFC, 0xFF, 0xE7, 0xFF, 0x3F, 0xFD,
    0xFF, 0xEF, 0xF7, 0x7F, 0xBF, 0xFD, 0xFF, 0xE7, 0xFF, 0x3F, 0xF9, 0xFF, 0xC7, 0xFE, 0x3F, 0xF1,
    0xF8, 0x0F, 0xE0, 0x3F, 0xE0, 0xFF, 0xE3, 0xE3, 0xE7, 0x83, 0xCF, 0x07, 0xBE, 0x0F, 0xFC, 0x1F,
    0xF8, 0x3F, 0xF0, 0x7F, 0xE0, 0xFB, 0xC1, 0xE7, 0x83, 0xCF, 0x8F, 0x8F, 0xFE, 0x0F, 0xF8, 0x0F,
    0xE0, 0x7F, 0xE3, 0xFF, 0x9F, 0xFE, 0xF1, 0xF7, 0x87, 0xBC, 0x3D, 0xE1, 0xEF, 0x1F, 0x7F, 0xFB,
    0xFF, 0x9F, 0xF0, 0xF0, 0x07, 0x80, 0x3C, 0x01, 0xE0, 0x0F, 0x00, 0x78, 0x00, 0x0F, 0xE0, 0x0F,
    0xF8, 0x0F, 0xFE, 0x0F, 0xDF, 0x87, 0x83, 0xC3, 0xC1, 0xE3, 0xE0, 0xF9, 0xF0, 0x7C, 0xF8, 0x3E,
    0x7C, 0x1F, 0x3E, 0x0F, 0x8F, 0x7F, 0x87, 0xDF, 0xC3, 0xF7, 0xE0, 0xFF, 0xF0, 0x3F, 0xFC, 0x0F,
    0xFF, 0x00, 0x07, 0x80, 0x7F, 0xE1, 0xFF, 0xC7, 0xFF, 0x9E, 0x3E, 0x78, 0x79, 0xE1, 0xE7, 0x87,
    0x9E, 0x3E, 0x7F, 0xF9, 0xFF, 0xC7, 0xFE, 0x1E, 0xF8, 0x79, 0xE1, 0xE7, 0xC7, 0x8F, 0x1E, 0x3E,
    0x78, 0x78, 0x0F, 0xF0, 0xFF, 0xF3, 0xFF, 0xDF, 0x0E, 0x7C, 0x11, 0xF0, 0x07, 0xF8, 0x0F, 0xFC,
    0x3F, 0xF8, 0x3F, 0xF0, 0x0F, 0xC0, 0x0F, 0x30, 0x3D, 0xE1, 0xF7, 0xFF, 0x9F, 0xFE, 0x1F, 0xE0,
    0xFF, 0xFF, 0xFF, 0xFF, 0xFF, 0xF8, 0x3E, 0x00, 0x7C, 0x00, 0xF8, 0x01, 0xF0, 0x03, 0xE0, 0x07,
    0xC0, 0x0F, 0x80, 0x1F, 0x00, 0x3E, 0x00, 0x7C, 0x00, 0xF8, 0x01, 0xF0, 0x03, 0xE0, 0x07, 0xC0,
    0xF8, 0xFF, 0xC7, 0xFE, 0x3F, 0xF1, 0xFF, 0x8F, 0xFC, 0x7F, 0xE3, 0xFF, 0x1F, 0xF8, 0xFF, 0xC7,
    0xFE, 0x3F, 0xF1, 0xFF, 0x8F, 0xFE, 0xFD, 0xFF, 0xCF, 0xFE, 0x3F, 0xE0, 0xF8, 0x3F, 0xF0, 0x7D,
    0xE0, 0xF3, 0xE1, 0xE7, 0xC7, 0xCF, 0x8F, 0x8F, 0x1E, 0x1F, 0x3C, 0x3E, 0xF8, 0x7D, 0xF0, 0x7B,
    0xC0, 0xF7, 0x81, 0xFF, 0x01, 0xFC, 0x03, 0xF8, 0x07, 0xF0, 0x0F, 0xE0, 0x78, 0x3E, 0x0F, 0x78,
    0x3E, 0x1F, 0x78, 0x7E, 0x1E, 0x7C, 0x7F, 0x1E, 0x7C, 0x7F, 0x1E, 0x3C, 0x7F, 0x1E, 0x3C, 0xFF,
    0x3E, 0x3C, 0xF7, 0xBC, 0x3E, 0xF7, 0xBC, 0x1E, 0xE7, 0xBC, 0x1F, 0xE7, 0xBC, 0x1F, 0xE3, 0xF8,
    0x1F, 0xE3, 0xF8, 0x0F, 0xC3, 0xF8, 0x0F, 0xC3, 0xF8, 0x0F, 0xC1, 0xF0, 0x0F, 0xC1, 0xF0, 0xF8,
    0x3E, 0xF8, 0xF8, 0xF9, 0xE1, 0xF7, 0xC1, 0xEF, 0x03, 0xFE, 0x03, 0xF8, 0x07, 0xF0, 0x07, 0xC0,
    0x1F, 0xC0, 0x7F, 0xC0, 0xFF, 0x83, 0xEF, 0x87, 0x9F, 0x1F, 0x1F, 0x3C, 0x3E, 0xF8, 0x3E, 0xF8,
    0x3F, 0xF0, 0x7D, 0xF1, 0xF3, 0xE3, 0xE3, 0xEF, 0x87, 0xDF, 0x07, 0xFC, 0x0F, 0xF8, 0x0F, 0xE0,
    0x1F, 0xC0, 0x1F, 0x00, 0x3E, 0x00, 0x7C, 0x00, 0xF8, 0x01, 0xF0, 0x03, 0xE0, 0x07, 0xC0, 0xFF,
    0xFF, 0xFF, 0xFF, 0xFE, 0x03, 0xF0, 0x1F, 0x01, 0xF0, 0x1F, 0x01, 0xF8, 0x0F, 0x80, 0xF8, 0x0F,
    0xC0, 0x7C, 0x07, 0xC0, 0x7C, 0x03, 0xFF, 0xFF, 0xFF, 0xFF, 0xF8, 0xFF, 0xFF, 0xFF, 0xFE, 0x0F,
    0x07, 0x83, 0xC1, 0xE0, 0xF0, 0x78, 0x3C, 0x1E, 0x0F, 0x07, 0x83, 0xC1, 0xE0, 0xF0, 0x78, 0x3C,
    0x1F, 0xFF, 0xFF, 0xFC, 0x78, 0x03, 0xC0, 0x1E, 0x00, 0x78, 0x03, 0xC0, 0x1F, 0x00, 0x78, 0x03,
    0xC0, 0x0F, 0x00, 0x78, 0x03, 0xC0, 0x0F, 0x00, 0x78, 0x03, 0xC0, 0x0F, 0x00, 0x78, 0x03, 0xE0,
    0x0F, 0x00, 0x78, 0x01, 0xE0, 0x0F, 0x00, 0x78, 0xFF, 0xFF, 0xFF, 0xE0, 0xF0, 0x78, 0x3C, 0x1E,
    0x0F, 0x07, 0x83, 0xC1, 0xE0, 0xF0, 0x78, 0x3C, 0x1E, 0x0F, 0x07, 0x83, 0xC1, 0xFF, 0xFF, 0xFF,
    0xFC, 0x07, 0xC0, 0x1F, 0xC0, 0x3F, 0x80, 0xFF, 0x81, 0xEF, 0x07, 0x9F, 0x0F, 0x1E, 0x3E, 0x3E,
    0x78, 0x3D, 0xF0, 0x7C, 0xC0, 0x60, 0xFF, 0xFF, 0xFF, 0xFF, 0xFE, 0x33, 0xCF, 0x9E, 0x3C, 0xF1,
    0x80, 0x3F, 0xC1, 0xFF, 0x87, 0xFF, 0x1C, 0x7C, 0x00, 0xF0, 0xFF, 0xC7, 0xFF, 0x3E, 0x3C, 0xF0,
    0xF3, 0xE7, 0xCF, 0xFF, 0xDF, 0xFF, 0x3E, 0x7C, 0xF8, 0x03, 0xE0, 0x0F, 0x80, 0x3E, 0x00, 0xF8,
    0x03, 0xFF, 0x8F, 0xFF, 0x3F, 0xFE, 0xF8, 0xFB, 0xE1, 0xEF, 0x87, 0xBE, 0x1E, 0xF8, 0x7B, 0xE1,
    0xEF, 0x8F, 0xBF, 0xFE, 0xFF, 0xF3, 0xFF, 0x80, 0x1F, 0xC1, 0xFF, 0x9F, 0xFC, 0xF9, 0xEF, 0x84,
    0x7C, 0x03, 0xE0, 0x1F, 0x00, 0xF8, 0x43, 0xE7, 0x9F, 0xFE, 0x7F, 0xE1, 0xFE, 0x00, 0x00, 0x7C,
    0x01, 0xF0, 0x07, 0xC0, 0x1F, 0x00, 0x7C, 0x7F, 0xF3, 0xFF, 0xDF, 0xFF, 0x7C, 0x7D, 0xE1, 0xF7,
    0x87, 0xDE, 0x1F, 0x78, 0x7D, 0xE1, 0xF7, 0xC7, 0xDF, 0xFF, 0x3F, 0xFC, 0x7F, 0xF0, 0x1F, 0xC1,
    0xFF, 0x1F, 0xFD, 0xF1, 0xFF, 0x07, 0xFF, 0xFF, 0xFF, 0xFF, 0xFF, 0xF0, 0x07, 0xC3, 0x1F, 0xFC,
    0x7F, 0xE1, 0xFE, 0x00, 0x03, 0xF8, 0x3F, 0xC3, 0xFE, 0x1F, 0x00, 0xF8, 0x7F, 0xFF, 0xFF, 0xFF,
    0xFF, 0x0F, 0x80, 0x7C, 0x03, 0xE0, 0x1F, 0x00, 0xF8, 0x07, 0xC0, 0x3E, 0x1F, 0xFF, 0xFF, 0xFF,
    0xFF, 0xC0, 0x1F, 0x7C, 0xFF, 0xF7, 0xFF, 0xDF, 0x1F, 0x78, 0x7D, 0xE1, 0xF7, 0x87, 0xDE, 0x1F,
    0x78, 0x7D, 0xF1, 0xF7, 0xFF, 0xCF, 0xFF, 0x1F, 0x7C, 0x01, 0xF1, 0x8F, 0x8F, 0xFE, 0x3F, 0xF0,
    0x7F, 0x80, 0xF8, 0x07, 0xC0, 0x3E, 0x01, 0xF0, 0x0F, 0x80, 0x7D, 0xF3, 0xFF, 0xDF, 0xFE, 0xF8,
    0xFF, 0xC7, 0xFE, 0x3F, 0xF1, 0xFF, 0x8F, 0xFC, 0x7F, 0xE3, 0xFF, 0x1F, 0xF8, 0xFF, 0xC7, 0xC0,
    0x0F, 0x80, 0xF8, 0x0F, 0x80, 0xF8, 0x00, 0x0F, 0xF8, 0xFF, 0x8F, 0xF8, 0x0F, 0x80, 0xF8, 0x0F,
    0x80, 0xF8, 0x0F, 0x80, 0xF8, 0x0F, 0x8F, 0xFF, 0xFF, 0xFF, 0xFF, 0x07, 0x81, 0xE0, 0x78, 0x1E,
    0x00, 0x3F, 0xEF, 0xFB, 0xFE, 0x07, 0x81, 0xE0, 0x78, 0x1E, 0x07, 0x81, 0xE0, 0x78, 0x1E, 0x07,
    0x81, 0xE0, 0x78, 0x1E, 0xFF, 0xBF, 0xEF, 0xF0, 0xF8, 0x03, 0xE0, 0x0F, 0x80, 0x3E, 0x00, 0xF8,
    0x03, 0xE3, 0xEF, 0x9F, 0x3E, 0xF8, 0xFF, 0xC3, 0xFE, 0x0F, 0xF8, 0x3F, 0xF0, 0xFF, 0xC3, 0xEF,
    0x8F, 0x9F, 0x3E, 0x7C, 0xF8, 0xFB, 0xE1, 0xF0, 0xFF, 0x87, 0xFC, 0x3F, 0xE0, 0x1F, 0x00, 0xF8,
    0x07, 0xC0, 0x3E, 0x01, 0xF0, 0x0F, 0x80, 0x7C, 0x03, 0xE0, 0x1F, 0x00, 0xF8, 0x07, 0xC0, 0x3E,
    0x1F, 0xFF, 0xFF, 0xFF, 0xFF, 0xC0, 0xFF, 0xE7, 0xCF, 0xFF, 0xFE, 0xFF, 0xFF, 0xFF, 0x8F, 0x9F,
    0xF8, 0xF8, 0xFF, 0x8F, 0x0F, 0xF8, 0xF0, 0xFF, 0x8F, 0x0F, 0xF8, 0xF0, 0xFF, 0x8F, 0x0F, 0xF8,
    0xF0, 0xFF, 0x8F, 0x0F, 0xF8, 0xF0, 0xF0, 0xFB, 0xE7, 0xFF, 0xBF, 0xFD, 0xF1, 0xFF, 0x8F, 0xFC,
    0x7F, 0xE3, 0xFF, 0x1F, 0xF8, 0xFF, 0xC7, 0xFE, 0x3F, 0xF1, 0xFF, 0x8F, 0x80, 0x1F, 0xC1, 0xFF,
    0x1F, 0xFD, 0xF1, 0xFF, 0x07, 0xF8, 0x3F, 0xC1, 0xFE, 0x0F, 0xF0, 0x7F, 0xC7, 0xDF, 0xFC, 0x7F,
    0xC1, 0xFC, 0x00, 0xFF, 0xE3, 0xFF, 0xCF, 0xFF, 0xBE, 0x3E, 0xF8, 0x7B, 0xE1, 0xEF, 0x87, 0xBE,
    0x1E, 0xF8, 0x7B, 0xE3, 0xEF, 0xFF, 0xBF, 0xFC, 0xFF, 0xE3, 0xE0, 0x0F, 0x80, 0x3E, 0x00, 0xF8,
    0x03, 0xE0, 0x00, 0x1F, 0xFC, 0xFF, 0xF7, 0xFF, 0xDF, 0x1F, 0x78, 0x7D, 0xE1, 0xF7, 0x87, 0xDE,
    0x1F, 0x78, 0x7D, 0xF1, 0xF7, 0xFF, 0xCF, 0xFF, 0x1F, 0xFC, 0x01, 0xF0, 0x07, 0xC0, 0x1F, 0x00,
    0x7C, 0x01, 0xF0, 0xFF, 0x7B, 0xFF, 0xE7, 0xFF, 0x87, 0xF0, 0x1F, 0x00, 0x7C, 0x01, 0xF0, 0x07,
    0xC0, 0x1F, 0x00, 0x7C, 0x07, 0xFF, 0x3F, 0xFC, 0xFF, 0xF0, 0x1F, 0xE1, 0xFF, 0x9F, 0xFC, 0xF0,
    0xC7, 0xC0, 0x3F, 0xE1, 0xFF, 0xC3, 0xFE, 0x00, 0xFB, 0x87, 0xFF, 0xFC, 0xFF, 0xE3, 0xFC, 0x00,
    0x1F, 0x00, 0xF8, 0x07, 0xC0, 0x3E, 0x0F, 0xFF, 0xFF, 0xFF, 0xFF, 0xE3, 0xE0, 0x1F, 0x00, 0xF8,
    0x07, 0xC0, 0x3E, 0x01, 0xF0, 0x0F, 0x80, 0x7F, 0xE1, 0xFF, 0x07, 0xF8, 0xF8, 0xFF, 0xC7, 0xFE,
    0x3F, 0xF1, 0xFF, 0x8F, 0xFC, 0x7F, 0xE3, 0xFF, 0x1F, 0xF8, 0xFF, 0xC7, 0xDF, 0xFE, 0xFF, 0xF3,
    0xEF, 0x80, 0xF8, 0x3E, 0xF0, 0x79, 0xF1, 0xF1, 0xE3, 0xC3, 0xC7, 0x87, 0xCF, 0x07, 0xBC, 0x0F,
    0x78, 0x1E, 0xF0, 0x1F, 0xC0, 0x3F, 0x80, 0x7F, 0x00, 0x7C, 0x00, 0xF0, 0xF8, 0xFF, 0xC7, 0xC7,
    0x9E, 0x3E, 0x3C, 0xF3, 0xF1, 0xE7, 0x9F, 0xDE, 0x3E, 0xFE, 0xF0, 0xFF, 0x77, 0x87, 0xFB, 0xFC,
    0x3F, 0x9F, 0xC0, 0xFC, 0xFE, 0x07, 0xE3, 0xF0, 0x3F, 0x1F, 0x01, 0xF0, 0xF8, 0x00, 0x7C, 0x7C,
    0x7C, 0xF0, 0xFB, 0xE0, 0xFF, 0x80, 0xFE, 0x01, 0xFC, 0x01, 0xF0, 0x07, 0xF0, 0x1F, 0xF0, 0x3F,
    0xE0, 0xFB, 0xE3, 0xE3, 0xE7, 0x87, 0xC0, 0xF8, 0x3E, 0xF0, 0x79, 0xF1, 0xF3, 0xE3, 0xE3, 0xC7,
    0x87, 0xDF, 0x07, 0xBC, 0x0F, 0x78, 0x1F, 0xE0, 0x1F, 0xC0, 0x3F, 0x80, 0x3E, 0x00, 0x7C, 0x00,
    0xF0, 0x01, 0xE0, 0x3F, 0xC0, 0x7F, 0x00, 0xFC, 0x00, 0x7F, 0xF3, 0xFF, 0x9F, 0xFC, 0x03, 0xE0,
    0x3E, 0x03, 0xE0, 0x3E, 0x03, 0xE0, 0x3E, 0x03, 0xE0, 0x3F, 0xFF, 0xFF, 0xFF, 0xFF, 0x80, 0x0F,
    0xE3, 0xFC, 0x7F, 0x8E, 0x01, 0xE0, 0x3C, 0x03, 0xC0, 0x38, 0x07, 0x9F, 0xE3, 0xF8, 0x7F, 0x80,
    0xF0, 0x0F, 0x03, 0xC0, 0x78, 0x1E, 0x03, 0xC0, 0x70, 0x0F, 0xF1, 0xFE, 0x1F, 0xC0, 0x73, 0x9C,
    0xE7, 0x39, 0xCE, 0x73, 0x9C, 0xE7, 0x39, 0xCE, 0x73, 0x9C, 0xE7, 0x38, 0xFE, 0x1F, 0xE3, 0xFC,
    0x03, 0x80, 0xF0, 0x1E, 0x07, 0x80, 0xE0, 0x3C, 0x03, 0xFC, 0x3F, 0x8F, 0xF1, 0xE0, 0x78, 0x07,
    0x80, 0xF0, 0x0F, 0x01, 0xE0, 0x1C, 0x7F, 0x8F, 0xF1, 0xFC, 0x00, 0x1E, 0x18, 0x7F, 0x39, 0xFF,
    0xF3, 0xDF, 0xE7, 0x0F, 0x80, 0xFF, 0xFF, 0xF0, 0x00, 0x0E, 0x73, 0x9D, 0xFF, 0xFF, 0xFF, 0xFF,
    0xC0, 0x07, 0x80, 0x3C, 0x01, 0xE0, 0x3F, 0xC3, 0xFF, 0x3F, 0xFD, 0xFD, 0xDF, 0xE0, 0xF7, 0x07,
    0xB8, 0x3D, 0xC1, 0xFE, 0xC7, 0xFF, 0xBF, 0xF8, 0xFF, 0x81, 0xF8, 0x07, 0x80, 0x3C, 0x00, 0x0F,
    0xE1, 0xFF, 0xDF, 0xFE, 0xF8, 0xE7, 0x82, 0x3C, 0x01, 0xF0, 0x0F, 0x80, 0xFF, 0xC7, 0xFE, 0x3F,
    0xF0, 0x7C, 0x03, 0xE0, 0x3E, 0x03, 0xFF, 0xFF, 0xFF, 0xFF, 0xF8, 0xF0, 0x1F, 0xF0, 0x7D, 0xE0,
    0xF3, 0xE3, 0xE3, 0xC7, 0x87, 0x8F, 0x0F, 0xBE, 0x0F, 0x78, 0x1F, 0xF0, 0xFF, 0xF9, 0xFF, 0xF3,
    0xFF, 0xE0, 0x7C, 0x00, 0xF8, 0x1F, 0xFF, 0x3F, 0xFE, 0x7F, 0xFC, 0x73, 0x9C, 0xE7, 0x39, 0xCE,
    0x70, 0x00, 0x00, 0x39, 0xCE, 0x73, 0x9C, 0xE7, 0x38, 0x1F, 0xE1, 0xFF, 0x8F, 0xFC, 0xF0, 0xC7,
    0x80, 0x3E, 0x00, 0xFE, 0x07, 0xFC, 0x1F, 0xF3, 0xDF, 0xDC, 0x1F, 0xE0, 0xFF, 0xC7, 0x3F, 0xF0,
    0xFF, 0x81, 0xFE, 0x01, 0xF0, 0x07, 0x8C, 0x3C, 0xFF, 0xE7, 0xFE, 0x0F, 0xE0, 0xFB, 0xFF, 0x7F,
    0xEF, 0xFD, 0xF0, 0x03, 0xF8, 0x03, 0xFF, 0x81, 0xF3, 0xF0, 0xE0, 0x1E, 0x73, 0xF3, 0x99, 0xFF,
    0x7E, 0xFF, 0xDF, 0xBC, 0x73, 0xEF, 0x00, 0xFB, 0xC0, 0x3E, 0xF1, 0x0F, 0xBE, 0xF7, 0x67, 0xFD,
    0xDD, 0xFE, 0xE3, 0x9F, 0x78, 0xF8, 0x7C, 0x0F, 0xFE, 0x01, 0xFE, 0x00, 0x7E, 0x3F, 0xC6, 0x70,
    0x1E, 0x7F, 0xBF, 0xEE, 0x7B, 0x9E, 0xFF, 0xDE, 0xF0, 0x04, 0x10, 0x61, 0xCF, 0x9E, 0xFB, 0xFF,
    0xBF, 0x7D, 0xF3, 0xCF, 0x1F, 0x7C, 0x7D, 0xF1, 0xF7, 0xC7, 0x9E, 0x18, 0x60, 0x00, 0x00, 0xFF,
    0xF7, 0xFF, 0xBF, 0xFC, 0x00, 0xE0, 0x07, 0x00, 0x38, 0x01, 0xC0, 0x0E, 0xFF, 0xFF, 0xFF, 0xFF,
    0xF0, 0x1F, 0x07, 0x71, 0xFF, 0x3D, 0xE7, 0xFC, 0xFF, 0x9E, 0xF1, 0xDC, 0x1F, 0x00, 0xFF, 0xFF,
    0xFF, 0xE0, 0x1F, 0x07, 0xF1, 0xFF, 0x3D, 0xEF, 0x1F, 0xE3, 0xDC, 0x73, 0xFE, 0x3F, 0x83, 0xE0,
    0x07, 0x00, 0x38, 0x01, 0xC0, 0x0E, 0x0F, 0xFF, 0xFF, 0xFF, 0xFF, 0xE0, 0xE0, 0x07, 0x00, 0x38,
    0x01, 0xC0, 0x00, 0x00, 0x00, 0x7F, 0xFF, 0xFF, 0xFF, 0xFF, 0x3E, 0x3F, 0x9F, 0xC0, 0xE0, 0xF1,
    0xF1, 0xF0, 0xFF, 0x7F, 0x80, 0x7F, 0x3F, 0x89, 0xC3, 0xE1, 0xF0, 0x39, 0x9F, 0xFE, 0x7E, 0x00,
    0x18, 0x3C, 0xF9, 0xE7, 0x8E, 0x1C, 0x00, 0xF8, 0xFF, 0xC7, 0xFE, 0x3F, 0xF1, 0xFF, 0x8F, 0xFC,
    0x7F, 0xE3, 0xFF, 0x1F, 0xF8, 0xFF, 0xC7, 0xFF, 0xFF, 0xFF, 0xFF, 0xFF, 0xF8, 0x03, 0xC0, 0x1F,
    0x00, 0xF8, 0x07, 0xC0, 0x00, 0x1F, 0xFC, 0xFF, 0xF7, 0xFF, 0xDF, 0xEF, 0xFF, 0xBF, 0xFE, 0xFF,
    0xFB, 0xDF, 0xEF, 0x7F, 0xBC, 0xFE, 0xF1, 0xFB, 0xC0, 0xEF, 0x03, 0xBC, 0x0E, 0xF0, 0x3B, 0xC0,
    0xEF, 0x03, 0xBC, 0x0E, 0xF0, 0x3B, 0xC0, 0xEF, 0x03, 0x9C, 0xFF, 0xFF, 0xF0, 0x38, 0x38, 0x3E,
    0x0E, 0x7E, 0x7E, 0x7C, 0xFC, 0xFC, 0x5C, 0x1C, 0x1C, 0x1C, 0xFF, 0xFF, 0x1F, 0x07, 0xF1, 0xEF,
    0x38, 0xE7, 0x1C, 0xE3, 0x9C, 0x73, 0xDE, 0x3F, 0x83, 0xE0, 0x41, 0x07, 0x0C, 0x3C, 0xF9, 0xFB,
    0xE7, 0xEF, 0x9F, 0x7C, 0x79, 0xE7, 0xDF, 0x7D, 0xF7, 0xDF, 0x3C, 0xF0, 0xC3, 0x00, 0x00, 0x00,
    0x7C, 0x0F, 0xF8, 0x39, 0x70, 0x70, 0xE1, 0xC1, 0xC7, 0x83, 0x8E, 0x1F, 0xBC, 0x3F, 0x70, 0x00,
    0x1C, 0x1C, 0x78, 0x79, 0xF0, 0xE3, 0xE3, 0xCF, 0xC7, 0x3F, 0x9C, 0x7F, 0xB8, 0x7F, 0xE0, 0x1C,
    0x7C, 0x0F, 0xF8, 0x39, 0x70, 0x70, 0xE1, 0xC1, 0xC7, 0x83, 0x8E, 0x1F, 0xBC, 0x3F, 0x70, 0x00,
    0x7C, 0x1D, 0xF8, 0x7B, 0xF8, 0xE0, 0x73, 0xC1, 0xC7, 0x0F, 0x1C, 0x3C, 0x38, 0x7F, 0xE0, 0xFE,
    0x7E, 0x0F, 0xFC, 0x39, 0xB8, 0x71, 0xF1, 0xC3, 0xE7, 0x81, 0xCE, 0x3B, 0xBC, 0x7F, 0x70, 0x7C,
    0x1C, 0x1C, 0x78, 0x79, 0xF0, 0xE3, 0xE3, 0xCF, 0xC7, 0x3F, 0x9C, 0x7F, 0xB8, 0x7F, 0xE0, 0x1C,
    0x0F, 0xC0, 0x7E, 0x03, 0xF0, 0x1F, 0x80, 0x00, 0x00, 0x00, 0x1E, 0x00, 0xF0, 0x1F, 0x81, 0xFC,
    0x1F, 0x80, 0xF0, 0x0F, 0x80, 0x3C, 0x31, 0xF3, 0xEF, 0xFE, 0x3F, 0xF0, 0xFE, 0x00, 0x02, 0x00,
    0x1E, 0x00, 0x3C, 0x00, 0x7C, 0x00, 0x78, 0x00, 0x70, 0x00, 0x40, 0x00, 0x00, 0x0F, 0xE0, 0x1F,
    0xC0, 0x3F, 0x80, 0xFF, 0x81, 0xFF, 0x03, 0xDE, 0x07, 0xBC, 0x1F, 0x7C, 0x3C, 0xF8, 0x78, 0xF0,
    0xFF, 0xE3, 0xFF, 0xE7, 0xFF, 0xCF, 0x07, 0xBE, 0x0F, 0xFC, 0x1F, 0xF0, 0x3E, 0x00, 0x00, 0x01,
    0xC0, 0x07, 0xC0, 0x0F, 0x00, 0x3E, 0x00, 0x78, 0x01, 0xE0, 0x00, 0x80, 0x00, 0x00, 0x1F, 0xC0,
    0x3F, 0x80, 0x7F, 0x01, 0xFF, 0x03, 0xFE, 0x07, 0xBC, 0x0F, 0x78, 0x3E, 0xF8, 0x79, 0xF0, 0xF1,
    0xE1, 0xFF, 0xC7, 0xFF, 0xCF, 0xFF, 0x9E, 0x0F, 0x7C, 0x1F, 0xF8, 0x3F, 0xE0, 0x7C, 0x07, 0xC0,
    0x1F, 0xC0, 0x7F, 0xC1, 0xF7, 0x81, 0xC7, 0x01, 0x04, 0x00, 0x00, 0x07, 0xF0, 0x0F, 0xE0, 0x1F,
    0xC0, 0x7F, 0xC0, 0xFF, 0x81, 0xEF, 0x03, 0xDE, 0x0F, 0xBE, 0x1E, 0x7C, 0x3C, 0x78, 0x7F, 0xF1,
    0xFF, 0xF3, 0xFF, 0xE7, 0x83, 0xDF, 0x07, 0xFE, 0x0F, 0xF8, 0x1F, 0x0F, 0x00, 0x3F, 0xE0, 0x7F,
    0xC0, 0xDF, 0x80, 0x00, 0x00, 0x00, 0x03, 0xF8, 0x07, 0xF0, 0x0F, 0xE0, 0x3F, 0xE0, 0x7F, 0xC0,
    0xF7, 0x81, 0xEF, 0x07, 0xDF, 0x0F, 0x3E, 0x1E, 0x3C, 0x3F, 0xF8, 0xFF, 0xF9, 0xFF, 0xF3, 0xC1,
    0xEF, 0x83, 0xFF, 0x07, 0xFC, 0x0F, 0x80, 0x3E, 0xF8, 0x7D, 0xF0, 0xFB, 0xE1, 0xF7, 0xC0, 0x00,
    0x01, 0xFC, 0x03, 0xF8, 0x07, 0xF0, 0x1F, 0xF0, 0x3F, 0xE0, 0x7B, 0xC0, 0xF7, 0x83, 0xEF, 0x87,
    0x9F, 0x0F, 0x1E, 0x1F, 0xFC, 0x7F, 0xFC, 0xFF, 0xF9, 0xE0, 0xF7, 0xC1, 0xFF, 0x83, 0xFE, 0x07,
    0xC0, 0x07, 0xC0, 0x1F, 0xC0, 0x3B, 0x80, 0xF7, 0x00, 0xEE, 0x01, 0xFC, 0x01, 0xF0, 0x00, 0x00,
    0x0F, 0xE0, 0x1F, 0xC0, 0x3F, 0x80, 0xFF, 0x81, 0xFF, 0x03, 0xDE, 0x07, 0xBC, 0x1F, 0x7C, 0x3C,
    0xF8, 0x78, 0xF0, 0xFF, 0xE3, 0xFF, 0xE7, 0xFF, 0xCF, 0x07, 0xBE, 0x0F, 0xFC, 0x1F, 0xF0, 0x3E,
    0x00, 0x7F, 0xFC, 0x03, 0xFF, 0xF0, 0x0F, 0xFF, 0xC0, 0x7F, 0xC0, 0x01, 0xFF, 0x00, 0x0F, 0x7C,
    0x00, 0x3D, 0xF0, 0x01, 0xE7, 0xFE, 0x07, 0x9F, 0xF8, 0x3E, 0x7F, 0xE0, 0xFF, 0xF0, 0x07, 0xFF,
    0xC0, 0x1F, 0xFF, 0x00, 0xF0, 0x7C, 0x03, 0xC1, 0xFF, 0xDF, 0x07, 0xFF, 0x78, 0x1F, 0xFC, 0x1F,
    0xE0, 0xFF, 0xC7, 0xFF, 0x9E, 0x3E, 0xF8, 0x7B, 0xE1, 0x8F, 0x00, 0x3C, 0x00, 0xF0, 0x03, 0xC0,
    0x0F, 0x00, 0x3E, 0x18, 0xF8, 0x79, 0xE3, 0xE7, 0xFF, 0x8F, 0xFC, 0x1F, 0xE0, 0x1C, 0x00, 0x7C,
    0x00, 0x78, 0x0F, 0xC0, 0x3F, 0x00, 0x08, 0x03, 0xC0, 0x3C, 0x03, 0xE0, 0x1E, 0x00, 0xF0, 0x04,
    0x00, 0x00, 0xFF, 0xFF, 0xFF, 0xFF, 0xEF, 0x00, 0xF0, 0x0F, 0x00, 0xF0, 0x0F, 0xFE, 0xFF, 0xEF,
    0xFE, 0xF0, 0x0F, 0x00, 0xF0, 0x0F, 0x00, 0xFF, 0xEF, 0xFF, 0xFF, 0xF0, 0x00, 0x00, 0x38, 0x03,
    0xC0, 0x78, 0x0F, 0x80, 0xF0, 0x0E, 0x00, 0x60, 0x00, 0x0F, 0xFF, 0xFF, 0xFF, 0xFE, 0xF0, 0x0F,
    0x00, 0xF0, 0x0F, 0x00, 0xFF, 0xEF, 0xFE, 0xFF, 0xEF, 0x00, 0xF0, 0x0F, 0x00, 0xF0, 0x0F, 0xFE,
    0xFF, 0xFF, 0xFF, 0x1F, 0x03, 0xF8, 0x7F, 0xC7, 0xBE, 0x71, 0xC2, 0x08, 0x00, 0x0F, 0xFF, 0xFF,
    0xFF, 0xFE, 0xF0, 0x0F, 0x00, 0xF0, 0x0F, 0x00, 0xFF, 0xEF, 0xFE, 0xFF, 0xEF, 0x00, 0xF0, 0x0F,
    0x00, 0xF0, 0x0F, 0xFE, 0xFF, 0xFF, 0xFF, 0xFB, 0xEF, 0xBE, 0xFB, 0xEF, 0xBE, 0x00, 0x0F, 0xFF,
    0xFF, 0xFF, 0xFE, 0xF0, 0x0F, 0x00, 0xF0, 0x0F, 0x00, 0xFF, 0xEF, 0xFE, 0xFF, 0xEF, 0x00, 0xF0,
    0x0F, 0x00, 0xF0, 0x0F, 0xFE, 0xFF, 0xFF, 0xFF, 0x04, 0x00, 0xF0, 0x07, 0x80, 0x3E, 0x00, 0xF0,
    0x03, 0x80, 0x08, 0x00, 0x00, 0xFF, 0xFF, 0xFF, 0xDF, 0xFC, 0x1F, 0x00, 0xF8, 0x07, 0xC0, 0x3E,
    0x01, 0xF0, 0x0F, 0x80, 0x7C, 0x03, 0xE0, 0x1F, 0x00, 0xF8, 0x07, 0xC1, 0xFF, 0xDF, 0xFF, 0xFF,
    0xF8, 0x00, 0x00, 0x0E, 0x00, 0xF8, 0x07, 0x80, 0x7C, 0x03, 0xC0, 0x1C, 0x00, 0x60, 0x00, 0x07,
    0xFF, 0xFF, 0xFE, 0xFF, 0xE0, 0xF8, 0x07, 0xC0, 0x3E, 0x01, 0xF0, 0x0F, 0x80, 0x7C, 0x03, 0xE0,
    0x1F, 0x00, 0xF8, 0x07, 0xC0, 0x3E, 0x0F, 0xFE, 0xFF, 0xFF, 0xFF, 0xC0, 0x0F, 0x80, 0xFE, 0x0F,
    0xF8, 0x7B, 0xC3, 0x8E, 0x08, 0x20, 0x00, 0x1F, 0xFF, 0xFF, 0xFB, 0xFF, 0x83, 0xE0, 0x1F, 0x00,
    0xF8, 0x07, 0xC0, 0x3E, 0x01, 0xF0, 0x0F, 0x80, 0x7C, 0x03, 0xE0, 0x1F, 0x00, 0xF8, 0x3F, 0xFB,
    0xFF, 0xFF, 0xFF, 0x7D, 0xF3, 0xEF, 0x9F, 0x7C, 0xFB, 0xE0, 0x00, 0x7F, 0xFF, 0xFF, 0xEF, 0xFE,
    0x0F, 0x80, 0x7C, 0x03, 0xE0, 0x1F, 0x00, 0xF8, 0x07, 0xC0, 0x3E, 0x01, 0xF0, 0x0F, 0x80, 0x7C,
    0x03, 0xE0, 0xFF, 0xEF, 0xFF, 0xFF, 0xFC, 0x7F, 0xE0, 0xFF, 0xE1, 0xFF, 0xE3, 0xE3, 0xE7, 0xC7,
    0xCF, 0x87, 0xBF, 0xCF, 0x7F, 0xDE, 0xFF, 0xBE, 0xF8, 0x79, 0xF0, 0xF3, 0xE1, 0xE7, 0xC7, 0xCF,
    0x8F, 0x9F, 0xFE, 0x3F, 0xF8, 0x7F, 0xE0, 0x1E, 0x01, 0xFF, 0x0F, 0xF8, 0x2F, 0xC0, 0x00, 0x00,
    0x03, 0xF1, 0xFF, 0x8F, 0xFC, 0x7F, 0xF3, 0xFF, 0x9F, 0xFC, 0xFF, 0xF7, 0xFF, 0xBF, 0xDD, 0xFE,
    0xFF, 0xF7, 0xFF, 0x9F, 0xFC, 0xFF, 0xE7, 0xFF, 0x1F, 0xF8, 0xFF, 0xC7, 0xE0, 0x02, 0x00, 0x1E,
    0x00, 0x3C, 0x00, 0x7C, 0x00, 0x78, 0x00, 0x70, 0x00, 0x40, 0x00, 0x00, 0x0F, 0xE0, 0x3F, 0xE0,
    0xFF, 0xE3, 0xE3, 0xE7, 0x83, 0xCF, 0x07, 0xBE, 0x0F, 0xFC, 0x1F, 0xF8, 0x3F, 0xF0, 0x7F, 0xE0,
    0xFB, 0xC1, 0xE7, 0x83, 0xCF, 0x8F, 0x8F, 0xFE, 0x0F, 0xF8, 0x0F, 0xE0, 0x00, 0x00, 0x01, 0xC0,
    0x07, 0xC0, 0x0F, 0x00, 0x3E, 0x00, 0x78, 0x00, 0xE0, 0x00, 0xC0, 0x00, 0x00, 0x1F, 0xC0, 0x7F,
    0xC1, 0xFF, 0xC7, 0xC7, 0xCF, 0x07, 0x9E, 0x0F, 0x7C, 0x1F, 0xF8, 0x3F, 0xF0, 0x7F, 0xE0, 0xFF,
    0xC1, 0xF7, 0x83, 0xCF, 0x07, 0x9F, 0x1F, 0x1F, 0xFC, 0x1F, 0xF0, 0x1F, 0xC0, 0x07, 0xC0, 0x1F,
    0xC0, 0x7F, 0xC0, 0xF7, 0x81, 0xC7, 0x01, 0x04, 0x00, 0x00, 0x07, 0xF0, 0x1F, 0xF0, 0x7F, 0xF1,
    0xF1, 0xF3, 0xC1, 0xE7, 0x83, 0xDF, 0x07, 0xFE, 0x0F, 0xFC, 0x1F, 0xF8, 0x3F, 0xF0, 0x7D, 0xE0,
    0xF3, 0xC1, 0xE7, 0xC7, 0xC7, 0xFF, 0x07, 0xFC, 0x07, 0xF0, 0x0F, 0x00, 0x3F, 0xE0, 0x7F, 0xC0,
    0x5F, 0x80, 0x00, 0x00, 0x00, 0x03, 0xF8, 0x0F, 0xF8, 0x3F, 0xF8, 0xF8, 0xF9, 0xE0, 0xF3, 0xC1,
    0xEF, 0x83, 0xFF, 0x07, 0xFE, 0x0F, 0xFC, 0x1F, 0xF8, 0x3E, 0xF0, 0x79, 0xE0, 0xF3, 0xE3, 0xE3,
    0xFF, 0x83, 0xFE, 0x03, 0xF8, 0x00, 0x3E, 0xF8, 0x7D, 0xF0, 0xFB, 0xE1, 0xF7, 0xC0, 0x00, 0x01,
    0xFC, 0x07, 0xFC, 0x1F, 0xFC, 0x7C, 0x7C, 0xF0, 0x79, 0xE0, 0xF7, 0xC1, 0xFF, 0x83, 0xFF, 0x07,
    0xFE, 0x0F, 0xFC, 0x1F, 0x78, 0x3C, 0xF0, 0x79, 0xF1, 0xF1, 0xFF, 0xC1, 0xFF, 0x01, 0xFC, 0x00,
    0x00, 0x01, 0x83, 0x1E, 0x3C, 0xFB, 0xE3, 0xFE, 0x0F, 0xE0, 0x3E, 0x03, 0xF8, 0x3F, 0xE3, 0xEF,
    0x9E, 0x3C, 0x60, 0xC0, 0x00, 0x00, 0x00, 0x08, 0x00, 0x38, 0x3F, 0xF8, 0xFF, 0xE3, 0xFF, 0x8F,
    0x8F, 0x9E, 0x3F, 0x3C, 0x7E, 0xF9, 0xFF, 0xF3, 0xFF, 0xEE, 0xFF, 0xFD, 0xFF, 0xF3, 0xEF, 0xC7,
    0x9F, 0x8F, 0x3E, 0x3E, 0x3F, 0xF8, 0xFF, 0xE3, 0xFF, 0x83, 0x80, 0x02, 0x00, 0x00, 0x04, 0x00,
    0xF0, 0x07, 0x80, 0x3E, 0x00, 0xF0, 0x03, 0x80, 0x08, 0x00, 0x00, 0xF8, 0xFF, 0xC7, 0xFE, 0x3F,
    0xF1, 0xFF, 0x8F, 0xFC, 0x7F, 0xE3, 0xFF, 0x1F, 0xF8, 0xFF, 0xC7, 0xFE, 0x3F, 0xF1, 0xFF, 0x8F,
    0xFE, 0xFD, 0xFF, 0xCF, 0xFE, 0x3F, 0xE0, 0x00, 0x00, 0x0E, 0x00, 0xF8, 0x07, 0x80, 0x7C, 0x03,
    0xC0, 0x1C, 0x00, 0x60, 0x00, 0x07, 0xC7, 0xFE, 0x3F, 0xF1, 0xFF, 0x8F, 0xFC, 0x7F, 0xE3, 0xFF,
    0x1F, 0xF8, 0xFF, 0xC7, 0xFE, 0x3F, 0xF1, 0xFF, 0x8F, 0xFC, 0x7F, 0xF7, 0xEF, 0xFE, 0x7F, 0xF1,
    0xFF, 0x00, 0x0F, 0x80, 0xFE, 0x0F, 0xF8, 0x7B, 0xC3, 0x8E, 0x08, 0x20, 0x00, 0x1F, 0x1F, 0xF8,
    0xFF, 0xC7, 0xFE, 0x3F, 0xF1, 0xFF, 0x8F, 0xFC, 0x7F, 0xE3, 0xFF, 0x1F, 0xF8, 0xFF, 0xC7, 0xFE,
    0x3F, 0xF1, 0xFF, 0xDF, 0xBF, 0xF9, 0xFF, 0xC7, 0xFC, 0x7D, 0xF3, 0xEF, 0x9F, 0x7C, 0xFB, 0xE0,
    0x00, 0x7C, 0x7F, 0xE3, 0xFF, 0x1F, 0xF8, 0xFF, 0xC7, 0xFE, 0x3F, 0xF1, 0xFF, 0x8F, 0xFC, 0x7F,
    0xE3, 0xFF, 0x1F, 0xF8, 0xFF, 0xC7, 0xFF, 0x7E, 0xFF, 0xE7, 0xFF, 0x1F, 0xF0, 0x00, 0x00, 0x01,
    0xC0, 0x07, 0xC0, 0x0F, 0x00, 0x3E, 0x00, 0x78, 0x00, 0xE0, 0x00, 0xC0, 0x00, 0x01, 0xF0, 0x7F,
    0xE0, 0xFB, 0xE3, 0xE7, 0xC7, 0xC7, 0xDF, 0x0F, 0xBE, 0x0F, 0xF8, 0x1F, 0xF0, 0x1F, 0xC0, 0x3F,
    0x80, 0x3E, 0x00, 0x7C, 0x00, 0xF8, 0x01, 0xF0, 0x03, 0xE0, 0x07, 0xC0, 0x0F, 0x80, 0x78, 0x03,
    0xC0, 0x1E, 0x00, 0xFF, 0xC7, 0xFF, 0x3F, 0xFD, 0xE3, 0xEF, 0x0F, 0x78, 0x7B, 0xC7, 0xDE, 0x3E,
    0xFF, 0xE7, 0xFF, 0x3F, 0xE1, 0xE0, 0x0F, 0x00, 0x78, 0x00, 0x0F, 0xE0, 0x7F, 0xE1, 0xFF, 0xE3,
    0xE3, 0xE7, 0x83, 0xDF, 0x1F, 0xBE, 0x7F, 0x7D, 0xF8, 0x7B, 0xC0, 0xF7, 0xE1, 0xE7, 0xF3, 0xC7,
    0xF7, 0x87, 0xEF, 0x03, 0xDE, 0x67, 0xBD, 0xFF, 0x7B, 0xFC, 0xF3, 0xF0, 0x1C, 0x00, 0xF0, 0x03,
    0xE0, 0x07, 0x80, 0x1E, 0x00, 0x3C, 0x00, 0x60, 0x00, 0x00, 0x3F, 0xC1, 0xFF, 0x87, 0xFF, 0x1C,
    0x7C, 0x00, 0xF0, 0xFF, 0xC7, 0xFF, 0x3E, 0x3C, 0xF0, 0xF3, 0xE7, 0xCF, 0xFF, 0xDF, 0xFF, 0x3E,
    0x7C, 0x01, 0x80, 0x0F, 0x80, 0x3C, 0x01, 0xF0, 0x07, 0x80, 0x3C, 0x00, 0x70, 0x00, 0x00, 0x3F,
    0xC1, 0xFF, 0x87, 0xFF, 0x1C, 0x7C, 0x00, 0xF0, 0xFF, 0xC7, 0xFF, 0x3E, 0x3C, 0xF0, 0xF3, 0xE7,
    0xCF, 0xFF, 0xDF, 0xFF, 0x3E, 0x7C, 0x0F, 0x80, 0x7F, 0x03, 0xFC, 0x1F, 0x78, 0x38, 0xE0, 0x01,
    0x03, 0xFC, 0x1F, 0xF8, 0x7F, 0xF1, 0xC7, 0xC0, 0x0F, 0x0F, 0xFC, 0x7F, 0xF3, 0xE3, 0xCF, 0x0F,
    0x3E, 0x7C, 0xFF, 0xFD, 0xFF, 0xF3, 0xE7, 0xC0, 0x3E, 0x01, 0xFF, 0x83, 0xFE, 0x0D, 0xF8, 0x00,
    0x00, 0x00, 0x03, 0xFC, 0x1F, 0xF8, 0x7F, 0xF1, 0xC7, 0xC0, 0x0F, 0x0F, 0xFC, 0x7F, 0xF3, 0xE3,
    0xCF, 0x0F, 0x3E, 0x7C, 0xFF, 0xFD, 0xFF, 0xF3, 0xE7, 0xC0, 0x7D, 0xE1, 0xF7, 0x87, 0xDE, 0x1F,
    0x78, 0x00, 0x00, 0xFF, 0x07, 0xFE, 0x1F, 0xFC, 0x71, 0xF0, 0x03, 0xC3, 0xFF, 0x1F, 0xFC, 0xF8,
    0xF3, 0xC3, 0xCF, 0x9F, 0x3F, 0xFF, 0x7F, 0xFC, 0xF9, 0xF0, 0x0F, 0x80, 0x7F, 0x03, 0xDC, 0x0E,
    0x70, 0x3D, 0xC0, 0x7F, 0x00, 0xF8, 0x00, 0x00, 0x3F, 0xC1, 0xFF, 0x87, 0xFF, 0x1C, 0x7C, 0x00,
    0xF0, 0xFF, 0xC7, 0xFF, 0x3E, 0x3C, 0xF0, 0xF3, 0xE7, 0xCF, 0xFF, 0xDF, 0xFF, 0x3E, 0x7C, 0x3F,
    0x9F, 0xC3, 0xFF, 0xFF, 0x1F, 0xFF, 0xFC, 0x63, 0xF3, 0xE0, 0x0F, 0x0F, 0x1F, 0xFF, 0xF9, 0xFF,
    0xFF, 0xFF, 0xFF, 0xFE, 0xF8, 0xF0, 0x07, 0xCF, 0xC3, 0x3F, 0xFF, 0xFC, 0xFF, 0x7F, 0xC3, 0xF1,
    0xFC, 0x00, 0x1F, 0xC1, 0xFF, 0x9F, 0xFC, 0xF9, 0xEF, 0x84, 0x7C, 0x03, 0xE0, 0x1F, 0x00, 0xF8,
    0x43, 0xE7, 0x9F, 0xFE, 0x7F, 0xE1, 0xFE, 0x03, 0x80, 0x1F, 0x00, 0x38, 0x0F, 0xC0, 0x7E, 0x00,
    0x0C, 0x01, 0xE0, 0x0F, 0x80, 0x3C, 0x00, 0xF0, 0x07, 0x80, 0x18, 0x00, 0x00, 0x1F, 0xC1, 0xFF,
    0x1F, 0xFD, 0xF1, 0xFF, 0x07, 0xFF, 0xFF, 0xFF, 0xFF, 0xFF, 0xF0, 0x07, 0xC3, 0x1F, 0xFC, 0x7F,
    0xE1, 0xFE, 0x00, 0x01, 0x80, 0x0F, 0x00, 0xF8, 0x07, 0x80, 0x78, 0x03, 0x80, 0x1C, 0x00, 0x00,
    0x1F, 0xC1, 0xFF, 0x1F, 0xFD, 0xF1, 0xFF, 0x07, 0xFF, 0xFF, 0xFF, 0xFF, 0xFF, 0xF0, 0x07, 0xC3,
    0x1F, 0xFC, 0x7F, 0xE1, 0xFE, 0x00, 0x0F, 0x80, 0xFE, 0x0F, 0xF8, 0x7B, 0xC3, 0x8E, 0x08, 0x20,
    0x7F, 0x07, 0xFC, 0x7F, 0xF7, 0xC7, 0xFC, 0x1F, 0xFF, 0xFF, 0xFF, 0xFF, 0xFF, 0xC0, 0x1F, 0x0C,
    0x7F, 0xF1, 0xFF, 0x87, 0xF8, 0x7D, 0xF3, 0xEF, 0x9F, 0x7C, 0xFB, 0xE0, 0x00, 0x0F, 0xE0, 0xFF,
    0x8F, 0xFE, 0xF8, 0xFF, 0x83, 0xFF, 0xFF, 0xFF, 0xFF, 0xFF, 0xF8, 0x03, 0xE1, 0x8F, 0xFE, 0x3F,
    0xF0, 0xFF, 0x00, 0x1C, 0x03, 0xC0, 0x3E, 0x01, 0xE0, 0x1E, 0x00, 0xF0, 0x06, 0x00, 0x00, 0xFF,
    0x8F, 0xF8, 0xFF, 0x80, 0xF8, 0x0F, 0x80, 0xF8, 0x0F, 0x80, 0xF8, 0x0F, 0x80, 0xF8, 0xFF, 0xFF,
    0xFF, 0xFF, 0xF0, 0x01, 0x80, 0x3E, 0x03, 0xC0, 0x7C, 0x07, 0x80, 0xF0, 0x07, 0x00, 0x00, 0xFF,
    0x8F, 0xF8, 0xFF, 0x80, 0xF8, 0x0F, 0x80, 0xF8, 0x0F, 0x80, 0xF8, 0x0F, 0x80, 0xF8, 0xFF, 0xFF,
    0xFF, 0xFF, 0xF0, 0x0F, 0x81, 0xFC, 0x3F, 0xC7, 0xDE, 0x38, 0xE0, 0x04, 0xFF, 0x8F, 0xF8, 0xFF,
    0x80, 0xF8, 0x0F, 0x80, 0xF8, 0x0F, 0x80, 0xF8, 0x0F, 0x80, 0xF8, 0xFF, 0xFF, 0xFF, 0xFF, 0xF0,
    0x7D, 0xE7, 0xDE, 0x7D, 0xE7, 0xDE, 0x00, 0x0F, 0xF8, 0xFF, 0x8F, 0xF8, 0x0F, 0x80, 0xF8, 0x0F,
    0x80, 0xF8, 0x0F, 0x80, 0xF8, 0x0F, 0x8F, 0xFF, 0xFF, 0xFF, 0xFF, 0x00, 0x41, 0xFF, 0x81, 0xFE,
    0x07, 0xF0, 0x1F, 0xE0, 0x27, 0xC3, 0xFF, 0x1F, 0xFE, 0xFF, 0xFB, 0xE3, 0xEF, 0x07, 0xBC, 0x1E,
    0xF0, 0x7B, 0xC1, 0xEF, 0x07, 0xBE, 0x3E, 0x7F, 0xF0, 0xFF, 0xC1, 0xFC, 0x00, 0x1E, 0x01, 0xFF,
    0x0F, 0xF8, 0x2F, 0xC0, 0x00, 0x00, 0x03, 0xEF, 0x9F, 0xFE, 0xFF, 0xF7, 0xC7, 0xFE, 0x3F, 0xF1,
    0xFF, 0x8F, 0xFC, 0x7F, 0xE3, 0xFF, 0x1F, 0xF8, 0xFF, 0xC7, 0xFE, 0x3E, 0x0C, 0x01, 0xE0, 0x0F,
    0x80, 0x3C, 0x00, 0xF0, 0x07, 0x80, 0x18, 0x00, 0x00, 0x1F, 0xC1, 0xFF, 0x1F, 0xFD, 0xF1, 0xFF,
    0x07, 0xF8, 0x3F, 0xC1, 0xFE, 0x0F, 0xF0, 0x7F, 0xC7, 0xDF, 0xFC, 0x7F, 0xC1, 0xFC, 0x00, 0x01,
    0x80, 0x0F, 0x00, 0xF8, 0x07, 0x80, 0x78, 0x03, 0x80, 0x1C, 0x00, 0x00, 0x1F, 0xC1, 0xFF, 0x1F,
    0xFD, 0xF1, 0xFF, 0x07, 0xF8, 0x3F, 0xC1, 0xFE, 0x0F, 0xF0, 0x7F, 0xC7, 0xDF, 0xFC, 0x7F, 0xC1,
    0xFC, 0x00, 0x0F, 0x80, 0xFE, 0x0F, 0xF8, 0x7B, 0xC3, 0x8E, 0x08, 0x20, 0x7F, 0x07, 0xFC, 0x7F,
    0xF7, 0xC7, 0xFC, 0x1F, 0xE0, 0xFF, 0x07, 0xF8, 0x3F, 0xC1, 0xFF, 0x1F, 0x7F, 0xF1, 0xFF, 0x07,
    0xF0, 0x1E, 0x01, 0xFF, 0x0F, 0xF8, 0x2F, 0xC0, 0x00, 0x00, 0x00, 0x7F, 0x07, 0xFC, 0x7F, 0xF7,
    0xC7, 0xFC, 0x1F, 0xE0, 0xFF, 0x07, 0xF8, 0x3F, 0xC1, 0xFF, 0x1F, 0x7F, 0xF1, 0xFF, 0x07, 0xF0,
    0x7D, 0xF3, 0xEF, 0x9F, 0x7C, 0xFB, 0xE0, 0x00, 0x0F, 0xE0, 0xFF, 0x8F, 0xFE, 0xF8, 0xFF, 0x83,
    0xFC, 0x1F, 0xE0, 0xFF, 0x07, 0xF8, 0x3F, 0xE3, 0xEF, 0xFE, 0x3F, 0xE0, 0xFE, 0x00, 0x0F, 0x80,
    0x7C, 0x03, 0xE0, 0x1F, 0x00, 0x00, 0x00, 0x03, 0xFF, 0xFF, 0xFF, 0xFF, 0xF8, 0x00, 0x03, 0xE0,
    0x1F, 0x00, 0xF8, 0x07, 0xC0, 0x00, 0x00, 0x00, 0x38, 0x3F, 0xF8, 0xFF, 0xE3, 0xFF, 0x8F, 0x9F,
    0x9E, 0x7F, 0x3C, 0xFE, 0x7B, 0xBC, 0xFE, 0x79, 0xFC, 0xF3, 0xF3, 0xE3, 0xFF, 0x8F, 0xFE, 0x3F,
    0xF8, 0x38, 0x00, 0x00, 0x00, 0x0C, 0x01, 0xE0, 0x0F, 0x80, 0x3C, 0x00, 0xF0, 0x07, 0x80, 0x18,
    0x00, 0x00, 0xF8, 0xFF, 0xC7, 0xFE, 0x3F, 0xF1, 0xFF, 0x8F, 0xFC, 0x7F, 0xE3, 0xFF, 0x1F, 0xF8,
    0xFF, 0xC7, 0xDF, 0xFE, 0xFF, 0xF3, 0xEF, 0x80, 0x01, 0x80, 0x0F, 0x00, 0xF8, 0x07, 0x80, 0x78,
    0x07, 0x80, 0x1C, 0x00, 0x00, 0xF8, 0xFF, 0xC7, 0xFE, 0x3F, 0xF1, 0xFF, 0x8F, 0xFC, 0x7F, 0xE3,
    0xFF, 0x1F, 0xF8, 0xFF, 0xC7, 0xDF, 0xFE, 0xFF, 0xF3, 0xEF, 0x80, 0x0F, 0x80, 0xFE, 0x0F, 0xF8,
    0x7B, 0xC3, 0x8E, 0x08, 0x23, 0xE3, 0xFF, 0x1F, 0xF8, 0xFF, 0xC7, 0xFE, 0x3F, 0xF1, 0xFF, 0x8F,
    0xFC, 0x7F, 0xE3, 0xFF, 0x1F, 0x7F, 0xFB, 0xFF, 0xCF, 0xBE, 0x7D, 0xF3, 0xEF, 0x9F, 0x7C, 0xFB,
    0xE0, 0x00, 0x7C, 0x7F, 0xE3, 0xFF, 0x1F, 0xF8, 0xFF, 0xC7, 0xFE, 0x3F, 0xF1, 0xFF, 0x8F, 0xFC,
    0x7F, 0xE3, 0xEF, 0xFF, 0x7F, 0xF9, 0xF7, 0xC0, 0x00, 0xC0, 0x01, 0xE0, 0x07, 0xC0, 0x0F, 0x00,
    0x3C, 0x00, 0x78, 0x00, 0xE0, 0x00, 0x00, 0xF8, 0x3E, 0xF0, 0x79, 0xF1, 0xF3, 0xE3, 0xE3, 0xC7,
    0x87, 0xDF, 0x07, 0xBC, 0x0F, 0x78, 0x1F, 0xE0, 0x1F, 0xC0, 0x3F, 0x80, 0x3E, 0x00, 0x7C, 0x00,
    0xF0, 0x01, 0xE0, 0x3F, 0xC0, 0x7F, 0x00, 0xFC, 0x00, 0xF8, 0x03, 0xE0, 0x0F, 0x80, 0x3E, 0x00,
    0xF8, 0x03, 0xFF, 0x8F, 0xFF, 0x3F, 0xFE, 0xF8, 0xFB, 0xE1, 0xEF, 0x87, 0xBE, 0x1E, 0xF8, 0x7B,
    0xE1, 0xEF, 0x8F, 0xBF, 0xFE, 0xFF, 0xF3, 0xFF, 0x8F, 0x80, 0x3E, 0x00, 0xF8, 0x03, 0xE0, 0x0F,
    0x80, 0x00, 0x3E, 0xF8, 0x7D, 0xF0, 0xFB, 0xE1, 0xF7, 0xC0, 0x00, 0x1F, 0x07, 0xDE, 0x0F, 0x3E,
    0x3E, 0x7C, 0x7C, 0x78, 0xF0, 0xFB, 0xE0, 0xF7, 0x81, 0xEF, 0x03, 0xFC, 0x03, 0xF8, 0x07, 0xF0,
    0x07, 0xC0, 0x0F, 0x80, 0x1E, 0x00, 0x3C, 0x07, 0xF8, 0x0F, 0xE0, 0x1F, 0x80, 0x00, 0x1F, 0xF0,
    0x3F, 0xE0, 0x7F, 0xC0, 0x00, 0x00, 0x00, 0x01, 0xFC, 0x03, 0xF8, 0x07, 0xF0, 0x1F, 0xF0, 0x3F,
    0xE0, 0x7B, 0xC0, 0xF7, 0x83, 0xEF, 0x87, 0x9F, 0x0F, 0x1E, 0x1F, 0xFC, 0x7F, 0xFC, 0xFF, 0xF9,
    0xE0, 0xF7, 0xC1, 0xFF, 0x83, 0xFE, 0x07, 0xC0, 0x3F, 0xC0, 0xFF, 0x83, 0xFE, 0x00, 0x00, 0x00,
    0x00, 0xFF, 0x07, 0xFE, 0x1F, 0xFC, 0x71, 0xF0, 0x03, 0xC3, 0xFF, 0x1F, 0xFC, 0xF8, 0xF3, 0xC3,
    0xCF, 0x9F, 0x3F, 0xFF, 0x7F, 0xFC, 0xF9, 0xF0, 0x08, 0x20, 0x78, 0xE0, 0x73, 0xC0, 0xFF, 0x80,
    0xFE, 0x00, 0xF8, 0x00, 0x00, 0x07, 0xF0, 0x0F, 0xE0, 0x1F, 0xC0, 0x7F, 0xC0, 0xFF, 0x81, 0xEF,
    0x03, 0xDE, 0x0F, 0xBE, 0x1E, 0x7C, 0x3C, 0x78, 0x7F, 0xF1, 0xFF, 0xF3, 0xFF, 0xE7, 0x83, 0xDF,
    0x07, 0xFE, 0x0F, 0xF8, 0x1F, 0x10, 0x41, 0xE3, 0x87, 0x9E, 0x0F, 0xF8, 0x1F, 0xC0, 0x3E, 0x00,
    0x00, 0x0F, 0xF0, 0x7F, 0xE1, 0xFF, 0xC7, 0x1F, 0x00, 0x3C, 0x3F, 0xF1, 0xFF, 0xCF, 0x8F, 0x3C,
    0x3C, 0xF9, 0xF3, 0xFF, 0xF7, 0xFF, 0xCF, 0x9F, 0x0F, 0xE0, 0x0F, 0xE0, 0x0F, 0xE0, 0x1F, 0xF0,
    0x1F, 0xF0, 0x1E, 0xF0, 0x1E, 0xF0, 0x3E, 0xF8, 0x3C, 0xF8, 0x3C, 0x78, 0x3F, 0xF8, 0x7F, 0xFC,
    0x7F, 0xFC, 0x78, 0x3C, 0xF8, 0x3E, 0xF8, 0x3E, 0xF0, 0x3E, 0x00, 0x1E, 0x00, 0x38, 0x00, 0x7A,
    0x00, 0x7F, 0x00, 0x3E, 0x3F, 0xC0, 0xFF, 0xC1, 0xFF, 0xC3, 0x8F, 0x80, 0x0F, 0x07, 0xFE, 0x1F,
    0xFC, 0x7C, 0x78, 0xF0, 0xF1, 0xF3, 0xF3, 0xFF, 0xF3, 0xFB, 0xE3, 0xE7, 0xC0, 0x0F, 0x00, 0x38,
    0x00, 0x74, 0x00, 0xFC, 0x01, 0xF8, 0x00, 0x00, 0x07, 0x00, 0x1E, 0x00, 0xF8, 0x03, 0xC0, 0x1E,
    0x00, 0x78, 0x00, 0xC0, 0x00, 0x00, 0x7F, 0x83, 0xFF, 0x1F, 0xFE, 0x78, 0xFB, 0xE1, 0xEF, 0x86,
    0x3C, 0x00, 0xF0, 0x03, 0xC0, 0x0F, 0x00, 0x3C, 0x00, 0xF8, 0x63, 0xE1, 0xE7, 0x8F, 0x9F, 0xFE,
    0x3F, 0xF0, 0x7F, 0x80, 0x00, 0x80, 0x0F, 0x00, 0xF8, 0x07, 0x80, 0x7C, 0x03, 0xC0, 0x1C, 0x00,
    0x00, 0x1F, 0xC1, 0xFF, 0x9F, 0xFC, 0xF9, 0xEF, 0x84, 0x7C, 0x03, 0xE0, 0x1F, 0x00, 0xF8, 0x43,
    0xE7, 0x9F, 0xFE, 0x7F, 0xE1, 0xFE, 0x00, 0x0F, 0x80, 0x3F, 0x01, 0xFE, 0x0F, 0x7C, 0x38, 0xE0,
    0x41, 0x00, 0x00, 0x07, 0xF8, 0x3F, 0xF1, 0xFF, 0xE7, 0x8F, 0xBE, 0x1E, 0xF8, 0x63, 0xC0, 0x0F,
    0x00, 0x3C, 0x00, 0xF0, 0x03, 0xC0, 0x0F, 0x86, 0x3E, 0x1E, 0x78, 0xF9, 0xFF, 0xE3, 0xFF, 0x07,
    0xF8, 0x0F, 0x80, 0x7E, 0x07, 0xF8, 0x7B, 0xE3, 0x8F, 0x08, 0x00, 0x7F, 0x07, 0xFE, 0x7F, 0xF3,
    0xE7, 0xBE, 0x11, 0xF0, 0x0F, 0x80, 0x7C, 0x03, 0xE1, 0x0F, 0x9E, 0x7F, 0xF9, 0xFF, 0x87, 0xF8,
    0x0F, 0x80, 0x3E, 0x00, 0xF8, 0x03, 0xE0, 0x00, 0x00, 0x7F, 0x83, 0xFF, 0x1F, 0xFE, 0x78, 0xFB,
    0xE1, 0xEF, 0x86, 0x3C, 0x00, 0xF0, 0x03, 0xC0, 0x0F, 0x00, 0x3C, 0x00, 0xF8, 0x63, 0xE1, 0xE7,
    0x8F, 0x9F, 0xFE, 0x3F, 0xF0, 0x7F, 0x80, 0x07, 0x80, 0x3C, 0x01, 0xE0, 0x0F, 0x00, 0x00, 0x0F,
    0xE0, 0xFF, 0xCF, 0xFE, 0x7C, 0xF7, 0xC2, 0x3E, 0x01, 0xF0, 0x0F, 0x80, 0x7C, 0x21, 0xF3, 0xCF,
    0xFF, 0x3F, 0xF0, 0xFF, 0x00, 0x00, 0x00, 0xE3, 0x83, 0xDF, 0x07, 0xF8, 0x0F, 0xC0, 0x3E, 0x00,
    0x00, 0x07, 0xF8, 0x3F, 0xF1, 0xFF, 0xE7, 0x8F, 0xBE, 0x1E, 0xF8, 0x63, 0xC0, 0x0F, 0x00, 0x3C,
    0x00, 0xF0, 0x03, 0xC0, 0x0F, 0x86, 0x3E, 0x1E, 0x78, 0xF9, 0xFF, 0xE3, 0xFF, 0x07, 0xF8, 0x00,
    0x01, 0xC3, 0x8F, 0x7C, 0x3F, 0xC0, 0xFC, 0x07, 0xC0, 0x00, 0x03, 0xF8, 0x3F, 0xF3, 0xFF, 0x9F,
    0x3D, 0xF0, 0x8F, 0x80, 0x7C, 0x03, 0xE0, 0x1F, 0x08, 0x7C, 0xF3, 0xFF, 0xCF, 0xFC, 0x3F, 0xC0,
    0x00, 0x01, 0xC3, 0x87, 0x9E, 0x0F, 0xF0, 0x1F, 0x80, 0x3C, 0x00, 0x00, 0x3F, 0xF0, 0xFF, 0xE3,
    0xFF, 0xCF, 0x8F, 0xBE, 0x3E, 0xF8, 0x7B, 0xE1, 0xEF, 0x87, 0xBE, 0x1F, 0xF8, 0x7B, 0xE1, 0xEF,
    0x87, 0xBE, 0x3E, 0xF8, 0xFB, 0xFF, 0xCF, 0xFE, 0x3F, 0xF0, 0x01, 0xFF, 0x01, 0xFF, 0x01, 0xFF,
    0x01, 0xFE, 0x01, 0xFE, 0x3F, 0xF0, 0x7F, 0xF0, 0x7F, 0xF0, 0x79, 0xF0, 0xF9, 0xF0, 0xF9, 0xF0,
    0xF9, 0xF0, 0xF9, 0xF0, 0xF9, 0xF0, 0x79, 0xF0, 0x7F, 0xF0, 0x7F, 0xF0, 0x3F, 0xF0, 0x7F, 0xE0,
    0xFF, 0xE1, 0xFF, 0xE3, 0xE3, 0xE7, 0xC7, 0xCF, 0x87, 0xBF, 0xCF, 0x7F, 0xDE, 0xFF, 0xBE, 0xF8,
    0x79, 0xF0, 0xF3, 0xE1, 0xE7, 0xC7, 0xCF, 0x8F, 0x9F, 0xFE, 0x3F, 0xF8, 0x7F, 0xE0, 0x00, 0x7C,
    0x07, 0xFC, 0x0F, 0xF8, 0x1F, 0xF0, 0x07, 0xC3, 0xFF, 0x8F, 0xFF, 0x3F, 0xFE, 0x7C, 0x7C, 0xF0,
    0xF9, 0xE1, 0xF3, 0xC3, 0xE7, 0x87, 0xCF, 0x0F, 0x9F, 0x1F, 0x3F, 0xFE, 0x3F, 0xFC, 0x3F, 0xF8,
    0x7F, 0xC7, 0xFC, 0x7F, 0xC0, 0x00, 0x00, 0x0F, 0xFF, 0xFF, 0xFF, 0xFE, 0xF0, 0x0F, 0x00, 0xF0,
    0x0F, 0x00, 0xFF, 0xEF, 0xFE, 0xFF, 0xEF, 0x00, 0xF0, 0x0F, 0x00, 0xF0, 0x0F, 0xFE, 0xFF, 0xFF,
    0xFF, 0x3F, 0xE1, 0xFF, 0x0F, 0xF8, 0x00, 0x00, 0x00, 0x0F, 0xE0, 0xFF, 0x8F, 0xFE, 0xF8, 0xFF,
    0x83, 0xFF, 0xFF, 0xFF, 0xFF, 0xFF, 0xF8, 0x03, 0xE1, 0x8F, 0xFE, 0x3F, 0xF0, 0xFF, 0x00, 0x20,
    0x87, 0x1E, 0x79, 0xC7, 0xFC, 0x3F, 0x81, 0xF0, 0x00, 0x0F, 0xFF, 0xFF, 0xFF, 0xFE, 0xF0, 0x0F,
    0x00, 0xF0, 0x0F, 0x00, 0xFF, 0xEF, 0xFE, 0xFF, 0xEF, 0x00, 0xF0, 0x0F, 0x00, 0xF0, 0x0F, 0xFE,
    0xFF, 0xFF, 0xFF, 0x10, 0x41, 0xC7, 0x8F, 0x78, 0x7F, 0xC1, 0xFC, 0x07, 0xC0, 0x00, 0x03, 0xF8,
    0x3F, 0xE3, 0xFF, 0xBE, 0x3F, 0xE0, 0xFF, 0xFF, 0xFF, 0xFF, 0xFF, 0xFE, 0x00, 0xF8, 0x63, 0xFF,
    0x8F, 0xFC, 0x3F, 0xC0, 0x1F, 0x01, 0xF0, 0x1F, 0x01, 0xF0, 0x00, 0x0F, 0xFF, 0xFF, 0xFF, 0xFE,
    0xF0, 0x0F, 0x00, 0xF0, 0x0F, 0x00, 0xFF, 0xEF, 0xFE, 0xFF, 0xEF, 0x00, 0xF0, 0x0F, 0x00, 0xF0,
    0x0F, 0xFE, 0xFF, 0xFF, 0xFF, 0x0F, 0x80, 0x7C, 0x03, 0xE0, 0x1F, 0x00, 0x00, 0x0F, 0xE0, 0xFF,
    0x8F, 0xFE, 0xF8, 0xFF, 0x83, 0xFF, 0xFF, 0xFF, 0xFF, 0xFF, 0xF8, 0x03, 0xE1, 0x8F, 0xFE, 0x3F,
    0xF0, 0xFF, 0x00, 0xFF, 0xFF, 0xFF, 0xFF, 0xEF, 0x00, 0xF0, 0x0F, 0x00, 0xF0, 0x0F, 0xFE, 0xFF,
    0xEF, 0xFE, 0xF0, 0x0F, 0x00, 0xF0, 0x0F, 0x00, 0xFF, 0xEF, 0xFF, 0xFF, 0xF0, 0x1E, 0x03, 0x80,
    0x3A, 0x03, 0xF0, 0x3F, 0x1F, 0xC1, 0xFF, 0x1F, 0xFD, 0xF1, 0xFF, 0x07, 0xFF, 0xFF, 0xFF, 0xFF,
    0xFF, 0xF0, 0x07, 0xC3, 0x1F, 0xFC, 0x7F, 0xE1, 0xFE, 0x01, 0xE0, 0x1C, 0x00, 0xE8, 0x07, 0xE0,
    0x3F, 0x00, 0x20, 0x87, 0x1C, 0x7B, 0xE7, 0xFC, 0x3F, 0x81, 0xF0, 0x00, 0x0F, 0xFF, 0xFF, 0xFF,
    0xFE, 0xF0, 0x0F, 0x00, 0xF0, 0x0F, 0x00, 0xFF, 0xEF, 0xFE, 0xFF, 0xEF, 0x00, 0xF0, 0x0F, 0x00,
    0xF0, 0x0F, 0xFE, 0xFF, 0xFF, 0xFF, 0x10, 0x41, 0xC7, 0x0F, 0x78, 0x7F, 0xC1, 0xFC, 0x07, 0xC0,
    0x00, 0x03, 0xF8, 0x3F, 0xE3, 0xFF, 0xBE, 0x3F, 0xE0, 0xFF, 0xFF, 0xFF, 0xFF, 0xFF, 0xFE, 0x00,
    0xF8, 0x63, 0xFF, 0x8F, 0xFC, 0x3F, 0xC0, 0x07, 0xC0, 0x3F, 0x81, 0xFF, 0x07, 0xBC, 0x1C, 0x70,
    0x20, 0x80, 0x00, 0x03, 0xF8, 0x1F, 0xF0, 0xFF, 0xE7, 0xC7, 0xDF, 0x1F, 0x78, 0x01, 0xE0, 0x07,
    0x9F, 0xDE, 0x7F, 0x79, 0xFD, 0xE0, 0xF7, 0x83, 0xDF, 0x0F, 0x7C, 0x7C, 0xFF, 0xF3, 0xFF, 0xC7,
    0xEF, 0x07, 0xC0, 0x3F, 0x81, 0xFE, 0x0F, 0xBC, 0x1C, 0x70, 0x20, 0x81, 0xF7, 0xCF, 0xFF, 0x7F,
    0xFD, 0xF1, 0xF7, 0x87, 0xDE, 0x1F, 0x78, 0x7D, 0xE1, 0xF7, 0x87, 0xDF, 0x1F, 0x7F, 0xFC, 0xFF,
    0xF1, 0xF7, 0xC0, 0x1F, 0x18, 0xF8, 0xFF, 0xE3, 0xFF, 0x07, 0xF8, 0x08, 0x20, 0x71, 0xE1, 0xEF,
    0x07, 0xFC, 0x0F, 0xE0, 0x1F, 0x00, 0x00, 0x03, 0xF8, 0x1F, 0xF0, 0xFF, 0xE7, 0xC7, 0xDF, 0x1F,
    0x78, 0x01, 0xE0, 0x07, 0x9F, 0xDE, 0x7F, 0x79, 0xFD, 0xE0, 0xF7, 0x83, 0xDF, 0x0F, 0x7C, 0x7C,
    0xFF, 0xF3, 0xFF, 0xC7, 0xEF, 0x08, 0x20, 0xF1, 0xC3, 0xCF, 0x07, 0xFC, 0x0F, 0xE0, 0x1F, 0x00,
    0x00, 0x07, 0xDF, 0x3F, 0xFD, 0xFF, 0xF7, 0xC7, 0xDE, 0x1F, 0x78, 0x7D, 0xE1, 0xF7, 0x87, 0xDE,
    0x1F, 0x7C, 0x7D, 0xFF, 0xF3, 0xFF, 0xC7, 0xDF, 0x00, 0x7C, 0x63, 0xE3, 0xFF, 0x8F, 0xFC, 0x1F,
    0xE0, 0x07, 0xC0, 0x1F, 0x00, 0x7C, 0x01, 0xF0, 0x00, 0x00, 0x3F, 0x81, 0xFF, 0x0F, 0xFE, 0x7C,
    0x7D, 0xF1, 0xF7, 0x80, 0x1E, 0x00, 0x79, 0xFD, 0xE7, 0xF7, 0x9F, 0xDE, 0x0F, 0x78, 0x3D, 0xF0,
    0xF7, 0xC7, 0xCF, 0xFF, 0x3F, 0xFC, 0x7E, 0xF0, 0x07, 0xC0, 0x1F, 0x00, 0x7C, 0x01, 0xF0, 0x00,
    0x00, 0x7D, 0xF3, 0xFF, 0xDF, 0xFF, 0x7C, 0x7D, 0xE1, 0xF7, 0x87, 0xDE, 0x1F, 0x78, 0x7D, 0xE1,
    0xF7, 0xC7, 0xDF, 0xFF, 0x3F, 0xFC, 0x7D, 0xF0, 0x07, 0xC6, 0x3E, 0x3F, 0xF8, 0xFF, 0xC1, 0xFE,
    0x00, 0x0F, 0xE0, 0x7F, 0xC3, 0xFF, 0x9F, 0x1F, 0x7C, 0x7D, 0xE0, 0x07, 0x80, 0x1E, 0x7F, 0x79,
    0xFD, 0xE7, 0xF7, 0x83, 0xDE, 0x0F, 0x7C, 0x3D, 0xF1, 0xF3, 0xFF, 0xCF, 0xFF, 0x1F, 0xBC, 0x00,
    0x00, 0x00, 0x01, 0xF0, 0x07, 0x80, 0x1E, 0x00, 0x70, 0x01, 0xC0, 0x01, 0xC0, 0x0F, 0x00, 0x3C,
    0x00, 0xF0, 0x07, 0xC0, 0x00, 0x01, 0xF7, 0xCF, 0xFF, 0x7F, 0xFD, 0xF1, 0xF7, 0x87, 0xDE, 0x1F,
    0x78, 0x7D, 0xE1, 0xF7, 0x87, 0xDF, 0x1F, 0x7F, 0xFC, 0xFF, 0xF1, 0xF7, 0xC0, 0x1F, 0x18, 0xF8,
    0xFF, 0xE3, 0xFF, 0x07, 0xF8, 0x0F, 0x80, 0xFE, 0x0F, 0xF8, 0x7B, 0xC3, 0x8E, 0x08, 0x20, 0x00,
    0x1F, 0x1F, 0xF8, 0xFF, 0xC7, 0xFE, 0x3F, 0xF1, 0xFF, 0x8F, 0xFC, 0x7F, 0xFF, 0xFF, 0xFF, 0xFF,
    0xFF, 0xC7, 0xFE, 0x3F, 0xF1, 0xFF, 0x8F, 0xFC, 0x7F, 0xE3, 0xFF, 0x1F, 0x1F, 0x00, 0x3F, 0x80,
    0x7F, 0xC0, 0x7B, 0xC0, 0x71, 0xC0, 0x20, 0x80, 0x1F, 0x00, 0x1F, 0x00, 0x1F, 0x00, 0x1F, 0x00,
    0x1F, 0x00, 0x1F, 0x7C, 0x1F, 0xFE, 0x1F, 0xFE, 0x1F, 0x1F, 0x1F, 0x1F, 0x1F, 0x1F, 0x1F, 0x1F,
    0x1F, 0x1F, 0x1F, 0x1F, 0x1F, 0x1F, 0x1F, 0x1F, 0x1F, 0x1F, 0x1F, 0x1F, 0x7C, 0x7C, 0xF8, 0xFB,
    0xFF, 0xFF, 0xFF, 0xFF, 0xFF, 0xEF, 0x8F, 0x9F, 0x1F, 0x3F, 0xFE, 0x7F, 0xFC, 0xFF, 0xF9, 0xF1,
    0xF3, 0xE3, 0xE7, 0xC7, 0xCF, 0x8F, 0x9F, 0x1F, 0x3E, 0x3E, 0x7C, 0x7C, 0x7C, 0x03, 0xFE, 0x0F,
    0xF8, 0x3F, 0xE0, 0x7C, 0x01, 0xF7, 0xC7, 0xFF, 0x9F, 0xFE, 0x7C, 0x7D, 0xF1, 0xF7, 0xC7, 0xDF,
    0x1F, 0x7C, 0x7D, 0xF1, 0xF7, 0xC7, 0xDF, 0x1F, 0x7C, 0x7D, 0xF1, 0xF0, 0x1E, 0x01, 0xFF, 0x0F,
    0xF8, 0x2F, 0xC0, 0x00, 0x00, 0x03, 0xFF, 0xFF, 0xFF, 0x7F, 0xF0, 0x7C, 0x03, 0xE0, 0x1F, 0x00,
    0xF8, 0x07, 0xC0, 0x3E, 0x01, 0xF0, 0x0F, 0x80, 0x7C, 0x03, 0xE0, 0x1F, 0x07, 0xFF, 0x7F, 0xFF,
    0xFF, 0xE0, 0x3E, 0x07, 0xFE, 0x3F, 0xE3, 0x7E, 0x00, 0x00, 0x00, 0xFF, 0x8F, 0xF8, 0xFF, 0x80,
    0xF8, 0x0F, 0x80, 0xF8, 0x0F, 0x80, 0xF8, 0x0F, 0x80, 0xF8, 0xFF, 0xFF, 0xFF, 0xFF, 0xF0, 0x3F,
    0xE1, 0xFF, 0x0F, 0xF8, 0x00, 0x00, 0x00, 0x7F, 0xFF, 0xFF, 0xEF, 0xFE, 0x0F, 0x80, 0x7C, 0x03,
    0xE0, 0x1F, 0x00, 0xF8, 0x07, 0xC0, 0x3E, 0x01, 0xF0, 0x0F, 0x80, 0x7C, 0x03, 0xE0, 0xFF, 0xEF,
    0xFF, 0xFF, 0xFC, 0x3F, 0xC3, 0xFE, 0x3F, 0xE0, 0x00, 0x00, 0x0F, 0xF8, 0xFF, 0x8F, 0xF8, 0x0F,
    0x80, 0xF8, 0x0F, 0x80, 0xF8, 0x0F, 0x80, 0xF8, 0x0F, 0x8F, 0xFF, 0xFF, 0xFF, 0xFF, 0x10, 0x41,
    0xC7, 0x0F, 0x78, 0x7F, 0xC1, 0xFC, 0x07, 0xC0, 0x00, 0x1F, 0xFF, 0xFF, 0xFB, 0xFF, 0x83, 0xE0,
    0x1F, 0x00, 0xF8, 0x07, 0xC0, 0x3E, 0x01, 0xF0, 0x0F, 0x80, 0x7C, 0x03, 0xE0, 0x1F, 0x00, 0xF8,
    0x3F, 0xFB, 0xFF, 0xFF, 0xFF, 0x10, 0x47, 0x8E, 0x79, 0xE3, 0xFE, 0x1F, 0xC0, 0xF8, 0x00, 0x0F,
    0xF8, 0xFF, 0x8F, 0xF8, 0x0F, 0x80, 0xF8, 0x0F, 0x80, 0xF8, 0x0F, 0x80, 0xF8, 0x0F, 0x8F, 0xFF,
    0xFF, 0xFF, 0xFF, 0xFF, 0xFF, 0xFF, 0xDF, 0xFC, 0x1F, 0x00, 0xF8, 0x07, 0xC0, 0x3E, 0x01, 0xF0,
    0x0F, 0x80, 0x7C, 0x03, 0xE0, 0x1F, 0x00, 0xF8, 0x07, 0xC1, 0xFF, 0xDF, 0xFF, 0xFF, 0xF0, 0x07,
    0x80, 0x70, 0x03, 0xA0, 0x1F, 0x80, 0xFC, 0x0F, 0x80, 0x7C, 0x03, 0xE0, 0x1F, 0x00, 0x00, 0x7F,
    0xC3, 0xFE, 0x1F, 0xF0, 0x0F, 0x80, 0x7C, 0x03, 0xE0, 0x1F, 0x00, 0xF8, 0x07, 0xC0, 0x3E, 0x1F,
    0xFE, 0xFF, 0xF7, 0xFF, 0x80, 0x3C, 0x03, 0x80, 0x3D, 0x01, 0xFC, 0x07, 0xE0, 0x0F, 0x80, 0x7C,
    0x03, 0xE0, 0x1F, 0x00, 0x00, 0x7F, 0xFF, 0xFF, 0xEF, 0xFE, 0x0F, 0x80, 0x7C, 0x03, 0xE0, 0x1F,
    0x00, 0xF8, 0x07, 0xC0, 0x3E, 0x01, 0xF0, 0x0F, 0x80, 0x7C, 0x03, 0xE0, 0xFF, 0xEF, 0xFF, 0xFF,
    0xFC, 0xFF, 0x8F, 0xF8, 0xFF, 0x80, 0xF8, 0x0F, 0x80, 0xF8, 0x0F, 0x80, 0xF8, 0x0F, 0x80, 0xF8,
    0xFF, 0xFF, 0xFF, 0xFF, 0xF0, 0xF8, 0xFF, 0xC7, 0xFE, 0x3F, 0xF1, 0xFF, 0x8F, 0xFC, 0x7F, 0xE3,
    0xFF, 0x1F, 0xF8, 0xFF, 0xC7, 0xC0, 0x3E, 0x01, 0xFF, 0x0F, 0x7C, 0xF9, 0xFF, 0xCF, 0xFC, 0x1F,
    0xC0, 0xF8, 0xFF, 0xC7, 0xFE, 0x3F, 0xF1, 0xF0, 0x00, 0x00, 0x03, 0xE3, 0xFF, 0x1F, 0xF8, 0xFF,
    0xC7, 0xFE, 0x3F, 0xF1, 0xFF, 0x8F, 0xFC, 0x7F, 0xE3, 0xFF, 0x1F, 0xF8, 0xFF, 0xC7, 0xFE, 0x3E,
    0x01, 0xF0, 0x0F, 0x0F, 0xF8, 0x7F, 0xC3, 0xFC, 0x03, 0xC0, 0x3F, 0x03, 0xFC, 0x3C, 0xF1, 0xC3,
    0x80, 0x00, 0x00, 0x03, 0xFF, 0x1F, 0xF8, 0xFF, 0xC0, 0x1E, 0x00, 0xF0, 0x07, 0x80, 0x3C, 0x01,
    0xE0, 0x0F, 0x00, 0x78, 0x03, 0xC0, 0x1E, 0xF0, 0xF7, 0xCF, 0xBF, 0xFC, 0xFF, 0xC3, 0xFC, 0x07,
    0xC0, 0xFC, 0x1F, 0xE3, 0xEF, 0x38, 0x70, 0x00, 0xFF, 0x8F, 0xF8, 0xFF, 0x80, 0x78, 0x07, 0x80,
    0x78, 0x07, 0x80, 0x78, 0x07, 0x80, 0x78, 0x07, 0x80, 0x78, 0x07, 0x80, 0x78, 0x07, 0x8F, 0xF8,
    0xFF, 0x8F, 0xF0, 0xF8, 0x7D, 0xF1, 0xF3, 0xE7, 0xC7, 0xCF, 0x8F, 0xBE, 0x1F, 0xF8, 0x3F, 0xF0,
    0x7F, 0xC0, 0xFF, 0xC1, 0xFF, 0x83, 0xFF, 0x87, 0xDF, 0x0F, 0x9F, 0x1F, 0x1F, 0x3E, 0x3E, 0x7C,
    0x3E, 0xF8, 0x7C, 0x00, 0x00, 0x00, 0x00, 0x3C, 0x00, 0x78, 0x00, 0xE0, 0x03, 0xC0, 0x07, 0x80,
    0xF8, 0x03, 0xE0, 0x0F, 0x80, 0x3E, 0x00, 0xF8, 0x03, 0xE3, 0xEF, 0x9F, 0x3E, 0xF8, 0xFF, 0xC3,
    0xFE, 0x0F, 0xF8, 0x3F, 0xF0, 0xFF, 0xC3, 0xEF, 0x8F, 0x9F, 0x3E, 0x7C, 0xF8, 0xFB, 0xE1, 0xF0,
    0x00, 0x00, 0x00, 0x0F, 0x80, 0x3C, 0x00, 0xF0, 0x03, 0xC0, 0x0E, 0x00, 0xF8, 0xFB, 0xE7, 0xCF,
    0xBE, 0x3F, 0xF0, 0xFF, 0x83, 0xFE, 0x0F, 0xFC, 0x3F, 0xF0, 0xFB, 0xE3, 0xE7, 0xCF, 0x9F, 0x3E,
    0x3E, 0xF8, 0x7C, 0x00, 0x01, 0xC0, 0x3E, 0x03, 0xC0, 0x78, 0x07, 0x80, 0xF0, 0x06, 0x00, 0x00,
    0x0F, 0x00, 0xF0, 0x0F, 0x00, 0xF0, 0x0F, 0x00, 0xF0, 0x0F, 0x00, 0xF0, 0x0F, 0x00, 0xF0, 0x0F,
    0x00, 0xF0, 0x0F, 0x00, 0xF0, 0x0F, 0xFF, 0xFF, 0xFF, 0xFF, 0x01, 0x80, 0x0F, 0x00, 0xF8, 0x07,
    0x80, 0x78, 0x03, 0x80, 0x1C, 0x00, 0x00, 0xFF, 0x87, 0xFC, 0x3F, 0xE0, 0x1F, 0x00, 0xF8, 0x07,
    0xC0, 0x3E, 0x01, 0xF0, 0x0F, 0x80, 0x7C, 0x03, 0xE0, 0x1F, 0x00, 0xF8, 0x07, 0xC0, 0x3E, 0x1F,
    0xFF, 0xFF, 0xFF, 0xFF, 0xC0, 0xF0, 0x0F, 0x00, 0xF0, 0x0F, 0x00, 0xF0, 0x0F, 0x00, 0xF0, 0x0F,
    0x00, 0xF0, 0x0F, 0x00, 0xF0, 0x0F, 0x00, 0xF0, 0x0F, 0x00, 0xFF, 0xFF, 0xFF, 0xFF, 0xF0, 0x00,
    0x00, 0x00, 0xF0, 0x1F, 0x01, 0xE0, 0x1E, 0x01, 0xC0, 0xFF, 0x87, 0xFC, 0x3F, 0xE0, 0x1F, 0x00,
    0xF8, 0x07, 0xC0, 0x3E, 0x01, 0xF0, 0x0F, 0x80, 0x7C, 0x03, 0xE0, 0x1F, 0x00, 0xF8, 0x07, 0xC0,
    0x3E, 0x1F, 0xFF, 0xFF, 0xFF, 0xFF, 0xC0, 0x00, 0x00, 0x00, 0xF8, 0x07, 0x80, 0x3C, 0x01, 0xC0,
    0x0E, 0x00, 0x03, 0xCF, 0x3C, 0xF3, 0xCF, 0x38, 0xF3, 0x8F, 0x00, 0xF0, 0x0F, 0x00, 0xF0, 0x0F,
    0x00, 0xF0, 0x0F, 0x00, 0xF0, 0x0F, 0x00, 0xF0, 0x0F, 0xFF, 0xFF, 0xFF, 0xFF, 0xFF, 0xBF, 0xFE,
    0xFF, 0xFB, 0xC3, 0xEE, 0x0F, 0xB8, 0x3E, 0x00, 0xF8, 0x03, 0xE0, 0x0F, 0x80, 0x3E, 0x00, 0xF8,
    0x03, 0xE0, 0x0F, 0x80, 0x3E, 0x00, 0xF8, 0x3F, 0xFE, 0xFF, 0xFB, 0xFF, 0xE0, 0xF0, 0x0F, 0x00,
    0xF0, 0x0F, 0x00, 0xF0, 0x0F, 0x00, 0xF0, 0x0F, 0x1F, 0xF1, 0xFF, 0x1F, 0xF1, 0xFF, 0x00, 0xF0,
    0x0F, 0x00, 0xFF, 0xFF, 0xFF, 0xFF, 0xF0, 0xFF, 0x03, 0xFC, 0x0F, 0xF0, 0x03, 0xC0, 0x0F, 0x00,
    0x3C, 0x00, 0xF0, 0x03, 0xC0, 0x0F, 0x00, 0x3D, 0xF0, 0xF7, 0xC3, 0xDF, 0x0F, 0x7C, 0x3C, 0x00,
    0xF0, 0x3F, 0xFC, 0xFF, 0xF3, 0xFF, 0xC0, 0x3E, 0x00, 0xF8, 0x03, 0xE0, 0x0F, 0x80, 0x3E, 0x00,
    0xF8, 0x03, 0xEE, 0x0F, 0xF8, 0x7F, 0xE3, 0xFF, 0x0F, 0xE0, 0x3F, 0x80, 0x3E, 0x00, 0xF8, 0x03,
    0xFF, 0xCF, 0xFF, 0x3F, 0xFC, 0xFF, 0x87, 0xFC, 0x3F, 0xE0, 0x1F, 0x00, 0xF8, 0x07, 0xC0, 0x3E,
    0x01, 0xFE, 0x0F, 0xF1, 0xFF, 0x9F, 0xF0, 0xFF, 0x07, 0xF8, 0x07, 0xC0, 0x3E, 0x1F, 0xFF, 0xFF,
    0xFF, 0xFF, 0xC0, 0x00, 0x00, 0x0E, 0x00, 0xF8, 0x07, 0x80, 0x7C, 0x03, 0xC0, 0x1C, 0x00, 0x60,
    0x00, 0x07, 0xE3, 0xFF, 0x1F, 0xF8, 0xFF, 0xE7, 0xFF, 0x3F, 0xF9, 0xFF, 0xEF, 0xFF, 0x7F, 0xBB,
    0xFD, 0xFF, 0xEF, 0xFF, 0x3F, 0xF9, 0xFF, 0xCF, 0xFE, 0x3F, 0xF1, 0xFF, 0x8F, 0xC0, 0x01, 0x80,
    0x0F, 0x00, 0xF8, 0x07, 0x80, 0x78, 0x03, 0xC0, 0x1C, 0x00, 0x00, 0xFB, 0xE7, 0xFF, 0xBF, 0xFD,
    0xF1, 0xFF, 0x8F, 0xFC, 0x7F, 0xE3, 0xFF, 0x1F, 0xF8, 0xFF, 0xC7, 0xFE, 0x3F, 0xF1, 0xFF, 0x8F,
    0x80, 0xFC, 0x7F, 0xE3, 0xFF, 0x1F, 0xFC, 0xFF, 0xE7, 0xFF, 0x3F, 0xFD, 0xFF, 0xEF, 0xF7, 0x7F,
    0xBF, 0xFD, 0xFF, 0xE7, 0xFF, 0x3F, 0xF9, 0xFF, 0xC7, 0xFE, 0x3F, 0xF1, 0xF8, 0x00, 0x00, 0x00,
    0x1F, 0x00, 0xF0, 0x07, 0x80, 0x38, 0x01, 0xC0, 0xFB, 0xE7, 0xFF, 0xBF, 0xFD, 0xF1, 0xFF, 0x8F,
    0xFC, 0x7F, 0xE3, 0xFF, 0x1F, 0xF8, 0xFF, 0xC7, 0xFE, 0x3F, 0xF1, 0xFF, 0x8F, 0x80, 0x00, 0x00,
    0x01, 0xF0, 0x0F, 0x00, 0x78, 0x03, 0x80, 0x1C, 0x00, 0x10, 0x41, 0xC7, 0x0F, 0x78, 0x7F, 0xC1,
    0xFC, 0x07, 0xC0, 0x00, 0x1F, 0x8F, 0xFC, 0x7F, 0xE3, 0xFF, 0x9F, 0xFC, 0xFF, 0xE7, 0xFF, 0xBF,
    0xFD, 0xFE, 0xEF, 0xF7, 0xFF, 0xBF, 0xFC, 0xFF, 0xE7, 0xFF, 0x3F, 0xF8, 0xFF, 0xC7, 0xFE, 0x3F,
    0x10, 0x41, 0xC7, 0x0F, 0x78, 0x7F, 0xC1, 0xFC, 0x07, 0xC0, 0x00, 0x1F, 0x7C, 0xFF, 0xF7, 0xFF,
    0xBE, 0x3F, 0xF1, 0xFF, 0x8F, 0xFC, 0x7F, 0xE3, 0xFF, 0x1F, 0xF8, 0xFF, 0xC7, 0xFE, 0x3F, 0xF1,
    0xF0, 0xF0, 0x03, 0x80, 0x0E, 0x00, 0x38, 0x00, 0xC0, 0x00, 0xFF, 0xE3, 0xFF, 0x8F, 0xFF, 0x3E,
    0x7C, 0xF8, 0xF3, 0xE3, 0xCF, 0x8F, 0x3E, 0x3C, 0xF8, 0xF3, 0xE3, 0xCF, 0x8F, 0x3E, 0x3C, 0xF8,
    0xF0, 0xFC, 0x7F, 0xE3, 0xFF, 0x1F, 0xFC, 0xFF, 0xE7, 0xFF, 0x3F, 0xFD, 0xFF, 0xEF, 0xF7, 0x7F,
    0xBF, 0xFD, 0xFF, 0xE7, 0xFF, 0x3F, 0xF9, 0xFF, 0xC7, 0xFE, 0x3F, 0xF1, 0xF8, 0x03, 0xC0, 0x1E,
    0x3F, 0xF1, 0xFF, 0x0F, 0xF0, 0xFB, 0xE7, 0xFF, 0xBF, 0xFD, 0xF1, 0xFF, 0x8F, 0xFC, 0x7F, 0xE3,
    0xFF, 0x1F, 0xF8, 0xFF, 0xC7, 0xFE, 0x3F, 0xF1, 0xFF, 0x8F, 0x80, 0x7C, 0x03, 0xE1, 0xFF, 0x0F,
    0xF0, 0x7F, 0x00, 0x1F, 0xF0, 0x3F, 0xE0, 0x7F, 0xC0, 0x00, 0x00, 0x00, 0x01, 0xFC, 0x07, 0xFC,
    0x1F, 0xFC, 0x7C, 0x7C, 0xF0, 0x79, 0xE0, 0xF7, 0xC1, 0xFF, 0x83, 0xFF, 0x07, 0xFE, 0x0F, 0xFC,
    0x1F, 0x78, 0x3C, 0xF0, 0x79, 0xF1, 0xF1, 0xFF, 0xC1, 0xFF, 0x01, 0xFC, 0x00, 0x3F, 0xE1, 0xFF,
    0x0F, 0xF8, 0x00, 0x00, 0x00, 0x0F, 0xE0, 0xFF, 0x8F, 0xFE, 0xF8, 0xFF, 0x83, 0xFC, 0x1F, 0xE0,
    0xFF, 0x07, 0xF8, 0x3F, 0xE3, 0xEF, 0xFE, 0x3F, 0xE0, 0xFE, 0x00, 0x08, 0x20, 0x38, 0xE0, 0x7B,
    0xC0, 0xFF, 0x80, 0xFE, 0x00, 0xF8, 0x00, 0x00, 0x07, 0xF0, 0x1F, 0xF0, 0x7F, 0xF1, 0xF1, 0xF3,
    0xC1, 0xE7, 0x83, 0xDF, 0x07, 0xFE, 0x0F, 0xFC, 0x1F, 0xF8, 0x3F, 0xF0, 0x7D, 0xE0, 0xF3, 0xC1,
    0xE7, 0xC7, 0xC7, 0xFF, 0x07, 0xFC, 0x07, 0xF0, 0x10, 0x41, 0xC7, 0x0F, 0x78, 0x7F, 0xC1, 0xFC,
    0x07, 0xC0, 0x00, 0x03, 0xF8, 0x3F, 0xE3, 0xFF, 0xBE, 0x3F, 0xE0, 0xFF, 0x07, 0xF8, 0x3F, 0xC1,
    0xFE, 0x0F, 0xF8, 0xFB, 0xFF, 0x8F, 0xF8, 0x3F, 0x80, 0x00, 0x00, 0x0E, 0x70, 0x3F, 0xF0, 0x7B,
    0xC1, 0xEF, 0x03, 0x9E, 0x03, 0x08, 0x00, 0x00, 0x0F, 0xE0, 0x3F, 0xE0, 0xFF, 0xE3, 0xE3, 0xE7,
    0x83, 0xCF, 0x07, 0xBE, 0x0F, 0xFC, 0x1F, 0xF8, 0x3F, 0xF0, 0x7F, 0xE0, 0xFB, 0xC1, 0xE7, 0x83,
    0xCF, 0x8F, 0x8F, 0xFE, 0x0F, 0xF8, 0x0F, 0xE0, 0x00, 0x00, 0x73, 0x87, 0xDE, 0x3D, 0xE3, 0xCF,
    0x1E, 0xF0, 0x63, 0x00, 0x00, 0x1F, 0xC1, 0xFF, 0x1F, 0xFD, 0xF1, 0xFF, 0x07, 0xF8, 0x3F, 0xC1,
    0xFE, 0x0F, 0xF0, 0x7F, 0xC7, 0xDF, 0xFC, 0x7F, 0xC1, 0xFC, 0x00, 0x0F, 0xFF, 0xF3, 0xFF, 0xFF,
    0x3F, 0xFF, 0xF7, 0xC3, 0xC0, 0x78, 0x3C, 0x0F, 0x83, 0xC0, 0xF8, 0x3C, 0x0F, 0x83, 0xFE, 0xF8,
    0x3F, 0xEF, 0x83, 0xFE, 0xF8, 0x3C, 0x0F, 0x83, 0xC0, 0x78, 0x3C, 0x07, 0xC3, 0xC0, 0x3F, 0xFF,
    0xF3, 0xFF, 0xFF, 0x0F, 0xFF, 0xF0, 0x0F, 0xCF, 0xE0, 0xFF, 0xFF, 0xC3, 0xFF, 0xFF, 0x9F, 0x3F,
    0x1E, 0x78, 0x7C, 0x7D, 0xE1, 0xFF, 0xF7, 0x87, 0xFF, 0xDE, 0x1F, 0xFF, 0x78, 0x7C, 0x01, 0xF3,
    0xF0, 0xC3, 0xFF, 0xFF, 0x8F, 0xFF, 0xFE, 0x0F, 0xCF, 0xF0, 0x00, 0x00, 0x07, 0x00, 0x1E, 0x00,
    0xF0, 0x03, 0xC0, 0x1E, 0x00, 0x70, 0x00, 0xC0, 0x00, 0x01, 0xFF, 0x87, 0xFF, 0x1F, 0xFE, 0x78,
    0xF9, 0xE1, 0xE7, 0x87, 0x9E, 0x1E, 0x78, 0xF9, 0xFF, 0xE7, 0xFF, 0x1F, 0xF8, 0x7B, 0xE1, 0xE7,
    0x87, 0x9F, 0x1E, 0x3C, 0x78, 0xF9, 0xE1, 0xE0, 0x00, 0x80, 0x07, 0x80, 0x1E, 0x00, 0xF8, 0x03,
    0xC0, 0x1E, 0x00, 0x30, 0x00, 0x00, 0xFF, 0x7B, 0xFF, 0xE7, 0xFF, 0x87, 0xF0, 0x1F, 0x00, 0x7C,
    0x01, 0xF0, 0x07, 0xC0, 0x1F, 0x00, 0x7C, 0x07, 0xFF, 0x3F, 0xFC, 0xFF, 0xF0, 0x7F, 0xE1, 0xFF,
    0xC7, 0xFF, 0x9E, 0x3E, 0x78, 0x79, 0xE1, 0xE7, 0x87, 0x9E, 0x3E, 0x7F, 0xF9, 0xFF, 0xC7, 0xFE,
    0x1E, 0xF8, 0x79, 0xE1, 0xE7, 0xC7, 0x8F, 0x1E, 0x3E, 0x78, 0x78, 0x00, 0x00, 0x00, 0x03, 0xE0,
    0x0F, 0x80, 0x3C, 0x00, 0xF0, 0x03, 0x80, 0xFF, 0x7B, 0xFF, 0xE7, 0xFF, 0x87, 0xF0, 0x1F, 0x00,
    0x7C, 0x01, 0xF0, 0x07, 0xC0, 0x1F, 0x00, 0x7C, 0x07, 0xFF, 0x3F, 0xFC, 0xFF, 0xF0, 0x00, 0x00,
    0x00, 0x07, 0xC0, 0x1E, 0x00, 0x78, 0x01, 0xE0, 0x07, 0x00, 0x10, 0x40, 0xE3, 0x83, 0xDF, 0x0F,
    0xF8, 0x1F, 0xC0, 0x3E, 0x00, 0x00, 0x1F, 0xF8, 0x7F, 0xF1, 0xFF, 0xE7, 0x8F, 0x9E, 0x1E, 0x78,
    0x79, 0xE1, 0xE7, 0x8F, 0x9F, 0xFE, 0x7F, 0xF1, 0xFF, 0x87, 0xBE, 0x1E, 0x78, 0x79, 0xF1, 0xE3,
    0xC7, 0x8F, 0x9E, 0x1E, 0x00, 0x00, 0xF1, 0xC3, 0xEF, 0x07, 0xF8, 0x0F, 0xC0, 0x1F, 0x00, 0x00,
    0x3F, 0xDE, 0xFF, 0xF9, 0xFF, 0xE1, 0xFC, 0x07, 0xC0, 0x1F, 0x00, 0x7C, 0x01, 0xF0, 0x07, 0xC0,
    0x1F, 0x01, 0xFF, 0xCF, 0xFF, 0x3F, 0xFC, 0x00, 0x00, 0x03, 0x80, 0x0F, 0x00, 0x78, 0x01, 0xE0,
    0x0F, 0x00, 0x38, 0x00, 0x60, 0x00, 0x00, 0x3F, 0xC3, 0xFF, 0xCF, 0xFF, 0x7C, 0x39, 0xF0, 0x47,
    0xC0, 0x1F, 0xE0, 0x3F, 0xF0, 0xFF, 0xE0, 0xFF, 0xC0, 0x3F, 0x00, 0x3C, 0xC0, 0xF7, 0x87, 0xDF,
    0xFE, 0x7F, 0xF8, 0x7F, 0x80, 0x01, 0x80, 0x0F, 0x00, 0xF8, 0x07, 0x80, 0x78, 0x03, 0xC0, 0x1C,
    0x00, 0x00, 0x1F, 0xE1, 0xFF, 0x9F, 0xFC, 0xF0, 0xC7, 0xC0, 0x3F, 0xE1, 0xFF, 0xC3, 0xFE, 0x00,
    0xFB, 0x87, 0xFF, 0xFC, 0xFF, 0xE3, 0xFC, 0x00, 0x07, 0xC0, 0x3F, 0x80, 0xFF, 0x07, 0xBE, 0x1C,
    0x70, 0x20, 0x80, 0x00, 0x03, 0xFC, 0x3F, 0xFC, 0xFF, 0xF7, 0xC3, 0x9F, 0x04, 0x7C, 0x01, 0xFE,
    0x03, 0xFF, 0x0F, 0xFE, 0x0F, 0xFC, 0x03, 0xF0, 0x03, 0xCC, 0x0F, 0x78, 0x7D, 0xFF, 0xE7, 0xFF,
    0x87, 0xF8, 0x0F, 0x80, 0xFE, 0x07, 0xF8, 0x7B, 0xE3, 0x8E, 0x08, 0x20, 0x7F, 0x87, 0xFE, 0x7F,
    0xF3, 0xC3, 0x1F, 0x00, 0xFF, 0x87, 0xFF, 0x0F, 0xF8, 0x03, 0xEE, 0x1F, 0xFF, 0xF3, 0xFF, 0x8F,
    0xF0, 0x0F, 0xF0, 0xFF, 0xF3, 0xFF, 0xDF, 0x0E, 0x7C, 0x11, 0xF0, 0x07, 0xF8, 0x0F, 0xFC, 0x3F,
    0xF8, 0x3F, 0xF0, 0x0F, 0xC0, 0x0F, 0x30, 0x3D, 0xE1, 0xF7, 0xFF, 0xDF, 0xFE, 0x1F, 0xF0, 0x0C,
    0x00, 0x3E, 0x01, 0x38, 0x0F, 0xE0, 0x1F, 0x00, 0x1F, 0xE1, 0xFF, 0x9F, 0xFC, 0xF0, 0xC7, 0x80,
    0x3F, 0xE1, 0xFF, 0xC3, 0xFE, 0x00, 0xFB, 0x87, 0xFF, 0xFC, 0xFF, 0xE3, 0xFE, 0x03, 0x00, 0x1F,
    0x01, 0x38, 0x1F, 0xC0, 0x7C, 0x00, 0x08, 0x20, 0x71, 0xC1, 0xEF, 0x83, 0xFC, 0x0F, 0xE0, 0x1F,
    0x00, 0x00, 0x03, 0xFC, 0x3F, 0xFC, 0xFF, 0xF7, 0xC3, 0x9F, 0x04, 0x7C, 0x01, 0xFE, 0x03, 0xFF,
    0x0F, 0xFE, 0x0F, 0xFC, 0x03, 0xF0, 0x03, 0xCC, 0x0F, 0x78, 0x7D, 0xFF, 0xE7, 0xFF, 0x87, 0xF8,
    0x10, 0x41, 0xC7, 0x0F, 0x7C, 0x3F, 0xC1, 0xFC, 0x07, 0xC0, 0x00, 0x03, 0xFC, 0x3F, 0xF3, 0xFF,
    0x9E, 0x18, 0xF8, 0x07, 0xFC, 0x3F, 0xF8, 0x7F, 0xC0, 0x1F, 0x70, 0xFF, 0xFF, 0x9F, 0xFC, 0x7F,
    0x80, 0xFF, 0xFF, 0xFF, 0xFF, 0xFF, 0xF8, 0x3E, 0x00, 0x7C, 0x00, 0xF8, 0x01, 0xF0, 0x03, 0xE0,
    0x07, 0xC0, 0x0F, 0x80, 0x1F, 0x00, 0x3E, 0x00, 0x7C, 0x00, 0xF8, 0x01, 0xF0, 0x03, 0xE0, 0x07,
    0xC0, 0x00, 0x00, 0x00, 0x00, 0x3E, 0x00, 0x78, 0x00, 0xF0, 0x01, 0xC0, 0x03, 0x80, 0x1F, 0x00,
    0xF8, 0x07, 0xC0, 0x3E, 0x0F, 0xFF, 0xFF, 0xFF, 0xFF, 0xE3, 0xE0, 0x1F, 0x00, 0xF8, 0x07, 0xC0,
    0x3E, 0x01, 0xF0, 0x0F, 0x80, 0x7F, 0xE1, 0xFF, 0x07, 0xF8, 0x00, 0x00, 0x00, 0x07, 0x80, 0x3C,
    0x03, 0xC0, 0x1E, 0x00, 0xE0, 0x08, 0x20, 0x38, 0xE0, 0x7B, 0xC0, 0xFF, 0x80, 0xFE, 0x00, 0xF8,
    0x00, 0x00, 0x7F, 0xFF, 0xFF, 0xFF, 0xFF, 0xFC, 0x1F, 0x00, 0x3E, 0x00, 0x7C, 0x00, 0xF8, 0x01,
    0xF0, 0x03, 0xE0, 0x07, 0xC0, 0x0F, 0x80, 0x1F, 0x00, 0x3E, 0x00, 0x7C, 0x00, 0xF8, 0x01, 0xF0,
    0x03, 0xE0, 0x00, 0x78, 0x03, 0xC7, 0xDE, 0x3E, 0xE1, 0xF7, 0x0F, 0x83, 0xFF, 0xFF, 0xFF, 0xFF,
    0xF8, 0xF8, 0x07, 0xC0, 0x3E, 0x01, 0xF0, 0x0F, 0x80, 0x7C, 0x03, 0xE0, 0x1F, 0xF8, 0x7F, 0xC1,
    0xFE, 0xFF, 0xFF, 0xFF, 0xFF, 0xFF, 0xF8, 0x3E, 0x00, 0x7C, 0x00, 0xF8, 0x01, 0xF0, 0x1F, 0xFC,
    0x3F, 0xF8, 0x7F, 0xF0, 0x1F, 0x00, 0x3E, 0x00, 0x7C, 0x00, 0xF8, 0x01, 0xF0, 0x03, 0xE0, 0x07,
    0xC0, 0x1F, 0x00, 0xF8, 0x07, 0xC0, 0x3E, 0x0F, 0xFF, 0xFF, 0xFF, 0xFF, 0xE3, 0xE0, 0x1F, 0x03,
    0xFF, 0x1F, 0xF8, 0xFF, 0xC1, 0xF0, 0x0F, 0x80, 0x7F, 0xE1, 0xFF, 0x07, 0xF8, 0x1E, 0x01, 0xFF,
    0x0F, 0xF8, 0x2F, 0xC0, 0x00, 0x00, 0x03, 0xE3, 0xFF, 0x1F, 0xF8, 0xFF, 0xC7, 0xFE, 0x3F, 0xF1,
    0xFF, 0x8F, 0xFC, 0x7F, 0xE3, 0xFF, 0x1F, 0xF8, 0xFF, 0xC7, 0xFE, 0x3F, 0xFB, 0xF7, 0xFF, 0x3F,
    0xF8, 0xFF, 0x80, 0x1E, 0x01, 0xFF, 0x0F, 0xF8, 0x6F, 0xC0, 0x00, 0x00, 0x03, 0xE3, 0xFF, 0x1F,
    0xF8, 0xFF, 0xC7, 0xFE, 0x3F, 0xF1, 0xFF, 0x8F, 0xFC, 0x7F, 0xE3, 0xFF, 0x1F, 0x7F, 0xFB, 0xFF,
    0xCF, 0xBE, 0x3F, 0xE1, 0xFF, 0x0F, 0xF8, 0x00, 0x00, 0x00, 0x7C, 0x7F, 0xE3, 0xFF, 0x1F, 0xF8,
    0xFF, 0xC7, 0xFE, 0x3F, 0xF1, 0xFF, 0x8F, 0xFC, 0x7F, 0xE3, 0xFF, 0x1F, 0xF8, 0xFF, 0xC7, 0xFF,
    0x7E, 0xFF, 0xE7, 0xFF, 0x1F, 0xF0, 0x3F, 0xE1, 0xFF, 0x0F, 0xF8, 0x00, 0x00, 0x00, 0x7C, 0x7F,
    0xE3, 0xFF, 0x1F, 0xF8, 0xFF, 0xC7, 0xFE, 0x3F, 0xF1, 0xFF, 0x8F, 0xFC, 0x7F, 0xE3, 0xEF, 0xFF,
    0x7F, 0xF9, 0xF7, 0xC0, 0x10, 0x41, 0xC7, 0x0F, 0x78, 0x7F, 0xC1, 0xFC, 0x07, 0xC0, 0x00, 0x1F,
    0x1F, 0xF8, 0xFF, 0xC7, 0xFE, 0x3F, 0xF1, 0xFF, 0x8F, 0xFC, 0x7F, 0xE3, 0xFF, 0x1F, 0xF8, 0xFF,
    0xC7, 0xFE, 0x3F, 0xF1, 0xFF, 0xDF, 0xBF, 0xF9, 0xFF, 0xC7, 0xFC, 0x10, 0x43, 0xC7, 0x0E, 0x78,
    0x7F, 0xC1, 0xFC, 0x07, 0xC0, 0x00, 0x1F, 0x1F, 0xF8, 0xFF, 0xC7, 0xFE, 0x3F, 0xF1, 0xFF, 0x8F,
    0xFC, 0x7F, 0xE3, 0xFF, 0x1F, 0xF8, 0xFB, 0xFF, 0xDF, 0xFE, 0x7D, 0xF0, 0x0F, 0x80, 0xFE, 0x07,
    0x70, 0x7B, 0xC1, 0xDC, 0x0F, 0xE0, 0x3E, 0x00, 0x00, 0xF8, 0xFF, 0xC7, 0xFE, 0x3F, 0xF1, 0xFF,
    0x8F, 0xFC, 0x7F, 0xE3, 0xFF, 0x1F, 0xF8, 0xFF, 0xC7, 0xFE, 0x3F, 0xF1, 0xFF, 0x8F, 0xFE, 0xFD,
    0xFF, 0xCF, 0xFE, 0x3F, 0xE0, 0x0F, 0x80, 0xFE, 0x07, 0x70, 0x7B, 0x81, 0xDC, 0x0F, 0xE0, 0x3E,
    0x00, 0x00, 0xF8, 0xFF, 0xC7, 0xFE, 0x3F, 0xF1, 0xFF, 0x8F, 0xFC, 0x7F, 0xE3, 0xFF, 0x1F, 0xF8,
    0xFF, 0xC7, 0xDF, 0xFE, 0xFF, 0xF3, 0xEF, 0x80, 0x00, 0x00, 0x73, 0x87, 0xFE, 0x3D, 0xE3, 0xDE,
    0x1C, 0xF0, 0x61, 0x00, 0x00, 0xF8, 0xFF, 0xC7, 0xFE, 0x3F, 0xF1, 0xFF, 0x8F, 0xFC, 0x7F, 0xE3,
    0xFF, 0x1F, 0xF8, 0xFF, 0xC7, 0xFE, 0x3F, 0xF1, 0xFF, 0x8F, 0xFE, 0xFD, 0xFF, 0xCF, 0xFE, 0x3F,
    0xE0, 0x00, 0x00, 0x73, 0x87, 0xDE, 0x3D, 0xE3, 0xCE, 0x1E, 0xF0, 0x63, 0x00, 0x00, 0xF8, 0xFF,
    0xC7, 0xFE, 0x3F, 0xF1, 0xFF, 0x8F, 0xFC, 0x7F, 0xE3, 0xFF, 0x1F, 0xF8, 0xFF, 0xC7, 0xDF, 0xFE,
    0xFF, 0xF3, 0xEF, 0x80, 0xF8, 0xFF, 0xC7, 0xFE, 0x3F, 0xF1, 0xFF, 0x8F, 0xFC, 0x7F, 0xE3, 0xFF,
    0x1F, 0xF8, 0xFF, 0xC7, 0xFE, 0x3F, 0xF1, 0xFF, 0x8F, 0xFE, 0xFD, 0xFF, 0xCF, 0xFE, 0x3F, 0xE0,
    0x1C, 0x01, 0xC0, 0x1C, 0x80, 0xFE, 0x03, 0xE0, 0xF8, 0xFB, 0xE3, 0xEF, 0x8F, 0xBE, 0x3E, 0xF8,
    0xFB, 0xE3, 0xEF, 0x8F, 0xBE, 0x3E, 0xF8, 0xFB, 0xE3, 0xE7, 0xFF, 0x9F, 0xFE, 0x3E, 0xF8, 0x03,
    0xC0, 0x1C, 0x00, 0x74, 0x01, 0xF8, 0x07, 0xE0, 0x00, 0x3E, 0x00, 0x00, 0x7E, 0x00, 0x00, 0xFF,
    0x00, 0x01, 0xF7, 0x80, 0x01, 0xE3, 0x80, 0x00, 0x00, 0x00, 0x00, 0x00, 0x00, 0x78, 0x3E, 0x0F,
    0x78, 0x3E, 0x1F, 0x78, 0x7E, 0x1E, 0x7C, 0x7F, 0x1E, 0x7C, 0x7F, 0x1E, 0x3C, 0x7F, 0x1E, 0x3C,
    0xFF, 0x3E, 0x3C, 0xF7, 0xBC, 0x3E, 0xF7, 0xBC, 0x1E, 0xE7, 0xBC, 0x1F, 0xE7, 0xBC, 0x1F, 0xE3,
    0xF8, 0x1F, 0xE3, 0xF8, 0x0F, 0xC3, 0xF8, 0x0F, 0xC3, 0xF8, 0x0F, 0xC1, 0xF0, 0x0F, 0xC1, 0xF0,
    0x00, 0xF8, 0x00, 0x0F, 0xE0, 0x00, 0xFF, 0x00, 0x0F, 0xBC, 0x00, 0x38, 0xE0, 0x00, 0x02, 0x03,
    0xC3, 0xE3, 0xFF, 0x1F, 0x1E, 0x78, 0xF8, 0xF3, 0xCF, 0xC7, 0x9E, 0x7F, 0x78, 0xFB, 0xFB, 0xC3,
    0xFD, 0xDE, 0x1F, 0xEF, 0xF0, 0xFE, 0x7F, 0x03, 0xF3, 0xF8, 0x1F, 0x8F, 0xC0, 0xFC, 0x7C, 0x07,
    0xC3, 0xE0, 0x07, 0xC0, 0x1F, 0xC0, 0x7F, 0xC0, 0xF7, 0x81, 0xC7, 0x01, 0x04, 0x00, 0x00, 0x7C,
    0x1F, 0xF8, 0x3E, 0xF8, 0xF9, 0xF1, 0xF1, 0xF7, 0xC3, 0xEF, 0x83, 0xFE, 0x07, 0xFC, 0x07, 0xF0,
    0x0F, 0xE0, 0x0F, 0x80, 0x1F, 0x00, 0x3E, 0x00, 0x7C, 0x00, 0xF8, 0x01, 0xF0, 0x03, 0xE0, 0x07,
    0xC0, 0x1F, 0xC0, 0x7F, 0xC0, 0xF7, 0xC1, 0xC7, 0x01, 0x04, 0x3E, 0x0F, 0xBC, 0x1E, 0x7C, 0x7C,
    0xF8, 0xF8, 0xF1, 0xE1, 0xF7, 0xC1, 0xEF, 0x03, 0xDE, 0x07, 0xF8, 0x07, 0xF0, 0x0F, 0xE0, 0x0F,
    0x80, 0x1F, 0x00, 0x3C, 0x00, 0x78, 0x0F, 0xF0, 0x1F, 0xC0, 0x3F, 0x00, 0x3E, 0xF8, 0x7D, 0xF0,
    0xFB, 0xE1, 0xF7, 0xC0, 0x00, 0x1F, 0x07, 0xFE, 0x0F, 0xBE, 0x3E, 0x7C, 0x7C, 0x7D, 0xF0, 0xFB,
    0xE0, 0xFF, 0x81, 0xFF, 0x01, 0xFC, 0x03, 0xF8, 0x03, 0xE0, 0x07, 0xC0, 0x0F, 0x80, 0x1F, 0x00,
    0x3E, 0x00, 0x7C, 0x00, 0xF8, 0x00, 0x00, 0x00, 0x0E, 0x00, 0xF8, 0x07, 0x80, 0x7C, 0x03, 0xC0,
    0x1C, 0x00, 0x60, 0x00, 0x07, 0xFF, 0xFF, 0xFF, 0xFF, 0xF0, 0x1F, 0x80, 0xF8, 0x0F, 0x80, 0xF8,
    0x0F, 0xC0, 0x7C, 0x07, 0xC0, 0x7E, 0x03, 0xE0, 0x3E, 0x03, 0xE0, 0x1F, 0xFF, 0xFF, 0xFF, 0xFF,
    0xC0, 0x01, 0x80, 0x0F, 0x00, 0xF8, 0x07, 0x80, 0x78, 0x03, 0x80, 0x1C, 0x00, 0x00, 0x7F, 0xF3,
    0xFF, 0x9F, 0xFC, 0x03, 0xE0, 0x3E, 0x03, 0xE0, 0x3E, 0x03, 0xE0, 0x3E, 0x03, 0xE0, 0x3F, 0xFF,
    0xFF, 0xFF, 0xFF, 0x80, 0x0F, 0x80, 0x7C, 0x03, 0xE0, 0x1F, 0x00, 0x00, 0x7F, 0xFF, 0xFF, 0xFF,
    0xFF, 0x01, 0xF8, 0x0F, 0x80, 0xF8, 0x0F, 0x80, 0xFC, 0x07, 0xC0, 0x7C, 0x07, 0xE0, 0x3E, 0x03,
    0xE0, 0x3E, 0x01, 0xFF, 0xFF, 0xFF, 0xFF, 0xFC, 0x0F, 0x80, 0x7C, 0x03, 0xE0, 0x1F, 0x00, 0x00,
    0x3F, 0xF9, 0xFF, 0xCF, 0xFE, 0x01, 0xF0, 0x1F, 0x01, 0xF0, 0x1F, 0x01, 0xF0, 0x1F, 0x01, 0xF0,
    0x1F, 0xFF, 0xFF, 0xFF, 0xFF, 0xC0, 0x10, 0x41, 0xC7, 0x0F, 0x78, 0x7F, 0xC1, 0xFC, 0x07, 0xC0,
    0x00, 0x1F, 0xFF, 0xFF, 0xFF, 0xFF, 0xC0, 0x7E, 0x03, 0xE0, 0x3E, 0x03, 0xE0, 0x3F, 0x01, 0xF0,
    0x1F, 0x01, 0xF8, 0x0F, 0x80, 0xF8, 0x0F, 0x80, 0x7F, 0xFF, 0xFF, 0xFF, 0xFF, 0x10, 0x41, 0xC7,
    0x0F, 0x78, 0x7F, 0xC1, 0xFC, 0x07, 0xC0, 0x00, 0x0F, 0xFE, 0x7F, 0xF3, 0xFF, 0x80, 0x7C, 0x07,
    0xC0, 0x7C, 0x07, 0xC0, 0x7C, 0x07, 0xC0, 0x7C, 0x07, 0xFF, 0xFF, 0xFF, 0xFF, 0xF0, 0x00, 0x1E,
    0x00, 0x3C, 0x00, 0x78, 0x00, 0xF0, 0xFF, 0xE3, 0xFF, 0xCF, 0xFF, 0x3F, 0x7E, 0x78, 0x3C, 0xF0,
    0x7B, 0xE0, 0xFF, 0xC1, 0xFF, 0x83, 0xFF, 0x07, 0xFE, 0x0F, 0xBC, 0x1E, 0x7C, 0x3C, 0xFD, 0xF8,
    0xFF, 0xE0, 0xFF, 0x80, 0xFE, 0x00, 0x00, 0x3C, 0x00, 0xF0, 0x03, 0xC7, 0xFF, 0x3F, 0xFD, 0xFF,
    0xEF, 0x8F, 0xBC, 0x1E, 0xF0, 0x7B, 0xC1, 0xEF, 0x07, 0xBC, 0x1E, 0xF8, 0xF9, 0xFF, 0xC3, 0xFE,
    0x07, 0xF0, 0x00, 0x1C, 0x00, 0x70, 0x01, 0xC0, 0x0F, 0xF8, 0xFF, 0xE3, 0xFF, 0x8F, 0xBE, 0x3E,
    0xF8, 0xFB, 0xE3, 0xEF, 0x8F, 0xBE, 0x3E, 0xF8, 0xFB, 0xE3, 0xEF, 0x8F, 0xBE, 0x3E, 0xF8, 0xFB,
    0xF7, 0xE7, 0xFF, 0x1F, 0xFC, 0x3F, 0xE0, 0x00, 0x3C, 0x00, 0xF0, 0x03, 0xFE, 0x3F, 0xF8, 0xFF,
    0xE3, 0xEF, 0x8F, 0xBE, 0x3E, 0xF8, 0xFB, 0xE3, 0xEF, 0x8F, 0xBE, 0x3E, 0xF8, 0xF9, 0xFF, 0xE7,
    0xFF, 0x8F, 0xBE, 0x00, 0x40, 0x03, 0xC0, 0x0F, 0x80, 0x1E, 0x00, 0x10, 0x00, 0xF8, 0x03, 0xF8,
    0x0F, 0x78, 0x1E, 0xF0, 0x1F, 0xC0, 0x1F, 0x00, 0x00, 0x00, 0xFE, 0x01, 0xFC, 0x03, 0xF8, 0x0F,
    0xF8, 0x1F, 0xF0, 0x3D, 0xE0, 0x7B, 0xC1, 0xF7, 0xC3, 0xCF, 0x87, 0x8F, 0x0F, 0xFE, 0x3F, 0xFE,
    0x7F, 0xFC, 0xF0, 0x7B, 0xE0, 0xFF, 0xC1, 0xFF, 0x03, 0xE0, 0x01, 0x80, 0x0E, 0x00, 0x7C, 0x01,
    0xE0, 0x06, 0x00, 0x7E, 0x01, 0xFC, 0x0E, 0x70, 0x39, 0xC0, 0x7F, 0x01, 0xF8, 0x00, 0x00, 0x3F,
    0xC1, 0xFF, 0x87, 0xFF, 0x1C, 0x7C, 0x00, 0xF0, 0xFF, 0xC7, 0xFF, 0x3E, 0x3C, 0xF0, 0xF3, 0xE7,
    0xCF, 0xFF, 0xDF, 0xFF, 0x3E, 0x7C, 0x00, 0x00, 0x00, 0x00, 0x1C, 0x00, 0x00, 0x78, 0x00, 0x03,
    0xC0, 0x00, 0x0F, 0x00, 0x00, 0x78, 0x00, 0x01, 0xC0, 0x00, 0x03, 0x00, 0x00, 0x00, 0x00, 0x01,
    0xFF, 0xF0, 0x0F, 0xFF, 0xC0, 0x3F, 0xFF, 0x01, 0xFF, 0x00, 0x07, 0xFC, 0x00, 0x3D, 0xF0, 0x00,
    0xF7, 0xC0, 0x07, 0x9F, 0xF8, 0x1E, 0x7F, 0xE0, 0xF9, 0xFF, 0x83, 0xFF, 0xC0, 0x1F, 0xFF, 0x00,
    0x7F, 0xFC, 0x03, 0xC1, 0xF0, 0x0F, 0x07, 0xFF, 0x7C, 0x1F, 0xFD, 0xE0, 0x7F, 0xF0, 0x00, 0x10,
    0x00, 0x01, 0xE0, 0x00, 0x1F, 0x00, 0x00, 0xF0, 0x00, 0x0F, 0x80, 0x00, 0x78, 0x00, 0x03, 0x80,
    0x00, 0x00, 0x00, 0x3F, 0x9F, 0xC3, 0xFF, 0xFF, 0x1F, 0xFF, 0xFC, 0x63, 0xF3, 0xE0, 0x0F, 0x0F,
    0x1F, 0xFF, 0xF9, 0xFF, 0xFF, 0xFF, 0xFF, 0xFE, 0xF8, 0xF0, 0x07, 0xCF, 0xC3, 0x3F, 0xFF, 0xFC,
    0xFF, 0x7F, 0xC3, 0xF1, 0xFC, 0x00, 0x00, 0x00, 0x01, 0xC0, 0x07, 0xC0, 0x0F, 0x00, 0x3E, 0x00,
    0x78, 0x00, 0xE0, 0x00, 0xC4, 0x00, 0x1C, 0x1F, 0xFC, 0x7F, 0xF1, 0xFF, 0xC7, 0xC7, 0xCF, 0x1F,
    0x9E, 0x3F, 0x7C, 0xFF, 0xF9, 0xFF, 0xF7, 0x7F, 0xFE, 0xFF, 0xF9, 0xF7, 0xE3, 0xCF, 0xC7, 0x9F,
    0x1F, 0x1F, 0xFC, 0x7F, 0xF1, 0xFF, 0xC1, 0xC0, 0x01, 0x00, 0x00, 0x00, 0xC0, 0x01, 0xE0, 0x07,
    0xC0, 0x0F, 0x00, 0x3C, 0x00, 0x70, 0x00, 0xE0, 0x00, 0x0E, 0x0F, 0xFE, 0x3F, 0xF8, 0xFF, 0xE3,
    0xE7, 0xE7, 0x9F, 0xCF, 0x3F, 0x9E, 0xEF, 0x3F, 0x9E, 0x7F, 0x3C, 0xFC, 0xF8, 0xFF, 0xE3, 0xFF,
    0x8F, 0xFE, 0x0E, 0x00, 0x00, 0x00, 0x00, 0x0F, 0xF0, 0xFF, 0xF3, 0xFF, 0xDF, 0x0E, 0x7C, 0x11,
    0xF0, 0x07, 0xF8, 0x0F, 0xFC, 0x3F, 0xF8, 0x3F, 0xF0, 0x0F, 0xC0, 0x0F, 0x30, 0x3D, 0xE1, 0xF7,
    0xFF, 0x9F, 0xFE, 0x1F, 0xE0, 0x00, 0x00, 0x00, 0x01, 0xE0, 0x07, 0x80, 0x1E, 0x00, 0x70, 0x01,
    0xC0, 0x1F, 0xE1, 0xFF, 0x9F, 0xFC, 0xF0, 0xC7, 0xC0, 0x3F, 0xE1, 0xFF, 0xC3, 0xFE, 0x00, 0xFB,
    0x87, 0xFF, 0xFC, 0xFF, 0xE3, 0xFC, 0x00, 0x00, 0x00, 0x01, 0xE0, 0x0F, 0x00, 0x78, 0x03, 0x80,
    0x1C, 0x00, 0xFF, 0xFF, 0xFF, 0xFF, 0xFF, 0xF8, 0x3E, 0x00, 0x7C, 0x00, 0xF8, 0x01, 0xF0, 0x03,
    0xE0, 0x07, 0xC0, 0x0F, 0x80, 0x1F, 0x00, 0x3E, 0x00, 0x7C, 0x00, 0xF8, 0x01, 0xF0, 0x03, 0xE0,
    0x07, 0xC0, 0x00, 0x00, 0x00, 0x00, 0x3E, 0x00, 0x78, 0x00, 0xF0, 0x01, 0xC0, 0x03, 0x80, 0x1F,
    0x00, 0xF8, 0x07, 0xC0, 0x3E, 0x0F, 0xFF, 0xFF, 0xFF, 0xFF, 0xE3, 0xE0, 0x1F, 0x00, 0xF8, 0x07,
    0xC0, 0x3E, 0x01, 0xF0, 0x0F, 0x80, 0x7F, 0xE1, 0xFF, 0x07, 0xF8, 0x00, 0x00, 0x00, 0x07, 0x80,
    0x3C, 0x03, 0xC0, 0x1E, 0x00, 0xE0, 0x30, 0xF1, 0xE1, 0xE3, 0xC3, 0x87, 0x00, 0x10, 0x78, 0xF3,
    0xC7, 0x9E, 0x18, 0x00, 0x1E, 0x0F, 0xC7, 0xFB, 0xDF, 0xE1, 0xC0, 0x00, 0x78, 0x3F, 0xFF, 0xFD,
    0x3E, 0xFF, 0xFF, 0xFF, 0x01, 0x38, 0x7F, 0x3D, 0xFE, 0x7F, 0x8F, 0xC0, 0xF7, 0xBD, 0xE0, 0xFF,
    0xFF, 0xFF, 0xFF, 0xFF, 0xFD, 0xFB, 0xF1, 0xE3, 0xC7, 0x00, 0x00, 0x7E, 0x7E, 0xE7, 0xE7, 0xE7,
    0x7E, 0x7E, 0x00, 0x01, 0x8C, 0x3D, 0xE7, 0xDE, 0x7B, 0xC7, 0x38, 0x61, 0x80, 0x00, 0x38, 0x7F,
    0xBD, 0xFE, 0x3F, 0x07, 0x80, 0x3B, 0xDF, 0xEF, 0x00, 0xF7, 0xBD, 0xCE, 0x00, 0x0F, 0x0F, 0x7E,
    0xFE, 0xFE, 0xF7, 0xBD, 0xE0, 0x7B, 0xFD, 0xEE, 0x00, 0x30, 0x60, 0xFA, 0x7F, 0xFF, 0x80, 0x1C,
    0x71, 0xC7, 0xAF, 0xEF, 0xC0, 0x08, 0x03, 0xC0, 0x3C, 0x03, 0xE0, 0x1E, 0x00, 0xF0, 0x04, 0x00,
    0x00, 0xFF, 0xFF, 0xFF, 0xFF, 0xEF, 0x00, 0xF0, 0x0F, 0x00, 0xF0, 0x0F, 0xFE, 0xFF, 0xEF, 0xFE,
    0xF0, 0x0F, 0x00, 0xF0, 0x0F, 0x00, 0xFF, 0xEF, 0xFF, 0xFF, 0xF0, 0xFB, 0xEF, 0xBE, 0xFB, 0xEF,
    0xBE, 0x00, 0x0F, 0xFF, 0xFF, 0xFF, 0xFE, 0xF0, 0x0F, 0x00, 0xF0, 0x0F, 0x00, 0xFF, 0xEF, 0xFE,
    0xFF, 0xEF, 0x00, 0xF0, 0x0F, 0x00, 0xF0, 0x0F, 0xFE, 0xFF, 0xFF, 0xFF, 0xFF, 0xE1, 0xFF, 0xC3,
    0xFF, 0x80, 0xF8, 0x01, 0xF0, 0x03, 0xE0, 0x07, 0xFE, 0x0F, 0xFE, 0x1F, 0xFC, 0x3E, 0x7C, 0x7C,
    0xF8, 0xF9, 0xF1, 0xF3, 0xE3, 0xE7, 0xC7, 0xCF, 0x8F, 0x9F, 0x1F, 0x3E, 0x00, 0x7C, 0x00, 0xF8,
    0x0F, 0xF0, 0x1F, 0xC0, 0x3F, 0x00, 0x00, 0x00, 0x38, 0x03, 0xC0, 0x7C, 0x07, 0x80, 0xF0, 0x0F,
    0x00, 0x60, 0x00, 0x0F, 0xFF, 0xFF, 0xFF, 0xFF, 0xF8, 0x0F, 0x80, 0xF8, 0x0F, 0x80, 0xF8, 0x0F,
    0x80, 0xF8, 0x0F, 0x80, 0xF8, 0x0F, 0x80, 0xF8, 0x0F, 0x80, 0xF8, 0x0F, 0x80, 0x0F, 0xF0, 0x3F,
    0xF0, 0xFF, 0xF3, 0xE3, 0xE7, 0xC3, 0xCF, 0x06, 0x1E, 0x00, 0x3F, 0xE0, 0x7F, 0xC0, 0xFF, 0x81,
    0xE0, 0x03, 0xC0, 0x07, 0xC3, 0xCF, 0x8F, 0x8F, 0xFF, 0x0F, 0xFC, 0x0F, 0xF0, 0x0F, 0xF0, 0xFF,
    0xF3, 0xFF, 0xDF, 0x0E, 0x7C, 0x11, 0xF0, 0x07, 0xF8, 0x0F, 0xFC, 0x3F, 0xF8, 0x3F, 0xF0, 0x0F,
    0xC0, 0x0F, 0x30, 0x3D, 0xE1, 0xF7, 0xFF, 0x9F, 0xFE, 0x1F, 0xE0, 0xFF, 0xFF, 0xFF, 0xDF, 0xFC,
    0x1F, 0x00, 0xF8, 0x07, 0xC0, 0x3E, 0x01, 0xF0, 0x0F, 0x80, 0x7C, 0x03, 0xE0, 0x1F, 0x00, 0xF8,
    0x07, 0xC1, 0xFF, 0xDF, 0xFF, 0xFF, 0xF8, 0x7D, 0xF3, 0xEF, 0x9F, 0x7C, 0xFB, 0xE0, 0x00, 0x7F,
    0xFF, 0xFF, 0xEF, 0xFE, 0x0F, 0x80, 0x7C, 0x03, 0xE0, 0x1F, 0x00, 0xF8, 0x07, 0xC0, 0x3E, 0x01,
    0xF0, 0x0F, 0x80, 0x7C, 0x03, 0xE0, 0xFF, 0xEF, 0xFF, 0xFF, 0xFC, 0x1F, 0xF8, 0xFF, 0xC7, 0xFE,
    0x00, 0xF0, 0x07, 0x80, 0x3C, 0x01, 0xE0, 0x0F, 0x00, 0x78, 0x03, 0xC0, 0x1E, 0x00, 0xF7, 0x87,
    0xBE, 0x7D, 0xFF, 0xE7, 0xFE, 0x1F, 0xE0, 0x0F, 0xFF, 0x80, 0x03, 0xFF, 0xE0, 0x00, 0xFF, 0xF8,
    0x00, 0x3E, 0x3E, 0x00, 0x0F, 0x8F, 0x80, 0x03, 0xE3, 0xE0, 0x00, 0xF8, 0xFF, 0xE0, 0x3E, 0x3F,
    0xFC, 0x0F, 0x8F, 0xFF, 0x83, 0xC3, 0xE3, 0xF0, 0xF0, 0xF8, 0x7C, 0x3C, 0x3E, 0x1F, 0x1F, 0x0F,
    0x87, 0xC7, 0xC3, 0xE1, 0xF7, 0xE0, 0xFF, 0xFB, 0xF8, 0x3F, 0xFE, 0xF8, 0x0F, 0xFF, 0x00, 0xF8,
    0x3E, 0x00, 0xF8, 0x3E, 0x00, 0xF8, 0x3E, 0x00, 0xF8, 0x3E, 0x00, 0xF8, 0x3E, 0x00, 0xF8, 0x3E,
    0x00, 0xF8, 0x3F, 0xF8, 0xFF, 0xFF, 0xFE, 0xFF, 0xFF, 0xFE, 0xFF, 0xFE, 0x1F, 0xF8, 0x3E, 0x1F,
    0xF8, 0x3E, 0x0F, 0xF8, 0x3E, 0x0F, 0xF8, 0x3E, 0x1F, 0xF8, 0x3F, 0xFF, 0xF8, 0x3F, 0xFE, 0xF8,
    0x3F, 0xFC, 0xFF, 0xE1, 0xFF, 0xC3, 0xFF, 0x80, 0xF8, 0x01, 0xF0, 0x03, 0xE0, 0x07, 0xFE, 0x0F,
    0xFE, 0x1F, 0xFC, 0x3E, 0x7C, 0x7C, 0xF8, 0xF9, 0xF1, 0xF3, 0xE3, 0xE7, 0xC7, 0xCF, 0x8F, 0x9F,
    0x1F, 0x3E, 0x00, 0x00, 0x07, 0x00, 0x3E, 0x00, 0xF0, 0x07, 0xC0, 0x1E, 0x00, 0x70, 0x00, 0xC0,
    0x00, 0x03, 0xE1, 0xEF, 0x8F, 0xBE, 0x3C, 0xF8, 0xF3, 0xE7, 0xCF, 0x9E, 0x3E, 0xF8, 0xFF, 0xC3,
    0xFF, 0x0F, 0xFE, 0x3E, 0xF8, 0xF9, 0xE3, 0xE7, 0xCF, 0x8F, 0x3E, 0x3F, 0xF8, 0xFF, 0xE1, 0xF0,
    0x04, 0x00, 0xF0, 0x07, 0x80, 0x3E, 0x00, 0xF0, 0x03, 0x80, 0x08, 0x00, 0x00, 0xF0, 0xFF, 0x87,
    0xFC, 0x3F, 0xE3, 0xFF, 0x1F, 0xF9, 0xFF, 0xCF, 0xFE, 0xFF, 0xF7, 0x7F, 0xFB, 0xFF, 0x9F, 0xFC,
    0xFF, 0xC7, 0xFE, 0x3F, 0xE1, 0xFF, 0x0F, 0xF8, 0x78, 0x04, 0x60, 0x38, 0xF0, 0x79, 0xE0, 0xFF,
    0x80, 0xFF, 0x00, 0xFC, 0x00, 0x00, 0x7C, 0x1F, 0x78, 0x3E, 0xF8, 0x78, 0xF1, 0xF1, 0xF3, 0xC3,
    0xE7, 0x83, 0xDF, 0x07, 0xFC, 0x07, 0xF8, 0x0F, 0xE0, 0x0F, 0xC0, 0x1F, 0x80, 0x1E, 0x00, 0x3C,
    0x07, 0xF0, 0x0F, 0xE0, 0x1F, 0x80, 0xF8, 0xFF, 0xC7, 0xFE, 0x3F, 0xF1, 0xFF, 0x8F, 0xFC, 0x7F,
    0xE3, 0xFF, 0x1F, 0xF8, 0xFF, 0xC7, 0xFE, 0x3F, 0xF1, 0xFF, 0x8F, 0xFC, 0x7F, 0xFF, 0xFF, 0xFF,
    0xFF, 0xF8, 0x7C, 0x03, 0xE0, 0x1F, 0x00, 0xF8, 0x00, 0x0F, 0xE0, 0x1F, 0xC0, 0x3F, 0x80, 0xFF,
    0x81, 0xFF, 0x03, 0xDE, 0x07, 0xBC, 0x1F, 0x7C, 0x3C, 0xF8, 0x78, 0xF0, 0xFF, 0xE3, 0xFF, 0xE7,
    0xFF, 0xCF, 0x07, 0xBE, 0x0F, 0xFC, 0x1F, 0xF0, 0x3E, 0xFF, 0xF3, 0xFF, 0xCF, 0xFF, 0x3E, 0x00,
    0xF8, 0x03, 0xE0, 0x0F, 0xFC, 0x3F, 0xFC, 0xFF, 0xFB, 0xE3, 0xEF, 0x87, 0xBE, 0x1E, 0xF8, 0x7B,
    0xE3, 0xEF, 0xFF, 0xBF, 0xFC, 0xFF, 0xE0, 0x7F, 0xE3, 0xFF, 0x9F, 0xFC, 0xF1, 0xF7, 0x8F, 0xBC,
    0x7D, 0xE7, 0xCF, 0xFC, 0x7F, 0xE3, 0xFF, 0x9E, 0x3E, 0xF0, 0xF7, 0x87, 0xBC, 0x7D, 0xFF, 0xEF,
    0xFE, 0x7F, 0xE0, 0xFF, 0xFF, 0xFF, 0xFF, 0xFF, 0x80, 0xF8, 0x0F, 0x80, 0xF8, 0x0F, 0x80, 0xF8,
    0x0F, 0x80, 0xF8, 0x0F, 0x80, 0xF8, 0x0F, 0x80, 0xF8, 0x0F, 0x80, 0xF8, 0x00, 0x0F, 0xFF, 0x80,
    0xFF, 0xF8, 0x0F, 0xFF, 0x80, 0xF8, 0x78, 0x0F, 0x87, 0x80, 0xF8, 0x78, 0x0F, 0x87, 0x80, 0xF8,
    0x78, 0x0F, 0x87, 0x80, 0xF0, 0x78, 0x0F, 0x07, 0x80, 0xF0, 0x78, 0x1F, 0x07, 0x81, 0xF0, 0x78,
    0xFF, 0xFF, 0xFF, 0xFF, 0xFF, 0xFF, 0xFF, 0xFF, 0x80, 0x0F, 0xF8, 0x00, 0xFF, 0x80, 0x0F, 0xF8,
    0x00, 0xF7, 0x00, 0x0F, 0xFF, 0xFF, 0xFF, 0xFF, 0xEF, 0x00, 0xF0, 0x0F, 0x00, 0xF0, 0x0F, 0xFE,
    0xFF, 0xEF, 0xFE, 0xF0, 0x0F, 0x00, 0xF0, 0x0F, 0x00, 0xFF, 0xEF, 0xFF, 0xFF, 0xF0, 0x78, 0x3E,
    0x0F, 0x7C, 0x3E, 0x1F, 0x7C, 0x3E, 0x3F, 0x1E, 0x3E, 0x3C, 0x1E, 0x3E, 0x78, 0x1F, 0x3E, 0x78,
    0x0F, 0x3E, 0xF8, 0x07, 0xFF, 0xF0, 0x07, 0xFF, 0xF0, 0x0F, 0xFF, 0xF8, 0x0F, 0x3E, 0xF8, 0x1F,
    0x3E, 0x78, 0x1E, 0x3E, 0x7C, 0x3E, 0x3E, 0x3C, 0xFC, 0x3E, 0x3F, 0xFC, 0x3E, 0x1F, 0xF8, 0x3E,
    0x0F, 0x1F, 0xE0, 0xFF, 0xE7, 0xFF, 0x8E, 0x3F, 0x10, 0x7C, 0x01, 0xE0, 0x0F, 0x81, 0xFC, 0x07,
    0xF0, 0x1F, 0xE0, 0x07, 0xC0, 0x1F, 0x10, 0x7C, 0xE3, 0xF7, 0xFF, 0x9F, 0xFC, 0x1F, 0xE0, 0xF0,
    0xFF, 0x87, 0xFC, 0x3F, 0xE3, 0xFF, 0x1F, 0xF9, 0xFF, 0xCF, 0xFE, 0xFF, 0xF7, 0x7F, 0xFB, 0xFF,
    0x9F, 0xFC, 0xFF, 0xC7, 0xFE, 0x3F, 0xE1, 0xFF, 0x0F, 0xF8, 0x78, 0x08, 0x81, 0xC7, 0x0F, 0x78,
    0x7F, 0xC1, 0xFC, 0x07, 0xC0, 0x00, 0x1E, 0x1F, 0xF0, 0xFF, 0x87, 0xFC, 0x7F, 0xE3, 0xFF, 0x3F,
    0xF9, 0xFF, 0xDF, 0xFE, 0xEF, 0xFF, 0x7F, 0xF3, 0xFF, 0x9F, 0xF8, 0xFF, 0xC7, 0xFC, 0x3F, 0xE1,
    0xFF, 0x0F, 0xF8, 0x7B, 0xE3, 0xEF, 0x8F, 0x3E, 0x3C, 0xF9, 0xF3, 0xE7, 0x8F, 0xBE, 0x3F, 0xF0,
    0xFF, 0xC3, 0xFF, 0x8F, 0xBE, 0x3E, 0x78, 0xF9, 0xF3, 0xE3, 0xCF, 0x8F, 0xFE, 0x3F, 0xF8, 0x7C,
    0x1F, 0xFC, 0x7F, 0xF1, 0xFF, 0xC7, 0xCF, 0x1F, 0x3C, 0x7C, 0xF1, 0xF3, 0xC7, 0xCF, 0x1E, 0x3C,
    0x78, 0xF1, 0xE3, 0xC7, 0x8F, 0x1E, 0x3C, 0xF8, 0xFF, 0xC3, 0xFE, 0x0F, 0xF0, 0x3C, 0x7C, 0x07,
    0xDF, 0x03, 0xF7, 0xE0, 0xFD, 0xF8, 0x7F, 0x7F, 0x1F, 0xDF, 0xCF, 0xF7, 0xFB, 0xFD, 0xFF, 0xEF,
    0x7B, 0xFB, 0xDE, 0xFC, 0xF7, 0x9F, 0x3D, 0xE7, 0x8F, 0x78, 0xE3, 0xDE, 0x30, 0xF7, 0x80, 0x3D,
    0xE0, 0x0F, 0x78, 0x03, 0xC0, 0xF8, 0xFF, 0xC7, 0xFE, 0x3F, 0xF1, 0xFF, 0x8F, 0xFC, 0x7F, 0xE3,
    0xFF, 0xFF, 0xFF, 0xFF, 0xFF, 0xFE, 0x3F, 0xF1, 0xFF, 0x8F, 0xFC, 0x7F, 0xE3, 0xFF, 0x1F, 0xF8,
    0xF8, 0x0F, 0xE0, 0x3F, 0xE0, 0xFF, 0xE3, 0xE3, 0xE7, 0x83, 0xCF, 0x07, 0xBE, 0x0F, 0xFC, 0x1F,
    0xF8, 0x3F, 0xF0, 0x7F, 0xE0, 0xFB, 0xC1, 0xE7, 0x83, 0xCF, 0x8F, 0x8F, 0xFE, 0x0F, 0xF8, 0x0F,
    0xE0, 0xFF, 0xFF, 0xFF, 0xFF, 0xFF, 0xF1, 0xFF, 0x8F, 0xFC, 0x7F, 0xE3, 0xFF, 0x1F, 0xF8, 0xFF,
    0xC7, 0xFE, 0x3F, 0xF1, 0xFF, 0x8F, 0xFC, 0x7F, 0xE3, 0xFF, 0x1F, 0xF8, 0xF8, 0x7F, 0xE3, 0xFF,
    0x9F, 0xFE, 0xF1, 0xF7, 0x87, 0xBC, 0x3D, 0xE1, 0xEF, 0x1F, 0x7F, 0xFB, 0xFF, 0x9F, 0xF0, 0xF0,
    0x07, 0x80, 0x3C, 0x01, 0xE0, 0x0F, 0x00, 0x78, 0x00, 0x1F, 0xE0, 0xFF, 0xC7, 0xFF, 0x9E, 0x3E,
    0xF8, 0x7B, 0xE1, 0x8F, 0x00, 0x3C, 0x00, 0xF0, 0x03, 0xC0, 0x0F, 0x00, 0x3E, 0x18, 0xF8, 0x79,
    0xE3, 0xE7, 0xFF, 0x8F, 0xFC, 0x1F, 0xE0, 0xFF, 0xFF, 0xFF, 0xFF, 0xFF, 0xF8, 0x3E, 0x00, 0x7C,
    0x00, 0xF8, 0x01, 0xF0, 0x03, 0xE0, 0x07, 0xC0, 0x0F, 0x80, 0x1F, 0x00, 0x3E, 0x00, 0x7C, 0x00,
    0xF8, 0x01, 0xF0, 0x03, 0xE0, 0x07, 0xC0, 0xF8, 0x3E, 0xF0, 0x7D, 0xF0, 0xF1, 0xE3, 0xE3, 0xE7,
    0x87, 0xCF, 0x07, 0xBE, 0x0F, 0xF8, 0x0F, 0xF0, 0x1F, 0xC0, 0x1F, 0x80, 0x3F, 0x00, 0x3C, 0x00,
    0x78, 0x0F, 0xE0, 0x1F, 0xC0, 0x3F, 0x00, 0x00, 0x7C, 0x00, 0x01, 0xF0, 0x00, 0x7F, 0xF8, 0x03,
    0xFF, 0xF8, 0x3F, 0xFF, 0xF0, 0xF9, 0xE7, 0xE7, 0xC7, 0x87, 0x9E, 0x1E, 0x1F, 0x78, 0x78, 0x7F,
    0xE1, 0xE1, 0xF7, 0x87, 0x87, 0xDE, 0x1E, 0x1F, 0x7C, 0x78, 0x79, 0xF9, 0xE3, 0xE3, 0xFF, 0xFF,
    0x07, 0xFF, 0xF8, 0x07, 0xFF, 0xC0, 0x01, 0xF0, 0x00, 0x07, 0xC0, 0x00, 0xF8, 0x3E, 0xF8, 0xF8,
    0xF9, 0xE1, 0xF7, 0xC1, 0xEF, 0x03, 0xFE, 0x03, 0xF8, 0x07, 0xF0, 0x07, 0xC0, 0x1F, 0xC0, 0x7F,
    0xC0, 0xFF, 0x83, 0xEF, 0x87, 0x9F, 0x1F, 0x1F, 0x3C, 0x3E, 0xF8, 0x3E, 0xF1, 0xF3, 0xC7, 0xCF,
    0x1F, 0x3C, 0x7C, 0xF1, 0xF3, 0xC7, 0xCF, 0x1F, 0x3C, 0x7C, 0xF1, 0xF3, 0xC7, 0xCF, 0x1F, 0x3C,
    0x7C, 0xF1, 0xF3, 0xC7, 0xCF, 0xFF, 0xFF, 0xFF, 0xFF, 0xFC, 0x00, 0xF0, 0x03, 0xC0, 0x0F, 0x00,
    0x3C, 0x00, 0xF0, 0x78, 0x7D, 0xE1, 0xF7, 0x87, 0xDE, 0x1F, 0x78, 0x7D, 0xE1, 0xF7, 0x87, 0xDF,
    0x1F, 0x7F, 0xFC, 0xFF, 0xF1, 0xFF, 0xC0, 0x1F, 0x00, 0x7C, 0x01, 0xF0, 0x07, 0xC0, 0x1F, 0x00,
    0x7C, 0xF0, 0x7C, 0x3F, 0xE0, 0xF8, 0x7F, 0xC1, 0xF0, 0xFF, 0x83, 0xE1, 0xFF, 0x07, 0xC3, 0xFE,
    0x0F, 0x87, 0xFC, 0x1F, 0x0F, 0xF8, 0x3E, 0x1F, 0xF0, 0x7C, 0x3F, 0xE0, 0xF8, 0x7F, 0xC1, 0xF0,
    0xFF, 0x83, 0xE1, 0xFF, 0x07, 0xC3, 0xFE, 0x0F, 0x87, 0xFF, 0xFF, 0xFF, 0xFF, 0xFF, 0xFF, 0xFF,
    0xFF, 0xFE, 0xF8, 0xF1, 0xF1, 0xF1, 0xE3, 0xE3, 0xE3, 0xC7, 0xC7, 0xC7, 0x8F, 0x8F, 0x8F, 0x1F,
    0x1F, 0x1E, 0x3E, 0x3E, 0x3C, 0x7C, 0x7C, 0x78, 0xF8, 0xF8, 0xF1, 0xF1, 0xF1, 0xE3, 0xE3, 0xE3,
    0xC7, 0xC7, 0xC7, 0x8F, 0x8F, 0x8F, 0x1F, 0x1F, 0x1E, 0x3E, 0x3F, 0xFF, 0xFF, 0x7F, 0xFF, 0xFF,
    0xFF, 0xFF, 0xFE, 0x00, 0x00, 0x7C, 0x00, 0x00, 0xF8, 0x00, 0x01, 0xF0, 0x00, 0x03, 0xE0, 0x00,
    0x07, 0x80, 0xFE, 0x01, 0xFC, 0x03, 0xF8, 0x00, 0xF0, 0x01, 0xE0, 0x03, 0xC0, 0x07, 0xFE, 0x0F,
    0xFE, 0x1F, 0xFC, 0x3C, 0x7C, 0x78, 0xF8, 0xF1, 0xF1, 0xE3, 0xE3, 0xC7, 0xC7, 0xFF, 0x0F, 0xFE,
    0x1F, 0xF8, 0xF8, 0x00, 0xFF, 0x80, 0x0F, 0xF8, 0x00, 0xFF, 0x80, 0x0F, 0xF8, 0x00, 0xFF, 0x80,
    0x0F, 0xFF, 0xE0, 0xFF, 0xFF, 0x8F, 0xFF, 0xFC, 0xFF, 0x87, 0xCF, 0xF8, 0x3C, 0xFF, 0x83, 0xCF,
    0xF8, 0x3C, 0xFF, 0x87, 0xCF, 0xFF, 0xFC, 0xFF, 0xFF, 0x8F, 0xFF, 0xF0, 0xF0, 0xF8, 0x03, 0xE0,
    0x0F, 0x80, 0x3E, 0x00, 0xF8, 0x03, 0xE0, 0x0F, 0xFE, 0x3F, 0xFC, 0xFF, 0xFB, 0xE3, 0xEF, 0x87,
    0xBE, 0x1E, 0xF8, 0x7B, 0xE3, 0xEF, 0xFF, 0xBF, 0xFC, 0xFF, 0xE0, 0x1F, 0xE0, 0x7F, 0xE1, 0xFF,
    0xE3, 0xE3, 0xE7, 0x87, 0xC3, 0x07, 0x80, 0x0F, 0x03, 0xFE, 0x07, 0xFE, 0x0F, 0xF8, 0x00, 0xF0,
    0x01, 0xE7, 0x87, 0xCF, 0x8F, 0x9F, 0xFE, 0x1F, 0xF8, 0x1F, 0xE0, 0x78, 0x1F, 0xC1, 0xE0, 0xFF,
    0x87, 0x87, 0xFF, 0x1E, 0x3E, 0x3E, 0x78, 0xF0, 0x79, 0xE3, 0xC1, 0xE7, 0x9F, 0x07, 0xDF, 0xFC,
    0x1F, 0x7F, 0xF0, 0x7D, 0xFF, 0xC1, 0xF7, 0x9F, 0x07, 0xDE, 0x3C, 0x1E, 0x78, 0xF0, 0x79, 0xE3,
    0xE3, 0xE7, 0x87, 0xFF, 0x1E, 0x0F, 0xF8, 0x78, 0x1F, 0xC0, 0x1F, 0xFC, 0xFF, 0xF3, 0xFF, 0xDF,
    0x1F, 0x7C, 0x7D, 0xF1, 0xF7, 0xC7, 0xDF, 0x1F, 0x3F, 0xFC, 0xFF, 0xF0, 0xFF, 0xC7, 0xDF, 0x1F,
    0x7C, 0xF9, 0xFF, 0xE7, 0xFF, 0x1F, 0xF8, 0x7C, 0x3F, 0xC1, 0xFF, 0x87, 0xFF, 0x1C, 0x7C, 0x00,
    0xF0, 0xFF, 0xC7, 0xFF, 0x3E, 0x3C, 0xF0, 0xF3, 0xE7, 0xCF, 0xFF, 0xDF, 0xFF, 0x3E, 0x7C, 0x0F,
    0xF0, 0xFF, 0x8F, 0xFC, 0xF8, 0x07, 0x80, 0x7F, 0xF3, 0xFF, 0xDF, 0xFE, 0xF8, 0xFF, 0xC7, 0xFC,
    0x1F, 0xE0, 0xFF, 0x07, 0xFC, 0x7F, 0xE3, 0xEF, 0xFE, 0x3F, 0xE0, 0xFE, 0x00, 0xFF, 0xCF, 0xFE,
    0xFF, 0xEF, 0x1E, 0xF1, 0xEF, 0xFE, 0xFF, 0xCF, 0xFE, 0xF1, 0xFF, 0x1F, 0xFF, 0xFF, 0xFE, 0xFF,
    0xC0, 0xFF, 0xFF, 0xFF, 0xFF, 0xC0, 0xF0, 0x3C, 0x0F, 0x03, 0xC0, 0xF0, 0x3C, 0x0F, 0x03, 0xC0,
    0xF0, 0x00, 0x1F, 0xF8, 0x3F, 0xF0, 0x7F, 0xE0, 0xF3, 0xC1, 0xE7, 0x83, 0xCF, 0x07, 0x9E, 0x1F,
    0x3C, 0x3C, 0x78, 0x78, 0xF3, 0xFF, 0xFF, 0xFF, 0xFF, 0xFF, 0xFE, 0x03, 0xFC, 0x07, 0xF8, 0x0F,
    0xF0, 0x1E, 0x1F, 0xC1, 0xFF, 0x1F, 0xFD, 0xF1, 0xFF, 0x07, 0xFF, 0xFF, 0xFF, 0xFF, 0xFF, 0xF0,
    0x07, 0xC3, 0x1F, 0xFC, 0x7F, 0xE1, 0xFE, 0x00, 0xF8, 0xF0, 0xF7, 0xC7, 0x8F, 0xBF, 0x3C, 0x7C,
    0x79, 0xE7, 0x81, 0xEF, 0x3C, 0x0F, 0xFF, 0xC0, 0x3F, 0xFE, 0x03, 0xFF, 0xF8, 0x3E, 0xF3, 0xC1,
    0xE7, 0x9F, 0x3F, 0x3C, 0x7D, 0xF1, 0xE3, 0xEF, 0x0F, 0x0F, 0x00, 0x3F, 0xE3, 0xFF, 0x9F, 0xFC,
    0x61, 0xE0, 0x0F, 0x07, 0xF0, 0x3F, 0x81, 0xFE, 0x00, 0xFB, 0x87, 0xFF, 0xFC, 0xFF, 0xE3, 0xFC,
    0x00, 0xF8, 0xFF, 0xC7, 0xFE, 0x7F, 0xF7, 0xFF, 0xBF, 0xFF, 0xFF, 0xFF, 0xFF, 0xFF, 0xFE, 0xFF,
    0xF7, 0xFF, 0x3F, 0xF1, 0xFF, 0x8F, 0x80, 0x08, 0xC1, 0xC7, 0x8F, 0x78, 0x7F, 0xC1, 0xFC, 0x07,
    0xC0, 0x00, 0x1F, 0x1F, 0xF8, 0xFF, 0xCF, 0xFE, 0xFF, 0xF7, 0xFF, 0xFF, 0xFF, 0xFF, 0xFF, 0xFF,
    0xDF, 0xFE, 0xFF, 0xE7, 0xFE, 0x3F, 0xF1, 0xF0, 0xF8, 0xFF, 0xC7, 0xBE, 0x7D, 0xF3, 0xCF, 0xBE,
    0x7F, 0xE3, 0xFE, 0x1F, 0xF8, 0xFB, 0xE7, 0xCF, 0xBE, 0x7F, 0xF1, 0xFF, 0x87, 0x80, 0x1F, 0xFC,
    0x7F, 0xF1, 0xFF, 0xC7, 0x9F, 0x1E, 0x7C, 0x79, 0xF1, 0xE7, 0xC7, 0x9F, 0x1E, 0x7C, 0xF9, 0xFF,
    0xC7, 0xFF, 0x1F, 0xF8, 0x7C, 0xF8, 0x7F, 0xC7, 0xFF, 0x3F, 0xFB, 0xFF, 0xDF, 0xFF, 0xFF, 0xFF,
    0xFF, 0xFF, 0xF7, 0x7F, 0xBB, 0xFC, 0x9F, 0xE0, 0xFF, 0x07, 0x80, 0xF8, 0xFF, 0xC7, 0xFE, 0x3F,
    0xF1, 0xFF, 0x8F, 0xFF, 0xFF, 0xFF, 0xFF, 0xFF, 0xF8, 0xFF, 0xC7, 0xFE, 0x3F, 0xF1, 0xFF, 0x8F,
    0x80, 0x1F, 0xC1, 0xFF, 0x1F, 0xFD, 0xF1, 0xFF, 0x07, 0xF8, 0x3F, 0xC1, 0xFE, 0x0F, 0xF0, 0x7F,
    0xC7, 0xDF, 0xFC, 0x7F, 0xC1, 0xFC, 0x00, 0xFF, 0xFF, 0xFF, 0xFF, 0xFF, 0xF1, 0xFF, 0x8F, 0xFC,
    0x7F, 0xE3, 0xFF, 0x1F, 0xF8, 0xFF, 0xC7, 0xFE, 0x3F, 0xF1, 0xFF, 0x8F, 0x80, 0xFF, 0xE3, 0xFF,
    0xCF, 0xFF, 0xBE, 0x3E, 0xF8, 0x7B, 0xE1, 0xEF, 0x87, 0xBE, 0x1E, 0xF8, 0x7B, 0xE3, 0xEF, 0xFF,
    0xBF, 0xFC, 0xFF, 0xE3, 0xE0, 0x0F, 0x80, 0x3E, 0x00, 0xF8, 0x03, 0xE0, 0x00, 0x1F, 0xC1, 0xFF,
    0x9F, 0xFC, 0xF9, 0xEF, 0x84, 0x7C, 0x03, 0xE0, 0x1F, 0x00, 0xF8, 0x43, 0xE7, 0x9F, 0xFE, 0x7F,
    0xE1, 0xFE, 0x00, 0xFF, 0xFF, 0xFF, 0xFF, 0xFE, 0x1F, 0x00, 0xF8, 0x07, 0xC0, 0x3E, 0x01, 0xF0,
    0x0F, 0x80, 0x7C, 0x03, 0xE0, 0x1F, 0x00, 0xF8, 0x00, 0xF8, 0x3E, 0xF0, 0x79, 0xF1, 0xF3, 0xE3,
    0xE3, 0xC7, 0x87, 0xDF, 0x07, 0xBC, 0x0F, 0x78, 0x1F, 0xE0, 0x1F, 0xC0, 0x3F, 0x80, 0x3E, 0x00,
    0x7C, 0x00, 0xF0, 0x01, 0xE0, 0x3F, 0xC0, 0x7F, 0x00, 0xFC, 0x00, 0x01, 0xE0, 0x00, 0x3C, 0x00,
    0x07, 0x80, 0x00, 0xF0, 0x03, 0xFE, 0xF8, 0xFF, 0xFF, 0xBF, 0xFF, 0xF7, 0xCF, 0x9E, 0xF1, 0xE3,
    0xFE, 0x3C, 0x7F, 0xC7, 0x8F, 0xF8, 0xF1, 0xFF, 0x1E, 0x3F, 0xF3, 0xE7, 0xBF, 0xFF, 0xF3, 0xFF,
    0xFE, 0x3F, 0xFF, 0x80, 0x3C, 0x00, 0x07, 0x80, 0x00, 0xF0, 0x00, 0x1E, 0x00, 0x03, 0xC0, 0x00,
    0x7C, 0x7C, 0x7C, 0xF0, 0xFB, 0xE0, 0xFF, 0x80, 0xFE, 0x01, 0xFC, 0x01, 0xF0, 0x07, 0xF0, 0x1F,
    0xF0, 0x3F, 0xE0, 0xFB, 0xE3, 0xE3, 0xE7, 0x87, 0xC0, 0xF1, 0xF3, 0xC7, 0xCF, 0x1F, 0x3C, 0x7C,
    0xF1, 0xF3, 0xC7, 0xCF, 0x1F, 0x3C, 0x7C, 0xF1, 0xF3, 0xC7, 0xCF, 0xFF, 0xFF, 0xFF, 0xFF, 0xFC,
    0x00, 0xF0, 0x03, 0xC0, 0x0F, 0x00, 0x18, 0xF0, 0xF7, 0x87, 0xBC, 0x3D, 0xE1, 0xEF, 0x8F, 0x7C,
    0xFB, 0xFF, 0xCF, 0xFE, 0x3E, 0xF0, 0x07, 0x80, 0x3C, 0x01, 0xE0, 0x0F, 0x00, 0xF9, 0xE3, 0xDF,
    0x3C, 0x7B, 0xE7, 0x8F, 0x7C, 0xF1, 0xEF, 0x9E, 0x3D, 0xF3, 0xC7, 0xBE, 0x78, 0xF7, 0xCF, 0x1E,
    0xF9, 0xE3, 0xDF, 0x3C, 0x7B, 0xFF, 0xFF, 0x7F, 0xFF, 0xEF, 0xFF, 0xFC, 0xF1, 0xE3, 0xC7, 0x8F,
    0x1E, 0x3C, 0x78, 0xF1, 0xE3, 0xC7, 0x8F, 0x1E, 0x3C, 0x78, 0xF1, 0xE3, 0xC7, 0x8F, 0x1E, 0x3C,
    0x78, 0xF1, 0xE3, 0xC7, 0x8F, 0x1E, 0x3F, 0xFF, 0xFF, 0xFF, 0xFF, 0xFF, 0xFF, 0xFF, 0x80, 0x00,
    0x7C, 0x00, 0x03, 0xE0, 0x00, 0x1F, 0x00, 0x00, 0x70, 0xFE, 0x01, 0xFC, 0x03, 0xF8, 0x00, 0xF0,
    0x01, 0xFF, 0x83, 0xFF, 0x87, 0xFF, 0x0F, 0x1F, 0x1E, 0x3E, 0x3C, 0x7C, 0x7F, 0xF0, 0xFF, 0xE1,
    0xFF, 0x80, 0xF8, 0x03, 0xFE, 0x00, 0xFF, 0x80, 0x3F, 0xE0, 0x0F, 0xFF, 0xE3, 0xFF, 0xFC, 0xFF,
    0xFF, 0xBF, 0xE3, 0xEF, 0xF8, 0x7B, 0xFE, 0x3E, 0xFF, 0xFF, 0xBF, 0xFF, 0xCF, 0xFF, 0xE3, 0xC0,
    0xF0, 0x0F, 0x00, 0xF0, 0x0F, 0x00, 0xFF, 0xCF, 0xFE, 0xFF, 0xFF, 0x1F, 0xF0, 0xFF, 0x1F, 0xFF,
    0xFF, 0xFE, 0xFF, 0xC0, 0x3F, 0xC3, 0xFF, 0x3F, 0xFC, 0xE1, 0xE0, 0x0F, 0x87, 0xFC, 0x3F, 0xE1,
    0xFF, 0x30, 0xFB, 0x8F, 0xBF, 0xFC, 0xFF, 0xC3, 0xFC, 0x00, 0xF0, 0x7F, 0x0F, 0x0F, 0xFC, 0xF1,
    0xFF, 0xEF, 0x3E, 0x3E, 0xF3, 0xE1, 0xEF, 0xFC, 0x1F, 0xFF, 0xC1, 0xFF, 0xFC, 0x1F, 0xF3, 0xE1,
    0xEF, 0x3E, 0x3E, 0xF1, 0xFF, 0xEF, 0x0F, 0xFC, 0xF0, 0x7F, 0x00, 0x3F, 0xF3, 0xFF, 0xBF, 0xFD,
    0xF1, 0xEF, 0x8F, 0x7C, 0x79, 0xFF, 0xC7, 0xFE, 0x1F, 0xF1, 0xF7, 0xBF, 0x3D, 0xF1, 0xEF, 0x8F,
    0x00, 0x0C, 0x01, 0xE0, 0x0F, 0x80, 0x3C, 0x00, 0xF0, 0x07, 0x80, 0x18, 0x00, 0x00, 0x1F, 0xC1,
    0xFF, 0x1F, 0xFD, 0xF1, 0xFF, 0x07, 0xFF, 0xFF, 0xFF, 0xFF, 0xFF, 0xF0, 0x07, 0xC3, 0x1F, 0xFC,
    0x7F, 0xE1, 0xFE, 0x00, 0x7D, 0xF3, 0xEF, 0x9F, 0x7C, 0xFB, 0xE0, 0x00, 0x0F, 0xE0, 0xFF, 0x8F,
    0xFE, 0xF8, 0xFF, 0x83, 0xFF, 0xFF, 0xFF, 0xFF, 0xFF, 0xF8, 0x03, 0xE1, 0x8F, 0xFE, 0x3F, 0xF0,
    0xFF, 0x00, 0x7C, 0x03, 0xFE, 0x0F, 0xF8, 0x3F, 0xE0, 0x7C, 0x01, 0xF7, 0xC7, 0xFF, 0x9F, 0xFE,
    0x7C, 0x7D, 0xF1, 0xF7, 0xC7, 0xDF, 0x1F, 0x7C, 0x7D, 0xF1, 0xF7, 0xC7, 0xDF, 0x1F, 0x7C, 0x7D,
    0xF1, 0xF0, 0x07, 0xC0, 0x1F, 0x07, 0xFC, 0x1F, 0xE0, 0x7F, 0x00, 0x02, 0x01, 0xE0, 0x78, 0x3C,
    0x1F, 0x07, 0x81, 0xC0, 0x00, 0xFF, 0xFF, 0xFF, 0xFF, 0xC0, 0xF0, 0x3C, 0x0F, 0x03, 0xC0, 0xF0,
    0x3C, 0x0F, 0x03, 0xC0, 0xF0, 0x00, 0x1F, 0xC1, 0xFF, 0x9F, 0xFC, 0xF0, 0xEF, 0x80, 0x7F, 0xC3,
    0xFE, 0x1F, 0xF0, 0xF8, 0x03, 0xC3, 0x9F, 0xFE, 0x7F, 0xE1, 0xFE, 0x00, 0x1F, 0xE1, 0xFF, 0x9F,
    0xFC, 0xF0, 0xC7, 0xC0, 0x3F, 0xE1, 0xFF, 0xC3, 0xFE, 0x00, 0xFB, 0x87, 0xFF, 0xFC, 0xFF, 0xE3,
    0xFC, 0x00, 0x0F, 0x80, 0xF8, 0x0F, 0x80, 0xF8, 0x00, 0x0F, 0xF8, 0xFF, 0x8F, 0xF8, 0x0F, 0x80,
    0xF8, 0x0F, 0x80, 0xF8, 0x0F, 0x80, 0xF8, 0x0F, 0x8F, 0xFF, 0xFF, 0xFF, 0xFF, 0x7D, 0xE7, 0xDE,
    0x7D, 0xE7, 0xDE, 0x00, 0x0F, 0xF8, 0xFF, 0x8F, 0xF8, 0x0F, 0x80, 0xF8, 0x0F, 0x80, 0xF8, 0x0F,
    0x80, 0xF8, 0x0F, 0x8F, 0xFF, 0xFF, 0xFF, 0xFF, 0x07, 0x81, 0xE0, 0x78, 0x1E, 0x00, 0x3F, 0xEF,
    0xFB, 0xFE, 0x07, 0x81, 0xE0, 0x78, 0x1E, 0x07, 0x81, 0xE0, 0x78, 0x1E, 0x07, 0x81, 0xE0, 0x78,
    0x1E, 0xFF, 0xBF, 0xEF, 0xF0, 0x1F, 0xFC, 0x00, 0x7F, 0xF0, 0x01, 0xFF, 0xC0, 0x07, 0xCF, 0x00,
    0x1F, 0x3F, 0xF0, 0x7C, 0xFF, 0xE1, 0xF3, 0xFF, 0xC7, 0x8F, 0x1F, 0x1E, 0x3C, 0x7C, 0x78, 0xF1,
    0xF7, 0xE3, 0xFF, 0xDF, 0x0F, 0xFE, 0x78, 0x3F, 0xF0, 0xF8, 0xF8, 0x0F, 0x8F, 0x80, 0xF8, 0xF8,
    0x0F, 0x8F, 0x80, 0xF8, 0xFF, 0xCF, 0xFF, 0xFE, 0xFF, 0xFF, 0xFF, 0xFF, 0x8F, 0xF8, 0xF8, 0xFF,
    0x8F, 0x8F, 0xF8, 0xFF, 0xFF, 0x8F, 0xFE, 0xF8, 0xFF, 0xC0, 0x7C, 0x03, 0xFE, 0x0F, 0xF8, 0x3F,
    0xE0, 0x7C, 0x01, 0xF7, 0xC7, 0xFF, 0x9F, 0xFE, 0x7C, 0x7D, 0xF1, 0xF7, 0xC7, 0xDF, 0x1F, 0x7C,
    0x7D, 0xF1, 0xF7, 0xC7, 0xDF, 0x1F, 0x7C, 0x7D, 0xF1, 0xF0, 0x01, 0x80, 0x0F, 0x00, 0xF8, 0x07,
    0x80, 0x78, 0x03, 0x80, 0x1C, 0x00, 0x00, 0xF8, 0xFF, 0xC7, 0xBE, 0x7D, 0xF3, 0xCF, 0xBE, 0x7F,
    0xE3, 0xFE, 0x1F, 0xF8, 0xFB, 0xE7, 0xCF, 0xBE, 0x7F, 0xF1, 0xFF, 0x87, 0x80, 0x0C, 0x01, 0xE0,
    0x0F, 0x80, 0x3C, 0x00, 0xF0, 0x07, 0x80, 0x18, 0x00, 0x00, 0xF8, 0xFF, 0xC7, 0xFE, 0x7F, 0xF7,
    0xFF, 0xBF, 0xFF, 0xFF, 0xFF, 0xFF, 0xFF, 0xFE, 0xFF, 0xF7, 0xFF, 0x3F, 0xF1, 0xFF, 0x8F, 0x80,
    0x04, 0x60, 0x38, 0xF0, 0x79, 0xC0, 0xFF, 0x80, 0xFE, 0x00, 0xF8, 0x00, 0x00, 0x7C, 0x1F, 0x78,
    0x3C, 0xF8, 0xF9, 0xF1, 0xF1, 0xE3, 0xC3, 0xEF, 0x83, 0xDE, 0x07, 0xBC, 0x0F, 0xF0, 0x0F, 0xE0,
    0x1F, 0xC0, 0x1F, 0x00, 0x3E, 0x00, 0x78, 0x00, 0xF0, 0x1F, 0xE0, 0x3F, 0x80, 0x7E, 0x00, 0xF8,
    0xFF, 0xC7, 0xFE, 0x3F, 0xF1, 0xFF, 0x8F, 0xFC, 0x7F, 0xE3, 0xFF, 0x1F, 0xF8, 0xFF, 0xC7, 0xFF,
    0xFF, 0xFF, 0xFF, 0xFF, 0x87, 0xC0, 0x3E, 0x01, 0xF0, 0x07, 0x00, 0x0F, 0xE0, 0x3F, 0xE0, 0xFF,
    0xE3, 0xE3, 0xE7, 0x83, 0xCF, 0x07, 0xBE, 0x0F, 0xFF, 0xFF, 0xFF, 0xFF, 0xFF, 0xFF, 0xE0, 0xFB,
    0xC1, 0xE7, 0x83, 0xCF, 0x8F, 0x8F, 0xFE, 0x0F, 0xF8, 0x0F, 0xE0, 0x1F, 0xC1, 0xFF, 0x1F, 0xFD,
    0xF1, 0xFF, 0x07, 0xFF, 0xFF, 0xFF, 0xFF, 0xFF, 0xF0, 0x7F, 0xC7, 0xDF, 0xFC, 0x7F, 0xC1, 0xFC,
    0x00, 0x01, 0xF0, 0x1F, 0x01, 0xF0, 0x1F, 0xFF, 0xFF, 0xFF, 0xFF, 0xFF, 0x80, 0xF8, 0x0F, 0x80,
    0xF8, 0x0F, 0x80, 0xF8, 0x0F, 0x80, 0xF8, 0x0F, 0x80, 0xF8, 0x0F, 0x80, 0xF8, 0x0F, 0x80, 0xF8,
    0x00, 0x03, 0xC0, 0xF0, 0x3F, 0xFF, 0xFF, 0xFF, 0xFF, 0x03, 0xC0, 0xF0, 0x3C, 0x0F, 0x03, 0xC0,
    0xF0, 0x3C, 0x0F, 0x03, 0xC0, 0x1F, 0xFC, 0x7F, 0xF1, 0xFF, 0xC7, 0x80, 0x1E, 0x00, 0x78, 0x01,
    0xE0, 0x1F, 0xFC, 0x7F, 0xF1, 0xFF, 0xC1, 0xE0, 0x07, 0x80, 0x1E, 0x00, 0x78, 0x01, 0xE0, 0x07,
    0x80, 0x1E, 0x00, 0x3F, 0xF9, 0xFF, 0xCF, 0xFE, 0x7C, 0x03, 0xE0, 0x1F, 0x03, 0xFF, 0x1F, 0xF8,
    0xFF, 0xC1, 0xF0, 0x0F, 0x80, 0x7C, 0x03, 0xE0, 0x00, 0xFF, 0xE3, 0xFF, 0x8F, 0xFE, 0x3E, 0x00,
    0xF8, 0x03, 0xE0, 0x0F, 0x80, 0x3E, 0x00, 0xFF, 0xE3, 0xFF, 0xCF, 0xFF, 0xBE, 0x3E, 0xF8, 0x7B,
    0xE1, 0xEF, 0x87, 0xBE, 0x1E, 0xF8, 0x78, 0x01, 0xE0, 0x07, 0x81, 0xFE, 0x07, 0xF0, 0x1F, 0x80,
    0xFF, 0xE7, 0xFF, 0x3F, 0xF9, 0xF0, 0x0F, 0x80, 0x7C, 0x03, 0xFF, 0x9F, 0xFE, 0xFF, 0xFF, 0xC7,
    0xFE, 0x3F, 0xF1, 0xFF, 0x8F, 0x80, 0x7C, 0x03, 0xE0, 0xFF, 0x07, 0xF0, 0x3F, 0x00, 0xF0, 0x7C,
    0x1E, 0x7C, 0x3E, 0x1F, 0x3F, 0x1F, 0x0F, 0x87, 0x8F, 0x8F, 0x03, 0xE7, 0xC7, 0x80, 0xF3, 0xE7,
    0x80, 0x7D, 0xF3, 0xC0, 0x1F, 0xFF, 0xC0, 0x0F, 0xFF, 0xE0, 0x0F, 0xFF, 0xF8, 0x07, 0x9F, 0x3C,
    0x07, 0xCF, 0x9F, 0x03, 0xE7, 0xC7, 0x81, 0xE3, 0xE3, 0xE3, 0xF1, 0xF0, 0xFF, 0xF0, 0xF8, 0x7F,
    0xF0, 0x7C, 0x1F, 0x80, 0x00, 0x03, 0xC0, 0x00, 0x01, 0xE0, 0x00, 0x00, 0xF0, 0x00, 0x00, 0x78,
    0x00, 0x00, 0x3C, 0x78, 0x78, 0xF9, 0xF1, 0xE3, 0xE7, 0xC7, 0x9F, 0x87, 0x9E, 0x78, 0x1E, 0x7B,
    0xC0, 0x3F, 0xFF, 0x00, 0xFF, 0xFC, 0x07, 0xFF, 0xF0, 0x1E, 0x7B, 0xE0, 0xF9, 0xE7, 0x87, 0xC7,
    0x9F, 0xDF, 0x1E, 0x3F, 0x78, 0x78, 0x7C, 0x00, 0x00, 0xF0, 0x00, 0x03, 0xC0, 0x00, 0x0F, 0x00,
    0x00, 0x3C, 0x1F, 0xE0, 0xFF, 0xC7, 0xFF, 0x8E, 0x3E, 0x10, 0x7C, 0x01, 0xF0, 0x0F, 0x81, 0xFC,
    0x07, 0xE0, 0x1F, 0xE0, 0x0F, 0xC0, 0x1F, 0x00, 0x7C, 0xC1, 0xF7, 0xCF, 0xDF, 0xFE, 0x7F, 0xF0,
    0x7F, 0x80, 0x78, 0x01, 0xE0, 0x07, 0x80, 0x3F, 0xC3, 0xFF, 0x9F, 0xFC, 0xE1, 0xE0, 0x0F, 0x07,
    0xF8, 0x3F, 0x81, 0xFE, 0x00, 0xF9, 0x07, 0xDE, 0x7F, 0xFF, 0xE7, 0xFF, 0x0F, 0xE0, 0x3C, 0x01,
    0xE0, 0x0F, 0x00, 0xF0, 0x7B, 0xC3, 0xEF, 0x0F, 0x3C, 0x7C, 0xF1, 0xE3, 0xC7, 0x8F, 0x3E, 0x3F,
    0xF0, 0xFF, 0xC3, 0xFF, 0x0F, 0x3E, 0x3C, 0x78, 0xF1, 0xF3, 0xC7, 0xCF, 0x0F, 0xFC, 0x3F, 0xF0,
    0x7C, 0x00, 0xF0, 0x03, 0xC0, 0x0F, 0x00, 0x3C, 0xF8, 0xFB, 0xE3, 0xCF, 0x9F, 0x3E, 0x78, 0xFB,
    0xE3, 0xFF, 0x0F, 0xF8, 0x3F, 0xF0, 0xFB, 0xE3, 0xE7, 0x8F, 0x9F, 0xFE, 0x3F, 0xF8, 0xFC, 0x00,
    0xF0, 0x03, 0xC0, 0x0F, 0xF8, 0x1F, 0xF0, 0x7B, 0xE0, 0xF7, 0xF9, 0xEF, 0xF7, 0x9F, 0xEF, 0x3F,
    0xFE, 0x7F, 0xF8, 0xFF, 0xF1, 0xFF, 0xE3, 0xFF, 0xE7, 0xFB, 0xCF, 0xF7, 0x9F, 0x07, 0xBE, 0x0F,
    0xFC, 0x1F, 0xF8, 0x1E, 0xF0, 0x3F, 0xE0, 0x7B, 0xDD, 0xF7, 0xBB, 0xCF, 0x7F, 0x9F, 0xFE, 0x3F,
    0xF8, 0x7F, 0xF8, 0xF7, 0xF9, 0xEE, 0xF3, 0xC1, 0xFF, 0x81, 0xFF, 0x01, 0xE0, 0xFE, 0x3F, 0xFC,
    0x7B, 0xF8, 0xF0, 0xF3, 0xE1, 0xE7, 0x83, 0xCF, 0x07, 0xBE, 0x0F, 0xF8, 0x1F, 0xF0, 0x3F, 0xE0,
    0x7B, 0xE0, 0xF3, 0xC1, 0xE7, 0x83, 0xCF, 0x87, 0x8F, 0x8F, 0x1F, 0x1E, 0x1E, 0xFE, 0x3F, 0xFC,
    0x7B, 0xF9, 0xF0, 0xF3, 0xC1, 0xEF, 0x83, 0xFE, 0x07, 0xF8, 0x0F, 0xF8, 0x1E, 0xF8, 0x3C, 0xF0,
    0x79, 0xF8, 0xF1, 0xF1, 0xE3, 0xE0, 0xF1, 0xF3, 0xC7, 0xCF, 0x1F, 0x3C, 0x7C, 0xF1, 0xF3, 0xC7,
    0xCF, 0x1F, 0x3F, 0xFC, 0xFF, 0xF3, 0xFF, 0xCF, 0x1F, 0x3C, 0x7C, 0xF1, 0xF3, 0xC7, 0xCF, 0x1F,
    0xFC, 0x7F, 0xF1, 0xFC, 0x00, 0xF0, 0x03, 0xC0, 0x0F, 0x00, 0x3C, 0xF1, 0xF3, 0xC7, 0xCF, 0x1F,
    0x3C, 0x7C, 0xF1, 0xF3, 0xFF, 0xCF, 0xFF, 0x3F, 0xFC, 0xF1, 0xF3, 0xC7, 0xCF, 0x1F, 0xFC, 0x7F,
    0xF1, 0xFC, 0x00, 0xF0, 0x03, 0xC0, 0x0F, 0xF0, 0x3F, 0xFF, 0x81, 0xFF, 0xFC, 0x0F, 0xFF, 0xE0,
    0x78, 0x0F, 0x03, 0xC0, 0x78, 0x1E, 0x03, 0xC0, 0xF0, 0x1F, 0xFF, 0x80, 0xFF, 0xFC, 0x07, 0xFF,
    0xE0, 0x3C, 0x0F, 0x01, 0xE0, 0x78, 0x0F, 0x03, 0xC0, 0x78, 0x1E, 0x03, 0xC0, 0xF0, 0x1E, 0x07,
    0x80, 0xF0, 0x3C, 0x00, 0xF1, 0xFF, 0xE3, 0xFF, 0xC7, 0xFF, 0x8F, 0x0F, 0x1E, 0x1F, 0xFC, 0x3F,
    0xF8, 0x7F, 0xF0, 0xF1, 0xE1, 0xE3, 0xC3, 0xC7, 0x87, 0x8F, 0x0F, 0x1E, 0x00, 0x1F, 0xC0, 0xFF,
    0xC7, 0xFF, 0x9F, 0x3E, 0xF8, 0x7B, 0xE1, 0xCF, 0x00, 0x3C, 0x00, 0xF0, 0x03, 0xC0, 0x0F, 0x00,
    0x3C, 0x00, 0xF8, 0x7B, 0xE1, 0xE7, 0xCF, 0x9F, 0xFC, 0x3F, 0xF0, 0x3F, 0x00, 0x78, 0x01, 0xE0,
    0x07, 0x80, 0x1F, 0xE1, 0xFF, 0x9F, 0xFC, 0xF9, 0xEF, 0x84, 0x7C, 0x03, 0xE0, 0x1F, 0x00, 0xF8,
    0x63, 0xE7, 0xDF, 0xFE, 0x7F, 0xE0, 0xFC, 0x03, 0xC0, 0x1E, 0x00, 0xF0, 0xF8, 0x3F, 0xF0, 0x7D,
    0xF1, 0xF3, 0xE3, 0xE3, 0xEF, 0x87, 0xDF, 0x07, 0xFC, 0x0F, 0xF8, 0x0F, 0xE0, 0x1F, 0xC0, 0x1F,
    0x00, 0x3E, 0x00, 0x7C, 0x00, 0xF8, 0x01, 0xF0, 0x03, 0xE0, 0x07, 0xC0, 0xF8, 0x3E, 0xF0, 0x79,
    0xF1, 0xF1, 0xE3, 0xC3, 0xC7, 0x87, 0xDF, 0x07, 0xBC, 0x0F, 0x78, 0x0F, 0xE0, 0x1F, 0xC0, 0x3F,
    0x80, 0x3E, 0x00, 0x7C, 0x00, 0xF8, 0x01, 0xF0, 0x03, 0xE0, 0x07, 0xC0, 0x0F, 0x80, 0xF8, 0x3F,
    0xF0, 0x7D, 0xF1, 0xF3, 0xE3, 0xE3, 0xEF, 0x87, 0xDF, 0x07, 0xFC, 0x0F, 0xF8, 0x0F, 0xE0, 0x1F,
    0xC0, 0x1F, 0x01, 0xFF, 0xC3, 0xFF, 0x87, 0xFF, 0x01, 0xF0, 0x03, 0xE0, 0x07, 0xC0, 0xF8, 0x3E,
    0xF0, 0x79, 0xF1, 0xF1, 0xE3, 0xC3, 0xC7, 0x87, 0xDF, 0x07, 0xBC, 0x0F, 0x78, 0x0F, 0xE0, 0x1F,
    0xC0, 0x3F, 0x80, 0x3E, 0x00, 0x7C, 0x07, 0xFF, 0x0F, 0xFE, 0x1F, 0xFC, 0x07, 0xC0, 0x0F, 0x80,
    0xF8, 0x3C, 0x7C, 0x7C, 0x7C, 0x78, 0x3E, 0xF8, 0x1E, 0xF0, 0x1F, 0xF0, 0x0F, 0xE0, 0x0F, 0xE0,
    0x0F, 0xC0, 0x0F, 0xE0, 0x1F, 0xE0, 0x1F, 0xF0, 0x3E, 0xF8, 0x3C, 0xF8, 0x7C, 0x7E, 0x78, 0x7E,
    0xF8, 0x3E, 0x00, 0x1E, 0x00, 0x1E, 0x00, 0x1E, 0x00, 0x1E, 0x7C, 0x7C, 0x7C, 0xF0, 0xFB, 0xE0,
    0xFF, 0x80, 0xFE, 0x01, 0xFC, 0x01, 0xF0, 0x07, 0xF0, 0x1F, 0xF0, 0x3F, 0xE0, 0xFB, 0xFB, 0xE3,
    0xF7, 0x87, 0xE0, 0x03, 0xC0, 0x07, 0x80, 0x0F, 0xF8, 0xF9, 0xF1, 0xF3, 0xE3, 0xE7, 0xC7, 0xCF,
    0x8F, 0x9F, 0x1F, 0x3E, 0x3E, 0x7C, 0x7C, 0x7C, 0xF8, 0xFF, 0xF0, 0xFF, 0xE0, 0xFF, 0xC0, 0x0F,
    0x80, 0x1F, 0x00, 0x3F, 0x80, 0x7F, 0x00, 0xFE, 0x00, 0x3C, 0x00, 0x78, 0x00, 0xF0, 0x01, 0xE0,
    0xF1, 0xF3, 0xC7, 0xCF, 0x1F, 0x3C, 0x7C, 0xF1, 0xF3, 0xE7, 0xCF, 0xFF, 0x1F, 0xFC, 0x7F, 0xF0,
    0x07, 0xC0, 0x1F, 0xC0, 0x7F, 0x01, 0xFC, 0x00, 0xF0, 0x03, 0xC0, 0x0F, 0xF8, 0x3F, 0xE0, 0xFF,
    0x83, 0xFE, 0x0F, 0xFB, 0xBF, 0xEE, 0xFF, 0xBB, 0xFE, 0xEF, 0x7F, 0xFD, 0xFF, 0xF3, 0xFF, 0xC7,
    0xFF, 0x03, 0xBC, 0x0E, 0xF0, 0x03, 0xC0, 0x0F, 0x00, 0x3C, 0xF0, 0xFF, 0x87, 0xFC, 0x3F, 0xEF,
    0xFF, 0x7F, 0xFF, 0xFF, 0xFF, 0xEF, 0xFF, 0x7F, 0xF8, 0x3F, 0xC1, 0xFE, 0x01, 0xF0, 0x0F, 0x80,
    0xF8, 0x03, 0xE0, 0x0F, 0x80, 0x3E, 0x00, 0xF8, 0x03, 0xFF, 0x8F, 0xFF, 0x3F, 0xFE, 0xFC, 0xFB,
    0xE1, 0xEF, 0x87, 0xBE, 0x1E, 0xF8, 0x7B, 0xE1, 0xEF, 0x87, 0xBE, 0x1E, 0xF8, 0x78, 0xF8, 0x07,
    0xC0, 0x3E, 0x01, 0xF0, 0x0F, 0x80, 0x7D, 0xF3, 0xFF, 0xDF, 0xFE, 0xF8, 0xFF, 0xC7, 0xFE, 0x3F,
    0xF1, 0xFF, 0x8F, 0xFC, 0x7F, 0xE3, 0xFF, 0x1F, 0xF8, 0xFF, 0xC7, 0xC0, 0xFF, 0xFF, 0xFF, 0xDF,
    0xFC, 0x1F, 0x00, 0xF8, 0x07, 0xC0, 0x3E, 0x01, 0xF0, 0x0F, 0x80, 0x7C, 0x03, 0xE0, 0x1F, 0x00,
    0xF8, 0x07, 0xC1, 0xFF, 0xDF, 0xFF, 0xFF, 0xF8, 0x00, 0x02, 0x00, 0x01, 0xE3, 0x80, 0x01, 0xE7,
    0x80, 0x00, 0xFF, 0x80, 0x00, 0xFF, 0x00, 0x00, 0x7E, 0x00, 0x00, 0x00, 0x00, 0x78, 0x3E, 0x0F,
    0x7C, 0x3E, 0x1F, 0x7C, 0x3E, 0x3F, 0x1E, 0x3E, 0x3C, 0x1E, 0x3E, 0x78, 0x1F, 0x3E, 0x78, 0x0F,
    0x3E, 0xF8, 0x07, 0xFF, 0xF0, 0x07, 0xFF, 0xF0, 0x0F, 0xFF, 0xF8, 0x0F, 0x3E, 0xF8, 0x1F, 0x3E,
    0x78, 0x1E, 0x3E, 0x7C, 0x3E, 0x3E, 0x3C, 0xFC, 0x3E, 0x3F, 0xFC, 0x3E, 0x1F, 0xF8, 0x3E, 0x0F,
    0x00, 0x08, 0x00, 0x3C, 0x70, 0x01, 0xE7, 0x80, 0x07, 0xFC, 0x00, 0x3F, 0xC0, 0x00, 0xFC, 0x00,
    0x00, 0x00, 0x1F, 0x1E, 0x1E, 0xF8, 0xF1, 0xF7, 0xE7, 0x8F, 0x8F, 0x3C, 0xF0, 0x3D, 0xE7, 0x81,
    0xFF, 0xF8, 0x07, 0xFF, 0xC0, 0x7F, 0xFF, 0x07, 0xDE, 0x78, 0x3C, 0xF3, 0xE7, 0xE7, 0x8F, 0xBE,
    0x3C, 0x7D, 0xE1, 0xE1, 0xE0, 0xFF, 0xFF, 0xFF, 0xFF, 0xFE, 0x1F, 0x00, 0xF8, 0x07, 0xC0, 0x3E,
    0x01, 0xF0, 0x0F, 0x80, 0x7C, 0x03, 0xE0, 0x1F, 0x00, 0xF8, 0x07, 0xC0, 0x3E, 0x1F, 0xFF, 0xFF,
    0xFF, 0xFF, 0xC0, 0x0C, 0x40, 0x78, 0xE0, 0x73, 0xC0, 0xFF, 0x80, 0xFE, 0x00, 0xF8, 0x00, 0x00,
    0x07, 0xF0, 0x0F, 0xE0, 0x1F, 0xC0, 0x7F, 0xC0, 0xFF, 0x81, 0xEF, 0x03, 0xDE, 0x0F, 0xBE, 0x1E,
    0x7C, 0x3C, 0x78, 0x7F, 0xF1, 0xFF, 0xF3, 0xFF, 0xE7, 0x83, 0xDF, 0x07, 0xFE, 0x0F, 0xF8, 0x1F,
    0x18, 0x81, 0xE3, 0x87, 0x9E, 0x0F, 0xF8, 0x3F, 0xC0, 0x7E, 0x00, 0x00, 0x0F, 0xF0, 0x7F, 0xE1,
    0xFF, 0xC7, 0x1F, 0x00, 0x3C, 0x3F, 0xF1, 0xFF, 0xCF, 0x8F, 0x3C, 0x3C, 0xF9, 0xF3, 0xFF, 0xF7,
    0xFF, 0xCF, 0x9F, 0x3E, 0xF8, 0x7D, 0xF0, 0xFB, 0xE1, 0xF7, 0xC0, 0x00, 0x01, 0xFC, 0x03, 0xF8,
    0x07, 0xF0, 0x1F, 0xF0, 0x3F, 0xE0, 0x7B, 0xC0, 0xF7, 0x83, 0xEF, 0x87, 0x9F, 0x0F, 0x1E, 0x1F,
    0xFC, 0x7F, 0xFC, 0xFF, 0xF9, 0xE0, 0xF7, 0xC1, 0xFF, 0x83, 0xFE, 0x07, 0xC0, 0x7D, 0xE1, 0xF7,
    0x87, 0xDE, 0x1F, 0x78, 0x00, 0x00, 0xFF, 0x07, 0xFE, 0x1F, 0xFC, 0x71, 0xF0, 0x03, 0xC3, 0xFF,
    0x1F, 0xFC, 0xF8, 0xF3, 0xC3, 0xCF, 0x9F, 0x3F, 0xFF, 0x7F, 0xFC, 0xF9, 0xF0, 0x00, 0x7F, 0xFC,
    0x03, 0xFF, 0xF0, 0x0F, 0xFF, 0xC0, 0x7F, 0xC0, 0x01, 0xFF, 0x00, 0x0F, 0x7C, 0x00, 0x3D, 0xF0,
    0x01, 0xE7, 0xFE, 0x07, 0x9F, 0xF8, 0x3E, 0x7F, 0xE0, 0xFF, 0xF0, 0x07, 0xFF, 0xC0, 0x1F, 0xFF,
    0x00, 0xF0, 0x7C, 0x03, 0xC1, 0xFF, 0xDF, 0x07, 0xFF, 0x78, 0x1F, 0xFC, 0x3F, 0x9F, 0xC3, 0xFF,
    0xFF, 0x1F, 0xFF, 0xFC, 0x63, 0xF3, 0xE0, 0x0F, 0x0F, 0x1F, 0xFF, 0xF9, 0xFF, 0xFF, 0xFF, 0xFF,
    0xFE, 0xF8, 0xF0, 0x07, 0xCF, 0xC3, 0x3F, 0xFF, 0xFC, 0xFF, 0x7F, 0xC3, 0xF1, 0xFC, 0x00, 0x11,
    0x87, 0x1E, 0x79, 0xC7, 0xFC, 0x3F, 0x81, 0xF0, 0x00, 0x0F, 0xFF, 0xFF, 0xFF, 0xFE, 0xF0, 0x0F,
    0x00, 0xF0, 0x0F, 0x00, 0xFF, 0xEF, 0xFE, 0xFF, 0xEF, 0x00, 0xF0, 0x0F, 0x00, 0xF0, 0x0F, 0xFE,
    0xFF, 0xFF, 0xFF, 0x08, 0xC1, 0xC7, 0x8F, 0x78, 0x7F, 0xC1, 0xFC, 0x07, 0xC0, 0x00, 0x03, 0xF8,
    0x3F, 0xE3, 0xFF, 0xBE, 0x3F, 0xE0, 0xFF, 0xFF, 0xFF, 0xFF, 0xFF, 0xFE, 0x00, 0xF8, 0x63, 0xFF,
    0x8F, 0xFC, 0x3F, 0xC0, 0x0F, 0xE0, 0x7F, 0xE0, 0xFF, 0xE3, 0xE3, 0xE7, 0x83, 0xC3, 0x07, 0x80,
    0x0F, 0xFF, 0xFF, 0xFF, 0xFF, 0xFF, 0xFF, 0xE0, 0xFB, 0xC1, 0xE7, 0x83, 0xCF, 0x8F, 0x8F, 0xFE,
    0x0F, 0xF8, 0x0F, 0xE0, 0x3F, 0xC3, 0xFF, 0x1F, 0xFC, 0xE1, 0xF0, 0x07, 0xFF, 0xFF, 0xFF, 0xFF,
    0xFF, 0xF0, 0x7F, 0xC7, 0xDF, 0xFC, 0x7F, 0xC1, 0xFC, 0x00, 0x01, 0xF7, 0x80, 0x01, 0xF7, 0x80,
    0x01, 0xF7, 0x80, 0x01, 0xF7, 0x80, 0x00, 0x00, 0x00, 0x00, 0x00, 0x00, 0x78, 0x3E, 0x0F, 0x7C,
    0x3E, 0x1F, 0x7C, 0x3E, 0x3F, 0x1E, 0x3E, 0x3C, 0x1E, 0x3E, 0x78, 0x1F, 0x3E, 0x78, 0x0F, 0x3E,
    0xF8, 0x07, 0xFF, 0xF0, 0x07, 0xFF, 0xF0, 0x0F, 0xFF, 0xF8, 0x0F, 0x3E, 0xF8, 0x1F, 0x3E, 0x78,
    0x1E, 0x3E, 0x7C, 0x3E, 0x3E, 0x3C, 0xFC, 0x3E, 0x3F, 0xFC, 0x3E, 0x1F, 0xF8, 0x3E, 0x0F, 0x07,
    0xDE, 0x00, 0x3E, 0xF0, 0x01, 0xF7, 0x80, 0x0F, 0xBC, 0x00, 0x00, 0x00, 0x00, 0x00, 0x03, 0xE3,
    0xC3, 0xDF, 0x1E, 0x3E, 0xFC, 0xF1, 0xF1, 0xE7, 0x9E, 0x07, 0xBC, 0xF0, 0x3F, 0xFF, 0x00, 0xFF,
    0xF8, 0x0F, 0xFF, 0xE0, 0xFB, 0xCF, 0x07, 0x9E, 0x7C, 0xFC, 0xF1, 0xF7, 0xC7, 0x8F, 0xBC, 0x3C,
    0x3C, 0x3E, 0xF0, 0xFB, 0xC3, 0xEF, 0x0F, 0xBC, 0x00, 0x00, 0x7F, 0x83, 0xFF, 0x9F, 0xFE, 0x38,
    0xFC, 0x41, 0xF0, 0x07, 0x80, 0x3E, 0x07, 0xF0, 0x1F, 0xC0, 0x7F, 0x80, 0x1F, 0x00, 0x7C, 0x41,
    0xF3, 0x8F, 0xDF, 0xFE, 0x7F, 0xF0, 0x7F, 0x80, 0x7D, 0xF3, 0xEF, 0x9F, 0x7C, 0xFB, 0xE0, 0x00,
    0x1F, 0xF1, 0xFF, 0xCF, 0xFE, 0x30, 0xF0, 0x07, 0x83, 0xF8, 0x1F, 0xC0, 0xFF, 0x00, 0x7D, 0xC3,
    0xFF, 0xFE, 0x7F, 0xF1, 0xFE, 0x00, 0x3F, 0xE1, 0xFF, 0x0F, 0xF8, 0x00, 0x00, 0x00, 0x78, 0x7F,
    0xC3, 0xFE, 0x1F, 0xF1, 0xFF, 0x8F, 0xFC, 0xFF, 0xE7, 0xFF, 0x7F, 0xFB, 0xBF, 0xFD, 0xFF, 0xCF,
    0xFE, 0x7F, 0xE3, 0xFF, 0x1F, 0xF0, 0xFF, 0x87, 0xFC, 0x3C, 0x3F, 0xE1, 0xFF, 0x0F, 0xF8, 0x00,
    0x00, 0x00, 0x7C, 0x7F, 0xE3, 0xFF, 0x3F, 0xFB, 0xFF, 0xDF, 0xFF, 0xFF, 0xFF, 0xFF, 0xFF, 0xFF,
    0x7F, 0xFB, 0xFF, 0x9F, 0xF8, 0xFF, 0xC7, 0xC0, 0x7D, 0xF3, 0xEF, 0x9F, 0x7C, 0xFB, 0xE0, 0x00,
    0x78, 0x7F, 0xC3, 0xFE, 0x1F, 0xF1, 0xFF, 0x8F, 0xFC, 0xFF, 0xE7, 0xFF, 0x7F, 0xFB, 0xBF, 0xFD,
    0xFF, 0xCF, 0xFE, 0x7F, 0xE3, 0xFF, 0x1F, 0xF0, 0xFF, 0x87, 0xFC, 0x3C, 0x7D, 0xF3, 0xEF, 0x9F,
    0x7C, 0xFB, 0xE0, 0x00, 0x7C, 0x7F, 0xE3, 0xFF, 0x3F, 0xFB, 0xFF, 0xDF, 0xFF, 0xFF, 0xFF, 0xFF,
    0xFF, 0xFF, 0x7F, 0xFB, 0xFF, 0x9F, 0xF8, 0xFF, 0xC7, 0xC0, 0x3E, 0xF8, 0x7D, 0xF0, 0xFB, 0xE1,
    0xF7, 0xC0, 0x00, 0x01, 0xFC, 0x07, 0xFC, 0x1F, 0xFC, 0x7C, 0x7C, 0xF0, 0x79, 0xE0, 0xF7, 0xC1,
    0xFF, 0x83, 0xFF, 0x07, 0xFE, 0x0F, 0xFC, 0x1F, 0x78, 0x3C, 0xF0, 0x79, 0xF1, 0xF1, 0xFF, 0xC1,
    0xFF, 0x01, 0xFC, 0x00, 0x7D, 0xF3, 0xEF, 0x9F, 0x7C, 0xFB, 0xE0, 0x00, 0x0F, 0xE0, 0xFF, 0x8F,
    0xFE, 0xF8, 0xFF, 0x83, 0xFC, 0x1F, 0xE0, 0xFF, 0x07, 0xF8, 0x3F, 0xE3, 0xEF, 0xFE, 0x3F, 0xE0,
    0xFE, 0x00, 0x0F, 0xE0, 0x3F, 0xE0, 0xFF, 0xE3, 0xE3, 0xE7, 0x83, 0xCF, 0x07, 0xBE, 0x0F, 0xFF,
    0xFF, 0xFF, 0xFF, 0xFF, 0xFF, 0xE0, 0xFB, 0xC1, 0xE7, 0x83, 0xCF, 0x8F, 0x8F, 0xFE, 0x0F, 0xF8,
    0x0F, 0xE0, 0x1F, 0xC1, 0xFF, 0x1F, 0xFD, 0xF1, 0xFF, 0x07, 0xFF, 0xFF, 0xFF, 0xFF, 0xFF, 0xF0,
    0x7F, 0xC7, 0xDF, 0xFC, 0x7F, 0xC1, 0xFC, 0x00, 0x0F, 0xF0, 0x3F, 0xE0, 0x7F, 0xC0, 0x00, 0x00,
    0x00, 0x1F, 0x07, 0xDE, 0x0F, 0xBE, 0x1E, 0x3C, 0x7C, 0x7C, 0xF0, 0xF9, 0xE0, 0xF7, 0xC1, 0xFF,
    0x01, 0xFE, 0x03, 0xF8, 0x03, 0xF0, 0x07, 0xE0, 0x07, 0x80, 0x0F, 0x01, 0xFC, 0x03, 0xF8, 0x07,
    0xE0, 0x00, 0x1F, 0xF0, 0x3F, 0xE0, 0x7F, 0xC0, 0x00, 0x00, 0x00, 0x1F, 0x07, 0xDE, 0x0F, 0x3E,
    0x3E, 0x7C, 0x7C, 0x78, 0xF0, 0xFB, 0xE0, 0xF7, 0x81, 0xEF, 0x03, 0xFC, 0x03, 0xF8, 0x07, 0xF0,
    0x07, 0xC0, 0x0F, 0x80, 0x1E, 0x00, 0x3C, 0x07, 0xF8, 0x0F, 0xE0, 0x1F, 0x80, 0x00, 0x1E, 0xF8,
    0x3D, 0xF0, 0x7B, 0xE0, 0xF7, 0xC0, 0x00, 0x1F, 0x07, 0xDE, 0x0F, 0xBE, 0x1E, 0x3C, 0x7C, 0x7C,
    0xF0, 0xF9, 0xE0, 0xF7, 0xC1, 0xFF, 0x01, 0xFE, 0x03, 0xF8, 0x03, 0xF0, 0x07, 0xE0, 0x07, 0x80,
    0x0F, 0x01, 0xFC, 0x03, 0xF8, 0x07, 0xE0, 0x00, 0x3E, 0xF8, 0x7D, 0xF0, 0xFB, 0xE1, 0xF7, 0xC0,
    0x00, 0x1F, 0x07, 0xDE, 0x0F, 0x3E, 0x3E, 0x7C, 0x7C, 0x78, 0xF0, 0xFB, 0xE0, 0xF7, 0x81, 0xEF,
    0x03, 0xFC, 0x03, 0xF8, 0x07, 0xF0, 0x07, 0xC0, 0x0F, 0x80, 0x1E, 0x00, 0x3C, 0x07, 0xF8, 0x0F,
    0xE0, 0x1F, 0x80, 0x00, 0x00, 0x00, 0x0E, 0x78, 0x1E, 0xF0, 0x7B, 0xC0, 0xE7, 0x83, 0xDE, 0x01,
    0x08, 0x00, 0x00, 0xF8, 0x3E, 0xF0, 0x7D, 0xF0, 0xF1, 0xE3, 0xE3, 0xE7, 0x87, 0xCF, 0x07, 0xBE,
    0x0F, 0xF8, 0x0F, 0xF0, 0x1F, 0xC0, 0x1F, 0x80, 0x3F, 0x00, 0x3C, 0x00, 0x78, 0x0F, 0xE0, 0x1F,
    0xC0, 0x3F, 0x00, 0x00, 0x00, 0x0E, 0x70, 0x1E, 0xF0, 0x7B, 0xC0, 0xE7, 0x83, 0xDE, 0x03, 0x18,
    0x00, 0x00, 0xF8, 0x3E, 0xF0, 0x79, 0xF1, 0xF3, 0xE3, 0xE3, 0xC7, 0x87, 0xDF, 0x07, 0xBC, 0x0F,
    0x78, 0x1F, 0xE0, 0x1F, 0xC0, 0x3F, 0x80, 0x3E, 0x00, 0x7C, 0x00, 0xF0, 0x01, 0xE0, 0x3F, 0xC0,
    0x7F, 0x00, 0xFC, 0x00, 0x3E, 0xF0, 0xFB, 0xC3, 0xEF, 0x0F, 0xBC, 0x00, 0x01, 0xE1, 0xF7, 0x87,
    0xDE, 0x1F, 0x78, 0x7D, 0xE1, 0xF7, 0x87, 0xDE, 0x1F, 0x7C, 0x7D, 0xFF, 0xF3, 0xFF, 0xC7, 0xFF,
    0x00, 0x7C, 0x01, 0xF0, 0x07, 0xC0, 0x1F, 0x00, 0x7C, 0x01, 0xF0, 0x7D, 0xE3, 0xEF, 0x1F, 0x78,
    0xFB, 0xC0, 0x00, 0x78, 0x7B, 0xC3, 0xDE, 0x1E, 0xF0, 0xF7, 0xC7, 0xBE, 0x7D, 0xFF, 0xE7, 0xFF,
    0x1F, 0x78, 0x03, 0xC0, 0x1E, 0x00, 0xF0, 0x07, 0x80, 0x03, 0xDE, 0x00, 0x7D, 0xE0, 0x07, 0xDE,
    0x00, 0x3D, 0xE0, 0x00, 0x00, 0x00, 0x00, 0x00, 0xF8, 0x00, 0xFF, 0x80, 0x0F, 0xF8, 0x00, 0xFF,
    0x80, 0x0F, 0xF8, 0x00, 0xFF, 0x80, 0x0F, 0xFF, 0xE0, 0xFF, 0xFF, 0x8F, 0xFF, 0xFC, 0xFF, 0x87,
    0xCF, 0xF8, 0x3C, 0xFF, 0x83, 0xCF, 0xF8, 0x3C, 0xFF, 0x87, 0xCF, 0xFF, 0xFC, 0xFF, 0xFF, 0x8F,
    0xFF, 0xF0, 0xF0, 0x07, 0xBC, 0x00, 0xF7, 0xC0, 0x1E, 0xF8, 0x03, 0xDE, 0x00, 0x00, 0x00, 0x00,
    0x00, 0x3E, 0x00, 0xFF, 0xC0, 0x1F, 0xF8, 0x03, 0xFF, 0x00, 0x7F, 0xFF, 0x8F, 0xFF, 0xF9, 0xFF,
    0xFF, 0xBF, 0xF0, 0xF7, 0xFE, 0x1E, 0xFF, 0xC3, 0xDF, 0xFF, 0xFB, 0xFF, 0xFE, 0x7F, 0xFF, 0x8F,
    0x80, 0x7E, 0x0F, 0x1F, 0x07, 0x87, 0xC3, 0xC3, 0xF3, 0xE0, 0xF9, 0xF0, 0x7E, 0xF0, 0x7F, 0xF8,
    0x7F, 0xF8, 0x3D, 0xF8, 0x3E, 0x7C, 0x1F, 0x1F, 0x0F, 0x0F, 0x87, 0x83, 0xE3, 0xC0, 0xFB, 0xE0,
    0x7C, 0x3F, 0xC0, 0xFF, 0xE1, 0xFF, 0xC1, 0xFF, 0xC0, 0x0F, 0x80, 0x1F, 0x00, 0x3E, 0x00, 0x7C,
    0x00, 0xF8, 0x01, 0xF0, 0x03, 0xE3, 0xFF, 0xEF, 0xFF, 0xFF, 0xFF, 0xBF, 0xFF, 0x00, 0x3E, 0x0F,
    0xC7, 0xF8, 0xFE, 0x07, 0x81, 0xE0, 0x78, 0x1E, 0x07, 0x81, 0xE0, 0xF9, 0xFE, 0xFF, 0xFE, 0xFF,
    0x3C, 0x00, 0x7F, 0xFD, 0xFF, 0xF7, 0xFF, 0xDF, 0xFE, 0x01, 0xF0, 0x07, 0xC0, 0x1F, 0x00, 0x7C,
    0x01, 0xF0, 0x07, 0xC0, 0x1F, 0x00, 0x7C, 0x01, 0xF0, 0x07, 0xC0, 0x1F, 0x00, 0xFF, 0xF3, 0xFF,
    0xEF, 0xFF, 0xDF, 0xFF, 0x00, 0x3C, 0x00, 0xF0, 0x03, 0xFE, 0x0F, 0xF8, 0x3F, 0xE0, 0xFF, 0x83,
    0xFE, 0x0F, 0xF8, 0x3F, 0xE0, 0xFF, 0x83, 0xC0, 0x7E, 0xFD, 0xFB, 0xF1, 0xE3, 0xC7, 0x8F, 0x1E,
    0x3C, 0x78, 0xF1, 0xE3, 0xC7, 0x80, 0x7F, 0xBF, 0xDF, 0xEF, 0xE3, 0xE1, 0xE0, 0xF0, 0x78, 0x7C,
    0x1E, 0x0F, 0x07, 0x83, 0xE1, 0xF0, 0xF8, 0x7F, 0xFC, 0x7F, 0xFE, 0x7F, 0xFE, 0x7F, 0xFF, 0x3C,
    0x1F, 0x3C, 0x1F, 0x3C, 0x1F, 0x3C, 0x1F, 0x3C, 0x1F, 0x3C, 0x1F, 0x3C, 0x1F, 0x3C, 0x1F, 0x3C,
    0x1F, 0x3C, 0x1F, 0x3C, 0x1F, 0xF3, 0xF1, 0xE7, 0xF3, 0xCF, 0xF7, 0x9F, 0xEF, 0x03, 0xFE, 0x07,
    0xFC, 0x0F, 0xF8, 0x1F, 0xF0, 0x3F, 0xF0, 0x7F, 0xE1, 0xF3, 0xFF, 0xE7, 0xFF, 0x87, 0xFE, 0x03,
    0xF8, 0x00, 0x7E, 0xFD, 0xFB, 0xF1, 0xE3, 0xC7, 0x8F, 0x1E, 0x7F, 0xE3, 0xFF, 0x9F, 0xFE, 0xFF,
    0xF0, 0x0F, 0x80, 0x3C, 0x01, 0xE0, 0x0F, 0x00, 0x78, 0x03, 0xC0, 0x1E, 0x00, 0xF0, 0x07, 0x80,
    0x3C, 0x01, 0xE0, 0x0F, 0x00, 0x78, 0x03, 0xC0, 0x1E, 0x00, 0xF0, 0x7F, 0x83, 0xFF, 0x1F, 0xF8,
    0xFF, 0xE0, 0x1F, 0x00, 0x7C, 0x03, 0xE0, 0x1F, 0x00, 0xF8, 0x07, 0xC0, 0x7C, 0xFF, 0xEF, 0xFE,
    0x7F, 0xF3, 0xFE, 0x00, 0xF8, 0x03, 0xE0, 0x0F, 0x80, 0x3E, 0x00, 0xFF, 0xFB, 0xFF, 0xEF, 0xFF,
    0x9F, 0xFE, 0x00, 0xF0, 0x07, 0xC0, 0x1F, 0x00, 0x78, 0x03, 0xE0, 0x0F, 0x80, 0x3C, 0x01, 0xF0,
    0x07, 0xC0, 0x1E, 0x00, 0xF8, 0x00, 0xFF, 0xF9, 0xFF, 0xFB, 0xFF, 0xFB, 0xFF, 0xF7, 0xC1, 0xEF,
    0x83, 0xDF, 0x07, 0xBE, 0x0F, 0x7C, 0x1E, 0xF8, 0x3D, 0xF0, 0x7B, 0xFF, 0xF7, 0xFF, 0xEF, 0xFF,
    0xDF, 0xFF, 0x80, 0x78, 0xFC, 0x3C, 0xFF, 0x1F, 0xFF, 0xC7, 0xFF, 0xF3, 0xF0, 0xF9, 0xF0, 0x7C,
    0x78, 0x1E, 0x7C, 0x0F, 0x3E, 0x07, 0x9F, 0x07, 0xCF, 0x03, 0xE7, 0x9F, 0xE7, 0xCF, 0xF3, 0xEF,
    0xF1, 0xF7, 0xF0, 0x7E, 0xFD, 0xFB, 0xF1, 0xE3, 0xC7, 0x8F, 0x1E, 0x3C, 0x78, 0xF1, 0xE3, 0xC7,
    0x8F, 0x1E, 0x3C, 0x78, 0xF0, 0x7C, 0xFE, 0xFF, 0x7F, 0x1F, 0x1F, 0x1F, 0x1F, 0x1F, 0x1F, 0x1F,
    0xFF, 0xFF, 0xFF, 0xFF, 0x7F, 0xF8, 0x7F, 0xFE, 0x7F, 0xFE, 0x7F, 0xFF, 0x3C, 0x1F, 0x3C, 0x0F,
    0x7C, 0x0F, 0x7C, 0x0F, 0x7C, 0x0F, 0x7C, 0x1F, 0x3C, 0x1F, 0x3F, 0xFE, 0x3F, 0xFE, 0x1F, 0xFC,
    0x07, 0xF8, 0x00, 0x00, 0xF8, 0x3D, 0xF0, 0x79, 0xE0, 0xF3, 0xC3, 0xE7, 0xC7, 0xCF, 0x8F, 0x9F,
    0x1F, 0x1E, 0x3E, 0x3C, 0x78, 0x79, 0xF0, 0xF3, 0xE1, 0xFF, 0x8F, 0xFE, 0x3F, 0xF8, 0x7F, 0xC0,
    0xF8, 0x00, 0x00, 0x00, 0x3F, 0xC1, 0xFF, 0xCF, 0xFF, 0xBF, 0xFE, 0xF0, 0x7F, 0xC1, 0xFF, 0x07,
    0xFF, 0x0F, 0x7C, 0x3C, 0xF0, 0xF0, 0x83, 0xC0, 0x0F, 0x00, 0x3C, 0x00, 0xF0, 0x03, 0xC0, 0x0F,
    0x00, 0x3C, 0x00, 0xF0, 0x03, 0xC0, 0x0F, 0x1F, 0xE0, 0x7F, 0xF1, 0xFF, 0xF3, 0xFF, 0xE7, 0x83,
    0xEF, 0x07, 0xDF, 0x0F, 0xBF, 0x0F, 0x3E, 0x3E, 0x3C, 0x7C, 0x01, 0xF9, 0xFF, 0xE7, 0xFF, 0x8F,
    0xFE, 0x1F, 0xF8, 0x00, 0xF8, 0x3D, 0xF0, 0xF7, 0xC7, 0xCF, 0x1F, 0x3E, 0x7C, 0xF9, 0xE1, 0xEF,
    0x87, 0xFC, 0x1F, 0xF0, 0x3F, 0x80, 0xF8, 0x03, 0xE0, 0x07, 0x80, 0x1F, 0x00, 0x7C, 0x00, 0xF0,
    0x03, 0xC0, 0x0F, 0x80, 0x3E, 0x00, 0x78, 0x7C, 0x3D, 0xF0, 0xF3, 0xE7, 0xCF, 0xDF, 0x1F, 0x7C,
    0x3F, 0xE0, 0xFF, 0x81, 0xFC, 0x03, 0xE0, 0x0F, 0x80, 0x1F, 0x0F, 0xFE, 0x7F, 0xF9, 0xFF, 0xE7,
    0xFF, 0x80, 0xFF, 0xFF, 0xFF, 0xFF, 0xFF, 0xFB, 0xFF, 0xE0, 0x03, 0xC0, 0x0F, 0x80, 0x1F, 0x7C,
    0x3C, 0xF8, 0xF9, 0xF1, 0xF3, 0xE3, 0xC7, 0xC7, 0x8F, 0x9F, 0x1F, 0x3E, 0x3E, 0x78, 0x7C, 0x00,
    0xF8, 0x01, 0xF0, 0x03, 0xE0, 0x07, 0xC0, 0x00, 0x7F, 0xC7, 0xFE, 0x7F, 0xF7, 0xFF, 0x00, 0xF0,
    0x0F, 0x00, 0xF0, 0x0F, 0x00, 0xF0, 0x0F, 0x00, 0xF0, 0x0F, 0x00, 0xF0, 0x0F, 0x00, 0xF0, 0xF9,
    0xE7, 0xFE, 0x79, 0xFF, 0x9E, 0x7F, 0xEF, 0x9F, 0xFB, 0xE7, 0xFE, 0xF1, 0xFF, 0xFC, 0x7F, 0xFE,
    0x1E, 0xFF, 0x07, 0x9E, 0x03, 0xE7, 0xC0, 0xF9, 0xFF, 0xFC, 0x3F, 0xFF, 0x07, 0xFF, 0x80, 0x7F,
    0x80, 0x7F, 0xFC, 0x3F, 0xFF, 0x9F, 0xFF, 0xC7, 0xFF, 0xF1, 0xF0, 0xF8, 0xF8, 0x7C, 0x7C, 0x3E,
    0x3E, 0x1F, 0x1F, 0x0F, 0x8F, 0x87, 0xC7, 0xC3, 0xE7, 0xE1, 0xF7, 0xE0, 0xFB, 0xF0, 0x7D, 0xF0,
    0x3E, 0x23, 0xDF, 0xEF, 0xFD, 0xE0, 0x00, 0x7C, 0xF1, 0xE7, 0xCF, 0x9F, 0x7E, 0x00, 0x00, 0x00,
    0x00, 0x06, 0x1F, 0x7E, 0xFC, 0xF8, 0xE0, 0x00, 0x01, 0xFF, 0x1F, 0xFF, 0xFF, 0xFF, 0xFF, 0x7C,
    0x3B, 0xE0, 0x1F, 0xC0, 0x7F, 0x01, 0xFC, 0x07, 0xE0, 0x0F, 0x00, 0x78, 0x00, 0x00, 0x0C, 0x01,
    0xF8, 0x0F, 0xC0, 0x7E, 0x03, 0xE0, 0x06, 0x00, 0x1F, 0x87, 0xF0, 0xFE, 0x3F, 0xC7, 0x80, 0xF0,
    0x1F, 0x71, 0xFF, 0x7F, 0xFF, 0xFF, 0xFE, 0x3E, 0x04, 0x00, 0xFF, 0xBF, 0xEF, 0xFF, 0xFE, 0xFE,
    0x00, 0x38, 0xF3, 0x83, 0xA7, 0xDF, 0x98, 0x00, 0x00, 0xC7, 0xBF, 0x7C, 0xE0, 0x00, 0x03, 0xCF,
    0xBE, 0x79, 0xE7, 0x9F, 0x7D, 0xF7, 0xCF, 0x3C, 0xF3, 0xCF, 0x3C, 0xF0, 0x00, 0x00, 0x07, 0x83,
    0xBC, 0x3D, 0xF1, 0xEF, 0xFF, 0x3F, 0xF1, 0xFF, 0x8F, 0xF0, 0x7C, 0x03, 0xE0, 0x1F, 0x00, 0x78,
    0x03, 0xC0, 0x1E, 0x00, 0xF0, 0x07, 0x80, 0x3C, 0x01, 0xE0, 0x00, 0x00, 0x00, 0x03, 0xC0, 0xFF,
    0xBF, 0xFE, 0xFF, 0x7F, 0xFD, 0xFF, 0xF7, 0xFF, 0xDF, 0xFE, 0x7C, 0x01, 0xF0, 0x03, 0xC0, 0x0F,
    0x00, 0x3C, 0x00, 0xF0, 0x03, 0xC0, 0x0F, 0x00, 0x3C, 0x00, 0xF0, 0x00, 0x00, 0x00, 0x00, 0x00,
    0xF0, 0x1F, 0x03, 0xF0, 0x7E, 0x07, 0xC0, 0x78, 0x07, 0xF0, 0x7F, 0x03, 0xF0, 0x3F, 0x07, 0xE0,
    0x78, 0x0F, 0x80, 0xFF, 0xE7, 0xFE, 0x7F, 0xF3, 0xFE, 0x03, 0x00, 0x07, 0x01, 0xFC, 0x3F, 0xE7,
    0xFE, 0x7F, 0xF7, 0x9F, 0xF8, 0xFF, 0x0F, 0xF0, 0xFF, 0x8F, 0x7F, 0xF7, 0xFE, 0x3F, 0xE1, 0xFC,
    0x00, 0x07, 0xFF, 0x3F, 0xF9, 0xFF, 0xCF, 0xFE, 0x00, 0xF0, 0x07, 0x80, 0x3C, 0x01, 0xE0, 0x0F,
    0x00, 0x7C, 0x03, 0xE0, 0x0F, 0x00, 0x78, 0x03, 0xC0, 0x1E, 0x00, 0xF0, 0x07, 0xC0, 0x10, 0x10,
    0x11, 0xE0, 0x7B, 0xE0, 0xF7, 0xC3, 0xE7, 0x87, 0xCF, 0x8F, 0x0F, 0x3E, 0x1E, 0x78, 0x3E, 0xF0,
    0x7F, 0xE0, 0x7F, 0x80, 0xFF, 0x01, 0xFE, 0x01, 0xF8, 0x03, 0xF0, 0x07, 0xE0, 0x07, 0x80, 0x0F,
    0x00, 0x18, 0x00, 0x00, 0x00, 0x0F, 0x00, 0x1F, 0x00, 0x3E, 0x00, 0xFC, 0x01, 0xFC, 0x03, 0xF8,
    0x0F, 0xF0, 0x1F, 0xE0, 0x3F, 0xE0, 0xFB, 0xC1, 0xE7, 0x83, 0xCF, 0x8F, 0x8F, 0x1E, 0x1E, 0x7C,
    0x3E, 0xF8, 0x3D, 0xE0, 0x78, 0xC0, 0xC0, 0x00, 0x01, 0xF8, 0x3F, 0xC7, 0xFC, 0xFF, 0xEF, 0x3E,
    0xF1, 0xEF, 0xFE, 0xFF, 0xE7, 0xFE, 0x3F, 0xE0, 0xFF, 0x01, 0xF0, 0x0F, 0x00, 0xF0, 0x0F, 0x00,
    0xF0, 0x0F, 0x00, 0x00, 0x00, 0x01, 0xC0, 0x00, 0xF8, 0x00, 0x3E, 0x78, 0x07, 0x9E, 0x01, 0xE7,
    0x80, 0x7F, 0xE0, 0x1F, 0xF8, 0x07, 0xFE, 0x01, 0xEF, 0x80, 0x79, 0xF0, 0x7E, 0x7F, 0xFF, 0x0F,
    0xFF, 0x81, 0xFF, 0xC0, 0x1F, 0xC0, 0xFF, 0xFF, 0xF8, 0x0C, 0x01, 0xC0, 0x7C, 0x1F, 0xC1, 0xFC,
    0x7F, 0x9F, 0xFB, 0xCF, 0xF9, 0xFF, 0x3F, 0xFF, 0xBF, 0xF7, 0xFC, 0x7F, 0x00, 0x00, 0x00, 0xC7,
    0xBF, 0x7C, 0xE0, 0x00, 0x03, 0xCF, 0xBE, 0x79, 0xE7, 0x9F, 0x7D, 0xF7, 0xCF, 0x3C, 0xF3, 0xCF,
    0x3C, 0xF0, 0x00, 0x00, 0x07, 0x83, 0xBC, 0x3D, 0xF1, 0xEF, 0xFF, 0x3F, 0xF1, 0xFF, 0x8F, 0xF0,
    0x7C, 0x03, 0xE0, 0x1F, 0x00, 0x78, 0x03, 0xC0, 0x1E, 0x00, 0xF0, 0x07, 0x80, 0x3C, 0x01, 0xE0,
    0x00, 0x00, 0x00, 0x03, 0xC0, 0xFF, 0xBF, 0xFE, 0xFF, 0x7F, 0xFD, 0xFF, 0xF7, 0xFF, 0xDF, 0xFE,
    0x7C, 0x01, 0xF0, 0x03, 0xC0, 0x0F, 0x00, 0x3C, 0x00, 0xF0, 0x03, 0xC0, 0x0F, 0x00, 0x3C, 0x00,
    0xF0, 0x00, 0x00, 0x00, 0x00, 0x07, 0x9F, 0x3D, 0xF9, 0xEF, 0xCF, 0xF8, 0x7F, 0xF9, 0xFF, 0xCF,
    0xFF, 0x7F, 0xF3, 0xFC, 0x1F, 0x00, 0xF8, 0x07, 0xC0, 0x1E, 0x00, 0xF0, 0x07, 0x80, 0x3C, 0x01,
    0xE0, 0x00, 0x00, 0x03, 0x00, 0x1E, 0x00, 0xF8, 0x01, 0xF0, 0x0F, 0xE0, 0x7F, 0xC1, 0xFF, 0x0F,
    0xBE, 0x7C, 0x79, 0xE1, 0xF7, 0x87, 0xDE, 0xCF, 0xFB, 0xBF, 0xFF, 0xF7, 0xFF, 0x9F, 0xFE, 0x3F,
    0xF0, 0x1F, 0xC3, 0xFC, 0x3F, 0x87, 0xF8, 0x78, 0x07, 0x80, 0x7C, 0x63, 0xFE, 0x3F, 0xF0, 0xFF,
    0x0F, 0xC1, 0xF8, 0x3F, 0x03, 0xE0, 0x7C, 0x07, 0xC0, 0x78, 0x01, 0x80, 0x10, 0x11, 0xE0, 0x7B,
    0xE0, 0xF7, 0xC3, 0xE7, 0x87, 0xCF, 0x8F, 0x0F, 0x3E, 0x1E, 0x78, 0x3E, 0xF0, 0x7F, 0xE0, 0x7F,
    0x80, 0xFF, 0x01, 0xFE, 0x01, 0xF8, 0x03, 0xF0, 0x07, 0xE0, 0x07, 0x80, 0x0F, 0x00, 0x18, 0x00,
    0x00, 0x00, 0x0F, 0x00, 0x1F, 0x00, 0x3E, 0x00, 0xFC, 0x01, 0xFC, 0x03, 0xF8, 0x0F, 0xF0, 0x1F,
    0xE0, 0x3F, 0xE0, 0xFB, 0xC1, 0xE7, 0x83, 0xCF, 0x8F, 0x8F, 0x1E, 0x1E, 0x7C, 0x3E, 0xF8, 0x3D,
    0xE0, 0x78, 0xC0, 0xC0, 0x00, 0x01, 0xF8, 0x3F, 0xC7, 0xFC, 0xFF, 0xEF, 0x3E, 0xF1, 0xEF, 0xFE,
    0xFF, 0xE7, 0xFE, 0x3F, 0xE0, 0xFF, 0x01, 0xF0, 0x0F, 0x00, 0xF0, 0x0F, 0x00, 0xF0, 0x0F, 0x0F,
    0xE0, 0x1F, 0xC0, 0x3F, 0x80, 0xFF, 0x81, 0xFF, 0x03, 0xDE, 0x07, 0xBC, 0x1F, 0x7C, 0x3C, 0xF8,
    0x78, 0xF0, 0xFF, 0xE3, 0xFF, 0xE7, 0xFF, 0xCF, 0x07, 0xBE, 0x0F, 0xFC, 0x1F, 0xF0, 0x3E, 0x00,
    0x00, 0x00, 0x00, 0x3E, 0x00, 0x7C, 0x00, 0xF8, 0x01, 0xF0, 0x00, 0x3F, 0xC1, 0xFF, 0x87, 0xFF,
    0x1C, 0x7C, 0x00, 0xF0, 0xFF, 0xC7, 0xFF, 0x3E, 0x3C, 0xF0, 0xF3, 0xE7, 0xCF, 0xFF, 0xDF, 0xFF,
    0x3E, 0x7C, 0x00, 0x00, 0x00, 0x03, 0xE0, 0x0F, 0x80, 0x3E, 0x00, 0xF8, 0x00, 0x0F, 0xC0, 0x1F,
    0xC0, 0x3F, 0x80, 0x0E, 0x00, 0x3C, 0x00, 0x70, 0x00, 0x00, 0x07, 0xF0, 0x0F, 0xE0, 0x1F, 0xC0,
    0x7F, 0xC0, 0xFF, 0x81, 0xEF, 0x03, 0xDE, 0x0F, 0xBE, 0x1E, 0x7C, 0x3C, 0x78, 0x7F, 0xF1, 0xFF,
    0xF3, 0xFF, 0xE7, 0x83, 0xDF, 0x07, 0xFE, 0x0F, 0xF8, 0x1F, 0x1F, 0x80, 0x7F, 0x01, 0xFC, 0x00,
    0xE0, 0x07, 0x80, 0x1C, 0x00, 0x00, 0x0F, 0xF0, 0x7F, 0xE1, 0xFF, 0xC7, 0x1F, 0x00, 0x3C, 0x3F,
    0xF1, 0xFF, 0xCF, 0x8F, 0x3C, 0x3C, 0xF9, 0xF3, 0xFF, 0xF7, 0xFF, 0xCF, 0x9F, 0x00, 0x08, 0x00,
    0x1E, 0x00, 0x1E, 0x00, 0x3C, 0x00, 0x38, 0x07, 0xF8, 0x0F, 0xE0, 0x1F, 0xF0, 0x3E, 0xF0, 0x1C,
    0x70, 0x00, 0x00, 0x0F, 0xE0, 0x0F, 0xE0, 0x0F, 0xE0, 0x1F, 0xF0, 0x1F, 0xF0, 0x1E, 0xF0, 0x1E,
    0xF0, 0x3E, 0xF8, 0x3C, 0xF8, 0x3C, 0x78, 0x3F, 0xF8, 0x7F, 0xFC, 0x7F, 0xFC, 0x78, 0x3C, 0xF8,
    0x3E, 0xF8, 0x3E, 0xF0, 0x3E, 0x00, 0x10, 0x00, 0xF0, 0x03, 0xC0, 0x1E, 0x00, 0x70, 0x3F, 0xC1,
    0xF8, 0x0F, 0xF0, 0x7D, 0xE0, 0xE3, 0x80, 0x00, 0x0F, 0xF0, 0x7F, 0xE1, 0xFF, 0xC7, 0x1F, 0x00,
    0x3C, 0x3F, 0xF1, 0xFF, 0xCF, 0x8F, 0x3C, 0x3C, 0xF9, 0xF3, 0xFF, 0xF7, 0xFF, 0xCF, 0x9F, 0x10,
    0x00, 0x78, 0x00, 0x78, 0x00, 0x3C, 0x00, 0x3C, 0x00, 0x1F, 0xE0, 0x07, 0xF0, 0x0F, 0xF8, 0x1F,
    0x78, 0x0E, 0x38, 0x00, 0x00, 0x07, 0xF0, 0x07, 0xF0, 0x07, 0xF0, 0x0F, 0xF8, 0x0F, 0xF8, 0x0F,
    0x78, 0x0F, 0x78, 0x1F, 0x7C, 0x1E, 0x7C, 0x1E, 0x3C, 0x1F, 0xFC, 0x3F, 0xFE, 0x3F, 0xFE, 0x3C,
    0x1E, 0x7C, 0x1F, 0x7C, 0x1F, 0x78, 0x1F, 0x10, 0x00, 0x70, 0x00, 0x78, 0x00, 0x78, 0x00, 0x3C,
    0x00, 0x1F, 0xC0, 0x07, 0xE0, 0x0F, 0xF0, 0x1F, 0x78, 0x0E, 0x38, 0x00, 0x00, 0x0F, 0xF0, 0x1F,
    0xF8, 0x1F, 0xFC, 0x1C, 0x7C, 0x00, 0x3C, 0x0F, 0xFC, 0x1F, 0xFC, 0x3E, 0x3C, 0x3C, 0x3C, 0x3E,
    0x7C, 0x3F, 0xFF, 0x1F, 0xFF, 0x0F, 0x9F, 0x00, 0xFC, 0x01, 0xF8, 0x03, 0xF0, 0x00, 0xE0, 0x3B,
    0xC0, 0xFF, 0x03, 0xF8, 0x0F, 0xF8, 0x1C, 0x70, 0x10, 0x40, 0x00, 0x00, 0x7F, 0x00, 0xFE, 0x01,
    0xFC, 0x07, 0xFC, 0x0F, 0xF8, 0x1E, 0xF0, 0x3D, 0xE0, 0xFB, 0xE1, 0xE7, 0xC3, 0xC7, 0x87, 0xFF,
    0x1F, 0xFF, 0x3F, 0xFE, 0x78, 0x3D, 0xF0, 0x7F, 0xE0, 0xFF, 0x81, 0xF0, 0x01, 0xF8, 0x07, 0xE0,
    0x1F, 0x80, 0x0E, 0x07, 0x70, 0x3F, 0xC1, 0xFC, 0x0F, 0xF8, 0x79, 0xE0, 0xC1, 0x00, 0x00, 0x0F,
    0xF0, 0x7F, 0xE1, 0xFF, 0xC7, 0x1F, 0x00, 0x3C, 0x3F, 0xF1, 0xFF, 0xCF, 0x8F, 0x3C, 0x3C, 0xF9,
    0xF3, 0xFF, 0xF7, 0xFF, 0xCF, 0x9F, 0x0F, 0x00, 0x3F, 0xE0, 0x7F, 0xC0, 0xDF, 0x80, 0x38, 0x00,
    0xF8, 0x03, 0xF8, 0x0F, 0xF8, 0x1C, 0x70, 0x10, 0x40, 0x00, 0x00, 0x7F, 0x00, 0xFE, 0x01, 0xFC,
    0x07, 0xFC, 0x0F, 0xF8, 0x1E, 0xF0, 0x3D, 0xE0, 0xFB, 0xE1, 0xE7, 0xC3, 0xC7, 0x87, 0xFF, 0x1F,
    0xFF, 0x3F, 0xFE, 0x78, 0x3D, 0xF0, 0x7F, 0xE0, 0xFF, 0x81, 0xF0, 0x1E, 0x01, 0xFF, 0x83, 0xFE,
    0x0D, 0xF0, 0x07, 0x00, 0x7E, 0x03, 0xFC, 0x1F, 0xF8, 0x38, 0xE0, 0x01, 0x03, 0xFC, 0x1F, 0xF8,
    0x7F, 0xF1, 0xC7, 0xC0, 0x0F, 0x0F, 0xFC, 0x7F, 0xF3, 0xE3, 0xCF, 0x0F, 0x3E, 0x7C, 0xFF, 0xFD,
    0xFF, 0xF3, 0xE7, 0xC0, 0x07, 0xC0, 0x1F, 0xC0, 0x7F, 0xC1, 0xF7, 0x81, 0xC7, 0x01, 0x04, 0x00,
    0x00, 0x07, 0xF0, 0x0F, 0xE0, 0x1F, 0xC0, 0x7F, 0xC0, 0xFF, 0x81, 0xEF, 0x03, 0xDE, 0x0F, 0xBE,
    0x1E, 0x7C, 0x3C, 0x78, 0x7F, 0xF1, 0xFF, 0xF3, 0xFF, 0xE7, 0x83, 0xDF, 0x07, 0xFE, 0x0F, 0xF8,
    0x1F, 0x00, 0x00, 0x00, 0x00, 0x1F, 0x00, 0x3E, 0x00, 0x7C, 0x00, 0xF8, 0x00, 0x0F, 0x80, 0x7F,
    0x03, 0xFC, 0x1F, 0x78, 0x38, 0xE0, 0x01, 0x03, 0xFC, 0x1F, 0xF8, 0x7F, 0xF1, 0xC7, 0xC0, 0x0F,
    0x0F, 0xFC, 0x7F, 0xF3, 0xE3, 0xCF, 0x0F, 0x3E, 0x7C, 0xFF, 0xFD, 0xFF, 0xF3, 0xE7, 0xC0, 0x00,
    0x00, 0x00, 0x3E, 0x00, 0xF8, 0x03, 0xE0, 0x0F, 0x80, 0x00, 0xC0, 0x03, 0xC0, 0x07, 0x80, 0x1E,
    0x00, 0x38, 0x03, 0x76, 0x0F, 0x1E, 0x0F, 0xF8, 0x1F, 0xE0, 0x1F, 0x80, 0x00, 0x00, 0x7F, 0x00,
    0xFE, 0x01, 0xFC, 0x07, 0xFC, 0x0F, 0xF8, 0x1E, 0xF0, 0x3D, 0xE0, 0xFB, 0xE1, 0xE7, 0xC3, 0xC7,
    0x87, 0xFF, 0x1F, 0xFF, 0x3F, 0xFE, 0x78, 0x3D, 0xF0, 0x7F, 0xE0, 0xFF, 0x81, 0xF0, 0x01, 0x80,
    0x0F, 0x00, 0x3C, 0x01, 0xE0, 0x07, 0x00, 0xD9, 0x87, 0x8F, 0x0F, 0xF8, 0x3F, 0xC0, 0x7E, 0x00,
    0x00, 0x0F, 0xF0, 0x7F, 0xE1, 0xFF, 0xC7, 0x1F, 0x00, 0x3C, 0x3F, 0xF1, 0xFF, 0xCF, 0x8F, 0x3C,
    0x3C, 0xF9, 0xF3, 0xFF, 0xF7, 0xFF, 0xCF, 0x9F, 0x06, 0x00, 0x3E, 0x00, 0x3C, 0x00, 0x3C, 0x00,
    0x78, 0x03, 0x66, 0x0F, 0x1E, 0x0F, 0xF8, 0x1F, 0xE0, 0x1F, 0x80, 0x00, 0x00, 0x7F, 0x00, 0xFE,
    0x01, 0xFC, 0x07, 0xFC, 0x0F, 0xF8, 0x1E, 0xF0, 0x3D, 0xE0, 0xFB, 0xE1, 0xE7, 0xC3, 0xC7, 0x87,
    0xFF, 0x1F, 0xFF, 0x3F, 0xFE, 0x78, 0x3D, 0xF0, 0x7F, 0xE0, 0xFF, 0x81, 0xF0, 0x0C, 0x00, 0xF0,
    0x01, 0xE0, 0x03, 0xC0, 0x0F, 0x00, 0xD9, 0x87, 0x8F, 0x0F, 0xF8, 0x3F, 0xC0, 0x7E, 0x00, 0x00,
    0x0F, 0xF0, 0x7F, 0xE1, 0xFF, 0xC7, 0x1F, 0x00, 0x3C, 0x3F, 0xF1, 0xFF, 0xCF, 0x8F, 0x3C, 0x3C,
    0xF9, 0xF3, 0xFF, 0xF7, 0xFF, 0xCF, 0x9F, 0x0F, 0xC0, 0x1F, 0x80, 0x3F, 0x00, 0x0E, 0x00, 0x38,
    0x03, 0x76, 0x0F, 0x1E, 0x0F, 0xF8, 0x1F, 0xE0, 0x1F, 0x80, 0x00, 0x00, 0x7F, 0x00, 0xFE, 0x01,
    0xFC, 0x07, 0xFC, 0x0F, 0xF8, 0x1E, 0xF0, 0x3D, 0xE0, 0xFB, 0xE1, 0xE7, 0xC3, 0xC7, 0x87, 0xFF,
    0x1F, 0xFF, 0x3F, 0xFE, 0x78, 0x3D, 0xF0, 0x7F, 0xE0, 0xFF, 0x81, 0xF0, 0x1F, 0x00, 0x7E, 0x01,
    0xF8, 0x01, 0xE0, 0x07, 0x00, 0xDD, 0x87, 0x8F, 0x0F, 0xF8, 0x3F, 0xC0, 0x7E, 0x00, 0x00, 0x0F,
    0xF0, 0x7F, 0xE1, 0xFF, 0xC7, 0x1F, 0x00, 0x3C, 0x3F, 0xF1, 0xFF, 0xCF, 0x8F, 0x3C, 0x3C, 0xF9,
    0xF3, 0xFF, 0xF7, 0xFF, 0xCF, 0x9F, 0x1F, 0xA0, 0x3F, 0xE0, 0x7F, 0xC0, 0x0F, 0x01, 0x83, 0x07,
    0x8F, 0x07, 0xFC, 0x0F, 0xF8, 0x0F, 0xC0, 0x00, 0x00, 0x3F, 0x80, 0x7F, 0x00, 0xFE, 0x03, 0xFE,
    0x07, 0xFC, 0x0F, 0x78, 0x1E, 0xF0, 0x7D, 0xF0, 0xF3, 0xE1, 0xE3, 0xC3, 0xFF, 0x8F, 0xFF, 0x9F,
    0xFF, 0x3C, 0x1E, 0xF8, 0x3F, 0xF0, 0x7F, 0xC0, 0xF8, 0x3F, 0x41, 0xFF, 0x83, 0xFE, 0x00, 0xF0,
    0x30, 0x61, 0xE3, 0xC3, 0xFE, 0x0F, 0xF0, 0x1F, 0x80, 0x00, 0x03, 0xFC, 0x1F, 0xF8, 0x7F, 0xF1,
    0xC7, 0xC0, 0x0F, 0x0F, 0xFC, 0x7F, 0xF3, 0xE3, 0xCF, 0x0F, 0x3E, 0x7C, 0xFF, 0xFD, 0xFF, 0xF3,
    0xE7, 0xC0, 0x08, 0x20, 0x78, 0xE0, 0x73, 0xC0, 0xFF, 0x80, 0xFE, 0x00, 0xF8, 0x00, 0x00, 0x07,
    0xF0, 0x0F, 0xE0, 0x1F, 0xC0, 0x7F, 0xC0, 0xFF, 0x81, 0xEF, 0x03, 0xDE, 0x0F, 0xBE, 0x1E, 0x7C,
    0x3C, 0x78, 0x7F, 0xF1, 0xFF, 0xF3, 0xFF, 0xE7, 0x83, 0xDF, 0x07, 0xFE, 0x0F, 0xF8, 0x1F, 0x00,
    0x00, 0x00, 0x00, 0x1F, 0x00, 0x3E, 0x00, 0x7C, 0x00, 0xF8, 0x00, 0x10, 0x41, 0xE3, 0x87, 0x9E,
    0x0F, 0xF8, 0x1F, 0xC0, 0x3E, 0x00, 0x00, 0x0F, 0xF0, 0x7F, 0xE1, 0xFF, 0xC7, 0x1F, 0x00, 0x3C,
    0x3F, 0xF1, 0xFF, 0xCF, 0x8F, 0x3C, 0x3C, 0xF9, 0xF3, 0xFF, 0xF7, 0xFF, 0xCF, 0x9F, 0x00, 0x00,
    0x00, 0x00, 0xF8, 0x03, 0xE0, 0x0F, 0x80, 0x3E, 0x00, 0xFF, 0xFF, 0xFF, 0xFF, 0xEF, 0x00, 0xF0,
    0x0F, 0x00, 0xF0, 0x0F, 0xFE, 0xFF, 0xEF, 0xFE, 0xF0, 0x0F, 0x00, 0xF0, 0x0F, 0x00, 0xFF, 0xEF,
    0xFF, 0xFF, 0xF0, 0x00, 0x00, 0x01, 0xF0, 0x1F, 0x01, 0xF0, 0x1F, 0x00, 0x1F, 0xC1, 0xFF, 0x1F,
    0xFD, 0xF1, 0xFF, 0x07, 0xFF, 0xFF, 0xFF, 0xFF, 0xFF, 0xF0, 0x07, 0xC3, 0x1F, 0xFC, 0x7F, 0xE1,
    0xFE, 0x00, 0x00, 0x00, 0x01, 0xF0, 0x0F, 0x80, 0x7C, 0x03, 0xE0, 0x3F, 0x03, 0xF8, 0x3F, 0x80,
    0x78, 0x07, 0x00, 0x60, 0x00, 0x0F, 0xFF, 0xFF, 0xFF, 0xFE, 0xF0, 0x0F, 0x00, 0xF0, 0x0F, 0x00,
    0xFF, 0xEF, 0xFE, 0xFF, 0xEF, 0x00, 0xF0, 0x0F, 0x00, 0xF0, 0x0F, 0xFE, 0xFF, 0xFF, 0xFF, 0x1F,
    0x80, 0xFE, 0x07, 0xF0, 0x07, 0x80, 0x38, 0x03, 0x80, 0x00, 0x03, 0xF8, 0x3F, 0xE3, 0xFF, 0xBE,
    0x3F, 0xE0, 0xFF, 0xFF, 0xFF, 0xFF, 0xFF, 0xFE, 0x00, 0xF8, 0x63, 0xFF, 0x8F, 0xFC, 0x3F, 0xC0,
    0x3C, 0x07, 0xFC, 0x7F, 0xE2, 0xFC, 0x00, 0x00, 0x00, 0xFF, 0xFF, 0xFF, 0xFF, 0xEF, 0x00, 0xF0,
    0x0F, 0x00, 0xF0, 0x0F, 0xFE, 0xFF, 0xEF, 0xFE, 0xF0, 0x0F, 0x00, 0xF0, 0x0F, 0x00, 0xFF, 0xEF,
    0xFF, 0xFF, 0xF0, 0x1E, 0x01, 0xFF, 0x0F, 0xF8, 0x2F, 0xC0, 0x00, 0x00, 0x00, 0x7F, 0x07, 0xFC,
    0x7F, 0xF7, 0xC7, 0xFC, 0x1F, 0xFF, 0xFF, 0xFF, 0xFF, 0xFF, 0xC0, 0x1F, 0x0C, 0x7F, 0xF1, 0xFF,
    0x87, 0xF8, 0x00, 0x20, 0x01, 0xE0, 0x07, 0x80, 0x3C, 0x00, 0xF0, 0x7F, 0x83, 0xF8, 0x1F, 0xF0,
    0x7B, 0xE1, 0xC7, 0x00, 0x00, 0x3F, 0xFC, 0xFF, 0xF3, 0xFF, 0x8F, 0x00, 0x3C, 0x00, 0xF0, 0x03,
    0xC0, 0x0F, 0xFE, 0x3F, 0xF8, 0xFF, 0xE3, 0xC0, 0x0F, 0x00, 0x3C, 0x00, 0xF0, 0x03, 0xFF, 0x8F,
    0xFF, 0x3F, 0xFC, 0x00, 0x10, 0x00, 0x78, 0x00, 0xF0, 0x03, 0xC0, 0x07, 0x81, 0xFE, 0x07, 0xF0,
    0x1F, 0xF0, 0x3D, 0xE0, 0x71, 0xC0, 0x00, 0x00, 0xFE, 0x03, 0xFE, 0x0F, 0xFE, 0x3E, 0x3E, 0x78,
    0x3C, 0xFF, 0xF9, 0xFF, 0xF3, 0xFF, 0xE7, 0x80, 0x0F, 0x86, 0x0F, 0xFE, 0x0F, 0xFC, 0x0F, 0xF0,
    0x10, 0x00, 0xF0, 0x01, 0xE0, 0x01, 0xE0, 0x01, 0xC0, 0x03, 0xFC, 0x01, 0xFC, 0x07, 0xFC, 0x0F,
    0x7C, 0x1C, 0x70, 0x00, 0x00, 0xFF, 0xF1, 0xFF, 0xE3, 0xFF, 0x87, 0x80, 0x0F, 0x00, 0x1E, 0x00,
    0x3C, 0x00, 0x7F, 0xF0, 0xFF, 0xE1, 0xFF, 0xC3, 0xC0, 0x07, 0x80, 0x0F, 0x00, 0x1E, 0x00, 0x3F,
    0xF8, 0x7F, 0xF8, 0xFF, 0xF0, 0x10, 0x00, 0xF0, 0x01, 0xE0, 0x01, 0xE0, 0x03, 0xC0, 0x03, 0xFC,
    0x01, 0xFC, 0x07, 0xFC, 0x0F, 0x78, 0x1C, 0x70, 0x00, 0x00, 0x3F, 0x80, 0xFF, 0x83, 0xFF, 0x8F,
    0x8F, 0x9E, 0x0F, 0x3F, 0xFE, 0x7F, 0xFC, 0xFF, 0xF9, 0xE0, 0x03, 0xE1, 0x83, 0xFF, 0x83, 0xFF,
    0x03, 0xFC, 0x03, 0xF0, 0x1F, 0xC0, 0xFE, 0x00, 0xE0, 0xEF, 0x0F, 0xF0, 0xFE, 0x0F, 0xF8, 0x71,
    0xC1, 0x04, 0x00, 0x01, 0xFF, 0xEF, 0xFF, 0x7F, 0xF3, 0xC0, 0x1E, 0x00, 0xF0, 0x07, 0x80, 0x3F,
    0xF9, 0xFF, 0xCF, 0xFE, 0x78, 0x03, 0xC0, 0x1E, 0x00, 0xF0, 0x07, 0xFF, 0x3F, 0xFD, 0xFF, 0xE0,
    0x01, 0xF8, 0x07, 0xF0, 0x1F, 0xC0, 0x0E, 0x07, 0x78, 0x3F, 0xC1, 0xFC, 0x0F, 0xF8, 0x38, 0xE0,
    0x41, 0x00, 0x00, 0x07, 0xF0, 0x3F, 0xE1, 0xFF, 0xCF, 0x8F, 0xBC, 0x1E, 0xFF, 0xFB, 0xFF, 0xEF,
    0xFF, 0xBC, 0x00, 0xF8, 0x61, 0xFF, 0xC3, 0xFF, 0x07, 0xF8, 0x3C, 0x07, 0xFC, 0x7F, 0xC2, 0xFC,
    0x0E, 0x01, 0xF0, 0x3F, 0x87, 0xFC, 0x71, 0xC2, 0x08, 0x00, 0x0F, 0xFF, 0xFF, 0xFF, 0xFE, 0xF0,
    0x0F, 0x00, 0xF0, 0x0F, 0x00, 0xFF, 0xEF, 0xFE, 0xFF, 0xEF, 0x00, 0xF0, 0x0F, 0x00, 0xF0, 0x0F,
    0xFE, 0xFF, 0xFF, 0xFF, 0x1E, 0x01, 0xFF, 0x0F, 0xF8, 0x2F, 0xC0, 0x70, 0x07, 0xC0, 0x7F, 0x07,
    0xFC, 0x38, 0xE0, 0x82, 0x07, 0xF0, 0x7F, 0xC7, 0xFF, 0x7C, 0x7F, 0xC1, 0xFF, 0xFF, 0xFF, 0xFF,
    0xFF, 0xFC, 0x01, 0xF0, 0xC7, 0xFF, 0x1F, 0xF8, 0x7F, 0x80, 0x1F, 0x03, 0xF8, 0x7F, 0xC7, 0xBE,
    0x71, 0xC2, 0x08, 0x00, 0x0F, 0xFF, 0xFF, 0xFF, 0xFE, 0xF0, 0x0F, 0x00, 0xF0, 0x0F, 0x00, 0xFF,
    0xEF, 0xFE, 0xFF, 0xEF, 0x00, 0xF0, 0x0F, 0x00, 0xF0, 0x0F, 0xFE, 0xFF, 0xFF, 0xFF, 0x00, 0x00,
    0x00, 0x1F, 0x01, 0xF0, 0x1F, 0x01, 0xF0, 0x0F, 0x80, 0xFE, 0x0F, 0xF8, 0x7B, 0xC3, 0x8E, 0x08,
    0x20, 0x7F, 0x07, 0xFC, 0x7F, 0xF7, 0xC7, 0xFC, 0x1F, 0xFF, 0xFF, 0xFF, 0xFF, 0xFF, 0xC0, 0x1F,
    0x0C, 0x7F, 0xF1, 0xFF, 0x87, 0xF8, 0x00, 0x00, 0x00, 0x07, 0xC0, 0x3E, 0x01, 0xF0, 0x0F, 0x80,
    0x1F, 0x80, 0xFE, 0x07, 0xF0, 0x07, 0x80, 0x78, 0x03, 0x80, 0x00, 0x1F, 0xFF, 0xFF, 0xFB, 0xFF,
    0x83, 0xE0, 0x1F, 0x00, 0xF8, 0x07, 0xC0, 0x3E, 0x01, 0xF0, 0x0F, 0x80, 0x7C, 0x03, 0xE0, 0x1F,
    0x00, 0xF8, 0x3F, 0xFB, 0xFF, 0xFF, 0xFF, 0x1F, 0x81, 0xFC, 0x1F, 0xC0, 0x38, 0x07, 0x80, 0x70,
    0x00, 0x0F, 0xF8, 0xFF, 0x8F, 0xF8, 0x0F, 0x80, 0xF8, 0x0F, 0x80, 0xF8, 0x0F, 0x80, 0xF8, 0x0F,
    0x8F, 0xFF, 0xFF, 0xFF, 0xFF, 0xFF, 0xFF, 0xFF, 0xDF, 0xFC, 0x1F, 0x00, 0xF8, 0x07, 0xC0, 0x3E,
    0x01, 0xF0, 0x0F, 0x80, 0x7C, 0x03, 0xE0, 0x1F, 0x00, 0xF8, 0x07, 0xC1, 0xFF, 0xDF, 0xFF, 0xFF,
    0xF8, 0x00, 0x00, 0x00, 0x1F, 0x00, 0xF8, 0x07, 0xC0, 0x3E, 0x00, 0x0F, 0x80, 0xF8, 0x0F, 0x80,
    0xF8, 0x00, 0x0F, 0xF8, 0xFF, 0x8F, 0xF8, 0x0F, 0x80, 0xF8, 0x0F, 0x80, 0xF8, 0x0F, 0x80, 0xF8,
    0x0F, 0x8F, 0xFF, 0xFF, 0xFF, 0xFF, 0x00, 0x00, 0x00, 0x0F, 0x80, 0xF8, 0x0F, 0x80, 0xF8, 0x0F,
    0xE0, 0x3F, 0xE0, 0xFF, 0xE3, 0xE3, 0xE7, 0x83, 0xCF, 0x07, 0xBE, 0x0F, 0xFC, 0x1F, 0xF8, 0x3F,
    0xF0, 0x7F, 0xE0, 0xFB, 0xC1, 0xE7, 0x83, 0xCF, 0x8F, 0x8F, 0xFE, 0x0F, 0xF8, 0x0F, 0xE0, 0x00,
    0x00, 0x00, 0x00, 0x3E, 0x00, 0x7C, 0x00, 0xF8, 0x01, 0xF0, 0x00, 0x1F, 0xC1, 0xFF, 0x1F, 0xFD,
    0xF1, 0xFF, 0x07, 0xF8, 0x3F, 0xC1, 0xFE, 0x0F, 0xF0, 0x7F, 0xC7, 0xDF, 0xFC, 0x7F, 0xC1, 0xFC,
    0x00, 0x00, 0x00, 0x01, 0xF0, 0x0F, 0x80, 0x7C, 0x03, 0xE0, 0x0F, 0xC0, 0x1F, 0xC0, 0x3F, 0x80,
    0x0F, 0x00, 0x3C, 0x00, 0x70, 0x00, 0x00, 0x07, 0xF0, 0x1F, 0xF0, 0x7F, 0xF1, 0xF1, 0xF3, 0xC1,
    0xE7, 0x83, 0xDF, 0x07, 0xFE, 0x0F, 0xFC, 0x1F, 0xF8, 0x3F, 0xF0, 0x7D, 0xE0, 0xF3, 0xC1, 0xE7,
    0xC7, 0xC7, 0xFF, 0x07, 0xFC, 0x07, 0xF0, 0x1F, 0x80, 0xFE, 0x07, 0xF0, 0x07, 0x80, 0x78, 0x03,
    0x80, 0x00, 0x03, 0xF8, 0x3F, 0xE3, 0xFF, 0xBE, 0x3F, 0xE0, 0xFF, 0x07, 0xF8, 0x3F, 0xC1, 0xFE,
    0x0F, 0xF8, 0xFB, 0xFF, 0x8F, 0xF8, 0x3F, 0x80, 0x00, 0x08, 0x00, 0x1E, 0x00, 0x1E, 0x00, 0x3C,
    0x00, 0x3C, 0x07, 0xF8, 0x0F, 0xE0, 0x1F, 0xF0, 0x1E, 0xF0, 0x1C, 0x70, 0x00, 0x00, 0x0F, 0xE0,
    0x1F, 0xF0, 0x3F, 0xF8, 0x7C, 0x7C, 0x78, 0x3C, 0x78, 0x3C, 0xF8, 0x3E, 0xF8, 0x3E, 0xF8, 0x3E,
    0xF8, 0x3E, 0xF8, 0x3E, 0x78, 0x3C, 0x78, 0x3C, 0x7C, 0x7C, 0x3F, 0xF8, 0x1F, 0xF0, 0x0F, 0xE0,
    0x00, 0x10, 0x00, 0x78, 0x00, 0xF0, 0x03, 0xC0, 0x07, 0x81, 0xFE, 0x07, 0xF0, 0x1F, 0xF0, 0x3D,
    0xE0, 0x71, 0xC0, 0x00, 0x00, 0xFE, 0x03, 0xFE, 0x0F, 0xFE, 0x3E, 0x3E, 0x78, 0x3C, 0xF0, 0x79,
    0xE0, 0xF3, 0xC1, 0xE7, 0x83, 0xCF, 0x8F, 0x8F, 0xFE, 0x0F, 0xF8, 0x0F, 0xE0, 0x10, 0x00, 0x78,
    0x00, 0x78, 0x00, 0x3C, 0x00, 0x3C, 0x00, 0x1F, 0xE0, 0x07, 0xF0, 0x0F, 0xF8, 0x0F, 0x78, 0x0E,
    0x38, 0x00, 0x00, 0x07, 0xF0, 0x0F, 0xF8, 0x1F, 0xFC, 0x3E, 0x3E, 0x3C, 0x1E, 0x3C, 0x1E, 0x7C,
    0x1F, 0x7C, 0x1F, 0x7C, 0x1F, 0x7C, 0x1F, 0x7C, 0x1F, 0x3C, 0x1E, 0x3C, 0x1E, 0x3E, 0x3E, 0x1F,
    0xFC, 0x0F, 0xF8, 0x07, 0xF0, 0x10, 0x00, 0xF0, 0x01, 0xE0, 0x01, 0xE0, 0x03, 0xC0, 0x03, 0xFC,
    0x01, 0xFC, 0x07, 0xFC, 0x0F, 0x78, 0x1C, 0x70, 0x00, 0x00, 0x3F, 0x80, 0xFF, 0x83, 0xFF, 0x8F,
    0x8F, 0x9E, 0x0F, 0x3C, 0x1E, 0x78, 0x3C, 0xF0, 0x79, 0xE0, 0xF3, 0xE3, 0xE3, 0xFF, 0x83, 0xFE,
    0x03, 0xF8, 0x00, 0xFC, 0x01, 0xF8, 0x03, 0xF8, 0x00, 0xE0, 0x3B, 0xC0, 0xFF, 0x03, 0xF8, 0x0F,
    0xF8, 0x1C, 0x70, 0x10, 0x40, 0x00, 0x00, 0x7F, 0x01, 0xFF, 0x07, 0xFF, 0x1F, 0x1F, 0x3C, 0x1E,
    0x78, 0x3D, 0xF0, 0x7F, 0xE0, 0xFF, 0xC1, 0xFF, 0x83, 0xFF, 0x07, 0xDE, 0x0F, 0x3C, 0x1E, 0x7C,
    0x7C, 0x7F, 0xF0, 0x7F, 0xC0, 0x7F, 0x00, 0x01, 0xF8, 0x07, 0xE0, 0x1F, 0xC0, 0x0E, 0x07, 0x78,
    0x3F, 0xC1, 0xFC, 0x0F, 0xF8, 0x38, 0xE0, 0x41, 0x00, 0x00, 0x07, 0xF0, 0x3F, 0xE1, 0xFF, 0xCF,
    0x8F, 0xBC, 0x1E, 0xF0, 0x7B, 0xC1, 0xEF, 0x07, 0xBC, 0x1E, 0xF8, 0xF9, 0xFF, 0xC3, 0xFE, 0x07,
    0xF0, 0x0F, 0x00, 0x3F, 0xE0, 0x7F, 0xC0, 0x5F, 0x80, 0x38, 0x00, 0xF8, 0x03, 0xF8, 0x0F, 0xF8,
    0x1C, 0x70, 0x10, 0x40, 0x00, 0x00, 0x7F, 0x01, 0xFF, 0x07, 0xFF, 0x1F, 0x1F, 0x3C, 0x1E, 0x78,
    0x3D, 0xF0, 0x7F, 0xE0, 0xFF, 0xC1, 0xFF, 0x83, 0xFF, 0x07, 0xDE, 0x0F, 0x3C, 0x1E, 0x7C, 0x7C,
    0x7F, 0xF0, 0x7F, 0xC0, 0x7F, 0x00, 0x1E, 0x01, 0xFF, 0x0F, 0xF8, 0x2F, 0xC0, 0x70, 0x07, 0xC0,
    0x7F, 0x07, 0xFC, 0x38, 0xE0, 0x82, 0x07, 0xF0, 0x7F, 0xC7, 0xFF, 0x7C, 0x7F, 0xC1, 0xFE, 0x0F,
    0xF0, 0x7F, 0x83, 0xFC, 0x1F, 0xF1, 0xF7, 0xFF, 0x1F, 0xF0, 0x7F, 0x00, 0x07, 0xC0, 0x1F, 0xC0,
    0x7F, 0xC0, 0xF7, 0x81, 0xC7, 0x01, 0x04, 0x00, 0x00, 0x07, 0xF0, 0x1F, 0xF0, 0x7F, 0xF1, 0xF1,
    0xF3, 0xC1, 0xE7, 0x83, 0xDF, 0x07, 0xFE, 0x0F, 0xFC, 0x1F, 0xF8, 0x3F, 0xF0, 0x7D, 0xE0, 0xF3,
    0xC1, 0xE7, 0xC7, 0xC7, 0xFF, 0x07, 0xFC, 0x07, 0xF0, 0x00, 0x00, 0x00, 0x00, 0x1F, 0x00, 0x3E,
    0x00, 0x7C, 0x00, 0xF8, 0x00, 0x0F, 0x80, 0xFE, 0x0F, 0xF8, 0x7B, 0xC3, 0x8E, 0x08, 0x20, 0x7F,
    0x07, 0xFC, 0x7F, 0xF7, 0xC7, 0xFC, 0x1F, 0xE0, 0xFF, 0x07, 0xF8, 0x3F, 0xC1, 0xFF, 0x1F, 0x7F,
    0xF1, 0xFF, 0x07, 0xF0, 0x00, 0x00, 0x00, 0x07, 0xC0, 0x3E, 0x01, 0xF0, 0x0F, 0x80, 0x00, 0x00,
    0x01, 0xC0, 0x07, 0xC0, 0x0F, 0x00, 0x3E, 0x00, 0x7B, 0xC0, 0xE7, 0x80, 0xCF, 0x00, 0x1E, 0x1F,
    0xFC, 0x7F, 0xF9, 0xFF, 0xE7, 0xEF, 0xCF, 0x07, 0x9E, 0x0F, 0x7C, 0x1F, 0xF8, 0x3F, 0xF0, 0x7F,
    0xE0, 0xFF, 0xC1, 0xF7, 0x83, 0xCF, 0x87, 0x9F, 0xBF, 0x1F, 0xFC, 0x1F, 0xF0, 0x1F, 0xC0, 0x01,
    0x80, 0x07, 0x80, 0x3E, 0x00, 0xF0, 0x07, 0x80, 0x1C, 0xF0, 0x73, 0xC0, 0x0F, 0x1F, 0xFC, 0xFF,
    0xF7, 0xFF, 0xBE, 0x3E, 0xF0, 0x7B, 0xC1, 0xEF, 0x07, 0xBC, 0x1E, 0xF0, 0x7B, 0xE3, 0xE7, 0xFF,
    0x0F, 0xF8, 0x1F, 0xC0, 0x02, 0x00, 0x1E, 0x00, 0x3C, 0x00, 0x7C, 0x00, 0x79, 0xE0, 0x73, 0xC0,
    0x47, 0x80, 0x0F, 0x0F, 0xFE, 0x3F, 0xFC, 0xFF, 0xF3, 0xF7, 0xE7, 0x83, 0xCF, 0x07, 0xBE, 0x0F,
    0xFC, 0x1F, 0xF8, 0x3F, 0xF0, 0x7F, 0xE0, 0xFB, 0xC1, 0xE7, 0xC3, 0xCF, 0xDF, 0x8F, 0xFE, 0x0F,
    0xF8, 0x0F, 0xE0, 0x0C, 0x00, 0xF0, 0x03, 0xE0, 0x07, 0x80, 0x0F, 0x00, 0x3C, 0xF0, 0x63, 0xC0,
    0x0F, 0x1F, 0xFC, 0xFF, 0xF7, 0xFF, 0xBE, 0x3E, 0xF0, 0x7B, 0xC1, 0xEF, 0x07, 0xBC, 0x1E, 0xF0,
    0x7B, 0xE3, 0xE7, 0xFF, 0x0F, 0xF8, 0x1F, 0xC0, 0x0F, 0xC0, 0x1F, 0xC0, 0x3F, 0x80, 0x0F, 0xF0,
    0x3D, 0xE0, 0x73, 0xC0, 0x07, 0x87, 0xFF, 0x1F, 0xFE, 0x7F, 0xF9, 0xFB, 0xF3, 0xC1, 0xE7, 0x83,
    0xDF, 0x07, 0xFE, 0x0F, 0xFC, 0x1F, 0xF8, 0x3F, 0xF0, 0x7D, 0xE0, 0xF3, 0xE1, 0xE7, 0xEF, 0xC7,
    0xFF, 0x07, 0xFC, 0x07, 0xF0, 0x1F, 0x80, 0x7F, 0x01, 0xFC, 0x00, 0xF0, 0x07, 0xBC, 0x1C, 0xF0,
    0x03, 0xC7, 0xFF, 0x3F, 0xFD, 0xFF, 0xEF, 0x8F, 0xBC, 0x1E, 0xF0, 0x7B, 0xC1, 0xEF, 0x07, 0xBC,
    0x1E, 0xF8, 0xF9, 0xFF, 0xC3, 0xFE, 0x07, 0xF0, 0x0E, 0x00, 0x3F, 0xC0, 0x7F, 0xF8, 0x5F, 0xF0,
    0x01, 0xE0, 0x03, 0xC3, 0xFF, 0x8F, 0xFF, 0x3F, 0xFC, 0xFD, 0xF9, 0xE0, 0xF3, 0xC1, 0xEF, 0x83,
    0xFF, 0x07, 0xFE, 0x0F, 0xFC, 0x1F, 0xF8, 0x3E, 0xF0, 0x79, 0xF0, 0xF3, 0xF7, 0xE3, 0xFF, 0x83,
    0xFE, 0x03, 0xF8, 0x00, 0x3E, 0x80, 0xFF, 0x03, 0xFF, 0xC0, 0xEF, 0x00, 0x3C, 0x7F, 0xF3, 0xFF,
    0xDF, 0xFE, 0xF8, 0xFB, 0xC1, 0xEF, 0x07, 0xBC, 0x1E, 0xF0, 0x7B, 0xC1, 0xEF, 0x8F, 0x9F, 0xFC,
    0x3F, 0xE0, 0x7F, 0x00, 0x00, 0x1E, 0x00, 0x3C, 0x00, 0x78, 0x00, 0xF0, 0xFF, 0xE3, 0xFF, 0xCF,
    0xFF, 0x3F, 0x7E, 0x78, 0x3C, 0xF0, 0x7B, 0xE0, 0xFF, 0xC1, 0xFF, 0x83, 0xFF, 0x07, 0xFE, 0x0F,
    0xBC, 0x1E, 0x7C, 0x3C, 0xFD, 0xF8, 0xFF, 0xE0, 0xFF, 0x80, 0xFE, 0x00, 0x00, 0x00, 0x00, 0x03,
    0xE0, 0x07, 0xC0, 0x0F, 0x80, 0x1F, 0x00, 0x00, 0x3C, 0x00, 0xF0, 0x03, 0xC7, 0xFF, 0x3F, 0xFD,
    0xFF, 0xEF, 0x8F, 0xBC, 0x1E, 0xF0, 0x7B, 0xC1, 0xEF, 0x07, 0xBC, 0x1E, 0xF8, 0xF9, 0xFF, 0xC3,
    0xFE, 0x07, 0xF0, 0x00, 0x00, 0x00, 0x00, 0xF8, 0x03, 0xE0, 0x0F, 0x80, 0x3E, 0x00, 0xF8, 0xFF,
    0xC7, 0xFE, 0x3F, 0xF1, 0xFF, 0x8F, 0xFC, 0x7F, 0xE3, 0xFF, 0x1F, 0xF8, 0xFF, 0xC7, 0xFE, 0x3F,
    0xF1, 0xFF, 0x8F, 0xFE, 0xFD, 0xFF, 0xCF, 0xFE, 0x3F, 0xE0, 0x00, 0x00, 0x00, 0x1F, 0x00, 0xF8,
    0x07, 0xC0, 0x3E, 0x00, 0xF8, 0xFF, 0xC7, 0xFE, 0x3F, 0xF1, 0xFF, 0x8F, 0xFC, 0x7F, 0xE3, 0xFF,
    0x1F, 0xF8, 0xFF, 0xC7, 0xDF, 0xFE, 0xFF, 0xF3, 0xEF, 0x80, 0x00, 0x00, 0x01, 0xF0, 0x0F, 0x80,
    0x7C, 0x03, 0xE0, 0x1F, 0x80, 0xFE, 0x07, 0xF0, 0x07, 0x80, 0x78, 0x03, 0x80, 0x00, 0x1F, 0x1F,
    0xF8, 0xFF, 0xC7, 0xFE, 0x3F, 0xF1, 0xFF, 0x8F, 0xFC, 0x7F, 0xE3, 0xFF, 0x1F, 0xF8, 0xFF, 0xC7,
    0xFE, 0x3F, 0xF1, 0xFF, 0xDF, 0xBF, 0xF9, 0xFF, 0xC7, 0xFC, 0x1F, 0x80, 0xFE, 0x07, 0xF0, 0x07,
    0x80, 0x78, 0x03, 0x80, 0x00, 0x1F, 0x1F, 0xF8, 0xFF, 0xC7, 0xFE, 0x3F, 0xF1, 0xFF, 0x8F, 0xFC,
    0x7F, 0xE3, 0xFF, 0x1F, 0xF8, 0xFB, 0xFF, 0xDF, 0xFE, 0x7D, 0xF0, 0x00, 0x00, 0x07, 0x00, 0x3E,
    0x00, 0xF0, 0x07, 0xC0, 0x1E, 0x70, 0x71, 0xC0, 0xC7, 0x00, 0x3F, 0xE3, 0xFF, 0x8F, 0xFE, 0x3E,
    0xF8, 0xFB, 0xE3, 0xEF, 0x8F, 0xBE, 0x3E, 0xF8, 0xFB, 0xE3, 0xEF, 0x8F, 0xBE, 0x3E, 0xF8, 0xFB,
    0xE3, 0xEF, 0xDF, 0x9F, 0xFC, 0x7F, 0xF0, 0xFF, 0x80, 0x01, 0x80, 0x07, 0x80, 0x3E, 0x00, 0xF0,
    0x07, 0x80, 0x3C, 0xF0, 0x73, 0xC0, 0x0F, 0xF8, 0xFF, 0xE3, 0xFF, 0x8F, 0xBE, 0x3E, 0xF8, 0xFB,
    0xE3, 0xEF, 0x8F, 0xBE, 0x3E, 0xF8, 0xFB, 0xE3, 0xE7, 0xFF, 0x9F, 0xFE, 0x3E, 0xF8, 0x04, 0x00,
    0x78, 0x01, 0xE0, 0x07, 0xC0, 0x0F, 0x1C, 0x1C, 0x70, 0x21, 0xC0, 0x0F, 0xF8, 0xFF, 0xE3, 0xFF,
    0x8F, 0xBE, 0x3E, 0xF8, 0xFB, 0xE3, 0xEF, 0x8F, 0xBE, 0x3E, 0xF8, 0xFB, 0xE3, 0xEF, 0x8F, 0xBE,
    0x3E, 0xF8, 0xFB, 0xF7, 0xE7, 0xFF, 0x1F, 0xFC, 0x3F, 0xE0, 0x0C, 0x00, 0xF0, 0x03, 0xE0, 0x07,
    0x80, 0x0F, 0x00, 0x3C, 0xF0, 0x63, 0xC0, 0x0F, 0xF8, 0xFF, 0xE3, 0xFF, 0x8F, 0xBE, 0x3E, 0xF8,
    0xFB, 0xE3, 0xEF, 0x8F, 0xBE, 0x3E, 0xF8, 0xFB, 0xE3, 0xE7, 0xFF, 0x9F, 0xFE, 0x3E, 0xF8, 0x1F,
    0x80, 0x7F, 0x01, 0xFC, 0x00, 0xF7, 0x07, 0x9C, 0x1C, 0x70, 0x03, 0xFE, 0x3F, 0xF8, 0xFF, 0xE3,
    0xEF, 0x8F, 0xBE, 0x3E, 0xF8, 0xFB, 0xE3, 0xEF, 0x8F, 0xBE, 0x3E, 0xF8, 0xFB, 0xE3, 0xEF, 0x8F,
    0xBE, 0x3E, 0xFD, 0xF9, 0xFF, 0xC7, 0xFF, 0x0F, 0xF8, 0x1F, 0x80, 0x7F, 0x01, 0xFC, 0x00, 0xF0,
    0x07, 0xBC, 0x1C, 0xF0, 0x03, 0xFE, 0x3F, 0xF8, 0xFF, 0xE3, 0xEF, 0x8F, 0xBE, 0x3E, 0xF8, 0xFB,
    0xE3, 0xEF, 0x8F, 0xBE, 0x3E, 0xF8, 0xF9, 0xFF, 0xE7, 0xFF, 0x8F, 0xBE, 0x1C, 0x00, 0xFF, 0x03,
    0xFF, 0xC5, 0xF7, 0x00, 0x1C, 0x00, 0xFF, 0x8F, 0xFE, 0x3F, 0xF8, 0xFB, 0xE3, 0xEF, 0x8F, 0xBE,
    0x3E, 0xF8, 0xFB, 0xE3, 0xEF, 0x8F, 0xBE, 0x3E, 0xF8, 0xFB, 0xE3, 0xEF, 0x8F, 0xBF, 0x7E, 0x7F,
    0xF1, 0xFF, 0xC3, 0xFE, 0x00, 0x3E, 0xC0, 0xFF, 0x03, 0xFF, 0xC0, 0xFF, 0x00, 0x3F, 0xE3, 0xFF,
    0x8F, 0xFE, 0x3E, 0xF8, 0xFB, 0xE3, 0xEF, 0x8F, 0xBE, 0x3E, 0xF8, 0xFB, 0xE3, 0xEF, 0x8F, 0x9F,
    0xFE, 0x7F, 0xF8, 0xFB, 0xE0, 0x00, 0x1C, 0x00, 0x70, 0x01, 0xC0, 0x0F, 0xF8, 0xFF, 0xE3, 0xFF,
    0x8F, 0xBE, 0x3E, 0xF8, 0xFB, 0xE3, 0xEF, 0x8F, 0xBE, 0x3E, 0xF8, 0xFB, 0xE3, 0xEF, 0x8F, 0xBE,
    0x3E, 0xF8, 0xFB, 0xF7, 0xE7, 0xFF, 0x1F, 0xFC, 0x3F, 0xE0, 0x00, 0x00, 0x00, 0x03, 0xE0, 0x0F,
    0x80, 0x3E, 0x00, 0xF8, 0x00, 0x00, 0x3C, 0x00, 0xF0, 0x03, 0xFE, 0x3F, 0xF8, 0xFF, 0xE3, 0xEF,
    0x8F, 0xBE, 0x3E, 0xF8, 0xFB, 0xE3, 0xEF, 0x8F, 0xBE, 0x3E, 0xF8, 0xF9, 0xFF, 0xE7, 0xFF, 0x8F,
    0xBE, 0x00, 0x00, 0x00, 0x00, 0xF8, 0x03, 0xE0, 0x0F, 0x80, 0x3E, 0x00, 0x02, 0x00, 0x1E, 0x00,
    0x3C, 0x00, 0x7C, 0x00, 0x78, 0x00, 0x70, 0x00, 0x40, 0x00, 0x00, 0xF8, 0x3F, 0xF0, 0x7D, 0xF1,
    0xF3, 0xE3, 0xE3, 0xEF, 0x87, 0xDF, 0x07, 0xFC, 0x0F, 0xF8, 0x0F, 0xE0, 0x1F, 0xC0, 0x1F, 0x00,
    0x3E, 0x00, 0x7C, 0x00, 0xF8, 0x01, 0xF0, 0x03, 0xE0, 0x07, 0xC0, 0x06, 0x00, 0x3C, 0x00, 0x7C,
    0x00, 0x78, 0x00, 0x78, 0x00, 0xF0, 0x00, 0xE0, 0x00, 0x00, 0xF8, 0x3E, 0xF0, 0x79, 0xF1, 0xF3,
    0xE3, 0xE3, 0xC7, 0x87, 0xDF, 0x07, 0xBC, 0x0F, 0x78, 0x1F, 0xE0, 0x1F, 0xC0, 0x3F, 0x80, 0x3E,
    0x00, 0x7C, 0x00, 0xF0, 0x01, 0xE0, 0x3F, 0xC0, 0x7F, 0x00, 0xFC, 0x00, 0xF8, 0x3F, 0xF0, 0x7D,
    0xF1, 0xF3, 0xE3, 0xE3, 0xEF, 0x87, 0xDF, 0x07, 0xFC, 0x0F, 0xF8, 0x0F, 0xE0, 0x1F, 0xC0, 0x1F,
    0x00, 0x3E, 0x00, 0x7C, 0x00, 0xF8, 0x01, 0xF0, 0x03, 0xE0, 0x07, 0xC0, 0x00, 0x00, 0x00, 0x00,
    0x3E, 0x00, 0x7C, 0x00, 0xF8, 0x01, 0xF0, 0x00, 0xF8, 0x3E, 0xF0, 0x79, 0xF1, 0xF3, 0xE3, 0xE3,
    0xC7, 0x87, 0xDF, 0x07, 0xBC, 0x0F, 0x78, 0x1F, 0xE0, 0x1F, 0xC0, 0x3F, 0x80, 0x3E, 0x00, 0x7C,
    0x00, 0xF0, 0x01, 0xE0, 0x3F, 0xDE, 0x7F, 0x3C, 0xFC, 0x78, 0x00, 0xF0, 0x0F, 0xC0, 0x1F, 0xC0,
    0x3F, 0x80, 0x0F, 0x00, 0x3C, 0x00, 0x70, 0x00, 0x00, 0x7C, 0x1F, 0xF8, 0x3E, 0xF8, 0xF9, 0xF1,
    0xF1, 0xF7, 0xC3, 0xEF, 0x83, 0xFE, 0x07, 0xFC, 0x07, 0xF0, 0x0F, 0xE0, 0x0F, 0x80, 0x1F, 0x00,
    0x3E, 0x00, 0x7C, 0x00, 0xF8, 0x01, 0xF0, 0x03, 0xE0, 0x0F, 0xC0, 0x1F, 0xC0, 0x3F, 0x80, 0x0F,
    0x00, 0x1C, 0x00, 0x30, 0x00, 0x00, 0x7C, 0x1F, 0x78, 0x3C, 0xF8, 0xF9, 0xF1, 0xF1, 0xE3, 0xC3,
    0xEF, 0x83, 0xDE, 0x07, 0xBC, 0x0F, 0xF0, 0x0F, 0xE0, 0x1F, 0xC0, 0x1F, 0x00, 0x3E, 0x00, 0x78,
    0x00, 0xF0, 0x1F, 0xE0, 0x3F, 0x80, 0x7E, 0x00, 0x0F, 0x00, 0x3F, 0xE0, 0x7F, 0xC0, 0x5F, 0x80,
    0x00, 0x00, 0x00, 0x3E, 0x0F, 0xFC, 0x1F, 0x7C, 0x7C, 0xF8, 0xF8, 0xFB, 0xE1, 0xF7, 0xC1, 0xFF,
    0x03, 0xFE, 0x03, 0xF8, 0x07, 0xF0, 0x07, 0xC0, 0x0F, 0x80, 0x1F, 0x00, 0x3E, 0x00, 0x7C, 0x00,
    0xF8, 0x01, 0xF0, 0x00, 0x0F, 0x00, 0x3F, 0xE0, 0x7F, 0xE0, 0x5F, 0x80, 0x00, 0x00, 0x00, 0x3E,
    0x0F, 0xBC, 0x1E, 0x7C, 0x7C, 0xF8, 0xF8, 0xF1, 0xE1, 0xF7, 0xC1, 0xEF, 0x03, 0xDE, 0x07, 0xF8,
    0x07, 0xF0, 0x0F, 0xE0, 0x0F, 0x80, 0x1F, 0x00, 0x3C, 0x00, 0x78, 0x0F, 0xF0, 0x1F, 0xC0, 0x3F,
    0x00, 0xFF, 0xFF, 0xFF, 0xFF, 0xF0, 0x03, 0x37, 0x8C, 0x7B, 0xF3, 0x0C, 0x30, 0xC3, 0x0C, 0x30,
    0xC3, 0x0C, 0x30, 0xC3, 0x00, 0x00, 0x30, 0x37, 0xEC, 0xDB, 0x30, 0x60, 0xC1, 0x83, 0x06, 0x0C,
    0x18, 0x30, 0x60, 0xC1, 0x83, 0x00, 0x00, 0x61, 0x83, 0xF6, 0x66, 0xC1, 0x83, 0x06, 0x0C, 0x18,
    0x30, 0x60, 0xC1, 0x83, 0x06, 0x0C, 0x18, 0xFF, 0xFF, 0xFF, 0x7E, 0xFF, 0xFF, 0xFF, 0xFF, 0xFF,
    0xFF, 0xFF, 0xFE, 0xFF, 0xFF, 0xFF, 0xFF, 0xFF, 0xFF, 0xFF, 0xF0, 0x1E, 0x78, 0xF1, 0xE7, 0xCF,
    0xBE, 0x7C, 0x3E, 0x7D, 0xF3, 0xE7, 0x8F, 0x1E, 0x78, 0x7E, 0xF9, 0xF3, 0xCF, 0x9E, 0x3C, 0x78,
    0x0E, 0x3C, 0x78, 0xF1, 0xE7, 0x8F, 0x9E, 0x3E, 0xF8, 0xF3, 0xE7, 0xCF, 0x9F, 0x7E, 0x3E, 0xF9,
    0xF3, 0xE7, 0xCF, 0x9F, 0x7C, 0x79, 0xF1, 0xE7, 0x8F, 0x1E, 0x3C, 0x70, 0x7C, 0xFB, 0xEF, 0x9F,
    0x7C, 0xF3, 0xEF, 0x9E, 0x78, 0xF3, 0xCF, 0x1C, 0x78, 0x07, 0x00, 0x38, 0x01, 0xC0, 0x0E, 0x00,
    0x70, 0x7F, 0xFF, 0xFF, 0xFF, 0xFF, 0x07, 0x00, 0x38, 0x01, 0xC0, 0x0E, 0x00, 0x70, 0x03, 0x80,
    0x1C, 0x00, 0xE0, 0x07, 0x00, 0x38, 0x01, 0xC0, 0x0E, 0x00, 0x70, 0x03, 0x80, 0x1C, 0x00, 0x07,
    0x00, 0x38, 0x01, 0xC0, 0x0E, 0x00, 0x70, 0x7F, 0xFF, 0xFF, 0xFF, 0xFF, 0x07, 0x00, 0x38, 0x01,
    0xC0, 0x0E, 0x00, 0x70, 0x03, 0x80, 0x1C, 0x1F, 0xFF, 0xFF, 0xFF, 0xFF, 0xC1, 0xC0, 0x0E, 0x00,
    0x70, 0x03, 0x80, 0x1C, 0x00, 0xFF, 0xFF, 0xFF, 0xFF, 0xFF, 0xC0, 0xFC, 0xF9, 0xFF, 0xCF, 0x9F,
    0xFC, 0xF9, 0xFF, 0xCF, 0x9F, 0x3F, 0x03, 0xC0, 0x01, 0xFE, 0x1E, 0x00, 0x0F, 0xF8, 0xF0, 0x00,
    0x3C, 0xF7, 0xC0, 0x00, 0xF3, 0xDE, 0x00, 0x03, 0xCF, 0xF0, 0x00, 0x0F, 0xFF, 0xC0, 0x00, 0x1F,
    0xFF, 0xF0, 0xFC, 0x3F, 0xFF, 0xE7, 0xF8, 0x07, 0xFF, 0xDF, 0xF0, 0x1F, 0xEF, 0xF3, 0xC0, 0xF7,
    0xBF, 0xCF, 0x07, 0x9E, 0xFF, 0x3C, 0x3E, 0x7B, 0xFC, 0xF0, 0xF1, 0xFF, 0x7F, 0xC7, 0x83, 0xF9,
    0xFE, 0x3C, 0x0F, 0xC3, 0xF0, 0x04, 0x38, 0xFB, 0xEF, 0x9E, 0x3C, 0x7C, 0x7C, 0x7C, 0x70, 0x60,
    0x00, 0x40, 0xE3, 0xE3, 0xE3, 0xE3, 0xC7, 0x9F, 0x7D, 0xF1, 0xC3, 0x00, 0x00, 0x00, 0x0E, 0x00,
    0x38, 0x00, 0x70, 0x01, 0xC0, 0x07, 0x80, 0x0E, 0x00, 0x3C, 0x00, 0x70, 0x00, 0x00, 0x1C, 0x00,
    0x78, 0x00, 0xE0, 0x03, 0xC0, 0x07, 0x00, 0x1C, 0x00, 0x38, 0x00, 0xE0, 0x00, 0x10, 0xFB, 0xF7,
    0xE7, 0xC7, 0x00, 0x00, 0x00, 0x00, 0x07, 0xC7, 0xCF, 0x9F, 0x3E, 0x3C, 0x78, 0x70, 0x3E, 0x3F,
    0xBF, 0xFE, 0xFF, 0xFF, 0xFF, 0xFE, 0xFE, 0x3E, 0x00, 0x1F, 0x0F, 0x8F, 0xC7, 0xE7, 0xF7, 0xFB,
    0xFF, 0xFE, 0x0F, 0x00, 0x7F, 0x3F, 0x9F, 0x8F, 0xE7, 0xF0, 0x3D, 0x9F, 0xFE, 0x7E, 0x00, 0x1F,
    0x1E, 0x1E, 0x0F, 0xEF, 0xFF, 0xBF, 0xDE, 0xFE, 0x3E, 0x00, 0xFF, 0xFF, 0xEE, 0xCE, 0x1E, 0x1C,
    0x3C, 0x38, 0x38, 0x3E, 0x3F, 0x9D, 0xCF, 0xE3, 0xE3, 0xFB, 0xDE, 0xFE, 0x7F, 0x00, 0x3E, 0x3F,
    0xBD, 0xFF, 0xF7, 0xF9, 0xF8, 0x3C, 0x3C, 0x7C, 0x00, 0x3E, 0x3F, 0xBF, 0xFE, 0xFF, 0xFF, 0xFF,
    0xFE, 0xFE, 0x3E, 0x00, 0x7C, 0xFC, 0xFC, 0x5C, 0x1C, 0x1C, 0x1C, 0xFF, 0xFF, 0x3E, 0x3F, 0x9F,
    0xC0, 0xE0, 0xF1, 0xF1, 0xF0, 0xFF, 0x7F, 0x80, 0x7F, 0x3F, 0x89, 0xC3, 0xE1, 0xF0, 0x39, 0x9F,
    0xFE, 0x7E, 0x00, 0x1F, 0x0F, 0x8F, 0xC7, 0xE7, 0xF7, 0xFB, 0xFF, 0xFE, 0x0F, 0x00, 0x7F, 0x3F,
    0x9F, 0x8F, 0xE7, 0xF0, 0x3D, 0x9F, 0xFE, 0x7E, 0x00, 0x1F, 0x1E, 0x1E, 0x0F, 0xEF, 0xFF, 0xBF,
    0xDE, 0xFE, 0x3E, 0x00, 0xFF, 0xFF, 0xEE, 0xCE, 0x1E, 0x1C, 0x3C, 0x38, 0x38, 0x3E, 0x3F, 0x9D,
    0xCF, 0xE3, 0xE3, 0xFB, 0xDE, 0xFE, 0x7F, 0x00, 0x3E, 0x3F, 0xBD, 0xFF, 0xF7, 0xF9, 0xF8, 0x3C,
    0x3C, 0x7C, 0x00, 0x06, 0xC0, 0x1B, 0x00, 0x6C, 0x01, 0xB0, 0x1F, 0xE0, 0xFF, 0xC7, 0xFF, 0x9F,
    0xBE, 0xFE, 0xFB, 0xFF, 0x0F, 0xFC, 0x3F, 0xF0, 0xFF, 0xC3, 0xFF, 0x0F, 0xFC, 0x3F, 0x60, 0xFD,
    0xB9, 0xF7, 0xE7, 0xFF, 0x8F, 0xFC, 0x1F, 0xE0, 0x36, 0x01, 0xF8, 0x03, 0x60, 0x0F, 0xE1, 0xFF,
    0xDF, 0xFE, 0xF8, 0xE7, 0x82, 0x3C, 0x03, 0xFF, 0x1F, 0xF8, 0xFF, 0xC7, 0xFE, 0x3F, 0xF1, 0xFF,
    0x83, 0xC0, 0x3E, 0x03, 0xFF, 0xFF, 0xFF, 0xFF, 0xF8, 0x7E, 0x3C, 0xFC, 0x79, 0xFC, 0xF3, 0xF9,
    0xE7, 0xF3, 0xDF, 0xFF, 0xFF, 0xFF, 0xFD, 0xFF, 0x7B, 0xBD, 0xFF, 0x7F, 0xFF, 0xFF, 0xFF, 0xF7,
    0x9F, 0xCF, 0x3F, 0x9E, 0x7F, 0x3C, 0x7E, 0x78, 0xFC, 0x7F, 0x00, 0xFF, 0x01, 0xFE, 0x03, 0x9C,
    0x07, 0x3C, 0x0E, 0x77, 0xDF, 0xFF, 0xBF, 0xFF, 0x7F, 0x70, 0xFE, 0xF1, 0xFD, 0xF3, 0xBD, 0xE7,
    0x79, 0xEE, 0xFB, 0xDC, 0xFF, 0xB9, 0xFF, 0x71, 0xFC, 0x78, 0x3C, 0xF0, 0x79, 0xE0, 0xF3, 0xC1,
    0xEF, 0xFF, 0xFF, 0xFF, 0xDF, 0xFF, 0x3F, 0xFE, 0xFE, 0xFF, 0xFD, 0xFF, 0xFB, 0xFB, 0xF7, 0xE7,
    0xEF, 0xCF, 0xDF, 0x9F, 0xBF, 0x3F, 0x7E, 0x3E, 0xF8, 0xFF, 0x9F, 0xFF, 0xBF, 0xFF, 0x7F, 0x8F,
    0xFF, 0xEF, 0xFF, 0xDF, 0xFF, 0xBF, 0xFF, 0x7F, 0xFE, 0xFF, 0xFD, 0xFF, 0xFB, 0xFF, 0xF7, 0xFF,
    0xEF, 0xFF, 0xC3, 0xBF, 0xFF, 0x7F, 0xFE, 0xFF, 0xF8, 0x00, 0xF0, 0x1F, 0xF0, 0x7F, 0xC1, 0xFF,
    0x00, 0xF0, 0xFB, 0xC7, 0xFF, 0x1F, 0xFC, 0xF8, 0xF3, 0xE3, 0xCF, 0x8F, 0x1F, 0xFC, 0x7F, 0xF0,
    0xFB, 0xC0, 0x00, 0x1F, 0xFE, 0x7F, 0xF9, 0xFF, 0xE0, 0x0F, 0xE0, 0xFF, 0xE7, 0xFF, 0x9F, 0x1E,
    0xF8, 0x03, 0xFF, 0x0F, 0xFC, 0x3F, 0xF0, 0xF0, 0x03, 0xFF, 0x0F, 0xFC, 0x3F, 0xF0, 0xF8, 0x21,
    0xF1, 0xE7, 0xFF, 0x8F, 0xFE, 0x0F, 0xE0, 0x7C, 0x3E, 0x7C, 0x7C, 0x7C, 0x78, 0x7C, 0xF8, 0x7C,
    0xF0, 0x7D, 0xF0, 0x7F, 0xE0, 0xFF, 0xFC, 0xFF, 0xFC, 0xFF, 0xFC, 0x7F, 0xE0, 0x7D, 0xF0, 0x7C,
    0xF8, 0x7C, 0xF8, 0x7C, 0x7C, 0x7C, 0x7C, 0x7C, 0x3E, 0xFF, 0xFF, 0xFF, 0xFF, 0xFF, 0xF8, 0x3E,
    0x00, 0x7D, 0x80, 0xFF, 0x01, 0xFE, 0x07, 0xF8, 0x3F, 0xC0, 0x7F, 0xF0, 0xFF, 0xE0, 0x3F, 0xC1,
    0xFE, 0x07, 0xF8, 0x0F, 0xF0, 0x13, 0xE0, 0x07, 0xC0, 0x3F, 0xE0, 0x7F, 0xE0, 0xFF, 0xE7, 0xFF,
    0xFF, 0xFF, 0xFF, 0xFF, 0xCF, 0x1F, 0x7F, 0xFF, 0xFF, 0xFF, 0xFF, 0xFC, 0xFF, 0xE1, 0xFF, 0x83,
    0xFE, 0x07, 0x80, 0x0F, 0x00, 0x1E, 0x00, 0x3C, 0x00, 0x01, 0xE0, 0x07, 0x80, 0x1E, 0x03, 0xF8,
    0x1F, 0xF0, 0xFF, 0xE7, 0xDF, 0xDE, 0x7F, 0x7B, 0xC1, 0xEE, 0x07, 0xB8, 0x1E, 0xFF, 0x7B, 0xFD,
    0xEF, 0xF7, 0xBB, 0xDF, 0xEF, 0x7F, 0x7C, 0xFF, 0xE3, 0xFF, 0x87, 0xF8, 0x0F, 0x00, 0x3C, 0x00,
    0xF0, 0x00, 0x0F, 0xE0, 0x7F, 0xE0, 0x7F, 0xE0, 0x43, 0xC0, 0x07, 0x9F, 0xFF, 0xFF, 0xFF, 0x81,
    0xF0, 0x0F, 0x81, 0xFF, 0xFF, 0xFF, 0xF9, 0xE0, 0x03, 0xC1, 0x07, 0xCF, 0x0F, 0xFE, 0x0F, 0xFC,
    0x0F, 0xE0, 0x03, 0xC0, 0x0F, 0x00, 0xFC, 0x0F, 0xF8, 0x3F, 0xF1, 0xFF, 0xEF, 0xBF, 0xBC, 0xFC,
    0xF7, 0x83, 0xDE, 0x0F, 0x70, 0x3D, 0xC0, 0xF7, 0x03, 0xDC, 0x0F, 0x77, 0x3F, 0xDE, 0x7F, 0xF9,
    0xFF, 0xE3, 0xFF, 0x07, 0xF0, 0x0E, 0x00, 0x78, 0x01, 0xE0, 0x00, 0xFF, 0xFF, 0xFF, 0xFF, 0xFE,
    0x00, 0x0F, 0xFF, 0xFF, 0xFF, 0xFF, 0xE1, 0xF0, 0x0F, 0x80, 0x7C, 0x03, 0xE0, 0x1F, 0x00, 0xF8,
    0x07, 0xC0, 0x3E, 0x01, 0xF0, 0x0F, 0x80, 0xFF, 0xFB, 0xFF, 0xEF, 0xFF, 0x81, 0xF0, 0xFF, 0xFB,
    0xFF, 0xEF, 0xFF, 0x81, 0xF0, 0xFF, 0xC3, 0xFE, 0x0F, 0xF0, 0x07, 0xC0, 0x0F, 0x80, 0x1F, 0x00,
    0x7E, 0x00, 0xF8, 0x01, 0xF0, 0x3E, 0x00, 0x7C, 0x00, 0xF9, 0x81, 0xFF, 0x03, 0xFE, 0x07, 0xF0,
    0x1F, 0x98, 0x3F, 0xF0, 0x7F, 0xE0, 0x7F, 0xB9, 0xFC, 0xFB, 0xF1, 0xF7, 0xE3, 0xC7, 0xCF, 0x8F,
    0xFF, 0x1F, 0xFC, 0x3F, 0xE0, 0x3F, 0xF0, 0x7F, 0xF0, 0xFF, 0xF1, 0xE3, 0xE3, 0xC3, 0xC7, 0x87,
    0x8F, 0x1F, 0x7F, 0xFE, 0xFF, 0xF9, 0xFF, 0xE0, 0xF0, 0x07, 0xFF, 0x8F, 0xFF, 0x1F, 0xFE, 0x0F,
    0x00, 0x1E, 0x00, 0x3C, 0x00, 0x1F, 0x80, 0xFC, 0x07, 0xE0, 0xFF, 0x87, 0xFF, 0x3F, 0xF9, 0xE3,
    0xEF, 0x1F, 0x78, 0xFB, 0xCF, 0x9F, 0xF8, 0xFF, 0xC7, 0xFF, 0x3C, 0x7D, 0xE1, 0xEF, 0x0F, 0x78,
    0xFB, 0xFF, 0xDF, 0xFC, 0xFF, 0xC1, 0xF8, 0x0F, 0xC0, 0x7E, 0x00, 0x02, 0x00, 0x0E, 0x00, 0x3C,
    0x00, 0xF8, 0x03, 0xE0, 0x0F, 0xFF, 0xFF, 0xFF, 0xBF, 0xFF, 0x3E, 0x00, 0x3E, 0x00, 0x3C, 0x00,
    0x38, 0x00, 0x20, 0x00, 0x02, 0x00, 0x38, 0x03, 0xE0, 0x3F, 0x83, 0xFE, 0x3F, 0xFB, 0xFF, 0xEE,
    0xEE, 0x07, 0x00, 0x38, 0x01, 0xC0, 0x0E, 0x00, 0x70, 0x03, 0x80, 0x1C, 0x00, 0xE0, 0x07, 0x00,
    0x38, 0x00, 0x00, 0x80, 0x03, 0x80, 0x07, 0x80, 0x0F, 0x80, 0x0F, 0x9F, 0xFF, 0xBF, 0xFF, 0xFF,
    0xFE, 0x00, 0xF8, 0x03, 0xE0, 0x07, 0x80, 0x0E, 0x00, 0x08, 0x00, 0x07, 0x00, 0x38, 0x01, 0xC0,
    0x0E, 0x00, 0x70, 0x03, 0x80, 0x1C, 0x00, 0xE0, 0x07, 0x00, 0x38, 0x1D, 0xDD, 0xFF, 0xF7, 0xFF,
    0x1F, 0xF0, 0x7F, 0x01, 0xF0, 0x07, 0x00, 0x10, 0x00, 0x04, 0x40, 0x1D, 0xC0, 0x7B, 0xC1, 0xF3,
    0xC7, 0xFF, 0xDF, 0xFF, 0xFF, 0xFF, 0xBE, 0x3E, 0x3E, 0xF8, 0x3D, 0xE0, 0x31, 0x80, 0x02, 0x00,
    0x38, 0x03, 0xE0, 0x3F, 0x83, 0xFE, 0x3F, 0xFB, 0xFF, 0xEE, 0xEE, 0x07, 0x00, 0x38, 0x09, 0xC8,
    0xEE, 0xEF, 0xFF, 0xBF, 0xF8, 0xFF, 0x83, 0xF8, 0x0F, 0x80, 0x38, 0x00, 0x00, 0xFF, 0x83, 0xFE,
    0x0F, 0xF8, 0x3F, 0x00, 0xFE, 0x03, 0xFC, 0x0E, 0xF8, 0x39, 0xF0, 0xE3, 0xE0, 0x07, 0xC0, 0x0F,
    0x80, 0x1F, 0x00, 0x38, 0x00, 0x40, 0x07, 0xFC, 0x1F, 0xF0, 0x7F, 0xC0, 0x3F, 0x01, 0xFC, 0x0F,
    0xF0, 0x7D, 0xC3, 0xE7, 0x1F, 0x1C, 0xF8, 0x07, 0xC0, 0x3E, 0x00, 0x70, 0x00, 0x80, 0x00, 0x20,
    0x01, 0xC0, 0x0F, 0x80, 0x1F, 0x00, 0x3E, 0x00, 0x7C, 0x70, 0xF9, 0xC1, 0xF7, 0x03, 0xFC, 0x07,
    0xF0, 0x0F, 0xC1, 0xFF, 0x07, 0xFC, 0x1F, 0xF0, 0x00, 0x10, 0x00, 0xE0, 0x07, 0xC0, 0x3E, 0x01,
    0xF3, 0x8F, 0x8E, 0x7C, 0x3B, 0xE0, 0xFF, 0x03, 0xF8, 0x0F, 0xC0, 0x3F, 0xE0, 0xFF, 0x83, 0xFE,
    0x00, 0x00, 0x78, 0x00, 0xF8, 0x01, 0xF8, 0x31, 0xF0, 0xF1, 0xE3, 0xE3, 0xCF, 0x8F, 0xBF, 0xFF,
    0xFF, 0xFD, 0xFF, 0xF1, 0xF0, 0x01, 0xF0, 0x01, 0xF0, 0x01, 0xC0, 0x01, 0x00, 0x00, 0x3C, 0x00,
    0xF8, 0x03, 0xF0, 0x07, 0xC6, 0x0F, 0x1E, 0x1E, 0x3E, 0x3E, 0x1E, 0x7F, 0xFE, 0x7F, 0xFE, 0x7F,
    0xFC, 0x01, 0xF0, 0x07, 0xC0, 0x1F, 0x00, 0x1C, 0x00, 0x10, 0x00, 0x02, 0x00, 0x1C, 0x00, 0xF8,
    0x07, 0xC0, 0x3E, 0x01, 0xFF, 0xFF, 0xFF, 0xDF, 0xFF, 0x3E, 0x3C, 0x7C, 0xF0, 0xFB, 0xC1, 0xCF,
    0x02, 0x3C, 0x00, 0xF0, 0x03, 0xC0, 0x0F, 0x00, 0x3C, 0x00, 0xF0, 0x01, 0x00, 0x0E, 0x00, 0x7C,
    0x00, 0xF8, 0x01, 0xF3, 0xFF, 0xEF, 0xFF, 0xFF, 0xFE, 0xF1, 0xF3, 0xCF, 0x8F, 0x7C, 0x3C, 0xE0,
    0xF1, 0x03, 0xC0, 0x0F, 0x00, 0x3C, 0x00, 0xF0, 0x03, 0xC0, 0x00, 0x00, 0x3C, 0x00, 0xF0, 0x03,
    0xC0, 0x0F, 0x00, 0x3C, 0x08, 0xF0, 0x73, 0xC3, 0xEF, 0x1F, 0x3C, 0xF8, 0xF7, 0xFF, 0xFF, 0xFF,
    0x7F, 0xFC, 0xF8, 0x01, 0xF0, 0x03, 0xE0, 0x07, 0x00, 0x08, 0x00, 0xF0, 0x03, 0xC0, 0x0F, 0x00,
    0x3C, 0x00, 0xF0, 0x03, 0xC4, 0x0F, 0x38, 0x3D, 0xF0, 0xF3, 0xE3, 0xC7, 0xCF, 0xFF, 0xBF, 0xFF,
    0xFF, 0xF8, 0x07, 0xC0, 0x3E, 0x01, 0xF0, 0x03, 0x80, 0x04, 0x00, 0x01, 0xF0, 0x07, 0xF8, 0x1F,
    0xF0, 0x7D, 0xF0, 0xF1, 0xE1, 0xE3, 0xC3, 0xC0, 0x07, 0x80, 0x6F, 0x61, 0xFF, 0xE3, 0xFF, 0xC3,
    0xFF, 0x03, 0xFC, 0x03, 0xF0, 0x03, 0xC0, 0x03, 0x00, 0x1F, 0x00, 0xFF, 0x01, 0xFF, 0x07, 0xDF,
    0x0F, 0x1E, 0x1E, 0x3C, 0x00, 0x78, 0x00, 0xF0, 0x0D, 0xEC, 0x3F, 0xFC, 0x7F, 0xF8, 0x7F, 0xE0,
    0x7F, 0x80, 0x7E, 0x00, 0x78, 0x00, 0x60, 0x03, 0xFE, 0x07, 0xFC, 0x0F, 0xF8, 0x9F, 0x83, 0xBF,
    0x87, 0xFF, 0x9E, 0xEF, 0x3D, 0xCE, 0xF3, 0x9F, 0xE0, 0x3F, 0xC0, 0x7F, 0x80, 0xFF, 0x01, 0xEF,
    0x07, 0x9F, 0x1F, 0x1F, 0xFC, 0x1F, 0xF0, 0x1F, 0xC0, 0xFF, 0x81, 0xFF, 0x03, 0xFE, 0x00, 0xFC,
    0x83, 0xFB, 0x8F, 0xFF, 0x1E, 0xEF, 0x39, 0xDE, 0xF3, 0x9F, 0xE0, 0x3F, 0xC0, 0x7F, 0x80, 0xFF,
    0x01, 0xEF, 0x07, 0x9F, 0x1F, 0x1F, 0xFC, 0x1F, 0xF0, 0x1F, 0xC0, 0x00, 0x80, 0x03, 0x80, 0x07,
    0x80, 0x0F, 0x80, 0x0F, 0x9F, 0xFF, 0xBF, 0xFF, 0xFF, 0xFE, 0x00, 0xF8, 0x03, 0xE0, 0x0F, 0x80,
    0x3E, 0x00, 0xF8, 0x03, 0xE0, 0x0F, 0x80, 0x3F, 0xFF, 0xFF, 0xFE, 0xFF, 0xFC, 0xF8, 0x00, 0xF8,
    0x00, 0xF0, 0x00, 0xE0, 0x00, 0x80, 0x00, 0x02, 0x00, 0x0E, 0x00, 0x3C, 0x00, 0xF8, 0x03, 0xE0,
    0x0F, 0xFF, 0xFF, 0xFF, 0xBF, 0xFF, 0x3E, 0x00, 0x3E, 0x00, 0x3E, 0x00, 0x3E, 0x00, 0x3E, 0x00,
    0x3E, 0x00, 0x3E, 0x7F, 0xFE, 0xFF, 0xFF, 0xFF, 0xF8, 0x03, 0xE0, 0x0F, 0x80, 0x1E, 0x00, 0x38,
    0x00, 0x20, 0x00, 0x3E, 0x01, 0xFC, 0x03, 0xF0, 0x0F, 0xC0, 0x1E, 0x0F, 0x78, 0xFF, 0xEF, 0xFF,
    0xFD, 0xFF, 0xC7, 0xFC, 0x1F, 0xE0, 0xFF, 0x07, 0xF8, 0x3F, 0xE3, 0xEF, 0xFE, 0x7F, 0xE0, 0xFE,
    0x00, 0x0F, 0xE0, 0x1F, 0xC0, 0x3F, 0x80, 0x7F, 0x01, 0xFF, 0x03, 0xFE, 0x07, 0xBC, 0x0F, 0x78,
    0x3E, 0xF8, 0x7D, 0xF0, 0xF1, 0xE3, 0xE3, 0xE7, 0xC7, 0xCF, 0x8F, 0x9E, 0x0F, 0x3F, 0xFE, 0x7F,
    0xFC, 0xFF, 0xF8, 0x00, 0x07, 0xFF, 0xFF, 0xFF, 0xFF, 0xFF, 0x8F, 0xFC, 0x7F, 0xE3, 0xFF, 0x1F,
    0xF8, 0xFF, 0xC7, 0xFE, 0x3F, 0xF1, 0xFF, 0x8F, 0xFC, 0x7F, 0xE3, 0xFF, 0x1F, 0xF8, 0xFF, 0xC7,
    0xFC, 0x1E, 0x00, 0x07, 0xFF, 0xFF, 0xFF, 0xFF, 0xFF, 0x80, 0x3E, 0x00, 0xF8, 0x07, 0xE0, 0x1F,
    0x00, 0x7C, 0x01, 0xF0, 0x0F, 0x80, 0x7C, 0x03, 0xE0, 0x3E, 0x03, 0xE0, 0x3F, 0x01, 0xF0, 0x1F,
    0x01, 0xF8, 0x0F, 0xFF, 0xFF, 0xFF, 0xFF, 0xE0, 0xFF, 0xFF, 0xFF, 0xFF, 0xFE, 0x00, 0x1E, 0x00,
    0x3C, 0x00, 0x78, 0x00, 0xE0, 0x03, 0xDF, 0x07, 0xBF, 0x0F, 0x7E, 0x3C, 0x3C, 0x78, 0x78, 0xF0,
    0x79, 0xC0, 0xF7, 0x81, 0xEF, 0x01, 0xDC, 0x03, 0xF8, 0x07, 0xF0, 0x07, 0xE0, 0x0F, 0x80, 0x3E,
    0x7C, 0xFD, 0xFB, 0xFF, 0xFF, 0xBE, 0xFF, 0x39, 0xFE, 0xFB, 0xFF, 0xFF, 0xBF, 0x7E, 0x7C, 0xF8,
    0x01, 0xFC, 0x0F, 0xF0, 0x7F, 0xC1, 0xF0, 0x07, 0x80, 0x1E, 0x00, 0x78, 0x01, 0xE0, 0x07, 0x80,
    0x1E, 0x00, 0x78, 0x01, 0xE0, 0x07, 0x80, 0x1E, 0x00, 0x78, 0x01, 0xE0, 0x07, 0x80, 0x1E, 0x00,
    0x78, 0x01, 0xE0, 0x07, 0x83, 0xFE, 0x0F, 0xF8, 0x3F, 0xC0, 0x1E, 0x18, 0x7F, 0x39, 0xFF, 0xF3,
    0xDF, 0xE7, 0x0F, 0x80, 0x00, 0x07, 0x86, 0x1F, 0xCE, 0x7F, 0xFC, 0xF7, 0xF9, 0xC3, 0xE0, 0x00,
    0xF0, 0x0F, 0x3F, 0xFF, 0xFF, 0xFF, 0xFF, 0x83, 0xC0, 0x1C, 0x01, 0xE0, 0xFF, 0xFF, 0xFF, 0xFF,
    0xFE, 0x78, 0x07, 0x80, 0x3C, 0x00, 0x00, 0x60, 0x7C, 0x7F, 0xBF, 0xFF, 0xF1, 0xF0, 0x3F, 0x87,
    0xFE, 0x3F, 0xE0, 0xFC, 0x07, 0x80, 0x1F, 0xFF, 0xFF, 0xFF, 0xF8, 0xC0, 0x1F, 0x03, 0xFC, 0x7F,
    0xE1, 0xFE, 0x07, 0xC3, 0xFB, 0xFF, 0xFF, 0x9F, 0x83, 0xC0, 0x40, 0x0F, 0xFF, 0xFF, 0xFF, 0xF8,
    0x00, 0x7C, 0x7F, 0xF3, 0xFF, 0xCF, 0xFF, 0x3C, 0x01, 0xF0, 0x0F, 0xFF, 0xFF, 0xFF, 0xFF, 0xFD,
    0xF1, 0xF7, 0xC7, 0xDF, 0x1F, 0x7C, 0x7D, 0xF1, 0xF7, 0xC7, 0xDF, 0x1F, 0x7C, 0x7D, 0xF1, 0xF7,
    0xC7, 0xC0, 0x1F, 0xFC, 0xFF, 0xF3, 0xFF, 0xCF, 0x1F, 0x7C, 0x7F, 0xFF, 0xFF, 0xFF, 0xFF, 0xFF,
    0x7C, 0x7D, 0xF1, 0xF7, 0xC7, 0xDF, 0x1F, 0x7C, 0x7D, 0xF1, 0xF7, 0xC7, 0xDF, 0x1F, 0x7C, 0x7D,
    0xF1, 0xF0, 0x00, 0x00, 0x00, 0x00, 0x00, 0x07, 0x9C, 0x00, 0x03, 0xCF, 0x00, 0x01, 0xE7, 0x80,
    0x00, 0xF3, 0xC0, 0x00, 0x7F, 0xE0, 0x00, 0x3F, 0xF0, 0x00, 0x1F, 0x7F, 0x00, 0xFF, 0x3F, 0xFF,
    0xFF, 0x8F, 0xFF, 0xFF, 0x83, 0xFF, 0xFF, 0x00, 0x3F, 0xFC, 0x00, 0x00, 0x00, 0x00, 0x01, 0xDC,
    0x00, 0x00, 0xEE, 0x00, 0x00, 0x77, 0x00, 0x00, 0x1F, 0x00, 0x00, 0x07, 0x00, 0x00, 0x03, 0x80,
    0x00, 0x01, 0x80, 0x00, 0x70, 0x00, 0x00, 0x00, 0xF0, 0x00, 0x00, 0x01, 0xE0, 0x00, 0x0E, 0x03,
    0xC0, 0x00, 0x3E, 0x0F, 0x80, 0x00, 0xFC, 0x1F, 0x00, 0x03, 0xF8, 0x1F, 0xC0, 0xFF, 0xFF, 0x3F,
    0xFF, 0xFF, 0xFF, 0x3F, 0xFF, 0xFD, 0xFE, 0x3F, 0xFF, 0xE1, 0xFC, 0x0F, 0xFC, 0x00, 0x00, 0x00,
    0x00, 0x00, 0x00, 0x07, 0x60, 0x00, 0x00, 0x0F, 0xE0, 0x00, 0x00, 0x1D, 0xC0, 0x00, 0x00, 0x1F,
    0x00, 0x00, 0x00, 0x1C, 0x00, 0x00, 0x00, 0x38, 0x00, 0x00, 0x00, 0x60, 0x00, 0x00, 0x0E, 0x3E,
    0x1E, 0x1E, 0x1F, 0x1F, 0x0F, 0x1F, 0xFF, 0xFE, 0xFE, 0xF8, 0x00, 0x00, 0x6E, 0xFE, 0xFE, 0x7C,
    0x38, 0x38, 0x18, 0x0E, 0x00, 0x78, 0x07, 0xC0, 0x3E, 0x01, 0xF0, 0x7F, 0xFB, 0xFF, 0xDF, 0xFF,
    0xF3, 0xF0, 0x00, 0x00, 0x00, 0xEE, 0x07, 0xF0, 0x3B, 0x80, 0xF8, 0x03, 0x80, 0x1C, 0x00, 0x60,
    0x00, 0x00, 0x30, 0x00, 0x00, 0x18, 0x00, 0x00, 0x0F, 0xC0, 0x00, 0x07, 0xE0, 0x00, 0x03, 0xB0,
    0x00, 0x03, 0xF8, 0x00, 0x01, 0xF8, 0x00, 0x00, 0x00, 0x1E, 0x70, 0x00, 0x0F, 0x3C, 0x00, 0x07,
    0x9E, 0x00, 0x03, 0xCF, 0x00, 0x01, 0xFF, 0x80, 0x00, 0xFF, 0xC0, 0x00, 0x7D, 0xFC, 0x03, 0xFC,
    0xFF, 0xFF, 0xFE, 0x3F, 0xFF, 0xFE, 0x0F, 0xFF, 0xFC, 0x00, 0xFF, 0xF0, 0x00, 0x00, 0x38, 0x00,
    0x00, 0x00, 0x70, 0x00, 0x00, 0x00, 0xFC, 0x00, 0x00, 0x00, 0xFC, 0x00, 0x00, 0x03, 0xB8, 0x00,
    0x00, 0x0F, 0xF0, 0x00, 0x00, 0x1F, 0xC0, 0x00, 0x00, 0x00, 0x00, 0x00, 0x70, 0x00, 0x00, 0x00,
    0xF0, 0x00, 0x00, 0x01, 0xE0, 0x00, 0x0E, 0x03, 0xC0, 0x00, 0x3E, 0x0F, 0x80, 0x00, 0xFC, 0x1F,
    0x00, 0x03, 0xF8, 0x1F, 0xC0, 0xFF, 0xFF, 0x3F, 0xFF, 0xFF, 0xFF, 0x3F, 0xFF, 0xFD, 0xFE, 0x3F,
    0xFF, 0xE1, 0xFC, 0x0F, 0xFC, 0x00, 0x00, 0x60, 0x60, 0x7E, 0x7E, 0x77, 0xFE, 0xFC, 0x00, 0x00,
    0x1C, 0x3C, 0x3C, 0x3E, 0x3E, 0x1E, 0x1E, 0x1E, 0xFE, 0xFE, 0xFC, 0xF8, 0x00, 0x1C, 0x00, 0xE0,
    0x07, 0xE0, 0x3F, 0x81, 0xDC, 0x1F, 0xC0, 0xFE, 0x00, 0x00, 0x00, 0x00, 0x70, 0x03, 0xC0, 0x3E,
    0x01, 0xF0, 0x0F, 0x83, 0xFF, 0xDF, 0xFE, 0xFF, 0xFF, 0x9F, 0x80, 0x00, 0x7F, 0x00, 0x7F, 0xF0,
    0x1F, 0xFF, 0x8F, 0xFF, 0xE6, 0x3F, 0xF0, 0x07, 0xFC, 0x0F, 0xFC, 0x1F, 0xF0, 0x1F, 0xC0, 0x1F,
    0x80, 0x1F, 0x80, 0x0F, 0x92, 0x07, 0x9F, 0x87, 0x87, 0xC3, 0xC1, 0x81, 0xE0, 0xE0, 0xF8, 0x20,
    0x7C, 0x00, 0x1F, 0x80, 0xCF, 0xFF, 0xF3, 0xFF, 0xF8, 0xFF, 0xFC, 0x0F, 0xF8, 0x7F, 0x00, 0x07,
    0xFF, 0x00, 0x1F, 0xFF, 0x80, 0xFF, 0xFE, 0x06, 0x3F, 0xF0, 0x00, 0x7F, 0xC0, 0x0F, 0xFC, 0x01,
    0xFF, 0xC0, 0x1F, 0xCF, 0x01, 0xF8, 0x7F, 0x9F, 0x83, 0xFE, 0xF9, 0x2F, 0xF7, 0x9F, 0xBF, 0xF8,
    0x7C, 0x03, 0xC1, 0x80, 0x1E, 0x0E, 0x00, 0xF8, 0x20, 0x07, 0xC0, 0x00, 0x1F, 0x80, 0xC0, 0xFF,
    0xFF, 0x03, 0xFF, 0xF8, 0x0F, 0xFF, 0xC0, 0x0F, 0xF8, 0x00, 0x7F, 0x00, 0x7F, 0xC0, 0x7F, 0xF0,
    0x7F, 0xFE, 0x00, 0xFE, 0x00, 0x7E, 0x03, 0xFE, 0xFF, 0xF8, 0xFF, 0xE0, 0xFF, 0x80, 0xFE, 0x00,
    0x00, 0x00, 0x00, 0x00, 0x0E, 0xE0, 0x0E, 0xE0, 0x0E, 0xE0, 0x07, 0xC0, 0x03, 0x80, 0x03, 0x80,
    0x03, 0x00, 0x7F, 0x00, 0x0F, 0xF8, 0x01, 0xFF, 0xC0, 0x3F, 0xFF, 0x00, 0x0F, 0xE0, 0x00, 0xFC,
    0x00, 0xFF, 0x87, 0xFF, 0xFE, 0xFF, 0xFF, 0xFF, 0xF3, 0xFF, 0xF8, 0x3F, 0x00, 0x00, 0x00, 0x00,
    0x00, 0x19, 0x80, 0x07, 0xF8, 0x00, 0xFF, 0x00, 0x07, 0x80, 0x00, 0xF0, 0x00, 0x1E, 0x00, 0x01,
    0x80, 0x00, 0x18, 0x01, 0x80, 0x1F, 0x81, 0xF8, 0x1D, 0xC3, 0xF8, 0x3F, 0x00, 0x00, 0x00, 0x00,
    0x18, 0x07, 0x80, 0x7C, 0x03, 0xE0, 0x3E, 0x01, 0xF0, 0x1F, 0x00, 0xF0, 0x0F, 0x7F, 0xF7, 0xFF,
    0x7F, 0xE7, 0xFC, 0x06, 0x00, 0x18, 0x00, 0x0C, 0x00, 0x07, 0xE0, 0x03, 0xF0, 0x01, 0xDC, 0x01,
    0xFC, 0x00, 0xFC, 0x00, 0x00, 0x00, 0x00, 0x00, 0x00, 0xC0, 0x01, 0xE0, 0x00, 0xF8, 0x00, 0x3E,
    0x00, 0x1F, 0x00, 0x07, 0xC0, 0x03, 0xE0, 0x00, 0xF0, 0x00, 0x7C, 0x1F, 0xFF, 0xCF, 0xFF, 0xE7,
    0xFF, 0xFB, 0xFE, 0xF8, 0x18, 0x00, 0x00, 0x00, 0xF0, 0x1E, 0x03, 0xC0, 0xDC, 0x3F, 0xC7, 0xF8,
    0x66, 0x00, 0x00, 0x00, 0x04, 0x03, 0xC0, 0xF8, 0x0F, 0x81, 0xF0, 0x1E, 0x03, 0xC0, 0x78, 0x1F,
    0x03, 0xE0, 0xF8, 0x7F, 0x3F, 0xC7, 0xF0, 0x78, 0x0C, 0x00, 0x00, 0x00, 0x0E, 0x00, 0x1E, 0x00,
    0x38, 0x01, 0xDC, 0x03, 0xF8, 0x07, 0x70, 0x06, 0x40, 0x00, 0x00, 0x00, 0x00, 0x04, 0x00, 0x3C,
    0x00, 0xF8, 0x00, 0xF8, 0x01, 0xF0, 0x01, 0xE0, 0x03, 0xFC, 0x07, 0xF8, 0x1F, 0xF8, 0x3F, 0xE0,
    0xF8, 0x07, 0xF0, 0x3F, 0xC0, 0x7F, 0x00, 0xF8, 0x00, 0xC0, 0x00, 0x0E, 0x01, 0xC0, 0x3F, 0x07,
    0xF0, 0xEE, 0x3F, 0x87, 0xF0, 0x00, 0x00, 0x00, 0x00, 0x04, 0x03, 0xC0, 0xF8, 0x0F, 0x81, 0xF0,
    0x1E, 0x03, 0xC0, 0x78, 0x1F, 0x03, 0xE0, 0xF8, 0x7F, 0x3F, 0xC7, 0xF0, 0x78, 0x0C, 0x00, 0x0C,
    0x00, 0x18, 0x00, 0x3F, 0x00, 0x7E, 0x00, 0xEC, 0x03, 0xF8, 0x07, 0xE0, 0x00, 0x00, 0x00, 0x00,
    0x00, 0x00, 0x04, 0x00, 0x3C, 0x00, 0xF8, 0x00, 0xF8, 0x01, 0xF0, 0x01, 0xE0, 0x03, 0xFC, 0x07,
    0xF8, 0x1F, 0xF8, 0x3F, 0xE0, 0xF8, 0x07, 0xF0, 0x3F, 0xC0, 0x7F, 0x00, 0xF8, 0x00, 0xC0, 0x00,
    0x00, 0x00, 0x0C, 0x00, 0x00, 0x7C, 0x00, 0x03, 0xF8, 0x00, 0x1F, 0xF0, 0x00, 0x7F, 0x80, 0x01,
    0xFC, 0x00, 0x03, 0xE0, 0x00, 0x07, 0xE0, 0x70, 0x0F, 0xE0, 0xF0, 0x07, 0xE1, 0xE0, 0x07, 0xC3,
    0xC0, 0x07, 0xCF, 0x80, 0x07, 0x9F, 0x00, 0x0F, 0x1F, 0xC0, 0x7E, 0x3F, 0xFF, 0xFC, 0x3F, 0xFF,
    0xF8, 0x3F, 0xFF, 0xC0, 0x0F, 0xFC, 0x00, 0x00, 0x00, 0x0C, 0x00, 0x00, 0x0F, 0x00, 0x00, 0x0F,
    0xE0, 0x00, 0x0F, 0xF8, 0x00, 0x0F, 0xF8, 0x00, 0x03, 0xF8, 0x00, 0x01, 0xF8, 0x00, 0x00, 0x7E,
    0x00, 0x70, 0x0F, 0xC0, 0x1E, 0x01, 0xF8, 0x07, 0x80, 0x3F, 0x01, 0xE0, 0x07, 0xC0, 0xF8, 0x00,
    0xF8, 0x3E, 0x00, 0x1F, 0x07, 0xF0, 0x1F, 0xF9, 0xFF, 0xFF, 0xFF, 0x3F, 0xFF, 0xFF, 0xC7, 0xFF,
    0xFB, 0xF0, 0x3F, 0xF8, 0x00, 0x00, 0xE0, 0x3E, 0x0F, 0xF1, 0xFF, 0x7F, 0xCF, 0xE0, 0xF8, 0x0F,
    0xC0, 0x7E, 0x03, 0xF0, 0x1F, 0x80, 0xF8, 0x07, 0xC0, 0x7C, 0xFF, 0xCF, 0xFC, 0xFF, 0x8F, 0xF0,
    0xE0, 0x00, 0x00, 0x60, 0x07, 0xC0, 0x3F, 0xC0, 0xFF, 0x87, 0xFC, 0x1F, 0xC0, 0x3E, 0x00, 0x7E,
    0x00, 0x7E, 0x00, 0x7E, 0x00, 0x7E, 0x00, 0x7C, 0x00, 0x7C, 0x00, 0xFC, 0x3F, 0xFF, 0x7F, 0xFF,
    0xFF, 0xFF, 0xFE, 0xFF, 0x80, 0x00, 0x00, 0x00, 0x30, 0x00, 0x00, 0xF0, 0x00, 0x07, 0xE0, 0x00,
    0x3F, 0x80, 0x01, 0xFC, 0xC0, 0x03, 0xE7, 0xC0, 0x03, 0x3F, 0x80, 0x01, 0xFF, 0x00, 0x07, 0xF8,
    0x00, 0x1F, 0xC0, 0x00, 0x3E, 0x00, 0x00, 0x7E, 0x07, 0x00, 0xFE, 0x0F, 0x00, 0x7E, 0x1E, 0x00,
    0x7C, 0x3C, 0x00, 0x7C, 0xF8, 0x00, 0x79, 0xF0, 0x00, 0xF1, 0xFC, 0x07, 0xE3, 0xFF, 0xFF, 0xC3,
    0xFF, 0xFF, 0x83, 0xFF, 0xFC, 0x00, 0xFF, 0xC0, 0x00, 0x00, 0x00, 0x30, 0x00, 0x00, 0x3C, 0x00,
    0x00, 0x3F, 0x80, 0x00, 0x1F, 0x80, 0x00, 0x1F, 0x8C, 0x00, 0x07, 0x8F, 0x00, 0x01, 0xCF, 0xE0,
    0x00, 0x0F, 0xF8, 0x00, 0x0F, 0xF8, 0x00, 0x03, 0xF8, 0x00, 0x01, 0xF8, 0x00, 0x00, 0x7E, 0x00,
    0x70, 0x0F, 0xC0, 0x1E, 0x01, 0xF8, 0x07, 0x80, 0x3F, 0x01, 0xE0, 0x07, 0xC0, 0xF8, 0x00, 0xF8,
    0x3E, 0x00, 0x1F, 0x07, 0xF0, 0x1F, 0xF9, 0xFF, 0xFF, 0xFF, 0x3F, 0xFF, 0xFF, 0xC7, 0xFF, 0xFB,
    0xF0, 0x3F, 0xF8, 0x00, 0x00, 0xC0, 0x1E, 0x03, 0xF8, 0x7F, 0x07, 0xE7, 0x3C, 0xF9, 0x9F, 0xE1,
    0xFF, 0x3F, 0xE3, 0xF8, 0x1F, 0x00, 0xFC, 0x03, 0xF0, 0x0F, 0xC0, 0x3F, 0x00, 0xF8, 0x03, 0xE0,
    0x1F, 0x1F, 0xF8, 0xFF, 0xC7, 0xFC, 0x3F, 0xC1, 0xC0, 0x00, 0x00, 0xC0, 0x03, 0xC0, 0x0F, 0xE0,
    0x3F, 0x80, 0x7E, 0x30, 0x79, 0xF0, 0x67, 0xF8, 0x0F, 0xF8, 0x3F, 0xE0, 0x7F, 0x00, 0x7C, 0x00,
    0x7E, 0x00, 0x3F, 0x00, 0x1F, 0x80, 0x0F, 0xC0, 0x07, 0xC0, 0x03, 0xE0, 0x03, 0xF0, 0x7F, 0xFE,
    0x7F, 0xFF, 0x7F, 0xFF, 0x7F, 0xBF, 0x70, 0x00, 0x00, 0x00, 0x00, 0x01, 0xC0, 0x00, 0xF8, 0x00,
    0x3E, 0x78, 0x07, 0x9E, 0x01, 0xE7, 0x80, 0x7F, 0xE0, 0x1F, 0xF8, 0x07, 0xFE, 0x01, 0xEF, 0x80,
    0x79, 0xF0, 0x7E, 0x7F, 0xFF, 0x0F, 0xFF, 0x81, 0xFF, 0xC0, 0x1F, 0xC0, 0x00, 0x03, 0x00, 0x00,
    0x1F, 0x00, 0x00, 0x1E, 0x03, 0xC0, 0x3C, 0x07, 0x80, 0x7C, 0x0F, 0x00, 0xFF, 0x3E, 0x01, 0xFF,
    0x7C, 0x03, 0xFE, 0xF8, 0x07, 0xFD, 0xF0, 0x0F, 0x01, 0xF0, 0x7E, 0x03, 0xFF, 0xF8, 0x03, 0xFF,
    0xF0, 0x03, 0xFF, 0xC0, 0x01, 0xFE, 0x00, 0x00, 0x0C, 0x01, 0xC0, 0x7C, 0x1F, 0xC1, 0xFC, 0x7F,
    0x9F, 0xFB, 0xCF, 0xF9, 0xFF, 0x3F, 0xFF, 0xBF, 0xF7, 0xFC, 0x7F, 0x00, 0x00, 0x0F, 0xC0, 0x1F,
    0xF0, 0x1F, 0xF8, 0x0F, 0xFE, 0x0F, 0x8F, 0x07, 0x87, 0xC3, 0xC3, 0xFD, 0xE0, 0xFF, 0xF8, 0x3F,
    0xB8, 0x0F, 0xC0, 0x00, 0x00, 0x1C, 0x78, 0xF1, 0xF3, 0xE3, 0xC7, 0x8F, 0xFF, 0xFF, 0xF7, 0xC1,
    0x07, 0x0E, 0x3C, 0x38, 0x18, 0x00, 0x78, 0x03, 0xF0, 0x77, 0xE3, 0xFF, 0xCF, 0xFF, 0xBF, 0xC7,
    0xFE, 0x0F, 0xF0, 0x1F, 0xC0, 0x1F, 0x80, 0x3F, 0x00, 0x3E, 0x00, 0x30, 0x00, 0x00, 0xC0, 0x00,
    0x3C, 0x00, 0x0F, 0xC0, 0x01, 0xFC, 0x00, 0x3F, 0xE0, 0x0F, 0xFE, 0x01, 0xEF, 0xE0, 0x3D, 0xFE,
    0x07, 0xBF, 0xC0, 0xFF, 0x7D, 0xFF, 0xEF, 0xFF, 0xFF, 0xFF, 0xFF, 0xFD, 0xFF, 0xFF, 0x06, 0x03,
    0x80, 0x00, 0x78, 0x00, 0x1F, 0xC0, 0x01, 0xFE, 0x00, 0x3F, 0xE0, 0x07, 0xDE, 0x00, 0x79, 0xE0,
    0x07, 0x9E, 0x00, 0x7B, 0xC0, 0x7F, 0xFF, 0xCF, 0xFF, 0xFE, 0xFF, 0xFF, 0xEF, 0xFF, 0xFE, 0x0F,
    0x8F, 0x00, 0x7C, 0xF0, 0x07, 0xFF, 0x00, 0x3F, 0xF0, 0x01, 0xFE, 0x00, 0x07, 0xC0, 0x0C, 0x00,
    0x0F, 0x00, 0x1F, 0x80, 0x1F, 0xC0, 0x3F, 0xE0, 0x3F, 0xF8, 0x79, 0xFC, 0x79, 0xFC, 0x7F, 0xFE,
    0x3F, 0xDE, 0xFF, 0xDE, 0xFF, 0xFE, 0xFF, 0xFE, 0xFF, 0xFC, 0x00, 0x60, 0x03, 0xE0, 0x07, 0xF0,
    0x03, 0xFC, 0x03, 0xFE, 0x01, 0xEF, 0x01, 0xF7, 0x80, 0xF3, 0xC0, 0x7B, 0xE0, 0xFF, 0xFF, 0x7F,
    0xFF, 0xBF, 0xFF, 0xFF, 0xFF, 0xE3, 0xC7, 0xC1, 0xF3, 0xE0, 0xFF, 0xE0, 0x3F, 0xF0, 0x0F, 0xF0,
    0x01, 0xF0, 0x00, 0x01, 0xE0, 0x00, 0x07, 0xE0, 0x00, 0x1F, 0xE0, 0x00, 0x7F, 0xC0, 0x01, 0xF7,
    0xC0, 0x07, 0xC7, 0x80, 0x1F, 0x8E, 0x00, 0x3C, 0x00, 0x00, 0xF8, 0x00, 0x01, 0xFE, 0x00, 0xFD,
    0xFF, 0xFF, 0xFB, 0xFF, 0xFF, 0xF1, 0xFF, 0xFF, 0xE0, 0x7F, 0xFC, 0x00, 0x00, 0x7E, 0x03, 0xFF,
    0x8F, 0xFF, 0xCF, 0xFF, 0xEF, 0xFF, 0xC7, 0xC0, 0x03, 0xC0, 0x01, 0xFC, 0x1C, 0xFF, 0xFE, 0x3F,
    0xFF, 0x0F, 0xFF, 0x80, 0xFF, 0x80, 0x1E, 0x00, 0x00, 0x7C, 0x00, 0x00, 0xE0, 0x00, 0x01, 0xC0,
    0x00, 0x01, 0xF0, 0x00, 0x07, 0xE0, 0x00, 0x0E, 0x00, 0x00, 0x00, 0xF0, 0x00, 0x03, 0xF0, 0x00,
    0x0F, 0xF0, 0x00, 0x3F, 0xE0, 0x00, 0xFB, 0xE0, 0x03, 0xE3, 0xC0, 0x0F, 0xC7, 0x00, 0x1E, 0x00,
    0x00, 0x7C, 0x00, 0x00, 0xFF, 0x00, 0x7E, 0xFF, 0xFF, 0xFD, 0xFF, 0xFF, 0xF8, 0xFF, 0xFF, 0xF0,
    0x3F, 0xFE, 0x00, 0x1C, 0x00, 0x1E, 0x00, 0x0C, 0x00, 0x07, 0x40, 0x03, 0xE0, 0x03, 0xF0, 0x00,
    0xE0, 0x00, 0x00, 0xFC, 0x07, 0xFF, 0x1F, 0xFF, 0x9F, 0xFF, 0xDF, 0xFF, 0x8F, 0x80, 0x07, 0x80,
    0x03, 0xF8, 0x39, 0xFF, 0xFC, 0x7F, 0xFE, 0x1F, 0xFF, 0x01, 0xFF, 0x00, 0x00, 0x07, 0xF0, 0x00,
    0x7F, 0x80, 0x07, 0xFC, 0x00, 0x7F, 0xC0, 0x03, 0xC0, 0x00, 0x3E, 0x01, 0xE1, 0xE0, 0x0F, 0x0F,
    0xC0, 0x78, 0x3F, 0x87, 0xC0, 0xFF, 0x3E, 0x03, 0xF9, 0xF0, 0x03, 0xCF, 0x80, 0x3E, 0x3F, 0x07,
    0xF1, 0xFF, 0xFF, 0x07, 0xFF, 0xF0, 0x1F, 0xFF, 0x00, 0x3F, 0xC0, 0x00, 0x00, 0x00, 0x01, 0xE0,
    0x00, 0x07, 0x80, 0x70, 0x1E, 0x01, 0xFE, 0xF8, 0x0F, 0xFF, 0xE0, 0x3F, 0xFF, 0x80, 0x3F, 0xFE,
    0x00, 0x7C, 0x7E, 0x03, 0xE1, 0xFF, 0xFF, 0x83, 0xFF, 0xFC, 0x07, 0xFF, 0xE0, 0x07, 0xFC, 0x00,
    0x0E, 0x3E, 0x1E, 0x1E, 0x1F, 0x1F, 0x0F, 0x1F, 0xFF, 0xFE, 0xFE, 0xF8, 0x00, 0x00, 0xE7, 0xFF,
    0xFF, 0xE7, 0x0E, 0x00, 0x78, 0x07, 0xC0, 0x3E, 0x01, 0xF0, 0x7F, 0xFB, 0xFF, 0xDF, 0xFF, 0xF3,
    0xF0, 0x00, 0x00, 0x00, 0xE6, 0x07, 0xF8, 0x3F, 0xC1, 0xDC, 0x00, 0x1F, 0x87, 0xF0, 0xFE, 0x3F,
    0xC7, 0x80, 0xF0, 0x1F, 0x71, 0xFF, 0x7F, 0xFF, 0xFF, 0xFE, 0x3E, 0x04, 0x00, 0x00, 0x1F, 0xE7,
    0xF9, 0xBE, 0x00, 0x00, 0x01, 0xE0, 0x78, 0x1E, 0x07, 0x81, 0xE0, 0x78, 0x1F, 0x07, 0xC1, 0xF0,
    0x7C, 0x1F, 0x07, 0xC1, 0xF0, 0x7C, 0x0F, 0x03, 0xC0, 0xF0, 0x00, 0x07, 0xF8, 0x7F, 0xC6, 0x78,
    0x00, 0x01, 0xE0, 0x1E, 0x01, 0xE0, 0x1E, 0x01, 0xF0, 0x1F, 0x01, 0xF0, 0x1F, 0x01, 0xF0, 0x1F,
    0x01, 0xF0, 0x0F, 0x00, 0xF0, 0x0F, 0x00, 0xF0, 0x0F, 0xE0, 0xFF, 0x0F, 0xF0, 0x7F, 0x00, 0x00,
    0x7B, 0xEE, 0x3A, 0xFF, 0xFE, 0x00, 0x79, 0xE7, 0x9E, 0x79, 0xE7, 0xDF, 0x7D, 0xF7, 0xDF, 0x7D,
    0xF3, 0xCF, 0x3C, 0x78, 0x3E, 0x0E, 0x03, 0x80, 0x7C, 0x3F, 0x0E, 0x01, 0xE0, 0x78, 0x1E, 0x07,
    0x81, 0xF0, 0x7C, 0x1F, 0x07, 0xC1, 0xF0, 0x7C, 0x1F, 0x03, 0xC0, 0xF0, 0x3C, 0x0F, 0x03, 0xF8,
    0xFF, 0x3F, 0xC7, 0xF0, 0x00, 0x0F, 0x01, 0xF0, 0x1C, 0x01, 0xD0, 0x0F, 0x81, 0xF8, 0x1C, 0x00,
    0x00, 0x0F, 0x81, 0xFC, 0x3F, 0xE7, 0xFE, 0x79, 0xE7, 0x9F, 0x7F, 0xF7, 0xFF, 0x7F, 0xF3, 0xFE,
    0x03, 0xE1, 0xFE, 0xFF, 0xC7, 0xF8, 0x7E, 0x07, 0x80, 0x0F, 0x00, 0x1F, 0x00, 0x1C, 0x00, 0x1D,
    0x00, 0x0F, 0x80, 0x1F, 0x80, 0x1C, 0x00, 0x00, 0x00, 0x0F, 0x80, 0x1F, 0xC0, 0x3F, 0xE0, 0x7F,
    0xE0, 0x79, 0xE0, 0x79, 0xF0, 0x7F, 0xFC, 0x7F, 0xFE, 0x7F, 0xFE, 0x3F, 0xFE, 0x03, 0xF8, 0x1F,
    0xE0, 0xFF, 0xC0, 0x7F, 0x80, 0x7E, 0x00, 0x78, 0x00, 0xF3, 0xCF, 0x3C, 0xF3, 0xCF, 0xBE, 0xFB,
    0xEF, 0xBE, 0xFB, 0xEF, 0x9E, 0x79, 0xE7, 0x80, 0x7B, 0xEE, 0x38, 0x7F, 0xFE, 0x00, 0xF0, 0x78,
    0x3C, 0x1E, 0x0F, 0x87, 0xC3, 0xE1, 0xF0, 0xF8, 0x7C, 0x3E, 0x0F, 0x07, 0x83, 0xC1, 0xE0, 0xFE,
    0x7F, 0xBF, 0xCF, 0xE0, 0x03, 0x83, 0xC1, 0xC0, 0xE8, 0x7C, 0x3E, 0x1C, 0x00, 0x0E, 0x00, 0x00,
    0xF0, 0x3F, 0x8E, 0x03, 0xFC, 0x3A, 0x3F, 0xE1, 0xF3, 0xFE, 0x1F, 0x9E, 0x00, 0x61, 0xF0, 0x0F,
    0x0F, 0x00, 0x78, 0x7E, 0x03, 0xC1, 0xFC, 0x3E, 0x07, 0xF9, 0xF0, 0x1F, 0xCF, 0x80, 0x1E, 0x7C,
    0x01, 0xF1, 0xF8, 0x3F, 0x8F, 0xFF, 0xF8, 0x3F, 0xFF, 0x80, 0xFF, 0xF8, 0x01, 0xFE, 0x00, 0x0E,
    0x00, 0x00, 0x78, 0x00, 0x03, 0x80, 0x00, 0x07, 0x40, 0x00, 0x1F, 0x00, 0x00, 0xFC, 0x00, 0x01,
    0x80, 0x00, 0x1E, 0x00, 0x00, 0x78, 0x07, 0x01, 0xE0, 0x1F, 0xEF, 0x80, 0xFF, 0xFE, 0x03, 0xFF,
    0xF8, 0x03, 0xFF, 0xE0, 0x07, 0xC7, 0xE0, 0x3E, 0x1F, 0xFF, 0xF8, 0x3F, 0xFF, 0xC0, 0x7F, 0xFE,
    0x00, 0x7F, 0xC0, 0x00, 0x78, 0xF3, 0x83, 0xA7, 0xDF, 0x98, 0x00, 0x1C, 0x78, 0xF1, 0xF3, 0xE3,
    0xC7, 0x8F, 0xFF, 0xFF, 0xF7, 0xC0, 0x00, 0x1E, 0x03, 0xE0, 0x38, 0x03, 0xA0, 0x3F, 0x03, 0xF0,
    0x38, 0x00, 0x00, 0x1E, 0x01, 0xE0, 0x1E, 0x01, 0xE0, 0x3E, 0x0F, 0xFE, 0xFF, 0xFF, 0xFF, 0xF7,
    0xF0, 0x00, 0xF7, 0xBD, 0xEF, 0x7B, 0xFF, 0xFF, 0xFF, 0xFF, 0xFF, 0xEF, 0x7B, 0xDE, 0xF0, 0x78,
    0x3C, 0x1E, 0x0F, 0x87, 0xC3, 0xE1, 0xF0, 0xF8, 0x7C, 0x3E, 0x0F, 0x07, 0x83, 0xC1, 0xE0, 0xFE,
    0x7F, 0xBF, 0xCF, 0xE0, 0x00, 0x00, 0x00, 0x00, 0x00, 0x00, 0x07, 0x9C, 0x00, 0x03, 0xCF, 0x00,
    0x01, 0xE7, 0x80, 0x00, 0xF3, 0xC0, 0x00, 0x7F, 0xE0, 0x00, 0x3F, 0xF0, 0x00, 0x1F, 0x7F, 0x00,
    0xFF, 0x3F, 0xFF, 0xFF, 0x8F, 0xFF, 0xFF, 0x83, 0xFF, 0xFF, 0x00, 0x3F, 0xFC, 0x00, 0x00, 0x00,
    0x00, 0x00, 0x00, 0x00, 0x00, 0x38, 0x00, 0x00, 0x1E, 0x00, 0x00, 0x1F, 0x00, 0x00, 0x07, 0x00,
    0x00, 0x70, 0x00, 0x00, 0x00, 0xF0, 0x00, 0x00, 0x01, 0xE0, 0x00, 0x0E, 0x03, 0xC0, 0x00, 0x3E,
    0x0F, 0x80, 0x00, 0xFC, 0x1F, 0x00, 0x03, 0xF8, 0x1F, 0xC0, 0xFF, 0xFF, 0x3F, 0xFF, 0xFF, 0xFF,
    0x3F, 0xFF, 0xFD, 0xFE, 0x3F, 0xFF, 0xE1, 0xFC, 0x0F, 0xFC, 0x00, 0x00, 0x00, 0x00, 0x00, 0x00,
    0x00, 0x00, 0x00, 0x00, 0x03, 0x80, 0x00, 0x00, 0x0F, 0x00, 0x00, 0x00, 0x1E, 0x00, 0x00, 0x00,
    0x1C, 0x00, 0x00, 0x1C, 0x78, 0xF1, 0xF3, 0xE3, 0xC7, 0x8F, 0xFF, 0xFF, 0xF7, 0xC0, 0x00, 0x0C,
    0x3C, 0x78, 0x70, 0x1E, 0x01, 0xE0, 0x1E, 0x01, 0xE0, 0x3E, 0x0F, 0xFE, 0xFF, 0xFF, 0xFF, 0xF7,
    0xF0, 0x00, 0x00, 0x01, 0xC0, 0x3C, 0x03, 0xE0, 0x1C, 0x00, 0x00, 0x07, 0x79, 0xFF, 0x1D, 0xE1,
    0x98, 0x00, 0x03, 0x00, 0x70, 0x1F, 0x07, 0xF0, 0x7F, 0x1F, 0xE7, 0xFE, 0xF3, 0xFE, 0x7F, 0xCF,
    0xFF, 0xEF, 0xFD, 0xFF, 0x1F, 0xC0, 0x00, 0x00, 0x00, 0x1E, 0xE0, 0x1F, 0xE0, 0x1F, 0xE0, 0x0C,
    0xC0, 0x00, 0x00, 0x00, 0x00, 0x01, 0xE0, 0x01, 0xF0, 0x07, 0xF0, 0x1F, 0xF0, 0x3F, 0xF0, 0x7F,
    0xF0, 0x7D, 0xF0, 0xF8, 0xF0, 0xF8, 0xF0, 0xFF, 0xF0, 0x7F, 0xF0, 0x7F, 0xFE, 0x3F, 0xFF, 0x02,
    0x7F, 0x00, 0x3F, 0x00, 0x00, 0x00, 0x00, 0x00, 0x00, 0x3B, 0x80, 0x00, 0x3D, 0xE0, 0x00, 0x1E,
    0xF0, 0x00, 0x06, 0x30, 0xF3, 0x80, 0x00, 0x79, 0xE0, 0x00, 0x3C, 0xF0, 0x00, 0x1E, 0x78, 0x00,
    0x0F, 0xFC, 0x00, 0x07, 0xFE, 0x00, 0x03, 0xEF, 0xE0, 0x1F, 0xE7, 0xFF, 0xFF, 0xF1, 0xFF, 0xFF,
    0xF0, 0x7F, 0xFF, 0xE0, 0x07, 0xFF, 0x80, 0x00, 0x00, 0x00, 0x00, 0x00, 0xF7, 0x00, 0x00, 0x01,
    0xFE, 0x00, 0x00, 0x03, 0xFC, 0x00, 0x00, 0x03, 0x30, 0x00, 0x0E, 0x00, 0x00, 0x00, 0x1E, 0x00,
    0x00, 0x00, 0x3C, 0x00, 0x01, 0xC0, 0x78, 0x00, 0x07, 0xC1, 0xF0, 0x00, 0x1F, 0x83, 0xE0, 0x00,
    0x7F, 0x03, 0xF8, 0x1F, 0xFF, 0xE7, 0xFF, 0xFF, 0xFF, 0xE7, 0xFF, 0xFF, 0xBF, 0xC7, 0xFF, 0xFC,
    0x3F, 0x81, 0xFF, 0x80, 0x00, 0x00, 0x3B, 0xBD, 0xEE, 0xF6, 0x30, 0x00, 0x38, 0x3C, 0x1E, 0x0F,
    0x87, 0xC1, 0xE0, 0xF0, 0x79, 0xFC, 0xFE, 0x7E, 0x3E, 0x00, 0x00, 0x00, 0x01, 0xDE, 0x0F, 0xF0,
    0x7F, 0x81, 0x98, 0x00, 0x00, 0x38, 0x01, 0xE0, 0x1F, 0x00, 0xF8, 0x07, 0xC1, 0xFF, 0xEF, 0xFF,
    0x7F, 0xFF, 0xCF, 0xC0, 0x00, 0x00, 0x00, 0x00, 0x00, 0x0E, 0x00, 0x00, 0x07, 0x80, 0x00, 0x03,
    0x80, 0x00, 0x07, 0x70, 0x00, 0x03, 0xF8, 0x00, 0x01, 0xDC, 0x00, 0x00, 0x66, 0x1E, 0x70, 0x00,
    0x0F, 0x3C, 0x00, 0x07, 0x9E, 0x00, 0x03, 0xCF, 0x00, 0x01, 0xFF, 0x80, 0x00, 0xFF, 0xC0, 0x00,
    0x7D, 0xFC, 0x03, 0xFC, 0xFF, 0xFF, 0xFE, 0x3F, 0xFF, 0xFE, 0x0F, 0xFF, 0xFC, 0x00, 0xFF, 0xF0,
    0x00, 0x00, 0x00, 0x00, 0x00, 0x00, 0x1C, 0x00, 0x00, 0x00, 0x78, 0x00, 0x00, 0x00, 0x70, 0x00,
    0x00, 0x03, 0xB0, 0x00, 0x00, 0x0F, 0xF0, 0x00, 0x00, 0x1F, 0xE0, 0x00, 0x00, 0x19, 0x80, 0x00,
    0x70, 0x00, 0x00, 0x00, 0xF0, 0x00, 0x00, 0x01, 0xE0, 0x00, 0x0E, 0x03, 0xC0, 0x00, 0x3E, 0x0F,
    0x80, 0x00, 0xFC, 0x1F, 0x00, 0x03, 0xF8, 0x1F, 0xC0, 0xFF, 0xFF, 0x3F, 0xFF, 0xFF, 0xFF, 0x3F,
    0xFF, 0xFD, 0xFE, 0x3F, 0xFF, 0xE1, 0xFC, 0x0F, 0xFC, 0x00, 0x00, 0x00, 0x38, 0x3C, 0x38, 0xEE,
    0xFF, 0xFE, 0x66, 0x00, 0x1C, 0x3C, 0x3C, 0x3E, 0x3E, 0x1E, 0x1E, 0x1E, 0xFE, 0xFE, 0xFC, 0xF8,
    0x00, 0x00, 0x00, 0x78, 0x03, 0xC0, 0x1E, 0x01, 0xB8, 0x1F, 0xE0, 0xFF, 0x03, 0x30, 0x00, 0x00,
    0x70, 0x03, 0xC0, 0x3E, 0x01, 0xF0, 0x0F, 0x83, 0xFF, 0xDF, 0xFE, 0xFF, 0xFF, 0x9F, 0x80, 0x00,
    0x7E, 0x00, 0x7F, 0xE0, 0x1F, 0xFF, 0x8F, 0xFF, 0xE6, 0x3F, 0xF0, 0x07, 0xF8, 0x0F, 0xFC, 0x1F,
    0xF0, 0x1F, 0xC0, 0x1F, 0x80, 0x1F, 0x80, 0x0F, 0x80, 0x0F, 0x87, 0x07, 0x87, 0x83, 0xC3, 0xC1,
    0xE0, 0xE0, 0xF8, 0x00, 0x7C, 0x00, 0x1F, 0x81, 0xCF, 0xFF, 0xE3, 0xFF, 0xF8, 0xFF, 0xFC, 0x1F,
    0xF0, 0x7E, 0x00, 0x07, 0xFE, 0x00, 0x1F, 0xFF, 0x80, 0xFF, 0xFE, 0x06, 0x3F, 0xF0, 0x00, 0x7F,
    0x80, 0x0F, 0xFC, 0x01, 0xFF, 0xC0, 0x1F, 0xDE, 0x01, 0xF8, 0xFF, 0x9F, 0x83, 0xFE, 0xF8, 0x0F,
    0xFF, 0x87, 0x3F, 0x78, 0x78, 0x03, 0xC3, 0xC0, 0x1E, 0x0E, 0x00, 0xF8, 0x00, 0x07, 0xC0, 0x00,
    0x1F, 0x81, 0xC0, 0xFF, 0xFE, 0x03, 0xFF, 0xF8, 0x0F, 0xFF, 0xC0, 0x1F, 0xF0, 0x00, 0x7F, 0x00,
    0x7F, 0xC0, 0x7F, 0xF0, 0x7F, 0xFE, 0x00, 0xFE, 0x00, 0x7E, 0x03, 0xFE, 0xFF, 0xF8, 0xFF, 0xE0,
    0xFF, 0x80, 0xFE, 0x00, 0x00, 0x00, 0x00, 0x00, 0x03, 0x80, 0x07, 0xC0, 0x07, 0xC0, 0x03, 0x80,
    0x7F, 0x00, 0x0F, 0xF8, 0x01, 0xFF, 0xC0, 0x3F, 0xFF, 0x00, 0x0F, 0xE0, 0x00, 0xFC, 0x00, 0xFF,
    0x87, 0xFF, 0xFE, 0xFF, 0xFF, 0xFF, 0xF3, 0xFF, 0xF8, 0x3F, 0x00, 0x00, 0x00, 0x00, 0x00, 0x06,
    0x00, 0x01, 0xE0, 0x00, 0x3C, 0x00, 0x03, 0x80, 0x00, 0x7E, 0x00, 0x7F, 0xE0, 0x1F, 0xFF, 0x8F,
    0xFF, 0xE6, 0x3F, 0xF0, 0x07, 0xF8, 0x0F, 0xFC, 0x1F, 0xF0, 0x1F, 0xC0, 0x1F, 0x80, 0x1F, 0x80,
    0x0F, 0x80, 0x0F, 0x80, 0x07, 0x80, 0x03, 0xC0, 0x01, 0xE0, 0x00, 0xF8, 0x00, 0x7C, 0x00, 0x1F,
    0x81, 0xCF, 0xFF, 0xE3, 0xFF, 0xF8, 0xFF, 0xFC, 0x1F, 0xF0, 0x7E, 0x00, 0x07, 0xFE, 0x00, 0x1F,
    0xFF, 0x80, 0xFF, 0xFE, 0x06, 0x3F, 0xF0, 0x00, 0x7F, 0x80, 0x0F, 0xFC, 0x01, 0xFF, 0xC0, 0x1F,
    0xDE, 0x01, 0xF8, 0xFF, 0x9F, 0x83, 0xFE, 0xF8, 0x0F, 0xFF, 0x80, 0x3F, 0x78, 0x00, 0x03, 0xC0,
    0x00, 0x1E, 0x00, 0x00, 0xF8, 0x00, 0x07, 0xC0, 0x00, 0x1F, 0x81, 0xC0, 0xFF, 0xFE, 0x03, 0xFF,
    0xF8, 0x0F, 0xFF, 0xC0, 0x1F, 0xF0, 0x00, 0x7F, 0x00, 0x7F, 0xC0, 0x7F, 0xF0, 0x7F, 0xFE, 0x00,
    0xFE, 0x00, 0x7E, 0x03, 0xFE, 0xFF, 0xF8, 0xFF, 0xE0, 0xFF, 0x80, 0xFE, 0x00, 0x00, 0x00, 0x7F,
    0x00, 0x0F, 0xF8, 0x01, 0xFF, 0xC0, 0x3F, 0xFF, 0x00, 0x0F, 0xE0, 0x00, 0xFC, 0x00, 0xFF, 0x87,
    0xFF, 0xFE, 0xFF, 0xFF, 0xFF, 0xF3, 0xFF, 0xF8, 0x3F, 0x00, 0x00, 0x00, 0x01, 0x80, 0x01, 0xE0,
    0x00, 0xF0, 0x00, 0x78, 0x00, 0x18, 0x00, 0x00, 0x01, 0xF8, 0x01, 0xFF, 0x80, 0x7F, 0xFE, 0x3F,
    0xFF, 0x98, 0xFF, 0xC0, 0x1F, 0xE0, 0x3F, 0xF0, 0x7F, 0xC0, 0x7F, 0x00, 0x7E, 0x00, 0x7E, 0x00,
    0x3E, 0x00, 0x3E, 0x00, 0x1E, 0x00, 0x0F, 0x00, 0x07, 0x80, 0x03, 0xE0, 0x01, 0xF0, 0x00, 0x7E,
    0x07, 0x3F, 0xFF, 0x8F, 0xFF, 0xE3, 0xFF, 0xF0, 0x7F, 0xC0, 0x01, 0x80, 0x00, 0x1E, 0x00, 0x00,
    0xF0, 0x00, 0x07, 0x80, 0x00, 0x18, 0x00, 0x00, 0x00, 0x01, 0xF8, 0x00, 0x1F, 0xF8, 0x00, 0x7F,
    0xFE, 0x03, 0xFF, 0xF8, 0x18, 0xFF, 0xC0, 0x01, 0xFE, 0x00, 0x3F, 0xF0, 0x07, 0xFF, 0x00, 0x7F,
    0x78, 0x07, 0xE3, 0xFE, 0x7E, 0x0F, 0xFB, 0xE0, 0x3F, 0xFE, 0x00, 0xFD, 0xE0, 0x00, 0x0F, 0x00,
    0x00, 0x78, 0x00, 0x03, 0xE0, 0x00, 0x1F, 0x00, 0x00, 0x7E, 0x07, 0x03, 0xFF, 0xF8, 0x0F, 0xFF,
    0xE0, 0x3F, 0xFF, 0x00, 0x7F, 0xC0, 0x00, 0x08, 0x00, 0x3C, 0x00, 0x3E, 0x00, 0x3C, 0x00, 0x18,
    0x00, 0x00, 0x00, 0x00, 0x00, 0x7F, 0x00, 0x7F, 0xC0, 0x7F, 0xF0, 0x7F, 0xFE, 0x00, 0xFE, 0x00,
    0x7E, 0x03, 0xFE, 0xFF, 0xF8, 0xFF, 0xE0, 0xFF, 0x80, 0xFE, 0x00, 0x00, 0x00, 0x08, 0x00, 0x07,
    0x80, 0x00, 0xF0, 0x00, 0x1E, 0x00, 0x01, 0x80, 0x00, 0x00, 0x00, 0x00, 0x00, 0x03, 0xF8, 0x00,
    0x7F, 0xC0, 0x0F, 0xFE, 0x01, 0xFF, 0xF8, 0x00, 0x7F, 0x00, 0x07, 0xE0, 0x07, 0xFC, 0x3F, 0xFF,
    0xF7, 0xFF, 0xFF, 0xFF, 0x9F, 0xFF, 0xC1, 0xF8, 0x00, 0x00, 0x00, 0x01, 0x80, 0x78, 0x07, 0xC0,
    0x3E, 0x03, 0xE0, 0x1F, 0x01, 0xF0, 0x0F, 0x00, 0xF7, 0xFF, 0x7F, 0xF7, 0xFE, 0x7F, 0xC0, 0x60,
    0x01, 0x80, 0x03, 0xC0, 0x01, 0xF0, 0x00, 0x7C, 0x00, 0x3E, 0x00, 0x0F, 0x80, 0x07, 0xC0, 0x01,
    0xE0, 0x00, 0xF8, 0x3F, 0xFF, 0x9F, 0xFF, 0xCF, 0xFF, 0xF7, 0xFD, 0xF0, 0x30, 0x00, 0x04, 0x00,
    0xE0, 0x1F, 0x00, 0xF0, 0x06, 0x00, 0x00, 0x01, 0x80, 0x78, 0x07, 0xC0, 0x3E, 0x03, 0xE0, 0x1F,
    0x01, 0xF0, 0x0F, 0x00, 0xF7, 0xFF, 0x7F, 0xF7, 0xFE, 0x7F, 0xC0, 0x60, 0x04, 0x00, 0x07, 0x00,
    0x07, 0xC0, 0x01, 0xE0, 0x00, 0x60, 0x00, 0x00, 0x00, 0x06, 0x00, 0x0F, 0x00, 0x07, 0xC0, 0x01,
    0xF0, 0x00, 0xF8, 0x00, 0x3E, 0x00, 0x1F, 0x00, 0x07, 0x80, 0x03, 0xE0, 0xFF, 0xFE, 0x7F, 0xFF,
    0x3F, 0xFF, 0xDF, 0xF7, 0xC0, 0xC0, 0x00, 0x01, 0x01, 0xE0, 0xF8, 0x1F, 0x07, 0xC0, 0xF0, 0x3C,
    0x0F, 0x07, 0xC1, 0xF0, 0xF8, 0xFE, 0xFF, 0x3F, 0x87, 0x81, 0x80, 0x01, 0x00, 0x0F, 0x00, 0x3E,
    0x00, 0x3E, 0x00, 0x7C, 0x00, 0x78, 0x00, 0xFF, 0x01, 0xFE, 0x07, 0xFE, 0x0F, 0xF8, 0x3E, 0x01,
    0xFC, 0x0F, 0xF0, 0x1F, 0xC0, 0x3E, 0x00, 0x30, 0x00, 0x03, 0x01, 0xE0, 0x78, 0x1E, 0x03, 0x00,
    0x00, 0x00, 0x04, 0x07, 0x83, 0xE0, 0x7C, 0x1F, 0x03, 0xC0, 0xF0, 0x3C, 0x1F, 0x07, 0xC3, 0xE3,
    0xFB, 0xFC, 0xFE, 0x1E, 0x06, 0x00, 0x02, 0x00, 0x0E, 0x00, 0x3E, 0x00, 0x38, 0x00, 0x70, 0x00,
    0x00, 0x00, 0x00, 0x00, 0x80, 0x07, 0x80, 0x1F, 0x00, 0x1F, 0x00, 0x3E, 0x00, 0x3C, 0x00, 0x7F,
    0x80, 0xFF, 0x03, 0xFF, 0x07, 0xFC, 0x1F, 0x00, 0xFE, 0x07, 0xF8, 0x0F, 0xE0, 0x1F, 0x00, 0x18,
    0x00, 0x00, 0x00, 0x00, 0x00, 0x07, 0x00, 0x00, 0x00, 0x07, 0x80, 0x00, 0x00, 0x03, 0xE0, 0x00,
    0x60, 0x61, 0xF0, 0x00, 0xF8, 0x3C, 0x78, 0x00, 0x3C, 0x3E, 0x3D, 0xE0, 0x1E, 0x1E, 0x1E, 0xF0,
    0x0F, 0x8F, 0x0F, 0x78, 0x07, 0xFF, 0xFF, 0xFC, 0x03, 0xFF, 0xFF, 0xFE, 0x01, 0xFF, 0xFF, 0xDF,
    0x00, 0xFF, 0xDF, 0xCF, 0x80, 0x78, 0x00, 0x03, 0xE0, 0xFC, 0x00, 0x01, 0xFF, 0xFC, 0x00, 0x00,
    0x7F, 0xFE, 0x00, 0x00, 0x1F, 0xFE, 0x00, 0x00, 0x03, 0xFC, 0x00, 0x00, 0x00, 0x00, 0x00, 0x00,
    0x01, 0x00, 0x00, 0x00, 0x00, 0x1E, 0x00, 0x00, 0x30, 0x30, 0x78, 0x00, 0x03, 0xE0, 0xF1, 0xE0,
    0x00, 0x07, 0x87, 0xC7, 0x81, 0xE0, 0x1E, 0x1E, 0x1E, 0x07, 0x80, 0x7C, 0x78, 0x7C, 0x1E, 0x01,
    0xFF, 0xFF, 0xFE, 0xF8, 0x07, 0xFF, 0xFF, 0xFF, 0xE0, 0x1F, 0xFF, 0xFF, 0xFF, 0x80, 0x7F, 0xEF,
    0xEF, 0xFE, 0x01, 0xE0, 0x00, 0x00, 0x7C, 0x1F, 0x80, 0x00, 0x01, 0xFF, 0xFC, 0x00, 0x00, 0x03,
    0xFF, 0xF0, 0x00, 0x00, 0x07, 0xFF, 0x80, 0x00, 0x00, 0x07, 0xF8, 0x00, 0x00, 0x00, 0x00, 0x00,
    0x1C, 0x00, 0x00, 0xF8, 0x00, 0x00, 0xF0, 0x40, 0xE1, 0xE1, 0xE1, 0xE3, 0xE3, 0xC3, 0xC7, 0xC7,
    0x87, 0x87, 0x9F, 0x1F, 0x0F, 0xFF, 0xFF, 0xFF, 0xFF, 0xFF, 0xFB, 0xFF, 0xFF, 0xF7, 0xBF, 0xBF,
    0xC0, 0x00, 0x00, 0x00, 0x00, 0x00, 0x0C, 0x00, 0x00, 0x03, 0xC0, 0x08, 0x1C, 0x3C, 0x01, 0xE1,
    0xE1, 0xE0, 0x1E, 0x1E, 0x1E, 0x01, 0xE1, 0xE1, 0xE0, 0x3E, 0x3E, 0x3E, 0x0F, 0xFF, 0xFF, 0xFE,
    0xFF, 0xFF, 0xFF, 0xFF, 0xFF, 0xFF, 0xFF, 0xF7, 0xF7, 0xF3, 0xE0, 0x00, 0x00, 0x00, 0x00, 0x00,
    0x00, 0x00, 0x00, 0x00, 0x03, 0x80, 0x00, 0x00, 0x03, 0xC0, 0x00, 0x00, 0x00, 0xE0, 0x00, 0x00,
    0x01, 0xD8, 0x00, 0x00, 0x01, 0xFE, 0x00, 0x00, 0x00, 0xFF, 0x00, 0x00, 0x00, 0x33, 0x0E, 0x00,
    0x00, 0x00, 0x0F, 0x00, 0x00, 0x00, 0x07, 0xC0, 0x00, 0xC0, 0xC3, 0xE0, 0x01, 0xF0, 0x78, 0xF0,
    0x00, 0x78, 0x7C, 0x7B, 0xC0, 0x3C, 0x3C, 0x3D, 0xE0, 0x1F, 0x1E, 0x1E, 0xF0, 0x0F, 0xFF, 0xFF,
    0xF8, 0x07, 0xFF, 0xFF, 0xFC, 0x03, 0xFF, 0xFF, 0xBE, 0x01, 0xFF, 0xBF, 0x9F, 0x00, 0xF0, 0x00,
    0x07, 0xC1, 0xF8, 0x00, 0x03, 0xFF, 0xF8, 0x00, 0x00, 0xFF, 0xFC, 0x00, 0x00, 0x3F, 0xFC, 0x00,
    0x00, 0x07, 0xF8, 0x00, 0x00, 0x00, 0x00, 0x00, 0x00, 0x00, 0x00, 0x00, 0x00, 0x1C, 0x00, 0x00,
    0x00, 0x00, 0xF0, 0x00, 0x00, 0x00, 0x01, 0xC0, 0x00, 0x00, 0x00, 0x1D, 0x80, 0x00, 0x00, 0x00,
    0xFF, 0x00, 0x00, 0x00, 0x03, 0xFC, 0x00, 0x00, 0x00, 0x06, 0x60, 0x00, 0x00, 0x00, 0x00, 0x01,
    0x00, 0x00, 0x00, 0x00, 0x1E, 0x00, 0x00, 0x30, 0x30, 0x78, 0x00, 0x03, 0xE0, 0xF1, 0xE0, 0x00,
    0x07, 0x87, 0xC7, 0x81, 0xE0, 0x1E, 0x1E, 0x1E, 0x07, 0x80, 0x7C, 0x78, 0x7C, 0x1E, 0x01, 0xFF,
    0xFF, 0xFE, 0xF8, 0x07, 0xFF, 0xFF, 0xFF, 0xE0, 0x1F, 0xFF, 0xFF, 0xFF, 0x80, 0x7F, 0xEF, 0xEF,
    0xFE, 0x01, 0xE0, 0x00, 0x00, 0x7C, 0x1F, 0x80, 0x00, 0x01, 0xFF, 0xFC, 0x00, 0x00, 0x03, 0xFF,
    0xF0, 0x00, 0x00, 0x07, 0xFF, 0x80, 0x00, 0x00, 0x07, 0xF8, 0x00, 0x00, 0x00, 0x00, 0x00, 0x00,
    0x00, 0x3C, 0x00, 0x00, 0x78, 0x00, 0x00, 0xF0, 0x00, 0x03, 0xF0, 0x00, 0x0F, 0xF0, 0x00, 0x1F,
    0xE0, 0x00, 0x19, 0x8E, 0x00, 0x00, 0x7C, 0x00, 0x00, 0x78, 0x20, 0x70, 0xF0, 0xF0, 0xF1, 0xF1,
    0xE1, 0xE3, 0xE3, 0xC3, 0xC3, 0xCF, 0x8F, 0x87, 0xFF, 0xFF, 0xFF, 0xFF, 0xFF, 0xFD, 0xFF, 0xFF,
    0xFB, 0xDF, 0xDF, 0xE0, 0x00, 0x00, 0x00, 0x00, 0x00, 0x00, 0x00, 0x01, 0xC0, 0x00, 0x00, 0x1E,
    0x00, 0x00, 0x01, 0xC0, 0x00, 0x00, 0x77, 0x00, 0x00, 0x07, 0xF8, 0x00, 0x00, 0x7F, 0x00, 0x00,
    0x03, 0x30, 0x00, 0x00, 0x00, 0x0C, 0x00, 0x00, 0x03, 0xC0, 0x08, 0x1C, 0x3C, 0x01, 0xE1, 0xE1,
    0xE0, 0x1E, 0x1E, 0x1E, 0x01, 0xE1, 0xE1, 0xE0, 0x3E, 0x3E, 0x3E, 0x0F, 0xFF, 0xFF, 0xFE, 0xFF,
    0xFF, 0xFF, 0xFF, 0xFF, 0xFF, 0xFF, 0xF7, 0xF7, 0xF3, 0xE0, 0x00, 0x00, 0x00, 0x00, 0x00, 0x00,
    0x3F, 0x80, 0x00, 0x00, 0x1F, 0xF8, 0x00, 0x0C, 0x07, 0xFF, 0x00, 0x07, 0xC1, 0xFF, 0xF0, 0x00,
    0xF8, 0x7E, 0x3E, 0xF0, 0x0F, 0x1F, 0x03, 0xDE, 0x01, 0xF7, 0xC0, 0xFB, 0xC0, 0x3F, 0xFF, 0xFE,
    0xF8, 0x07, 0xFF, 0xFF, 0xDF, 0x00, 0xFF, 0xFF, 0xF3, 0xE0, 0x1F, 0xFF, 0xF8, 0x7C, 0x03, 0xC3,
    0xF8, 0x07, 0xC1, 0xF8, 0x00, 0x00, 0xFF, 0xFE, 0x00, 0x00, 0x0F, 0xFF, 0xC0, 0x00, 0x00, 0xFF,
    0xF0, 0x00, 0x00, 0x07, 0xF8, 0x00, 0x00, 0x00, 0x00, 0x00, 0x00, 0x3F, 0x80, 0x00, 0x00, 0x01,
    0xFF, 0x80, 0x00, 0x0C, 0x07, 0xFF, 0x00, 0x00, 0x7C, 0x1F, 0xFF, 0x00, 0x00, 0xF8, 0x7E, 0x3E,
    0x0F, 0x00, 0xF1, 0xF0, 0x3C, 0x1E, 0x01, 0xF7, 0xC0, 0xF8, 0x3C, 0x03, 0xFF, 0xFF, 0xFC, 0xF8,
    0x07, 0xFF, 0xFF, 0xFD, 0xF0, 0x0F, 0xFF, 0xFF, 0xFB, 0xE0, 0x1F, 0xFF, 0xFF, 0xF7, 0xC0, 0x3C,
    0x3F, 0x80, 0x07, 0xC1, 0xF8, 0x00, 0x00, 0x0F, 0xFF, 0xE0, 0x00, 0x00, 0x0F, 0xFF, 0xC0, 0x00,
    0x00, 0x0F, 0xFF, 0x00, 0x00, 0x00, 0x07, 0xF8, 0x00, 0x00, 0x00, 0x00, 0x01, 0xF8, 0x00, 0x07,
    0xFC, 0x10, 0x0F, 0xFE, 0x1E, 0x1F, 0xFF, 0x1E, 0x3F, 0x1F, 0x3C, 0x7C, 0x1F, 0x3C, 0xF8, 0x1F,
    0xFF, 0xF1, 0xFE, 0xFF, 0xFF, 0xFE, 0xFF, 0xFF, 0xFC, 0xF7, 0xFF, 0xF0, 0x00, 0xFF, 0x80, 0x00,
    0x01, 0xF8, 0x00, 0x00, 0x7F, 0xC0, 0x10, 0x0F, 0xFE, 0x01, 0xE1, 0xFF, 0xF0, 0x1E, 0x3F, 0x1F,
    0x03, 0xC7, 0xC1, 0xF0, 0x3C, 0xF8, 0x1F, 0x0F, 0xFF, 0x1F, 0xFC, 0xFF, 0xFF, 0xFF, 0xEF, 0xFF,
    0xFF, 0xFE, 0xF7, 0xFF, 0xFF, 0xE0, 0x0F, 0xF8, 0x00, 0x00, 0x00, 0x00, 0x08, 0x00, 0x00, 0x00,
    0x07, 0x80, 0x00, 0x00, 0x00, 0xF8, 0x00, 0x00, 0x00, 0x1E, 0x00, 0x00, 0x00, 0x01, 0x80, 0x00,
    0x00, 0x00, 0x00, 0x00, 0x00, 0x00, 0x00, 0x00, 0x00, 0x00, 0x01, 0xFC, 0x00, 0x00, 0x00, 0xFF,
    0xC0, 0x00, 0x60, 0x3F, 0xF8, 0x00, 0x3E, 0x0F, 0xFF, 0x80, 0x07, 0xC3, 0xF1, 0xF7, 0x80, 0x78,
    0xF8, 0x1E, 0xF0, 0x0F, 0xBE, 0x07, 0xDE, 0x01, 0xFF, 0xFF, 0xF7, 0xC0, 0x3F, 0xFF, 0xFE, 0xF8,
    0x07, 0xFF, 0xFF, 0x9F, 0x00, 0xFF, 0xFF, 0xC3, 0xE0, 0x1E, 0x1F, 0xC0, 0x3E, 0x0F, 0xC0, 0x00,
    0x07, 0xFF, 0xF0, 0x00, 0x00, 0x7F, 0xFE, 0x00, 0x00, 0x07, 0xFF, 0x80, 0x00, 0x00, 0x3F, 0xC0,
    0x00, 0x00, 0x00, 0x00, 0x00, 0x08, 0x00, 0x00, 0x00, 0x00, 0x78, 0x00, 0x00, 0x00, 0x00, 0xF8,
    0x00, 0x00, 0x00, 0x01, 0xE0, 0x00, 0x00, 0x00, 0x01, 0x80, 0x00, 0x00, 0x00, 0x00, 0x00, 0x00,
    0x00, 0x00, 0x00, 0x00, 0x00, 0x00, 0x00, 0x1F, 0xC0, 0x00, 0x00, 0x00, 0xFF, 0xC0, 0x00, 0x06,
    0x03, 0xFF, 0x80, 0x00, 0x3E, 0x0F, 0xFF, 0x80, 0x00, 0x7C, 0x3F, 0x1F, 0x07, 0x80, 0x78, 0xF8,
    0x1E, 0x0F, 0x00, 0xFB, 0xE0, 0x7C, 0x1E, 0x01, 0xFF, 0xFF, 0xFE, 0x7C, 0x03, 0xFF, 0xFF, 0xFE,
    0xF8, 0x07, 0xFF, 0xFF, 0xFD, 0xF0, 0x0F, 0xFF, 0xFF, 0xFB, 0xE0, 0x1E, 0x1F, 0xC0, 0x03, 0xE0,
    0xFC, 0x00, 0x00, 0x07, 0xFF, 0xF0, 0x00, 0x00, 0x07, 0xFF, 0xE0, 0x00, 0x00, 0x07, 0xFF, 0x80,
    0x00, 0x00, 0x03, 0xFC, 0x00, 0x00, 0x00, 0x00, 0x00, 0x40, 0x00, 0x01, 0xE0, 0x00, 0x01, 0xF0,
    0x00, 0x01, 0xE0, 0x00, 0x00, 0xC0, 0x00, 0x00, 0x00, 0x00, 0x00, 0x00, 0x00, 0x01, 0xF8, 0x00,
    0x07, 0xFC, 0x10, 0x0F, 0xFE, 0x1E, 0x1F, 0xFF, 0x1E, 0x3F, 0x1F, 0x3C, 0x7C, 0x1F, 0x3C, 0xF8,
    0x1F, 0xFF, 0xF1, 0xFE, 0xFF, 0xFF, 0xFE, 0xFF, 0xFF, 0xFC, 0xF7, 0xFF, 0xF0, 0x00, 0xFF, 0x80,
    0x00, 0x00, 0x40, 0x00, 0x00, 0x1E, 0x00, 0x00, 0x01, 0xF0, 0x00, 0x00, 0x1E, 0x00, 0x00, 0x00,
    0xC0, 0x00, 0x00, 0x00, 0x00, 0x00, 0x00, 0x00, 0x00, 0x00, 0x1F, 0x80, 0x00, 0x07, 0xFC, 0x01,
    0x00, 0xFF, 0xE0, 0x1E, 0x1F, 0xFF, 0x01, 0xE3, 0xF1, 0xF0, 0x3C, 0x7C, 0x1F, 0x03, 0xCF, 0x81,
    0xF0, 0xFF, 0xF1, 0xFF, 0xCF, 0xFF, 0xFF, 0xFE, 0xFF, 0xFF, 0xFF, 0xEF, 0x7F, 0xFF, 0xFE, 0x00,
    0xFF, 0x80, 0x00, 0x07, 0x00, 0x00, 0x7C, 0x00, 0x03, 0xE0, 0x00, 0x0F, 0x00, 0x00, 0x78, 0x00,
    0x03, 0xC0, 0x00, 0x1E, 0x00, 0x00, 0xF0, 0x00, 0x07, 0x9F, 0xC0, 0x3D, 0xFF, 0x01, 0xFF, 0xFC,
    0x0F, 0xFF, 0xE0, 0x7F, 0x0F, 0x03, 0xF0, 0x78, 0x1F, 0x03, 0xCF, 0xFF, 0xFE, 0xFF, 0xFF, 0xE7,
    0xFF, 0xFE, 0x3F, 0xFF, 0xE0, 0x3F, 0xF0, 0x00, 0x07, 0x00, 0x00, 0x0F, 0x80, 0x00, 0x0F, 0x80,
    0x00, 0x07, 0x80, 0x00, 0x07, 0x80, 0x00, 0x07, 0x80, 0x00, 0x07, 0x80, 0x00, 0x07, 0x80, 0x00,
    0x07, 0x9F, 0xC0, 0x07, 0xBF, 0xE0, 0x07, 0xFF, 0xF0, 0x07, 0xFF, 0xF0, 0x07, 0xF0, 0xF0, 0x07,
    0xE0, 0xF0, 0x07, 0xC0, 0xF0, 0x7F, 0xFF, 0xFE, 0xFF, 0xFF, 0xFF, 0xFF, 0xFF, 0xFF, 0xFF, 0xFF,
    0xFF, 0x1F, 0xF8, 0x00, 0x3C, 0x00, 0x0F, 0x00, 0x03, 0xC0, 0x00, 0xF0, 0x00, 0x3C, 0x00, 0x0F,
    0x00, 0x03, 0xC0, 0x00, 0xF0, 0x60, 0x3C, 0xFF, 0x0F, 0x7F, 0xE3, 0xFF, 0xF8, 0xFF, 0xFF, 0x3F,
    0x87, 0xCF, 0xC1, 0xF3, 0xE0, 0xFF, 0xFF, 0xFE, 0xFF, 0xFF, 0xBF, 0xFF, 0x8F, 0xFF, 0x83, 0xF0,
    0x00, 0x3C, 0x00, 0x00, 0xF0, 0x00, 0x03, 0xC0, 0x00, 0x0F, 0x00, 0x00, 0x3C, 0x00, 0x00, 0xF0,
    0x00, 0x03, 0xC0, 0x00, 0x0F, 0x06, 0x00, 0x3C, 0xFF, 0x00, 0xF7, 0xFE, 0x03, 0xFF, 0xF8, 0x0F,
    0xFF, 0xF0, 0x3F, 0x87, 0xC0, 0xFC, 0x1F, 0x03, 0xE0, 0xFC, 0x3F, 0xFF, 0xFC, 0xFF, 0xFF, 0xFB,
    0xFF, 0xFF, 0xEF, 0xFF, 0xBF, 0xBF, 0x00, 0x00, 0x07, 0x00, 0x00, 0x7C, 0x18, 0x03, 0xE1, 0xE0,
    0x0F, 0x0F, 0x00, 0x78, 0x78, 0x03, 0xC1, 0x80, 0x1E, 0x00, 0x00, 0xF0, 0x00, 0x07, 0x9F, 0xC0,
    0x3D, 0xFF, 0x01, 0xFF, 0xFC, 0x0F, 0xFF, 0xE0, 0x7F, 0x0F, 0x03, 0xF0, 0x78, 0x1F, 0x03, 0xCF,
    0xFF, 0xFE, 0xFF, 0xFF, 0xE7, 0xFF, 0xFE, 0x3F, 0xFF, 0xE0, 0x3F, 0xF0, 0x00, 0x07, 0x00, 0x00,
    0x0F, 0x82, 0x00, 0x0F, 0x8F, 0x00, 0x07, 0x8F, 0x80, 0x07, 0x8F, 0x00, 0x07, 0x86, 0x00, 0x07,
    0x80, 0x00, 0x07, 0x80, 0x00, 0x07, 0x9F, 0xC0, 0x07, 0xBF, 0xE0, 0x07, 0xFF, 0xF0, 0x07, 0xFF,
    0xF0, 0x07, 0xF0, 0xF0, 0x07, 0xE0, 0xF0, 0x07, 0xC0, 0xF0, 0x7F, 0xFF, 0xFE, 0xFF, 0xFF, 0xFF,
    0xFF, 0xFF, 0xFF, 0xFF, 0xFF, 0xFF, 0x1F, 0xF8, 0x00, 0x3C, 0x00, 0x0F, 0x04, 0x03, 0xC3, 0x80,
    0xF1, 0xF0, 0x3C, 0x78, 0x0F, 0x0C, 0x03, 0xC0, 0x00, 0xF0, 0x60, 0x3C, 0xFF, 0x0F, 0x7F, 0xE3,
    0xFF, 0xF8, 0xFF, 0xFF, 0x3F, 0x87, 0xCF, 0xC1, 0xF3, 0xE0, 0xFF, 0xFF, 0xFE, 0xFF, 0xFF, 0xBF,
    0xFF, 0x8F, 0xFF, 0x83, 0xF0, 0x00, 0x3C, 0x00, 0x00, 0xF0, 0x40, 0x03, 0xC3, 0x80, 0x0F, 0x1F,
    0x00, 0x3C, 0x78, 0x00, 0xF0, 0xC0, 0x03, 0xC0, 0x00, 0x0F, 0x06, 0x00, 0x3C, 0xFF, 0x00, 0xF7,
    0xFE, 0x03, 0xFF, 0xF8, 0x0F, 0xFF, 0xF0, 0x3F, 0x87, 0xC0, 0xFC, 0x1F, 0x03, 0xE0, 0xFC, 0x3F,
    0xFF, 0xFC, 0xFF, 0xFF, 0xFB, 0xFF, 0xFF, 0xEF, 0xFF, 0xBF, 0xBF, 0x00, 0x00, 0x0F, 0xC0, 0x1F,
    0xE0, 0x1F, 0xF0, 0x0F, 0xF8, 0x07, 0x80, 0x03, 0xC0, 0x01, 0xE0, 0xC0, 0xFF, 0xE0, 0x3F, 0xF8,
    0x0F, 0xFC, 0x0F, 0xF8, 0x07, 0xE0, 0x07, 0xC0, 0x03, 0xC0, 0x03, 0xE0, 0x01, 0xE0, 0x00, 0xF0,
    0x00, 0x78, 0x00, 0x3E, 0x00, 0x0F, 0xC0, 0xE7, 0xFF, 0xF1, 0xFF, 0xF8, 0x7F, 0xFC, 0x0F, 0xF8,
    0x07, 0xE0, 0x0F, 0xF8, 0x0F, 0xFE, 0x07, 0xFF, 0x03, 0xC7, 0x81, 0xF3, 0xC0, 0x7F, 0xE0, 0x1F,
    0xE0, 0x07, 0xFF, 0x07, 0xFF, 0x8F, 0xFF, 0xEF, 0xFF, 0xE7, 0xC0, 0x07, 0xC0, 0x03, 0xC0, 0x01,
    0xE0, 0x00, 0xF0, 0x00, 0x7E, 0x0E, 0x3F, 0xFF, 0x0F, 0xFF, 0xC3, 0xFF, 0xE0, 0x7F, 0x80, 0x03,
    0xC0, 0x7F, 0x07, 0xF8, 0x7F, 0xC3, 0xE4, 0x1E, 0x00, 0xF0, 0x07, 0x86, 0x3F, 0xFF, 0xFF, 0xFF,
    0xFF, 0xFF, 0xEF, 0xF8, 0x00, 0x00, 0x03, 0xF0, 0x07, 0xFC, 0x07, 0xFF, 0x07, 0xFF, 0x83, 0xE3,
    0xC1, 0xFB, 0xE0, 0x7F, 0xE0, 0x1F, 0xF0, 0x7F, 0xFF, 0x3F, 0xFF, 0xDF, 0xFF, 0xEF, 0xCF, 0xF0,
    0x00, 0x00, 0x03, 0x00, 0x03, 0xC0, 0x01, 0xE0, 0x00, 0xF0, 0x00, 0x30, 0x00, 0x00, 0x00, 0x00,
    0x00, 0x1F, 0x80, 0x3F, 0xC0, 0x3F, 0xE0, 0x1F, 0xF0, 0x0F, 0x00, 0x07, 0x80, 0x03, 0xC1, 0x81,
    0xFF, 0xC0, 0x7F, 0xF0, 0x1F, 0xF8, 0x1F, 0xF0, 0x0F, 0xC0, 0x0F, 0x80, 0x07, 0x80, 0x07, 0xC0,
    0x03, 0xC0, 0x01, 0xE0, 0x00, 0xF0, 0x00, 0x7C, 0x00, 0x1F, 0x81, 0xCF, 0xFF, 0xE3, 0xFF, 0xF0,
    0xFF, 0xF8, 0x1F, 0xF0, 0x01, 0x80, 0x01, 0xE0, 0x00, 0xF0, 0x00, 0x78, 0x00, 0x18, 0x00, 0x00,
    0x00, 0x1F, 0x80, 0x3F, 0xE0, 0x3F, 0xF8, 0x1F, 0xFC, 0x0F, 0x1E, 0x07, 0xCF, 0x01, 0xFF, 0x80,
    0x7F, 0x80, 0x1F, 0xFC, 0x1F, 0xFE, 0x3F, 0xFF, 0xBF, 0xFF, 0x9F, 0x00, 0x1F, 0x00, 0x0F, 0x00,
    0x07, 0x80, 0x03, 0xC0, 0x01, 0xF8, 0x38, 0xFF, 0xFC, 0x3F, 0xFF, 0x0F, 0xFF, 0x81, 0xFE, 0x00,
    0x03, 0x00, 0x3C, 0x01, 0xE0, 0x0F, 0x00, 0x30, 0x00, 0x00, 0x0F, 0x01, 0xFC, 0x1F, 0xE1, 0xFF,
    0x0F, 0x90, 0x78, 0x03, 0xC0, 0x1E, 0x18, 0xFF, 0xFF, 0xFF, 0xFF, 0xFF, 0xFF, 0xBF, 0xE0, 0x00,
    0x00, 0x00, 0x80, 0x00, 0xE0, 0x00, 0xF8, 0x00, 0x78, 0x00, 0x18, 0x00, 0x00, 0x00, 0x0F, 0xC0,
    0x1F, 0xF0, 0x1F, 0xFC, 0x1F, 0xFE, 0x0F, 0x8F, 0x07, 0xEF, 0x81, 0xFF, 0x80, 0x7F, 0xC1, 0xFF,
    0xFC, 0xFF, 0xFF, 0x7F, 0xFF, 0xBF, 0x3F, 0xC0, 0x00, 0x00, 0x00, 0x00, 0x10, 0x00, 0x00, 0x1C,
    0x00, 0x00, 0x1F, 0x00, 0x00, 0x07, 0x80, 0x00, 0x01, 0x80, 0x00, 0x00, 0x00, 0x00, 0x00, 0xE0,
    0x00, 0x01, 0xFC, 0x00, 0x01, 0xFF, 0x00, 0x00, 0xFF, 0x80, 0x00, 0xFB, 0xEE, 0x00, 0x78, 0xF7,
    0x80, 0x3E, 0x7B, 0xC0, 0x1F, 0xFD, 0xE0, 0x0F, 0xFF, 0xF0, 0x03, 0xFF, 0xF8, 0x00, 0x7F, 0xBF,
    0x80, 0x3F, 0x9F, 0xFF, 0xFF, 0xC7, 0xFF, 0xFF, 0xC1, 0xFF, 0xFF, 0xC0, 0x1F, 0xFF, 0x00, 0x00,
    0x00, 0x04, 0x00, 0x00, 0x00, 0x38, 0x00, 0x00, 0x01, 0xF0, 0x00, 0x00, 0x07, 0x80, 0x00, 0x00,
    0x0C, 0x00, 0x00, 0x00, 0x00, 0x00, 0x00, 0x00, 0x00, 0x00, 0x00, 0x07, 0xC0, 0x00, 0x00, 0x3F,
    0x81, 0xC0, 0x01, 0xFF, 0x07, 0x80, 0x0F, 0xFC, 0x1E, 0x00, 0x3C, 0xF8, 0x78, 0x00, 0xF1, 0xE3,
    0xE0, 0x03, 0xCF, 0x8F, 0x80, 0x0F, 0xFC, 0x1F, 0xC0, 0x7F, 0xFE, 0x7F, 0xFF, 0xFF, 0xFC, 0xFF,
    0xFF, 0xFF, 0xF1, 0xFF, 0xFF, 0xFF, 0xC0, 0xFF, 0xE0, 0x00, 0x02, 0x00, 0x70, 0x0F, 0x80, 0x78,
    0x03, 0x00, 0x00, 0x07, 0x81, 0xFC, 0x3F, 0xE3, 0xFE, 0x7D, 0xF7, 0x8F, 0x7C, 0xF7, 0xFF, 0x7F,
    0xF3, 0xFF, 0x0F, 0xFF, 0xFE, 0xFF, 0xEF, 0xFC, 0xFF, 0x08, 0x00, 0x03, 0x00, 0x07, 0x80, 0x07,
    0x80, 0x07, 0x80, 0x03, 0x00, 0x00, 0x00, 0x00, 0x00, 0x0F, 0xC0, 0x1F, 0xE0, 0x3F, 0xE0, 0x3F,
    0xF0, 0x7C, 0xF0, 0x78, 0xF0, 0x7D, 0xF0, 0x3F, 0xF0, 0xFF, 0xFE, 0xFF, 0xFE, 0xFF, 0xFF, 0xFF,
    0xFE, 0x00, 0x00, 0x00, 0x00, 0x00, 0x01, 0xDE, 0x00, 0x1F, 0xE0, 0x01, 0xFE, 0x00, 0x0C, 0xC0,
    0x00, 0x00, 0x00, 0x03, 0x00, 0x00, 0xFC, 0x00, 0x1F, 0xE0, 0x03, 0xFE, 0x00, 0x3F, 0xF7, 0x87,
    0xCF, 0x78, 0x7C, 0xF7, 0x87, 0xFF, 0xF8, 0x3F, 0xFF, 0x83, 0xFF, 0xF8, 0x1F, 0xFF, 0x80, 0x1F,
    0x7E, 0x07, 0xE7, 0xFF, 0xFC, 0x3F, 0xFF, 0xC1, 0xFF, 0xF0, 0x07, 0xFC, 0x00, 0x00, 0x00, 0x00,
    0x00, 0x1D, 0xE0, 0x00, 0x3F, 0xE0, 0x00, 0x1D, 0xE0, 0x00, 0x0C, 0xC0, 0x00, 0x00, 0x00, 0x00,
    0x07, 0x80, 0x00, 0x1F, 0xC0, 0x00, 0x3F, 0xE0, 0x00, 0x3F, 0xF0, 0x00, 0x3D, 0xF0, 0x70, 0x78,
    0xF0, 0x78, 0x7F, 0xFE, 0x78, 0x3F, 0xFF, 0xF8, 0x3F, 0xFF, 0xF8, 0x1F, 0xFE, 0xF8, 0x01, 0xF8,
    0xF8, 0x03, 0xE0, 0x7E, 0x0F, 0xE0, 0x7F, 0xFF, 0xC0, 0x3F, 0xFF, 0x80, 0x1F, 0xFF, 0x00, 0x07,
    0xFC, 0x00, 0x00, 0x01, 0xDC, 0x3D, 0xE1, 0xDE, 0x18, 0xC0, 0x00, 0x07, 0x81, 0xFC, 0x3F, 0xE3,
    0xFE, 0x7D, 0xF7, 0x8F, 0x7C, 0xF7, 0xFF, 0x7F, 0xF3, 0xFF, 0x0F, 0xFF, 0xFE, 0xFF, 0xEF, 0xFC,
    0xFF, 0x08, 0x00, 0x00, 0x00, 0x1D, 0xE0, 0x1F, 0xE0, 0x1F, 0xE0, 0x0C, 0xC0, 0x00, 0x00, 0x00,
    0x00, 0x0F, 0xC0, 0x1F, 0xE0, 0x3F, 0xE0, 0x3F, 0xF0, 0x7C, 0xF0, 0x78, 0xF0, 0x7D, 0xF0, 0x3F,
    0xF0, 0xFF, 0xFE, 0xFF, 0xFE, 0xFF, 0xFF, 0xFF, 0xFE, 0x00, 0x00, 0x00, 0x00, 0x3C, 0x00, 0x00,
    0x78, 0x00, 0x00, 0xF0, 0x00, 0x01, 0xE0, 0x00, 0xC3, 0xC0, 0x07, 0xC7, 0x80, 0x0F, 0x8F, 0x00,
    0x3C, 0x1E, 0x00, 0x3C, 0x3C, 0xE0, 0x38, 0x79, 0xE0, 0xF8, 0xF3, 0xC7, 0xE1, 0xE7, 0x87, 0x83,
    0xDF, 0x0C, 0x07, 0xBE, 0x00, 0x0F, 0x3F, 0x80, 0xFE, 0x7F, 0xFF, 0xFC, 0x7F, 0xFF, 0xF0, 0x7F,
    0xFF, 0xC0, 0x1F, 0xFC, 0x00, 0x00, 0x00, 0x3C, 0x00, 0x00, 0x07, 0x80, 0x00, 0x00, 0xF0, 0x00,
    0x00, 0x1E, 0x00, 0x00, 0xC3, 0xC0, 0x00, 0x7C, 0x78, 0x00, 0x0F, 0x8F, 0x00, 0x03, 0xC1, 0xE0,
    0x00, 0x3C, 0x3C, 0x0E, 0x03, 0x87, 0x81, 0xE0, 0xF8, 0xF0, 0x3C, 0x7E, 0x1E, 0x07, 0x87, 0x83,
    0xC1, 0xF0, 0xC0, 0x7C, 0x3E, 0x00, 0x0F, 0x83, 0xF8, 0x0F, 0xFE, 0x7F, 0xFF, 0xFF, 0xE7, 0xFF,
    0xFF, 0xFC, 0x7F, 0xFF, 0xDF, 0x01, 0xFF, 0xC0, 0x00, 0x00, 0xE0, 0x3E, 0x0F, 0xF1, 0xFF, 0x7F,
    0xCF, 0xE0, 0xF8, 0x0F, 0xC0, 0x7E, 0x03, 0xF0, 0x1F, 0x80, 0xF8, 0x07, 0xC0, 0x7C, 0xFF, 0xCF,
    0xFC, 0xFF, 0x8F, 0xF0, 0xE0, 0x00, 0x00, 0x60, 0x07, 0xC0, 0x3F, 0xC0, 0xFF, 0x87, 0xFC, 0x1F,
    0xC0, 0x3E, 0x00, 0x7E, 0x00, 0x7E, 0x00, 0x7E, 0x00, 0x7E, 0x00, 0x7C, 0x00, 0x7C, 0x00, 0xFC,
    0x3F, 0xFF, 0x7F, 0xFF, 0xFF, 0xFF, 0xFE, 0xFF, 0x80, 0x00, 0x00, 0x07, 0x80, 0x01, 0xE0, 0x00,
    0x78, 0x00, 0x1E, 0x00, 0x07, 0x80, 0x01, 0xE0, 0x00, 0x78, 0x00, 0x1E, 0x00, 0x07, 0x80, 0x01,
    0xE0, 0x00, 0x78, 0x00, 0x1E, 0x00, 0x07, 0xDE, 0x01, 0xF7, 0x80, 0x7D, 0xE0, 0x1F, 0xF8, 0x07,
    0xBE, 0x01, 0xEF, 0x80, 0x7B, 0xE0, 0x3E, 0x7C, 0x1F, 0x1F, 0xFF, 0xC3, 0xFF, 0xE0, 0x7F, 0xF0,
    0x07, 0xF0, 0x00, 0x00, 0x07, 0x80, 0x00, 0x1E, 0x00, 0x00, 0x78, 0x00, 0x01, 0xE0, 0x00, 0x07,
    0x80, 0x00, 0x1E, 0x00, 0x00, 0x78, 0x00, 0x01, 0xE0, 0x00, 0x07, 0x80, 0x00, 0x1E, 0x00, 0x00,
    0x78, 0x00, 0x01, 0xE0, 0x00, 0x07, 0x81, 0xE0, 0x1F, 0x07, 0x80, 0x7C, 0x1E, 0x01, 0xFE, 0xF8,
    0x07, 0xFF, 0xE0, 0x1F, 0xFF, 0x80, 0x7F, 0xFE, 0x01, 0xE0, 0x7C, 0x1F, 0x81, 0xFF, 0xFC, 0x03,
    0xFF, 0xF0, 0x07, 0xFF, 0x80, 0x07, 0xF8, 0x00, 0x3C, 0x78, 0xF1, 0xE3, 0xC7, 0x8F, 0x1E, 0x3C,
    0x78, 0xF1, 0xE3, 0xC7, 0xCF, 0x7E, 0xFD, 0xFB, 0xE0, 0x00, 0x3C, 0x07, 0x80, 0xF0, 0x1E, 0x03,
    0xC0, 0x78, 0x0F, 0x01, 0xE0, 0x3C, 0x07, 0x80, 0xF0, 0x1E, 0x03, 0xE0, 0x7C, 0x0F, 0x87, 0xFE,
    0xFF, 0xFF, 0xFF, 0xDF, 0x80, 0x00, 0x00, 0x00, 0x7E, 0x07, 0xF8, 0x7F, 0xE7, 0xFF, 0x9C, 0x7C,
    0x21, 0xE0, 0xFF, 0x1F, 0xFB, 0xFF, 0xDF, 0xFF, 0xF8, 0x6F, 0x80, 0x78, 0x03, 0xC0, 0x1E, 0x00,
    0xF0, 0x07, 0xC0, 0x1E, 0x00, 0xF0, 0x07, 0x80, 0x3C, 0x00, 0x00, 0xF0, 0x00, 0x7F, 0x00, 0x3F,
    0xE0, 0x0F, 0xFE, 0x03, 0xFB, 0xC0, 0x7C, 0x78, 0x1F, 0xC7, 0x83, 0xFF, 0xFE, 0xFF, 0xFF, 0xFE,
    0xFF, 0xFF, 0xCF, 0xFF, 0xF8, 0x78, 0x0F, 0x00, 0x01, 0xE0, 0x00, 0x3E, 0x00, 0x07, 0xC0, 0x00,
    0x78, 0x00, 0x0F, 0x00, 0x01, 0xE0, 0x00, 0x3E, 0x00, 0x03, 0x80, 0x00, 0x01, 0xC0, 0x1F, 0x80,
    0xFF, 0x07, 0xFE, 0x1F, 0xF8, 0xF9, 0xF3, 0xC7, 0xFF, 0xFF, 0xFF, 0xFB, 0xFF, 0xEF, 0x7F, 0x00,
    0x00, 0x01, 0xC0, 0x01, 0xF8, 0x00, 0xFF, 0x00, 0x7F, 0xE0, 0x1E, 0xF8, 0x0F, 0x1F, 0x07, 0xE7,
    0xC3, 0xFD, 0xFE, 0xFF, 0xFF, 0xFF, 0xFF, 0xFE, 0x7F, 0xFC, 0x07, 0x80, 0x00, 0xC0, 0x00, 0x78,
    0x00, 0x1E, 0x00, 0x07, 0x80, 0x00, 0xC0, 0x00, 0x00, 0x00, 0x00, 0x70, 0x00, 0x3E, 0x00, 0x0F,
    0x9E, 0x01, 0xE7, 0x80, 0x79, 0xE0, 0x1F, 0xF8, 0x07, 0xFE, 0x01, 0xFF, 0x80, 0x7B, 0xE0, 0x1E,
    0x7C, 0x1F, 0x9F, 0xFF, 0xC3, 0xFF, 0xE0, 0x7F, 0xF0, 0x07, 0xF0, 0x00, 0x00, 0xC0, 0x00, 0x03,
    0xC0, 0x00, 0x07, 0x80, 0x00, 0x0F, 0x00, 0x00, 0x0C, 0x00, 0x00, 0x00, 0x00, 0x00, 0x00, 0xC0,
    0x00, 0x07, 0xC0, 0x00, 0x07, 0x80, 0xF0, 0x0F, 0x01, 0xE0, 0x1F, 0x03, 0xC0, 0x3F, 0xCF, 0x80,
    0x7F, 0xDF, 0x00, 0xFF, 0xBE, 0x01, 0xFF, 0x7C, 0x03, 0xC0, 0x7C, 0x1F, 0x80, 0xFF, 0xFE, 0x00,
    0xFF, 0xFC, 0x00, 0xFF, 0xF0, 0x00, 0x7F, 0x80, 0x00, 0x10, 0x71, 0xF1, 0xE1, 0x80, 0x07, 0x1E,
    0x3C, 0x7C, 0xF8, 0xF1, 0xE3, 0xFF, 0xFF, 0xFD, 0xF0, 0x00, 0x0C, 0x01, 0xE0, 0x1E, 0x01, 0xE0,
    0x0C, 0x00, 0x00, 0x00, 0x01, 0xE0, 0x1E, 0x01, 0xE0, 0x1E, 0x03, 0xE0, 0xFF, 0xEF, 0xFF, 0xFF,
    0xFF, 0x7F, 0x00, 0x00, 0x0C, 0x01, 0xC0, 0x7C, 0x1F, 0xC1, 0xFC, 0x7F, 0x9F, 0xFB, 0xCF, 0xF9,
    0xFF, 0x3F, 0xFF, 0xBF, 0xF7, 0xFC, 0x7F, 0x00, 0x00, 0x01, 0xE0, 0x01, 0xF0, 0x07, 0xF0, 0x1F,
    0xF0, 0x3F, 0xF0, 0x7F, 0xF0, 0x7D, 0xF0, 0xF8, 0xF0, 0xF8, 0xF0, 0xFF, 0xF0, 0x7F, 0xF0, 0x7F,
    0xFE, 0x3F, 0xFF, 0x02, 0x7F, 0x00, 0x3F, 0x00, 0x00, 0x0C, 0x00, 0x0F, 0x00, 0x1F, 0x80, 0x1F,
    0xC0, 0x3F, 0xE0, 0x3F, 0xF8, 0x79, 0xFC, 0x79, 0xFC, 0x7F, 0xFE, 0x3F, 0xDE, 0xFF, 0xDE, 0xFF,
    0xFE, 0xFF, 0xFE, 0xFF, 0xFC, 0x00, 0x60, 0x03, 0xE0, 0x07, 0xF0, 0x03, 0xFC, 0x03, 0xFE, 0x01,
    0xEF, 0x01, 0xF7, 0x80, 0xF3, 0xC0, 0x7B, 0xE0, 0xFF, 0xFF, 0x7F, 0xFF, 0xBF, 0xFF, 0xFF, 0xFF,
    0xE3, 0xC7, 0xC1, 0xF3, 0xE0, 0xFF, 0xE0, 0x3F, 0xF0, 0x0F, 0xF0, 0x01, 0xF0, 0x00, 0x00, 0x00,
    0xF8, 0x1F, 0xC3, 0xFE, 0x7F, 0xE7, 0x9E, 0x79, 0xF7, 0xFF, 0x7F, 0xF7, 0xFF, 0x3F, 0xE0, 0x3E,
    0x1F, 0xEF, 0xFC, 0x7F, 0x87, 0xE0, 0x78, 0x00, 0x00, 0x00, 0x0F, 0x80, 0x1F, 0xC0, 0x3F, 0xE0,
    0x7F, 0xE0, 0x79, 0xE0, 0x79, 0xF0, 0x7F, 0xFC, 0x7F, 0xFE, 0x7F, 0xFE, 0x3F, 0xFE, 0x03, 0xF8,
    0x1F, 0xE0, 0xFF, 0xC0, 0x7F, 0x80, 0x7E, 0x00, 0x78, 0x00, 0x00, 0x07, 0xF0, 0x00, 0x7F, 0x80,
    0x07, 0xFC, 0x00, 0x7F, 0xC0, 0x03, 0xC0, 0x00, 0x3E, 0x01, 0xE1, 0xE0, 0x0F, 0x0F, 0xC0, 0x78,
    0x3F, 0x87, 0xC0, 0xFF, 0x3E, 0x03, 0xF9, 0xF0, 0x03, 0xCF, 0x80, 0x3E, 0x3F, 0x07, 0xF1, 0xFF,
    0xFF, 0x07, 0xFF, 0xF0, 0x1F, 0xFF, 0x00, 0x3F, 0xC0, 0x00, 0x00, 0x00, 0x01, 0xE0, 0x00, 0x07,
    0x80, 0x70, 0x1E, 0x01, 0xFE, 0xF8, 0x0F, 0xFF, 0xE0, 0x3F, 0xFF, 0x80, 0x3F, 0xFE, 0x00, 0x7C,
    0x7E, 0x03, 0xE1, 0xFF, 0xFF, 0x83, 0xFF, 0xFC, 0x07, 0xFF, 0xE0, 0x07, 0xFC, 0x00, 0x00, 0x07,
    0xF0, 0x00, 0x7F, 0x80, 0x07, 0xFC, 0x00, 0x7F, 0xC0, 0x03, 0xC0, 0x00, 0x3E, 0x01, 0xE1, 0xE0,
    0x0F, 0x0F, 0xC0, 0x78, 0x3F, 0x87, 0xC0, 0xFF, 0x3E, 0x03, 0xF9, 0xF0, 0x03, 0xCF, 0x80, 0x3E,
    0x3F, 0x07, 0xF1, 0xFF, 0xFF, 0x07, 0xFF, 0xF0, 0x1F, 0xFF, 0x00, 0x3F, 0xC0, 0x00, 0x00, 0x00,
    0x00, 0x00, 0x00, 0x73, 0x80, 0x03, 0xFC, 0x00, 0x1F, 0xE0, 0x00, 0xE7, 0x00, 0x00, 0x00, 0x01,
    0xE0, 0x00, 0x07, 0x80, 0x70, 0x1E, 0x01, 0xFE, 0xF8, 0x0F, 0xFF, 0xE0, 0x3F, 0xFF, 0x80, 0x3F,
    0xFE, 0x00, 0x7C, 0x7E, 0x03, 0xE1, 0xFF, 0xFF, 0x83, 0xFF, 0xFC, 0x07, 0xFF, 0xE0, 0x07, 0xFC,
    0x00, 0x00, 0x00, 0x00, 0x00, 0x00, 0x00, 0xEE, 0x00, 0x07, 0xBC, 0x00, 0x1E, 0xF0, 0x00, 0x3B,
    0x80, 0x00, 0x0E, 0x3E, 0x1E, 0x1E, 0x1F, 0x1F, 0x0F, 0x1F, 0xFF, 0xFE, 0xFE, 0xF8, 0x00, 0x00,
    0xE7, 0xFF, 0xFF, 0xE7, 0x0E, 0x00, 0x78, 0x07, 0xC0, 0x3E, 0x01, 0xF0, 0x7F, 0xFB, 0xFF, 0xDF,
    0xFF, 0xF3, 0xF0, 0x00, 0x00, 0x00, 0xE6, 0x07, 0xF8, 0x3F, 0xC1, 0xDC, 0x00, 0x00, 0x00, 0x3F,
    0xC0, 0x3F, 0xE1, 0x8D, 0xF3, 0xC0, 0x01, 0xE0, 0x00, 0xF8, 0x38, 0x7C, 0x3E, 0x3E, 0x1F, 0xDF,
    0x07, 0xFF, 0x00, 0xFF, 0x80, 0x3F, 0xC0, 0x0F, 0xE0, 0x03, 0xF0, 0x03, 0xFC, 0x03, 0xFE, 0x03,
    0xE7, 0x83, 0xFF, 0xC1, 0xFF, 0xE0, 0xFF, 0xE0, 0x7F, 0xE0, 0x00, 0x00, 0x07, 0xF8, 0x00, 0x7F,
    0xFC, 0x06, 0xFB, 0xC0, 0x00, 0x3E, 0x00, 0x03, 0xE0, 0x30, 0x3E, 0x07, 0x83, 0xE0, 0x7C, 0x3E,
    0x03, 0xE3, 0xE0, 0x1F, 0x3E, 0x00, 0xFB, 0xE0, 0x07, 0xFE, 0x00, 0x7F, 0xE0, 0x03, 0xFE, 0x00,
    0x1F, 0xE0, 0x01, 0xFE, 0x07, 0xFF, 0xFC, 0x7F, 0xFF, 0xE7, 0xFD, 0xFE, 0x7F, 0x8F, 0xE0, 0x00,
    0x00, 0x78, 0x01, 0xF0, 0x03, 0x80, 0x07, 0x40, 0x0F, 0xC1, 0x9F, 0x8F, 0x38, 0x1E, 0x00, 0x3E,
    0x38, 0x7C, 0xF8, 0xF9, 0xFD, 0xF1, 0xFF, 0xC0, 0xFF, 0x80, 0xFF, 0x00, 0xFE, 0x00, 0xFC, 0x03,
    0xFC, 0x0F, 0xF8, 0x3E, 0x78, 0xFF, 0xF1, 0xFF, 0xE3, 0xFF, 0x87, 0xFE, 0x00, 0x3C, 0x00, 0x0F,
    0x80, 0x01, 0xC0, 0x00, 0x3A, 0x00, 0x03, 0xE7, 0x80, 0xFC, 0xF0, 0x1C, 0x1F, 0x00, 0x03, 0xE0,
    0x60, 0x7C, 0x1E, 0x0F, 0x83, 0xE1, 0xF0, 0x3E, 0x3E, 0x03, 0xE7, 0xC0, 0x3E, 0xF8, 0x03, 0xFF,
    0x00, 0x7F, 0xE0, 0x07, 0xFC, 0x00, 0x7F, 0x80, 0x0F, 0xF0, 0x7F, 0xFF, 0xCF, 0xFF, 0xFD, 0xFF,
    0x7F, 0xBF, 0xC7, 0xF0, 0x00, 0x00, 0x00, 0x30, 0x03, 0xC0, 0x0F, 0x00, 0x3E, 0x70, 0xFB, 0xE3,
    0xEF, 0xEF, 0x9F, 0xFC, 0x1F, 0xF0, 0x3F, 0xC0, 0x7F, 0x00, 0xFC, 0x07, 0xF8, 0x3F, 0xE1, 0xF3,
    0xCF, 0xFF, 0x3F, 0xFC, 0xFF, 0xE3, 0xFF, 0x00, 0x00, 0x1C, 0x00, 0xF0, 0x03, 0x80, 0x0E, 0x80,
    0x3E, 0x00, 0xF8, 0x03, 0x80, 0x00, 0x00, 0x78, 0x00, 0x0F, 0x00, 0x01, 0xF0, 0x00, 0x3E, 0x06,
    0x07, 0xC1, 0xE0, 0xF8, 0x3E, 0x1F, 0x03, 0xE3, 0xE0, 0x3E, 0x7C, 0x03, 0xEF, 0x80, 0x3F, 0xF0,
    0x07, 0xFE, 0x00, 0x7F, 0xC0, 0x07, 0xF8, 0x00, 0xFF, 0x07, 0xFF, 0xFC, 0xFF, 0xFF, 0xDF, 0xF7,
    0xFB, 0xFC, 0x7F, 0x00, 0x00, 0x01, 0xC0, 0x00, 0x78, 0x00, 0x0E, 0x00, 0x01, 0xD0, 0x00, 0x3E,
    0x00, 0x07, 0xC0, 0x00, 0xE0, 0x00, 0x00, 0x00, 0x30, 0x03, 0xC0, 0x0F, 0x00, 0x3E, 0x70, 0xFB,
    0xE3, 0xEF, 0xEF, 0x9F, 0xFC, 0x1F, 0xF0, 0x3F, 0xC0, 0x7F, 0x00, 0xFC, 0x07, 0xF8, 0x3F, 0xE1,
    0xF3, 0xCF, 0xFF, 0x3F, 0xFC, 0xFF, 0xE3, 0xFF, 0x00, 0x00, 0x78, 0x00, 0x0F, 0x00, 0x01, 0xF0,
    0x00, 0x3E, 0x06, 0x07, 0xC1, 0xE0, 0xF8, 0x3E, 0x1F, 0x03, 0xE3, 0xE0, 0x3E, 0x7C, 0x03, 0xEF,
    0x80, 0x3F, 0xF0, 0x07, 0xFE, 0x00, 0x7F, 0xC0, 0x07, 0xF8, 0x00, 0xFF, 0x07, 0xFF, 0xFC, 0xFF,
    0xFF, 0xDF, 0xF7, 0xFB, 0xFC, 0x7F, 0x00, 0x00, 0x00,
};

static const EpdGlyph ia_duospace_12_boldGlyphs[] = {
    { 0, 0, 0, 0, 0, 0, 0 }, // U+0000
    { 0, 0, 104, 0, 0, 0, 0 }, // U+000D
    { 0, 0, 240, 0, 0, 0, 0 }, // U+0020
    { 5, 17, 240, 5, 17, 11, 0 }, // !
    { 9, 8, 240, 3, 18, 9, 11 }, // "
    { 15, 17, 240, 0, 17, 32, 20 }, // #
    { 15, 23, 240, 0, 20, 44, 52 }, // $
    { 23, 17, 360, 0, 17, 49, 96 }, // %
    { 15, 17, 240, 0, 17, 32, 145 }, // &
    { 5, 8, 240, 5, 18, 5, 177 }, // '
    { 10, 22, 240, 4, 19, 28, 182 }, // (
    { 10, 22, 240, 1, 19, 28, 210 }, // )
    { 15, 13, 240, 0, 14, 25, 238 }, // *
    { 13, 12, 240, 1, 14, 20, 263 }, // +
    { 7, 8, 240, 4, 4, 7, 283 }, // ,
    { 9, 4, 240, 3, 10, 5, 290 }, // -
    { 5, 4, 240, 5, 4, 3, 295 }, // .
    { 13, 22, 240, 1, 19, 36, 298 }, // /
    { 15, 17, 240, 0, 17, 32, 334 }, // 0
    { 15, 17, 240, 0, 17, 32, 366 }, // 1
    { 14, 17, 240, 0, 17, 30, 398 }, // 2
    { 14, 17, 240, 0, 17, 30, 428 }, // 3
    { 15, 17, 240, 0, 17, 32, 458 }, // 4
    { 14, 17, 240, 1, 17, 30, 490 }, // 5
    { 15, 17, 240, 0, 17, 32, 520 }, // 6
    { 13, 17, 240, 1, 17, 28, 552 }, // 7
    { 15, 17, 240, 0, 17, 32, 580 }, // 8
    { 15, 17, 240, 0, 17, 32, 612 }, // 9
    { 5, 12, 240, 5, 12, 8, 644 }, // :
    { 7, 16, 240, 4, 12, 14, 652 }, // ;
    { 11, 16, 240, 2, 16, 22, 666 }, // <
    { 13, 9, 240, 1, 12, 15, 688 }, // =
    { 11, 16, 240, 2, 16, 22, 703 }, // >
    { 13, 17, 240, 1, 17, 28, 725 }, // ?
    { 21, 20, 360, 1, 17, 53, 753 }, // @
    { 15, 17, 240, 0, 17, 32, 806 }, // A
    { 13, 17, 240, 1, 17, 28, 838 }, // B
    { 14, 17, 240, 1, 17, 30, 866 }, // C
    { 14, 17, 240, 1, 17, 30, 896 }, // D
    { 12, 17, 240, 2, 17, 26, 926 }, // E
    { 12, 17, 240, 2, 17, 26, 952 }, // F
    { 14, 17, 240, 0, 17, 30, 978 }, // G
    { 13, 17, 240, 1, 17, 28, 1008 }, // H
    { 13, 17, 240, 1, 17, 28, 1036 }, // I
    { 13, 17, 240, 0, 17, 28, 1064 }, // J
    { 15, 17, 240, 1, 17, 32, 1092 }, // K
    { 12, 17, 240, 2, 17, 26, 1124 }, // L
    { 18, 17, 360, 2, 17, 39, 1150 }, // M
    { 13, 17, 240, 1, 17, 28, 1189 }, // N
    { 15, 17, 240, 0, 17, 32, 1217 }, // O
    { 13, 17, 240, 1, 17, 28, 1249 }, // P
    { 17, 18, 240, 0, 17, 39, 1277 }, // Q
    { 14, 17, 240, 1, 17, 30, 1316 }, // R
    { 14, 17, 240, 0, 17, 30, 1346 }, // S
    { 15, 17, 240, 0, 17, 32, 1376 }, // T
    { 13, 17, 240, 1, 17, 28, 1408 }, // U
    { 15, 17, 240, 0, 17, 32, 1436 }, // V
    { 24, 17, 360, -1, 17, 51, 1468 }, // W
    { 15, 17, 240, 0, 17, 32, 1519 }, // X
    { 15, 17, 240, 0, 17, 32, 1551 }, // Y
    { 13, 17, 240, 1, 17, 28, 1583 }, // Z
    { 9, 22, 240, 4, 19, 25, 1611 }, // [
    { 13, 22, 240, 1, 19, 36, 1636 }, // <backslash>
    { 9, 22, 240, 2, 19, 25, 1672 }, // ]
    { 15, 11, 240, 0, 17, 21, 1697 }, // ^
    { 13, 3, 240, 1, -2, 5, 1718 }, // _
    { 6, 7, 240, 3, 21, 6, 1723 }, // `
    { 14, 13, 240, 1, 13, 23, 1729 }, // a
    { 14, 18, 240, 1, 18, 32, 1752 }, // b
    { 13, 13, 240, 1, 13, 22, 1784 }, // c
    { 14, 18, 240, 0, 18, 32, 1806 }, // d
    { 13, 13, 240, 1, 13, 22, 1838 }, // e
    { 13, 18, 240, 1, 18, 30, 1860 }, // f
    { 14, 18, 240, 0, 13, 32, 1890 }, // g
    { 13, 18, 240, 1, 18, 30, 1922 }, // h
    { 12, 18, 240, 2, 18, 27, 1952 }, // i
    { 10, 23, 240, 2, 18, 29, 1979 }, // j
    { 14, 18, 240, 1, 18, 32, 2008 }, // k
    { 13, 18, 240, 1, 18, 30, 2040 }, // l
    { 20, 13, 360, 1, 13, 33, 2070 }, // m
    { 13, 13, 240, 1, 13, 22, 2103 }, // n
    { 13, 13, 240, 1, 13, 22, 2125 }, // o
    { 14, 18, 240, 1, 13, 32, 2147 }, // p
    { 14, 18, 240, 0, 13, 32, 2179 }, // q
    { 14, 13, 240, 1, 13, 23, 2211 }, // r
    { 13, 13, 240, 1, 13, 22, 2234 }, // s
    { 13, 17, 240, 1, 17, 28, 2256 }, // t
    { 13, 13, 240, 1, 13, 22, 2284 }, // u
    { 15, 13, 240, 0, 13, 25, 2306 }, // v
    { 21, 13, 360, 1, 13, 35, 2331 }, // w
    { 15, 13, 240, 0, 13, 25, 2366 }, // x
    { 15, 18, 240, 0, 13, 34, 2391 }, // y
    { 13, 13, 240, 1, 13, 22, 2425 }, // z
    { 11, 22, 240, 2, 19, 31, 2447 }, // {
    { 5, 22, 240, 5, 19, 14, 2478 }, // |
    { 11, 22, 240, 2, 19, 31, 2492 }, // }
    { 15, 5, 240, 0, 10, 10, 2523 }, // ~
    { 0, 0, 240, 0, 0, 0, 2533 }, // U+00A0
    { 5, 18, 240, 5, 13, 12, 2533 }, // U+00A1
    { 13, 18, 240, 1, 15, 30, 2545 }, // U+00A2
    { 13, 17, 240, 1, 17, 28, 2575 }, // U+00A3
    { 15, 17, 240, 0, 17, 32, 2603 }, // U+00A5
    { 5, 22, 240, 5, 19, 14, 2635 }, // U+00A6
    { 13, 22, 240, 1, 17, 36, 2649 }, // U+00A7
    { 11, 4, 240, 2, 18, 6, 2685 }, // U+00A8
    { 18, 18, 360, 2, 18, 41, 2691 }, // U+00A9
    { 10, 10, 240, 3, 18, 13, 2732 }, // U+00AA
    { 13, 13, 240, 1, 13, 22, 2745 }, // U+00AB
    { 13, 8, 240, 1, 9, 13, 2767 }, // U+00AC
    { 9, 4, 240, 3, 10, 5, 2780 }, // U+00AD
    { 11, 9, 240, 2, 18, 13, 2785 }, // U+00AE
    { 9, 3, 240, 3, 18, 4, 2798 }, // U+00AF
    { 11, 10, 240, 2, 18, 14, 2802 }, // U+00B0
    { 13, 16, 240, 1, 16, 26, 2816 }, // U+00B1
    { 9, 9, 240, 3, 17, 11, 2842 }, // U+00B2
    { 9, 9, 240, 3, 17, 11, 2853 }, // U+00B3
    { 7, 7, 240, 5, 21, 7, 2864 }, // U+00B4
    { 13, 18, 240, 1, 13, 30, 2871 }, // U+00B5
    { 14, 21, 240, 0, 17, 37, 2901 }, // U+00B6
    { 5, 4, 240, 5, 9, 3, 2938 }, // U+00B7
    { 8, 6, 240, 4, 1, 6, 2941 }, // U+00B8
    { 8, 9, 240, 4, 17, 9, 2947 }, // U+00B9
    { 11, 10, 240, 2, 18, 14, 2956 }, // U+00BA
    { 13, 13, 240, 1, 13, 22, 2970 }, // U+00BB
    { 15, 17, 240, 0, 17, 32, 2992 }, // U+00BC
    { 15, 17, 240, 0, 17, 32, 3024 }, // U+00BD
    { 15, 17, 240, 0, 17, 32, 3056 }, // U+00BE
    { 13, 18, 240, 1, 13, 30, 3088 }, // U+00BF
    { 15, 25, 240, 0, 25, 47, 3118 }, // U+00C0
    { 15, 26, 240, 0, 26, 49, 3165 }, // U+00C1
    { 15, 24, 240, 0, 24, 45, 3214 }, // U+00C2
    { 15, 23, 240, 0, 23, 44, 3259 }, // U+00C3
    { 15, 22, 240, 0, 22, 42, 3303 }, // U+00C4
    { 15, 25, 240, 0, 25, 47, 3345 }, // U+00C5
    { 22, 17, 360, 0, 17, 47, 3392 }, // U+00C6
    { 14, 22, 240, 1, 17, 39, 3439 }, // U+00C7
    { 12, 25, 240, 2, 25, 38, 3478 }, // U+00C8
    { 12, 26, 240, 2, 26, 39, 3516 }, // U+00C9
    { 12, 24, 240, 2, 24, 36, 3555 }, // U+00CA
    { 12, 22, 240, 2, 22, 33, 3591 }, // U+00CB
    { 13, 25, 240, 1, 25, 41, 3624 }, // U+00CC
    { 13, 26, 240, 1, 26, 43, 3665 }, // U+00CD
    { 13, 24, 240, 1, 24, 39, 3708 }, // U+00CE
    { 13, 22, 240, 1, 22, 36, 3747 }, // U+00CF
    { 15, 17, 240, 0, 17, 32, 3783 }, // U+00D0
    { 13, 23, 240, 1, 23, 38, 3815 }, // U+00D1
    { 15, 25, 240, 0, 25, 47, 3853 }, // U+00D2
    { 15, 26, 240, 0, 26, 49, 3900 }, // U+00D3
    { 15, 24, 240, 0, 24, 45, 3949 }, // U+00D4
    { 15, 23, 240, 0, 23, 44, 3994 }, // U+00D5
    { 15, 22, 240, 0, 22, 42, 4038 }, // U+00D6
    { 13, 13, 240, 1, 14, 22, 4080 }, // U+00D7
    { 15, 21, 240, 0, 19, 40, 4102 }, // U+00D8
    { 13, 25, 240, 1, 25, 41, 4142 }, // U+00D9
    { 13, 26, 240, 1, 26, 43, 4183 }, // U+00DA
    { 13, 24, 240, 1, 24, 39, 4226 }, // U+00DB
    { 13, 22, 240, 1, 22, 36, 4265 }, // U+00DC
    { 15, 26, 240, 0, 26, 49, 4301 }, // U+00DD
    { 13, 17, 240, 1, 17, 28, 4350 }, // U+00DE
    { 15, 18, 240, 0, 18, 34, 4378 }, // U+00DF
    { 14, 21, 240, 1, 21, 37, 4412 }, // U+00E0
    { 14, 21, 240, 1, 21, 37, 4449 }, // U+00E1
    { 14, 19, 240, 1, 19, 34, 4486 }, // U+00E2
    { 14, 19, 240, 1, 19, 34, 4520 }, // U+00E3
    { 14, 18, 240, 1, 18, 32, 4554 }, // U+00E4
    { 14, 21, 240, 1, 21, 37, 4586 }, // U+00E5
    { 21, 13, 360, 1, 13, 35, 4623 }, // U+00E6
    { 13, 18, 240, 1, 13, 30, 4658 }, // U+00E7
    { 13, 21, 240, 1, 21, 35, 4688 }, // U+00E8
    { 13, 21, 240, 1, 21, 35, 4723 }, // U+00E9
    { 13, 19, 240, 1, 19, 31, 4758 }, // U+00EA
    { 13, 18, 240, 1, 18, 30, 4789 }, // U+00EB
    { 12, 21, 240, 2, 21, 32, 4819 }, // U+00EC
    { 12, 21, 240, 2, 21, 32, 4851 }, // U+00ED
    { 12, 19, 240, 2, 19, 29, 4883 }, // U+00EE
    { 12, 18, 240, 2, 18, 27, 4912 }, // U+00EF
    { 14, 19, 240, 1, 19, 34, 4939 }, // U+00F0
    { 13, 19, 240, 1, 19, 31, 4973 }, // U+00F1
    { 13, 21, 240, 1, 21, 35, 5004 }, // U+00F2
    { 13, 21, 240, 1, 21, 35, 5039 }, // U+00F3
    { 13, 19, 240, 1, 19, 31, 5074 }, // U+00F4
    { 13, 19, 240, 1, 19, 31, 5105 }, // U+00F5
    { 13, 18, 240, 1, 18, 30, 5136 }, // U+00F6
    { 13, 14, 240, 1, 15, 23, 5166 }, // U+00F7
    { 15, 17, 240, 0, 15, 32, 5189 }, // U+00F8
    { 13, 21, 240, 1, 21, 35, 5221 }, // U+00F9
    { 13, 21, 240, 1, 21, 35, 5256 }, // U+00FA
    { 13, 19, 240, 1, 19, 31, 5291 }, // U+00FB
    { 13, 18, 240, 1, 18, 30, 5322 }, // U+00FC
    { 15, 26, 240, 0, 21, 49, 5352 }, // U+00FD
    { 14, 23, 240, 1, 18, 41, 5401 }, // U+00FE
    { 15, 23, 240, 0, 18, 44, 5442 }, // U+00FF
    { 15, 22, 240, 0, 22, 42, 5486 }, // U+0100
    { 14, 18, 240, 1, 18, 32, 5528 }, // U+0101
    { 15, 24, 240, 0, 24, 45, 5560 }, // U+0102
    { 14, 20, 240, 1, 20, 35, 5605 }, // U+0103
    { 16, 22, 240, 0, 17, 44, 5640 }, // U+0104
    { 15, 18, 240, 1, 13, 34, 5684 }, // U+0105
    { 14, 26, 240, 1, 26, 46, 5718 }, // U+0106
    { 13, 21, 240, 1, 21, 35, 5764 }, // U+0107
    { 14, 24, 240, 1, 24, 42, 5799 }, // U+0108
    { 13, 19, 240, 1, 19, 31, 5841 }, // U+0109
    { 14, 22, 240, 1, 22, 39, 5872 }, // U+010A
    { 13, 18, 240, 1, 18, 30, 5911 }, // U+010B
    { 14, 24, 240, 1, 24, 42, 5941 }, // U+010C
    { 13, 20, 240, 1, 20, 33, 5983 }, // U+010D
    { 14, 24, 240, 1, 24, 42, 6016 }, // U+010E
    { 16, 18, 240, 0, 18, 36, 6058 }, // U+010F
    { 15, 17, 240, 0, 17, 32, 6094 }, // U+0110
    { 15, 18, 240, 0, 18, 34, 6126 }, // U+0111
    { 12, 22, 240, 2, 22, 33, 6160 }, // U+0112
    { 13, 18, 240, 1, 18, 30, 6193 }, // U+0113
    { 12, 24, 240, 2, 24, 36, 6223 }, // U+0114
    { 13, 20, 240, 1, 20, 33, 6259 }, // U+0115
    { 12, 22, 240, 2, 22, 33, 6292 }, // U+0116
    { 13, 18, 240, 1, 18, 30, 6325 }, // U+0117
    { 12, 22, 240, 2, 17, 33, 6355 }, // U+0118
    { 13, 18, 240, 1, 13, 30, 6388 }, // U+0119
    { 12, 24, 240, 2, 24, 36, 6418 }, // U+011A
    { 13, 20, 240, 1, 20, 33, 6454 }, // U+011B
    { 14, 24, 240, 0, 24, 42, 6487 }, // U+011C
    { 14, 24, 240, 0, 19, 42, 6529 }, // U+011D
    { 14, 24, 240, 0, 24, 42, 6571 }, // U+011E
    { 14, 25, 240, 0, 20, 44, 6613 }, // U+011F
    { 14, 22, 240, 0, 22, 39, 6657 }, // U+0120
    { 14, 23, 240, 0, 18, 41, 6696 }, // U+0121
    { 14, 24, 240, 0, 17, 42, 6737 }, // U+0122
    { 14, 24, 240, 0, 19, 42, 6779 }, // U+0123
    { 13, 24, 240, 1, 24, 39, 6821 }, // U+0124
    { 16, 24, 240, -2, 24, 48, 6860 }, // U+0125
    { 15, 17, 240, 0, 17, 32, 6908 }, // U+0126
    { 14, 18, 240, 0, 18, 32, 6940 }, // U+0127
    { 13, 23, 240, 1, 23, 38, 6972 }, // U+0128
    { 12, 19, 240, 2, 19, 29, 7010 }, // U+0129
    { 13, 22, 240, 1, 22, 36, 7039 }, // U+012A
    { 12, 18, 240, 2, 18, 27, 7075 }, // U+012B
    { 13, 24, 240, 1, 24, 39, 7102 }, // U+012C
    { 12, 20, 240, 2, 20, 30, 7141 }, // U+012D
    { 13, 22, 240, 1, 17, 36, 7171 }, // U+012E
    { 13, 23, 240, 2, 18, 38, 7207 }, // U+012F
    { 13, 22, 240, 1, 22, 36, 7245 }, // U+0130
    { 12, 13, 240, 2, 13, 20, 7281 }, // U+0131
    { 13, 17, 240, 1, 17, 28, 7301 }, // U+0132
    { 13, 24, 240, 1, 19, 39, 7329 }, // U+0133
    { 13, 24, 240, 0, 24, 39, 7368 }, // U+0134
    { 12, 24, 240, 2, 19, 36, 7407 }, // U+0135
    { 15, 24, 240, 1, 17, 45, 7443 }, // U+0136
    { 14, 25, 240, 1, 18, 44, 7488 }, // U+0137
    { 14, 13, 240, 1, 13, 23, 7532 }, // U+0138
    { 12, 26, 240, 2, 26, 39, 7555 }, // U+0139
    { 13, 26, 240, 1, 26, 43, 7594 }, // U+013A
    { 12, 24, 240, 2, 17, 36, 7637 }, // U+013B
    { 13, 25, 240, 1, 18, 41, 7673 }, // U+013C
    { 12, 18, 240, 2, 18, 27, 7714 }, // U+013D
    { 14, 18, 240, 1, 18, 32, 7741 }, // U+013E
    { 12, 17, 240, 2, 17, 26, 7773 }, // U+013F
    { 14, 18, 240, 1, 18, 32, 7799 }, // U+0140
    { 14, 17, 240, 0, 17, 30, 7831 }, // U+0141
    { 13, 18, 240, 1, 18, 30, 7861 }, // U+0142
    { 13, 26, 240, 1, 26, 43, 7891 }, // U+0143
    { 13, 21, 240, 1, 21, 35, 7934 }, // U+0144
    { 13, 24, 240, 1, 17, 39, 7969 }, // U+0145
    { 13, 20, 240, 1, 13, 33, 8008 }, // U+0146
    { 13, 24, 240, 1, 24, 39, 8041 }, // U+0147
    { 13, 20, 240, 1, 20, 33, 8080 }, // U+0148
    { 14, 18, 240, 0, 18, 32, 8113 }, // U+0149
    { 13, 22, 240, 1, 17, 36, 8145 }, // U+014A
    { 13, 18, 240, 1, 13, 30, 8181 }, // U+014B
    { 15, 22, 240, 0, 22, 42, 8211 }, // U+014C
    { 13, 18, 240, 1, 18, 30, 8253 }, // U+014D
    { 15, 24, 240, 0, 24, 45, 8283 }, // U+014E
    { 13, 20, 240, 1, 20, 33, 8328 }, // U+014F
    { 15, 25, 240, 0, 25, 47, 8361 }, // U+0150
    { 13, 21, 240, 1, 21, 35, 8408 }, // U+0151
    { 20, 17, 360, 1, 17, 43, 8443 }, // U+0152
    { 22, 13, 360, 0, 13, 36, 8486 }, // U+0153
    { 14, 26, 240, 1, 26, 46, 8522 }, // U+0154
    { 14, 21, 240, 1, 21, 37, 8568 }, // U+0155
    { 14, 24, 240, 1, 17, 42, 8605 }, // U+0156
    { 14, 20, 240, 1, 13, 35, 8647 }, // U+0157
    { 14, 24, 240, 1, 24, 42, 8682 }, // U+0158
    { 14, 20, 240, 1, 20, 35, 8724 }, // U+0159
    { 14, 26, 240, 0, 26, 46, 8759 }, // U+015A
    { 13, 21, 240, 1, 21, 35, 8805 }, // U+015B
    { 14, 24, 240, 0, 24, 42, 8840 }, // U+015C
    { 13, 19, 240, 1, 19, 31, 8882 }, // U+015D
    { 14, 22, 240, 0, 17, 39, 8913 }, // U+015E
    { 13, 18, 240, 1, 13, 30, 8952 }, // U+015F
    { 14, 24, 240, 0, 24, 42, 8982 }, // U+0160
    { 13, 20, 240, 1, 20, 33, 9024 }, // U+0161
    { 15, 24, 240, 0, 17, 45, 9057 }, // U+0162
    { 13, 24, 240, 1, 17, 39, 9102 }, // U+0163
    { 15, 24, 240, 0, 24, 45, 9141 }, // U+0164
    { 13, 19, 240, 1, 19, 31, 9186 }, // U+0165
    { 15, 17, 240, 0, 17, 32, 9217 }, // U+0166
    { 13, 17, 240, 1, 17, 28, 9249 }, // U+0167
    { 13, 23, 240, 1, 23, 38, 9277 }, // U+0168
    { 13, 19, 240, 1, 19, 31, 9315 }, // U+0169
    { 13, 22, 240, 1, 22, 36, 9346 }, // U+016A
    { 13, 18, 240, 1, 18, 30, 9382 }, // U+016B
    { 13, 24, 240, 1, 24, 39, 9412 }, // U+016C
    { 13, 20, 240, 1, 20, 33, 9451 }, // U+016D
    { 13, 25, 240, 1, 25, 41, 9484 }, // U+016E
    { 13, 21, 240, 1, 21, 35, 9525 }, // U+016F
    { 13, 25, 240, 1, 25, 41, 9560 }, // U+0170
    { 13, 21, 240, 1, 21, 35, 9601 }, // U+0171
    { 13, 22, 240, 1, 17, 36, 9636 }, // U+0172
    { 14, 18, 240, 1, 13, 32, 9672 }, // U+0173
    { 24, 24, 360, -1, 24, 72, 9704 }, // U+0174
    { 21, 19, 360, 1, 19, 50, 9776 }, // U+0175
    { 15, 24, 240, 0, 24, 45, 9826 }, // U+0176
    { 15, 24, 240, 0, 19, 45, 9871 }, // U+0177
    { 15, 22, 240, 0, 22, 42, 9916 }, // U+0178
    { 13, 26, 240, 1, 26, 43, 9958 }, // U+0179
    { 13, 21, 240, 1, 21, 35, 10001 }, // U+017A
    { 13, 22, 240, 1, 22, 36, 10036 }, // U+017B
    { 13, 18, 240, 1, 18, 30, 10072 }, // U+017C
    { 13, 24, 240, 1, 24, 39, 10102 }, // U+017D
    { 13, 20, 240, 1, 20, 33, 10141 }, // U+017E
    { 15, 21, 240, 0, 21, 40, 10174 }, // U+01A0
    { 14, 16, 240, 1, 16, 28, 10214 }, // U+01A1
    { 14, 21, 240, 1, 21, 37, 10242 }, // U+01AF
    { 14, 16, 240, 1, 16, 28, 10279 }, // U+01B0
    { 15, 29, 240, 0, 29, 55, 10307 }, // U+01FA
    { 14, 25, 240, 1, 25, 44, 10362 }, // U+01FB
    { 22, 26, 360, 0, 26, 72, 10406 }, // U+01FC
    { 21, 21, 360, 1, 21, 56, 10478 }, // U+01FD
    { 15, 28, 240, 0, 26, 53, 10534 }, // U+01FE
    { 15, 23, 240, 0, 21, 44, 10587 }, // U+01FF
    { 14, 24, 240, 0, 17, 42, 10631 }, // U+0218
    { 13, 20, 240, 1, 13, 33, 10673 }, // U+0219
    { 15, 24, 240, 0, 17, 45, 10706 }, // U+021A
    { 13, 24, 240, 1, 17, 39, 10751 }, // U+021B
    { 7, 7, 0, -5, 21, 7, 10790 }, // U+0300
    { 7, 7, 0, -2, 21, 7, 10797 }, // U+0301
    { 10, 6, 0, -5, 19, 8, 10804 }, // U+0302
    { 10, 4, 0, -5, 19, 5, 10812 }, // U+0303
    { 8, 3, 0, -4, 18, 3, 10817 }, // U+0304
    { 10, 6, 0, -5, 20, 8, 10820 }, // U+0306
    { 5, 4, 0, -2, 18, 3, 10828 }, // U+0307
    { 10, 4, 0, -5, 18, 5, 10831 }, // U+0308
    { 7, 7, 0, -3, 20, 7, 10836 }, // U+0309
    { 8, 7, 0, -4, 21, 7, 10843 }, // U+030A
    { 12, 7, 0, -5, 21, 11, 10850 }, // U+030B
    { 10, 6, 0, -5, 20, 8, 10861 }, // U+030C
    { 5, 5, 0, -2, 19, 4, 10869 }, // U+0312
    { 5, 5, 0, 0, 18, 4, 10873 }, // U+0315
    { 8, 5, 0, -4, 16, 5, 10877 }, // U+031B
    { 5, 4, 0, -2, -2, 3, 10882 }, // U+0323
    { 5, 5, 0, -3, -2, 4, 10885 }, // U+0326
    { 7, 6, 0, -3, 1, 6, 10889 }, // U+0327
    { 7, 6, 0, -6, 1, 6, 10895 }, // U+0328
    { 0, 0, 0, 0, 0, 0, 10901 }, // U+034F
    { 12, 25, 240, 2, 25, 38, 10901 }, // U+0400
    { 12, 22, 240, 2, 22, 33, 10939 }, // U+0401
    { 15, 22, 240, 0, 17, 42, 10972 }, // U+0402
    { 12, 26, 240, 2, 26, 39, 11014 }, // U+0403
    { 15, 17, 240, 0, 17, 32, 11053 }, // U+0404
    { 14, 17, 240, 0, 17, 30, 11085 }, // U+0405
    { 13, 17, 240, 1, 17, 28, 11115 }, // U+0406
    { 13, 22, 240, 1, 22, 36, 11143 }, // U+0407
    { 13, 17, 240, 0, 17, 28, 11179 }, // U+0408
    { 26, 17, 360, -2, 17, 56, 11207 }, // U+0409
    { 24, 17, 360, -1, 17, 51, 11263 }, // U+040A
    { 15, 17, 240, 0, 17, 32, 11314 }, // U+040B
    { 14, 26, 240, 1, 26, 46, 11346 }, // U+040C
    { 13, 25, 240, 1, 25, 41, 11392 }, // U+040D
    { 15, 24, 240, 0, 24, 45, 11433 }, // U+040E
    { 13, 21, 240, 1, 17, 35, 11478 }, // U+040F
    { 15, 17, 240, 0, 17, 32, 11513 }, // U+0410
    { 14, 17, 240, 1, 17, 30, 11545 }, // U+0411
    { 13, 17, 240, 1, 17, 28, 11575 }, // U+0412
    { 12, 17, 240, 2, 17, 26, 11603 }, // U+0413
    { 20, 22, 360, 1, 17, 55, 11629 }, // U+0414
    { 12, 17, 240, 2, 17, 26, 11684 }, // U+0415
    { 24, 17, 360, -1, 17, 51, 11710 }, // U+0416
    { 14, 17, 240, 0, 17, 30, 11761 }, // U+0417
    { 13, 17, 240, 1, 17, 28, 11791 }, // U+0418
    { 13, 24, 240, 1, 24, 39, 11819 }, // U+0419
    { 14, 17, 240, 1, 17, 30, 11858 }, // U+041A
    { 14, 17, 240, 0, 17, 30, 11888 }, // U+041B
    { 18, 17, 360, 2, 17, 39, 11918 }, // U+041C
    { 13, 17, 240, 1, 17, 28, 11957 }, // U+041D
    { 15, 17, 240, 0, 17, 32, 11985 }, // U+041E
    { 13, 17, 240, 1, 17, 28, 12017 }, // U+041F
    { 13, 17, 240, 1, 17, 28, 12045 }, // U+0420
    { 14, 17, 240, 1, 17, 30, 12073 }, // U+0421
    { 15, 17, 240, 0, 17, 32, 12103 }, // U+0422
    { 15, 17, 240, 0, 17, 32, 12135 }, // U+0423
    { 22, 19, 360, 0, 18, 53, 12167 }, // U+0424
    { 15, 17, 240, 0, 17, 32, 12220 }, // U+0425
    { 14, 22, 240, 1, 17, 39, 12252 }, // U+0426
    { 14, 17, 240, 0, 17, 30, 12291 }, // U+0427
    { 23, 17, 360, 0, 17, 49, 12321 }, // U+0428
    { 23, 22, 360, 0, 17, 64, 12370 }, // U+0429
    { 15, 17, 240, 0, 17, 32, 12434 }, // U+042A
    { 20, 17, 360, 1, 17, 43, 12466 }, // U+042B
    { 14, 17, 240, 1, 17, 30, 12509 }, // U+042C
    { 15, 17, 240, 0, 17, 32, 12539 }, // U+042D
    { 22, 17, 360, 0, 17, 47, 12571 }, // U+042E
    { 14, 17, 240, 0, 17, 30, 12618 }, // U+042F
    { 14, 13, 240, 1, 13, 23, 12648 }, // U+0430
    { 13, 18, 240, 1, 18, 30, 12671 }, // U+0431
    { 12, 13, 240, 2, 13, 20, 12701 }, // U+0432
    { 10, 13, 240, 3, 13, 17, 12721 }, // U+0433
    { 15, 17, 240, 0, 13, 32, 12738 }, // U+0434
    { 13, 13, 240, 1, 13, 22, 12770 }, // U+0435
    { 21, 13, 360, 1, 13, 35, 12792 }, // U+0436
    { 13, 13, 240, 1, 13, 22, 12827 }, // U+0437
    { 13, 13, 240, 1, 13, 22, 12849 }, // U+0438
    { 13, 20, 240, 1, 20, 33, 12871 }, // U+0439
    { 13, 13, 240, 1, 13, 22, 12904 }, // U+043A
    { 14, 13, 240, 0, 13, 23, 12926 }, // U+043B
    { 13, 13, 240, 1, 13, 22, 12949 }, // U+043C
    { 13, 13, 240, 1, 13, 22, 12971 }, // U+043D
    { 13, 13, 240, 1, 13, 22, 12993 }, // U+043E
    { 13, 13, 240, 1, 13, 22, 13015 }, // U+043F
    { 14, 18, 240, 1, 13, 32, 13037 }, // U+0440
    { 13, 13, 240, 1, 13, 22, 13069 }, // U+0441
    { 13, 13, 240, 1, 13, 22, 13091 }, // U+0442
    { 15, 18, 240, 0, 13, 34, 13113 }, // U+0443
    { 19, 22, 360, 2, 17, 53, 13147 }, // U+0444
    { 15, 13, 240, 0, 13, 25, 13200 }, // U+0445
    { 14, 17, 240, 1, 13, 30, 13225 }, // U+0446
    { 13, 13, 240, 1, 13, 22, 13255 }, // U+0447
    { 19, 13, 360, 2, 13, 31, 13277 }, // U+0448
    { 21, 17, 360, 1, 13, 45, 13308 }, // U+0449
    { 15, 13, 240, 0, 13, 25, 13353 }, // U+044A
    { 18, 13, 360, 2, 13, 30, 13378 }, // U+044B
    { 12, 13, 240, 2, 13, 20, 13408 }, // U+044C
    { 13, 13, 240, 1, 13, 22, 13428 }, // U+044D
    { 20, 13, 360, 2, 13, 33, 13450 }, // U+044E
    { 13, 13, 240, 1, 13, 22, 13483 }, // U+044F
    { 13, 21, 240, 1, 21, 35, 13505 }, // U+0450
    { 13, 18, 240, 1, 18, 30, 13540 }, // U+0451
    { 14, 23, 240, 0, 18, 41, 13570 }, // U+0452
    { 10, 21, 240, 3, 21, 27, 13611 }, // U+0453
    { 13, 13, 240, 1, 13, 22, 13638 }, // U+0454
    { 13, 13, 240, 1, 13, 22, 13660 }, // U+0455
    { 12, 18, 240, 2, 18, 27, 13682 }, // U+0456
    { 12, 18, 240, 2, 18, 27, 13709 }, // U+0457
    { 10, 23, 240, 2, 18, 29, 13736 }, // U+0458
    { 22, 13, 360, 0, 13, 36, 13765 }, // U+0459
    { 20, 13, 360, 1, 13, 33, 13801 }, // U+045A
    { 14, 18, 240, 0, 18, 32, 13834 }, // U+045B
    { 13, 21, 240, 1, 21, 35, 13866 }, // U+045C
    { 13, 21, 240, 1, 21, 35, 13901 }, // U+045D
    { 15, 25, 240, 0, 20, 47, 13936 }, // U+045E
    { 13, 17, 240, 1, 13, 28, 13983 }, // U+045F
    { 15, 17, 240, 0, 17, 32, 14011 }, // U+0472
    { 13, 13, 240, 1, 13, 22, 14043 }, // U+0473
    { 12, 21, 240, 2, 21, 32, 14065 }, // U+0490
    { 10, 16, 240, 3, 16, 20, 14097 }, // U+0491
    { 14, 17, 240, 0, 17, 30, 14117 }, // U+0492
    { 13, 13, 240, 1, 13, 22, 14147 }, // U+0493
    { 14, 22, 240, 1, 17, 39, 14169 }, // U+0494
    { 13, 18, 240, 1, 13, 30, 14208 }, // U+0495
    { 25, 22, 360, -1, 17, 69, 14238 }, // U+0496
    { 22, 17, 360, 0, 13, 47, 14307 }, // U+0497
    { 14, 21, 240, 0, 17, 37, 14354 }, // U+0498
    { 13, 17, 240, 1, 13, 28, 14391 }, // U+0499
    { 14, 21, 240, 1, 17, 37, 14419 }, // U+049A
    { 14, 16, 240, 1, 13, 28, 14456 }, // U+049B
    { 15, 17, 240, 0, 17, 32, 14484 }, // U+049C
    { 15, 13, 240, 0, 13, 25, 14516 }, // U+049D
    { 15, 17, 240, 0, 17, 32, 14541 }, // U+04A0
    { 15, 13, 240, 0, 13, 25, 14573 }, // U+04A1
    { 14, 21, 240, 1, 17, 37, 14598 }, // U+04A2
    { 14, 16, 240, 1, 13, 28, 14635 }, // U+04A3
    { 21, 17, 360, 1, 17, 45, 14663 }, // U+04A4
    { 15, 13, 240, 0, 13, 25, 14708 }, // U+04A5
    { 14, 21, 240, 1, 17, 37, 14733 }, // U+04AA
    { 13, 16, 240, 1, 13, 26, 14770 }, // U+04AB
    { 15, 17, 240, 0, 17, 32, 14796 }, // U+04AE
    { 15, 18, 240, 0, 13, 34, 14828 }, // U+04AF
    { 15, 17, 240, 0, 17, 32, 14862 }, // U+04B0
    { 15, 18, 240, 0, 13, 34, 14894 }, // U+04B1
    { 16, 21, 240, 0, 17, 42, 14928 }, // U+04B2
    { 15, 16, 240, 0, 13, 30, 14970 }, // U+04B3
    { 15, 21, 240, 0, 17, 40, 15000 }, // U+04B6
    { 14, 16, 240, 1, 13, 28, 15040 }, // U+04B7
    { 14, 17, 240, 0, 17, 30, 15068 }, // U+04B8
    { 13, 13, 240, 1, 13, 22, 15098 }, // U+04B9
    { 14, 17, 240, 1, 17, 30, 15120 }, // U+04BA
    { 13, 18, 240, 1, 18, 30, 15150 }, // U+04BB
    { 13, 17, 240, 1, 17, 28, 15180 }, // U+04C0
    { 24, 24, 360, -1, 24, 72, 15208 }, // U+04C1
    { 21, 20, 360, 1, 20, 53, 15280 }, // U+04C2
    { 13, 18, 240, 1, 18, 30, 15333 }, // U+04CF
    { 15, 24, 240, 0, 24, 45, 15363 }, // U+04D0
    { 14, 20, 240, 1, 20, 35, 15408 }, // U+04D1
    { 15, 22, 240, 0, 22, 42, 15443 }, // U+04D2
    { 14, 18, 240, 1, 18, 32, 15485 }, // U+04D3
    { 22, 17, 360, 0, 17, 47, 15517 }, // U+04D4
    { 21, 13, 360, 1, 13, 35, 15564 }, // U+04D5
    { 12, 24, 240, 2, 24, 36, 15599 }, // U+04D6
    { 13, 20, 240, 1, 20, 33, 15635 }, // U+04D7
    { 15, 17, 240, 0, 17, 32, 15668 }, // U+04D8
    { 13, 13, 240, 1, 13, 22, 15700 }, // U+04D9
    { 24, 23, 360, -1, 23, 69, 15722 }, // U+04DC
    { 21, 19, 360, 1, 19, 50, 15791 }, // U+04DD
    { 14, 22, 240, 0, 22, 39, 15841 }, // U+04DE
    { 13, 18, 240, 1, 18, 30, 15880 }, // U+04DF
    { 13, 22, 240, 1, 22, 36, 15910 }, // U+04E2
    { 13, 18, 240, 1, 18, 30, 15946 }, // U+04E3
    { 13, 22, 240, 1, 22, 36, 15976 }, // U+04E4
    { 13, 18, 240, 1, 18, 30, 16012 }, // U+04E5
    { 15, 22, 240, 0, 22, 42, 16042 }, // U+04E6
    { 13, 18, 240, 1, 18, 30, 16084 }, // U+04E7
    { 15, 17, 240, 0, 17, 32, 16114 }, // U+04E8
    { 13, 13, 240, 1, 13, 22, 16146 }, // U+04E9
    { 15, 22, 240, 0, 22, 42, 16168 }, // U+04EE
    { 15, 23, 240, 0, 18, 44, 16210 }, // U+04EF
    { 15, 22, 240, 0, 22, 42, 16254 }, // U+04F0
    { 15, 23, 240, 0, 18, 44, 16296 }, // U+04F1
    { 15, 25, 240, 0, 25, 47, 16340 }, // U+04F2
    { 15, 26, 240, 0, 21, 49, 16387 }, // U+04F3
    { 14, 22, 240, 0, 22, 39, 16436 }, // U+04F4
    { 13, 18, 240, 1, 18, 30, 16475 }, // U+04F5
    { 20, 23, 360, 1, 23, 58, 16505 }, // U+04F8
    { 19, 19, 360, 2, 19, 46, 16563 }, // U+04F9
    { 17, 15, 270, 0, 15, 32, 16609 }, // U+05D0
    { 15, 15, 238, 0, 15, 29, 16641 }, // U+05D1
    { 10, 16, 165, 0, 15, 20, 16670 }, // U+05D2
    { 14, 15, 228, 0, 15, 27, 16690 }, // U+05D3
    { 14, 15, 263, 1, 15, 27, 16717 }, // U+05D4
    { 7, 15, 135, 0, 15, 14, 16744 }, // U+05D5
    { 9, 15, 148, 0, 15, 17, 16758 }, // U+05D6
    { 16, 15, 275, 0, 15, 30, 16775 }, // U+05D7
    { 15, 15, 264, 1, 15, 29, 16805 }, // U+05D8
    { 7, 9, 133, 0, 15, 8, 16834 }, // U+05D9
    { 13, 20, 228, 0, 15, 33, 16842 }, // U+05DA
    { 13, 15, 211, 0, 15, 25, 16875 }, // U+05DB
    { 14, 19, 222, 0, 19, 34, 16900 }, // U+05DC
    { 15, 15, 281, 1, 15, 29, 16934 }, // U+05DD
    { 17, 15, 281, 0, 15, 32, 16963 }, // U+05DE
    { 7, 20, 142, 0, 15, 18, 16995 }, // U+05DF
    { 8, 15, 162, 1, 15, 15, 17013 }, // U+05E0
    { 16, 15, 272, 0, 15, 30, 17028 }, // U+05E1
    { 15, 18, 252, 0, 16, 34, 17058 }, // U+05E2
    { 14, 20, 262, 1, 15, 35, 17092 }, // U+05E3
    { 15, 15, 251, 0, 15, 29, 17127 }, // U+05E4
    { 14, 20, 235, 0, 15, 35, 17156 }, // U+05E5
    { 14, 15, 237, 0, 15, 27, 17191 }, // U+05E6
    { 15, 20, 262, 1, 15, 38, 17218 }, // U+05E7
    { 12, 15, 217, 0, 15, 23, 17256 }, // U+05E8
    { 18, 15, 315, 1, 15, 34, 17279 }, // U+05E9
    { 17, 15, 289, 0, 15, 32, 17313 }, // U+05EA
    { 5, 8, 129, 1, 7, 5, 17345 }, // U+060C
    { 7, 19, 136, 0, 18, 17, 17350 }, // U+061B
    { 13, 20, 205, 0, 19, 33, 17367 }, // U+061F
    { 11, 13, 188, 0, 11, 18, 17400 }, // U+0621
    { 10, 5, 116, 0, 4, 7, 17418 }, // U+0640
    { 7, 7, 0, 0, 21, 7, 17425 }, // U+0654
    { 6, 7, 229, 4, 11, 6, 17432 }, // U+0660
    { 6, 19, 229, 4, 18, 15, 17438 }, // U+0661
    { 13, 19, 229, 1, 18, 31, 17453 }, // U+0662
    { 14, 19, 229, 0, 18, 34, 17484 }, // U+0663
    { 12, 19, 229, 1, 18, 29, 17518 }, // U+0664
    { 12, 14, 229, 1, 14, 21, 17547 }, // U+0665
    { 13, 19, 229, 1, 18, 31, 17568 }, // U+0666
    { 15, 19, 229, 0, 18, 36, 17599 }, // U+0667
    { 15, 19, 229, 0, 18, 36, 17635 }, // U+0668
    { 12, 18, 229, 1, 18, 27, 17671 }, // U+0669
    { 18, 16, 296, 0, 10, 36, 17698 }, // U+06BA
    { 7, 3, 130, 1, 3, 3, 17734 }, // U+06D4
    { 11, 15, 188, 0, 14, 21, 17737 }, // U+06D5
    { 6, 7, 229, 4, 11, 6, 17758 }, // U+06F0
    { 6, 19, 229, 4, 18, 15, 17764 }, // U+06F1
    { 13, 19, 229, 1, 18, 31, 17779 }, // U+06F2
    { 14, 19, 229, 0, 18, 34, 17810 }, // U+06F3
    { 13, 19, 229, 1, 18, 31, 17844 }, // U+06F4
    { 14, 17, 229, 0, 17, 30, 17875 }, // U+06F5
    { 12, 18, 229, 1, 17, 27, 17905 }, // U+06F6
    { 15, 19, 229, 0, 18, 36, 17932 }, // U+06F7
    { 15, 19, 229, 0, 18, 36, 17968 }, // U+06F8
    { 12, 18, 229, 1, 18, 27, 18004 }, // U+06F9
    { 15, 23, 240, 0, 17, 44, 18031 }, // U+1EA0
    { 14, 19, 240, 1, 13, 34, 18075 }, // U+1EA1
    { 15, 24, 240, 0, 24, 45, 18109 }, // U+1EA2
    { 14, 20, 240, 1, 20, 35, 18154 }, // U+1EA3
    { 16, 28, 240, 0, 28, 56, 18189 }, // U+1EA4
    { 14, 24, 240, 1, 24, 42, 18245 }, // U+1EA5
    { 16, 28, 240, -1, 28, 56, 18287 }, // U+1EA6
    { 16, 24, 240, -1, 24, 48, 18343 }, // U+1EA7
    { 15, 28, 240, 0, 28, 53, 18391 }, // U+1EA8
    { 14, 24, 240, 1, 24, 42, 18444 }, // U+1EA9
    { 15, 28, 240, 0, 28, 53, 18486 }, // U+1EAA
    { 14, 23, 240, 1, 23, 41, 18539 }, // U+1EAB
    { 15, 30, 240, 0, 24, 57, 18580 }, // U+1EAC
    { 14, 25, 240, 1, 19, 44, 18637 }, // U+1EAD
    { 15, 28, 240, 0, 28, 53, 18681 }, // U+1EAE
    { 14, 24, 240, 1, 24, 42, 18734 }, // U+1EAF
    { 15, 28, 240, 0, 28, 53, 18776 }, // U+1EB0
    { 14, 24, 240, 1, 24, 42, 18829 }, // U+1EB1
    { 15, 28, 240, 0, 28, 53, 18871 }, // U+1EB2
    { 14, 24, 240, 1, 24, 42, 18924 }, // U+1EB3
    { 15, 27, 240, 0, 27, 51, 18966 }, // U+1EB4
    { 14, 23, 240, 1, 23, 41, 19017 }, // U+1EB5
    { 15, 30, 240, 0, 24, 57, 19058 }, // U+1EB6
    { 14, 26, 240, 1, 20, 46, 19115 }, // U+1EB7
    { 12, 23, 240, 2, 17, 35, 19161 }, // U+1EB8
    { 13, 19, 240, 1, 13, 31, 19196 }, // U+1EB9
    { 12, 24, 240, 2, 24, 36, 19227 }, // U+1EBA
    { 13, 20, 240, 1, 20, 33, 19263 }, // U+1EBB
    { 12, 23, 240, 2, 23, 35, 19296 }, // U+1EBC
    { 13, 19, 240, 1, 19, 31, 19331 }, // U+1EBD
    { 14, 28, 240, 2, 28, 49, 19362 }, // U+1EBE
    { 15, 24, 240, 1, 24, 45, 19411 }, // U+1EBF
    { 15, 28, 240, -1, 28, 53, 19456 }, // U+1EC0
    { 15, 24, 240, -1, 24, 45, 19509 }, // U+1EC1
    { 13, 28, 240, 2, 28, 46, 19554 }, // U+1EC2
    { 14, 24, 240, 1, 24, 42, 19600 }, // U+1EC3
    { 12, 28, 240, 2, 28, 42, 19642 }, // U+1EC4
    { 13, 23, 240, 1, 23, 38, 19684 }, // U+1EC5
    { 12, 30, 240, 2, 24, 45, 19722 }, // U+1EC6
    { 13, 25, 240, 1, 19, 41, 19767 }, // U+1EC7
    { 13, 24, 240, 1, 24, 39, 19808 }, // U+1EC8
    { 12, 20, 240, 2, 20, 30, 19847 }, // U+1EC9
    { 13, 23, 240, 1, 17, 38, 19877 }, // U+1ECA
    { 12, 24, 240, 2, 18, 36, 19915 }, // U+1ECB
    { 15, 23, 240, 0, 17, 44, 19951 }, // U+1ECC
    { 13, 19, 240, 1, 13, 31, 19995 }, // U+1ECD
    { 15, 24, 240, 0, 24, 45, 20026 }, // U+1ECE
    { 13, 20, 240, 1, 20, 33, 20071 }, // U+1ECF
    { 16, 28, 240, 0, 28, 56, 20104 }, // U+1ED0
    { 15, 24, 240, 1, 24, 45, 20160 }, // U+1ED1
    { 16, 28, 240, -1, 28, 56, 20205 }, // U+1ED2
    { 15, 24, 240, -1, 24, 45, 20261 }, // U+1ED3
    { 15, 28, 240, 0, 28, 53, 20306 }, // U+1ED4
    { 14, 24, 240, 1, 24, 42, 20359 }, // U+1ED5
    { 15, 28, 240, 0, 28, 53, 20401 }, // U+1ED6
    { 13, 23, 240, 1, 23, 38, 20454 }, // U+1ED7
    { 15, 30, 240, 0, 24, 57, 20492 }, // U+1ED8
    { 13, 25, 240, 1, 19, 41, 20549 }, // U+1ED9
    { 15, 26, 240, 0, 26, 49, 20590 }, // U+1EDA
    { 14, 21, 240, 1, 21, 37, 20639 }, // U+1EDB
    { 15, 25, 240, 0, 25, 47, 20676 }, // U+1EDC
    { 14, 21, 240, 1, 21, 37, 20723 }, // U+1EDD
    { 15, 24, 240, 0, 24, 45, 20760 }, // U+1EDE
    { 14, 20, 240, 1, 20, 35, 20805 }, // U+1EDF
    { 15, 23, 240, 0, 23, 44, 20840 }, // U+1EE0
    { 14, 18, 240, 1, 18, 32, 20884 }, // U+1EE1
    { 15, 27, 240, 0, 21, 51, 20916 }, // U+1EE2
    { 14, 22, 240, 1, 16, 39, 20967 }, // U+1EE3
    { 13, 23, 240, 1, 17, 38, 21006 }, // U+1EE4
    { 13, 19, 240, 1, 13, 31, 21044 }, // U+1EE5
    { 13, 24, 240, 1, 24, 39, 21075 }, // U+1EE6
    { 13, 20, 240, 1, 20, 33, 21114 }, // U+1EE7
    { 14, 26, 240, 1, 26, 46, 21147 }, // U+1EE8
    { 14, 21, 240, 1, 21, 37, 21193 }, // U+1EE9
    { 14, 25, 240, 1, 25, 44, 21230 }, // U+1EEA
    { 14, 21, 240, 1, 21, 37, 21274 }, // U+1EEB
    { 14, 24, 240, 1, 24, 42, 21311 }, // U+1EEC
    { 14, 20, 240, 1, 20, 35, 21353 }, // U+1EED
    { 14, 23, 240, 1, 23, 41, 21388 }, // U+1EEE
    { 14, 18, 240, 1, 18, 32, 21429 }, // U+1EEF
    { 14, 27, 240, 1, 21, 48, 21461 }, // U+1EF0
    { 14, 22, 240, 1, 16, 39, 21509 }, // U+1EF1
    { 15, 25, 240, 0, 25, 47, 21548 }, // U+1EF2
    { 15, 26, 240, 0, 21, 49, 21595 }, // U+1EF3
    { 15, 23, 240, 0, 17, 44, 21644 }, // U+1EF4
    { 15, 19, 240, 0, 13, 36, 21688 }, // U+1EF5
    { 15, 24, 240, 0, 24, 45, 21724 }, // U+1EF6
    { 15, 25, 240, 0, 20, 47, 21769 }, // U+1EF7
    { 15, 23, 240, 0, 23, 44, 21816 }, // U+1EF8
    { 15, 24, 240, 0, 19, 45, 21860 }, // U+1EF9
    { 0, 0, 52, 0, 0, 0, 21905 }, // U+2009
    { 0, 0, 0, 0, 0, 0, 21905 }, // U+200B
    { 2, 18, 0, -1, 17, 5, 21905 }, // U+200C
    { 6, 19, 0, -3, 18, 15, 21910 }, // U+200D
    { 7, 19, 0, -1, 18, 17, 21925 }, // U+200E
    { 7, 19, 0, -6, 18, 17, 21942 }, // U+200F
    { 8, 3, 128, 0, 8, 3, 21959 }, // U+2010
    { 8, 4, 129, 0, 9, 4, 21962 }, // U+2011
    { 13, 3, 240, 1, 9, 5, 21966 }, // U+2013
    { 20, 3, 360, 1, 9, 8, 21971 }, // U+2014
    { 7, 8, 240, 4, 18, 7, 21979 }, // U+2018
    { 7, 8, 240, 4, 18, 7, 21986 }, // U+2019
    { 7, 8, 240, 4, 4, 7, 21993 }, // U+201A
    { 14, 8, 240, 0, 18, 14, 22000 }, // U+201C
    { 14, 8, 240, 1, 18, 14, 22014 }, // U+201D
    { 13, 8, 240, 1, 4, 13, 22028 }, // U+201E
    { 13, 23, 240, 1, 18, 38, 22041 }, // U+2020
    { 13, 23, 240, 1, 18, 38, 22079 }, // U+2021
    { 7, 6, 240, 4, 10, 6, 22117 }, // U+2022
    { 20, 4, 360, 1, 4, 10, 22123 }, // U+2026
    { 0, 0, 52, 0, 0, 0, 22133 }, // U+202F
    { 30, 17, 480, 0, 17, 64, 22133 }, // U+2030
    { 7, 13, 240, 4, 13, 12, 22197 }, // U+2039
    { 7, 13, 240, 4, 13, 12, 22209 }, // U+203A
    { 15, 17, 240, 0, 17, 32, 22221 }, // U+2044
    { 7, 19, 136, 0, 18, 17, 22253 }, // U+204F
    { 9, 9, 240, 3, 17, 11, 22270 }, // U+2070
    { 9, 9, 240, 3, 17, 11, 22281 }, // U+2074
    { 9, 9, 240, 3, 17, 11, 22292 }, // U+2075
    { 9, 9, 240, 3, 17, 11, 22303 }, // U+2076
    { 8, 9, 240, 4, 17, 9, 22314 }, // U+2077
    { 9, 9, 240, 3, 17, 11, 22323 }, // U+2078
    { 9, 9, 240, 3, 17, 11, 22334 }, // U+2079
    { 9, 9, 240, 3, 9, 11, 22345 }, // U+2080
    { 8, 9, 240, 4, 9, 9, 22356 }, // U+2081
    { 9, 9, 240, 3, 9, 11, 22365 }, // U+2082
    { 9, 9, 240, 3, 9, 11, 22376 }, // U+2083
    { 9, 9, 240, 3, 9, 11, 22387 }, // U+2084
    { 9, 9, 240, 3, 9, 11, 22398 }, // U+2085
    { 9, 9, 240, 3, 9, 11, 22409 }, // U+2086
    { 8, 9, 240, 4, 9, 9, 22420 }, // U+2087
    { 9, 9, 240, 3, 9, 11, 22429 }, // U+2088
    { 9, 9, 240, 3, 9, 11, 22440 }, // U+2089
    { 14, 24, 240, 1, 21, 42, 22451 }, // U+20A1
    { 13, 17, 240, 1, 17, 28, 22493 }, // U+20A4
    { 15, 17, 240, 0, 17, 32, 22521 }, // U+20A6
    { 15, 17, 240, 0, 17, 32, 22553 }, // U+20A8
    { 15, 17, 240, 0, 17, 32, 22585 }, // U+20A9
    { 15, 17, 240, 0, 17, 32, 22617 }, // U+20AA
    { 14, 18, 240, 1, 18, 32, 22649 }, // U+20AB
    { 14, 17, 240, 1, 17, 30, 22681 }, // U+20AC
    { 16, 17, 240, 0, 17, 34, 22711 }, // U+20AD
    { 15, 17, 240, 0, 17, 32, 22745 }, // U+20AE
    { 15, 17, 240, 0, 17, 32, 22777 }, // U+20B1
    { 14, 23, 240, 0, 20, 41, 22809 }, // U+20B2
    { 15, 17, 240, 0, 17, 32, 22850 }, // U+20B4
    { 14, 23, 240, 1, 20, 41, 22882 }, // U+20B5
    { 13, 17, 240, 1, 17, 28, 22923 }, // U+20B8
    { 14, 17, 240, 1, 17, 30, 22951 }, // U+20B9
    { 15, 17, 240, 0, 17, 32, 22981 }, // U+20BA
    { 15, 17, 240, 0, 17, 32, 23013 }, // U+20BD
    { 13, 23, 240, 1, 20, 38, 23045 }, // U+20BF
    { 15, 13, 240, 0, 15, 25, 23083 }, // U+2190
    { 13, 18, 240, 1, 18, 30, 23108 }, // U+2191
    { 15, 13, 240, 0, 15, 25, 23138 }, // U+2192
    { 13, 18, 240, 1, 17, 30, 23163 }, // U+2193
    { 15, 11, 240, 0, 14, 21, 23193 }, // U+2194
    { 13, 19, 240, 1, 18, 31, 23214 }, // U+2195
    { 14, 14, 240, 1, 16, 25, 23245 }, // U+2196
    { 14, 14, 240, 0, 16, 25, 23270 }, // U+2197
    { 14, 14, 240, 0, 16, 25, 23295 }, // U+2198
    { 14, 14, 240, 1, 16, 25, 23320 }, // U+2199
    { 15, 15, 240, 0, 16, 29, 23345 }, // U+21A9
    { 15, 15, 240, 0, 16, 29, 23374 }, // U+21AA
    { 14, 18, 240, 0, 18, 32, 23403 }, // U+21B0
    { 14, 18, 240, 1, 18, 32, 23435 }, // U+21B1
    { 14, 18, 240, 0, 18, 32, 23467 }, // U+21B2
    { 14, 18, 240, 1, 18, 32, 23499 }, // U+21B3
    { 15, 16, 240, 0, 17, 30, 23531 }, // U+21B6
    { 15, 16, 240, 0, 17, 30, 23561 }, // U+21B7
    { 15, 18, 240, 0, 18, 34, 23591 }, // U+21BA
    { 15, 18, 240, 0, 18, 34, 23625 }, // U+21BB
    { 15, 23, 240, 0, 20, 44, 23659 }, // U+21C4
    { 15, 23, 240, 0, 20, 44, 23703 }, // U+21C6
    { 13, 18, 240, 1, 18, 30, 23747 }, // U+2202
    { 15, 18, 240, 0, 18, 34, 23777 }, // U+2206
    { 13, 19, 240, 1, 18, 31, 23811 }, // U+220F
    { 13, 23, 240, 1, 18, 38, 23842 }, // U+2211
    { 13, 3, 240, 1, 9, 5, 23880 }, // U+2212
    { 15, 18, 240, 0, 18, 34, 23885 }, // U+221A
    { 15, 9, 240, 0, 12, 17, 23919 }, // U+221E
    { 14, 24, 240, 0, 19, 42, 23936 }, // U+222B
    { 15, 11, 240, 0, 13, 21, 23978 }, // U+2248
    { 13, 14, 240, 1, 14, 23, 23999 }, // U+2260
    { 11, 15, 240, 2, 15, 21, 24022 }, // U+2264
    { 11, 15, 240, 2, 15, 21, 24043 }, // U+2265
    { 14, 19, 240, 0, 19, 34, 24064 }, // U+FB01
    { 14, 18, 240, 0, 18, 32, 24098 }, // U+FB02
    { 25, 21, 410, 0, 12, 66, 24130 }, // U+FB56
    { 31, 19, 457, 0, 10, 74, 24196 }, // U+FB57
    { 8, 21, 144, 0, 12, 21, 24270 }, // U+FB58
    { 13, 18, 164, 0, 9, 30, 24291 }, // U+FB59
    { 25, 19, 410, 0, 18, 60, 24321 }, // U+FB66
    { 31, 19, 457, 0, 18, 74, 24381 }, // U+FB67
    { 8, 22, 127, 0, 21, 22, 24455 }, // U+FB68
    { 13, 19, 164, 0, 18, 31, 24477 }, // U+FB69
    { 17, 23, 275, 0, 13, 49, 24508 }, // U+FB7A
    { 21, 23, 304, 0, 13, 61, 24557 }, // U+FB7B
    { 16, 20, 252, 0, 11, 40, 24618 }, // U+FB7C
    { 19, 20, 262, 0, 11, 48, 24658 }, // U+FB7D
    { 12, 23, 207, 0, 22, 35, 24706 }, // U+FB88
    { 17, 23, 228, 0, 22, 49, 24741 }, // U+FB89
    { 11, 26, 164, -1, 20, 36, 24790 }, // U+FB8A
    { 15, 26, 180, -1, 20, 49, 24826 }, // U+FB8B
    { 11, 26, 164, -1, 20, 36, 24875 }, // U+FB8C
    { 15, 26, 180, -1, 20, 49, 24911 }, // U+FB8D
    { 23, 19, 364, 0, 18, 55, 24960 }, // U+FB8E
    { 26, 19, 381, 0, 18, 62, 25015 }, // U+FB8F
    { 12, 19, 182, 0, 18, 29, 25077 }, // U+FB90
    { 15, 19, 203, 0, 18, 36, 25106 }, // U+FB91
    { 23, 23, 364, 0, 22, 67, 25142 }, // U+FB92
    { 26, 23, 381, 0, 22, 75, 25209 }, // U+FB93
    { 13, 23, 182, -1, 22, 38, 25284 }, // U+FB94
    { 16, 23, 203, -1, 22, 46, 25322 }, // U+FB95
    { 18, 16, 296, 0, 10, 36, 25368 }, // U+FB9E
    { 23, 15, 322, 0, 9, 44, 25404 }, // U+FB9F
    { 11, 15, 188, 0, 14, 21, 25448 }, // U+FBA6
    { 17, 11, 234, 0, 10, 24, 25469 }, // U+FBA7
    { 7, 17, 127, 0, 12, 15, 25493 }, // U+FBA8
    { 15, 13, 206, 0, 6, 25, 25508 }, // U+FBA9
    { 19, 15, 308, 0, 14, 36, 25533 }, // U+FBAA
    { 20, 18, 274, 0, 12, 45, 25569 }, // U+FBAB
    { 16, 15, 256, 0, 14, 30, 25614 }, // U+FBAC
    { 17, 18, 228, 0, 12, 39, 25644 }, // U+FBAD
    { 23, 14, 377, 0, 13, 41, 25683 }, // U+FBAE
    { 17, 12, 224, 0, 4, 26, 25724 }, // U+FBAF
    { 23, 21, 377, 0, 20, 61, 25750 }, // U+FBB0
    { 17, 19, 224, 0, 11, 41, 25811 }, // U+FBB1
    { 21, 18, 328, 0, 12, 48, 25852 }, // U+FBFC
    { 22, 13, 320, 0, 7, 36, 25900 }, // U+FBFD
    { 8, 18, 144, 0, 12, 18, 25936 }, // U+FBFE
    { 13, 15, 164, 0, 9, 25, 25954 }, // U+FBFF
    { 11, 13, 188, 0, 11, 18, 25979 }, // U+FE80
    { 10, 23, 108, -2, 23, 29, 25997 }, // U+FE81
    { 12, 25, 127, -2, 24, 38, 26026 }, // U+FE82
    { 6, 25, 108, 0, 25, 19, 26064 }, // U+FE83
    { 10, 27, 127, 0, 26, 34, 26083 }, // U+FE84
    { 12, 24, 199, 0, 18, 36, 26117 }, // U+FE85
    { 16, 24, 210, 0, 18, 48, 26153 }, // U+FE86
    { 6, 27, 109, 1, 19, 21, 26201 }, // U+FE87
    { 9, 27, 127, 1, 19, 31, 26222 }, // U+FE88
    { 21, 19, 328, 0, 13, 50, 26253 }, // U+FE89
    { 22, 19, 320, 0, 13, 53, 26303 }, // U+FE8A
    { 7, 21, 127, 0, 20, 19, 26356 }, // U+FE8B
    { 12, 18, 154, 0, 17, 27, 26375 }, // U+FE8C
    { 5, 19, 109, 1, 19, 12, 26402 }, // U+FE8D
    { 9, 20, 127, 1, 19, 23, 26414 }, // U+FE8E
    { 25, 19, 410, 0, 12, 60, 26437 }, // U+FE8F
    { 31, 17, 457, 0, 10, 66, 26497 }, // U+FE90
    { 7, 18, 127, 0, 12, 16, 26563 }, // U+FE91
    { 12, 15, 154, 0, 9, 23, 26579 }, // U+FE92
    { 11, 21, 188, 0, 20, 29, 26602 }, // U+FE93
    { 16, 23, 222, 0, 22, 46, 26631 }, // U+FE94
    { 25, 16, 410, 0, 15, 50, 26677 }, // U+FE95
    { 31, 16, 457, 0, 15, 62, 26727 }, // U+FE96
    { 9, 19, 127, -1, 18, 22, 26789 }, // U+FE97
    { 13, 16, 164, 0, 15, 26, 26811 }, // U+FE98
    { 25, 19, 410, 0, 18, 60, 26837 }, // U+FE99
    { 31, 19, 457, 0, 18, 74, 26897 }, // U+FE9A
    { 8, 22, 127, 0, 21, 22, 26971 }, // U+FE9B
    { 13, 19, 164, 0, 18, 31, 26993 }, // U+FE9C
    { 17, 23, 275, 0, 13, 49, 27024 }, // U+FE9D
    { 21, 23, 296, 0, 13, 61, 27073 }, // U+FE9E
    { 16, 17, 252, 0, 11, 34, 27134 }, // U+FE9F
    { 19, 17, 262, 0, 11, 41, 27168 }, // U+FEA0
    { 17, 23, 275, 0, 13, 49, 27209 }, // U+FEA1
    { 21, 23, 296, 0, 13, 61, 27258 }, // U+FEA2
    { 16, 12, 252, 0, 11, 24, 27319 }, // U+FEA3
    { 19, 12, 262, 0, 11, 29, 27343 }, // U+FEA4
    { 17, 29, 275, 0, 19, 62, 27372 }, // U+FEA5
    { 21, 29, 296, 0, 19, 77, 27434 }, // U+FEA6
    { 16, 19, 252, 0, 18, 38, 27511 }, // U+FEA7
    { 19, 19, 262, 0, 18, 46, 27549 }, // U+FEA8
    { 12, 14, 207, 0, 13, 21, 27595 }, // U+FEA9
    { 17, 14, 228, 0, 13, 30, 27616 }, // U+FEAA
    { 12, 20, 207, 0, 19, 30, 27646 }, // U+FEAB
    { 17, 20, 228, 0, 19, 43, 27676 }, // U+FEAC
    { 10, 16, 164, -1, 10, 20, 27719 }, // U+FEAD
    { 15, 16, 180, -1, 10, 30, 27739 }, // U+FEAE
    { 10, 23, 164, -1, 17, 29, 27769 }, // U+FEAF
    { 15, 23, 180, -1, 17, 44, 27798 }, // U+FEB0
    { 33, 18, 548, 0, 12, 75, 27842 }, // U+FEB1
    { 38, 17, 576, 0, 11, 81, 27917 }, // U+FEB2
    { 23, 13, 380, 0, 12, 38, 27998 }, // U+FEB3
    { 28, 12, 408, 0, 11, 42, 28036 }, // U+FEB4
    { 33, 25, 548, 0, 19, 104, 28078 }, // U+FEB5
    { 38, 25, 576, 0, 19, 119, 28182 }, // U+FEB6
    { 23, 20, 380, 0, 19, 58, 28301 }, // U+FEB7
    { 28, 20, 408, 0, 19, 70, 28359 }, // U+FEB8
    { 35, 17, 569, 0, 11, 75, 28429 }, // U+FEB9
    { 39, 17, 577, 0, 11, 83, 28504 }, // U+FEBA
    { 24, 12, 390, 0, 11, 36, 28587 }, // U+FEBB
    { 28, 12, 402, 0, 11, 42, 28623 }, // U+FEBC
    { 35, 24, 569, 0, 18, 105, 28665 }, // U+FEBD
    { 39, 24, 577, 0, 18, 117, 28770 }, // U+FEBE
    { 24, 19, 390, 0, 18, 57, 28887 }, // U+FEBF
    { 28, 19, 402, 0, 18, 67, 28944 }, // U+FEC0
    { 21, 20, 338, 0, 19, 53, 29011 }, // U+FEC1
    { 24, 20, 344, 0, 19, 60, 29064 }, // U+FEC2
    { 18, 20, 295, 0, 19, 45, 29124 }, // U+FEC3
    { 22, 20, 305, 0, 19, 55, 29169 }, // U+FEC4
    { 21, 20, 338, 0, 19, 53, 29224 }, // U+FEC5
    { 24, 20, 344, 0, 19, 60, 29277 }, // U+FEC6
    { 18, 20, 295, 0, 19, 45, 29337 }, // U+FEC7
    { 22, 20, 305, 0, 19, 55, 29382 }, // U+FEC8
    { 17, 24, 228, 0, 14, 51, 29437 }, // U+FEC9
    { 17, 22, 228, 0, 12, 47, 29488 }, // U+FECA
    { 13, 14, 223, 0, 13, 23, 29535 }, // U+FECB
    { 17, 13, 221, -1, 12, 28, 29558 }, // U+FECC
    { 17, 31, 228, 0, 21, 66, 29586 }, // U+FECD
    { 17, 28, 228, 0, 18, 60, 29652 }, // U+FECE
    { 13, 20, 223, 0, 19, 33, 29712 }, // U+FECF
    { 17, 19, 221, -1, 18, 41, 29745 }, // U+FED0
    { 25, 22, 410, 0, 21, 69, 29786 }, // U+FED1
    { 30, 20, 446, 0, 19, 75, 29855 }, // U+FED2
    { 12, 22, 202, 0, 21, 33, 29930 }, // U+FED3
    { 16, 20, 212, 0, 19, 40, 29963 }, // U+FED4
    { 20, 23, 333, 0, 18, 58, 30003 }, // U+FED5
    { 24, 23, 342, 0, 16, 69, 30061 }, // U+FED6
    { 12, 22, 202, 0, 21, 33, 30130 }, // U+FED7
    { 16, 20, 212, 0, 19, 40, 30163 }, // U+FED8
    { 23, 20, 372, 0, 19, 58, 30203 }, // U+FED9
    { 27, 20, 390, 0, 19, 68, 30261 }, // U+FEDA
    { 12, 19, 182, 0, 18, 29, 30329 }, // U+FEDB
    { 15, 19, 203, 0, 18, 36, 30358 }, // U+FEDC
    { 18, 25, 296, 0, 19, 57, 30394 }, // U+FEDD
    { 22, 25, 316, 0, 19, 69, 30451 }, // U+FEDE
    { 7, 20, 119, 0, 19, 18, 30520 }, // U+FEDF
    { 11, 20, 138, 0, 19, 28, 30538 }, // U+FEE0
    { 13, 22, 219, 0, 12, 36, 30566 }, // U+FEE1
    { 19, 21, 264, 0, 11, 50, 30602 }, // U+FEE2
    { 14, 12, 233, 0, 11, 21, 30652 }, // U+FEE3
    { 18, 12, 250, 0, 11, 27, 30673 }, // U+FEE4
    { 18, 21, 296, 0, 15, 48, 30700 }, // U+FEE5
    { 23, 21, 322, 0, 15, 61, 30748 }, // U+FEE6
    { 7, 19, 127, 0, 18, 17, 30809 }, // U+FEE7
    { 12, 17, 154, 0, 16, 26, 30826 }, // U+FEE8
    { 11, 15, 188, 0, 14, 21, 30852 }, // U+FEE9
    { 16, 16, 222, 0, 15, 32, 30873 }, // U+FEEA
    { 16, 15, 256, 0, 14, 30, 30905 }, // U+FEEB
    { 17, 18, 228, 0, 12, 39, 30935 }, // U+FEEC
    { 12, 17, 199, 0, 11, 26, 30974 }, // U+FEED
    { 16, 17, 210, 0, 11, 34, 31000 }, // U+FEEE
    { 21, 18, 328, 0, 12, 48, 31034 }, // U+FEEF
    { 22, 13, 320, 0, 7, 36, 31082 }, // U+FEF0
    { 21, 24, 328, 0, 12, 63, 31118 }, // U+FEF1
    { 22, 19, 320, 0, 7, 53, 31181 }, // U+FEF2
    { 8, 18, 144, 0, 12, 18, 31234 }, // U+FEF3
    { 13, 15, 164, 0, 9, 25, 31252 }, // U+FEF4
    { 17, 21, 253, -2, 21, 45, 31277 }, // U+FEF5
    { 20, 22, 272, 0, 21, 55, 31322 }, // U+FEF6
    { 15, 23, 253, 0, 23, 44, 31377 }, // U+FEF7
    { 19, 24, 272, 1, 23, 57, 31421 }, // U+FEF8
    { 14, 27, 253, 1, 19, 48, 31478 }, // U+FEF9
    { 19, 27, 272, 1, 19, 65, 31526 }, // U+FEFA
    { 14, 19, 253, 1, 19, 34, 31591 }, // U+FEFB
    { 19, 20, 272, 1, 19, 48, 31625 }, // U+FEFC
};

static const EpdUnicodeInterval ia_duospace_12_boldIntervals[] = {
    { 0x0, 0x0, 0x0 },
    { 0xD, 0xD, 0x1 },
    { 0x20, 0x7E, 0x2 },
    { 0xA0, 0xA3, 0x61 },
    { 0xA5, 0x17E, 0x65 },
    { 0x1A0, 0x1A1, 0x13F },
    { 0x1AF, 0x1B0, 0x141 },
    { 0x1FA, 0x1FF, 0x143 },
    { 0x218, 0x21B, 0x149 },
    { 0x300, 0x304, 0x14D },
    { 0x306, 0x30C, 0x152 },
    { 0x312, 0x312, 0x159 },
    { 0x315, 0x315, 0x15A },
    { 0x31B, 0x31B, 0x15B },
    { 0x323, 0x323, 0x15C },
    { 0x326, 0x328, 0x15D },
    { 0x34F, 0x34F, 0x160 },
    { 0x400, 0x45F, 0x161 },
    { 0x472, 0x473, 0x1C1 },
    { 0x490, 0x49D, 0x1C3 },
    { 0x4A0, 0x4A5, 0x1D1 },
    { 0x4AA, 0x4AB, 0x1D7 },
    { 0x4AE, 0x4B3, 0x1D9 },
    { 0x4B6, 0x4BB, 0x1DF },
    { 0x4C0, 0x4C2, 0x1E5 },
    { 0x4CF, 0x4D9, 0x1E8 },
    { 0x4DC, 0x4DF, 0x1F3 },
    { 0x4E2, 0x4E9, 0x1F7 },
    { 0x4EE, 0x4F5, 0x1FF },
    { 0x4F8, 0x4F9, 0x207 },
    { 0x5D0, 0x5EA, 0x209 },
    { 0x60C, 0x60C, 0x224 },
    { 0x61B, 0x61B, 0x225 },
    { 0x61F, 0x61F, 0x226 },
    { 0x621, 0x621, 0x227 },
    { 0x640, 0x640, 0x228 },
    { 0x654, 0x654, 0x229 },
    { 0x660, 0x669, 0x22A },
    { 0x6BA, 0x6BA, 0x234 },
    { 0x6D4, 0x6D5, 0x235 },
    { 0x6F0, 0x6F9, 0x237 },
    { 0x1EA0, 0x1EF9, 0x241 },
    { 0x2009, 0x2009, 0x29B },
    { 0x200B, 0x2011, 0x29C },
    { 0x2013, 0x2014, 0x2A3 },
    { 0x2018, 0x201A, 0x2A5 },
    { 0x201C, 0x201E, 0x2A8 },
    { 0x2020, 0x2022, 0x2AB },
    { 0x2026, 0x2026, 0x2AE },
    { 0x202F, 0x2030, 0x2AF },
    { 0x2039, 0x203A, 0x2B1 },
    { 0x2044, 0x2044, 0x2B3 },
    { 0x204F, 0x204F, 0x2B4 },
    { 0x2070, 0x2070, 0x2B5 },
    { 0x2074, 0x2079, 0x2B6 },
    { 0x2080, 0x2089, 0x2BC },
    { 0x20A1, 0x20A1, 0x2C6 },
    { 0x20A4, 0x20A4, 0x2C7 },
    { 0x20A6, 0x20A6, 0x2C8 },
    { 0x20A8, 0x20AE, 0x2C9 },
    { 0x20B1, 0x20B2, 0x2D0 },
    { 0x20B4, 0x20B5, 0x2D2 },
    { 0x20B8, 0x20BA, 0x2D4 },
    { 0x20BD, 0x20BD, 0x2D7 },
    { 0x20BF, 0x20BF, 0x2D8 },
    { 0x2190, 0x2199, 0x2D9 },
    { 0x21A9, 0x21AA, 0x2E3 },
    { 0x21B0, 0x21B3, 0x2E5 },
    { 0x21B6, 0x21B7, 0x2E9 },
    { 0x21BA, 0x21BB, 0x2EB },
    { 0x21C4, 0x21C4, 0x2ED },
    { 0x21C6, 0x21C6, 0x2EE },
    { 0x2202, 0x2202, 0x2EF },
    { 0x2206, 0x2206, 0x2F0 },
    { 0x220F, 0x220F, 0x2F1 },
    { 0x2211, 0x2212, 0x2F2 },
    { 0x221A, 0x221A, 0x2F4 },
    { 0x221E, 0x221E, 0x2F5 },
    { 0x222B, 0x222B, 0x2F6 },
    { 0x2248, 0x2248, 0x2F7 },
    { 0x2260, 0x2260, 0x2F8 },
    { 0x2264, 0x2265, 0x2F9 },
    { 0xFB01, 0xFB02, 0x2FB },
    { 0xFB56, 0xFB59, 0x2FD },
    { 0xFB66, 0xFB69, 0x301 },
    { 0xFB7A, 0xFB7D, 0x305 },
    { 0xFB88, 0xFB95, 0x309 },
    { 0xFB9E, 0xFB9F, 0x317 },
    { 0xFBA6, 0xFBB1, 0x319 },
    { 0xFBFC, 0xFBFF, 0x325 },
    { 0xFE80, 0xFEFC, 0x329 },
};

static const uint16_t ia_duospace_12_boldKernLeftCodepoints[] = {
    0x05D0, 0x05D1, 0x05D2, 0x05D3, 0x05D5, 0x05D6, 0x05D8, 0x05D9, 0x05DB, 0x05DC, 0x05DE, 0x05E0,
    0x05E1, 0x05E2, 0x05E4, 0x05E6, 0x05E8, 0x05E9, 0x05EA, 0xFB8C, 0xFEAD, 0xFEAE, 0xFEAF,
};

static const uint8_t ia_duospace_12_boldKernLeftClassIds[] = {
      1,   2,   3,   4,   5,   6,   7,   8,   9,  10,  11,  12,  13,  14,  15,  16,
     17,  18,  19,  20,  20,  20,  20,
};

static const uint16_t ia_duospace_12_boldKernRightCodepoints[] = {
    0x05D0, 0x05D1, 0x05D2, 0x05D3, 0x05D4, 0x05D6, 0x05D7, 0x05D8, 0x05D9, 0x05DA, 0x05DB, 0x05DC,
    0x05DD, 0x05DE, 0x05E1, 0x05E2, 0x05E3, 0x05E4, 0x05E5, 0x05E7, 0x05E8, 0x05E9, 0x05EA, 0x06D5,
    0xFB8E, 0xFBA6, 0xFBAA, 0xFE8D, 0xFEA3, 0xFEA9, 0xFEB1, 0xFEB3, 0xFEB9, 0xFEBB, 0xFEC1, 0xFEC3,
    0xFEC9, 0xFECB, 0xFECD, 0xFEDB, 0xFEDF, 0xFEE1, 0xFEE3, 0xFEEB,
};

static const uint8_t ia_duospace_12_boldKernRightClassIds[] = {
      1,   2,   3,   4,   5,   6,   7,   8,   9,  10,  11,  12,  13,  14,  15,  16,
     17,  18,  19,  20,  21,  22,  23,  24,  24,  24,  24,  25,  24,  26,  26,  26,
     26,  26,  26,  26,  27,  25,  27,  24,  25,  24,  24,  24,
};

static const uint16_t ia_duospace_12_boldKernRowOffsets[] = {
        0,     6,    11,    18,    29,    35,    36,    45,    56,    62,    72,    77,    80,    87,    89,    96,
      103,   113,   120,   130,   134,
};

static const uint8_t ia_duospace_12_boldKernSparseCols[] = {
      8,  10,  11,  17,  19,  21,   3,   9,  14,  17,  20,   1,   7,   8,  10,  11,
     13,  17,   1,   4,   7,   9,  10,  12,  13,  14,  16,  17,  20,   1,   7,  12,
     14,  17,  20,   1,   3,   7,   9,  10,  16,  17,  18,  19,  20,   1,   4,   6,
      7,  10,  12,  13,  14,  17,  20,  22,   7,  10,  13,  14,  16,  17,   1,   2,
      7,   9,  10,  14,  16,  17,  21,  22,  10,  12,  13,  14,  17,   7,   8,  10,
      7,   9,  11,  14,  16,  17,  20,   7,  14,   9,  10,  11,  14,  16,  17,  21,
      0,   1,   3,   8,  12,  14,  17,   1,   7,   9,  10,  13,  14,  16,  17,  20,
     22,   1,   7,  10,  12,  14,  17,  20,   3,   5,   8,  10,  11,  13,  14,  15,
     17,  21,  23,  24,  25,  26,
};

static const int8_t ia_duospace_12_boldKernSparseValues[] = {
      -8,   -4,   -1,   -8,   -4,   -8,   -2,   -3,  -10,  -10,   -4,    3,   -3,  -10,   -2,   -5,
      -6,   -4,  -16,   -8,   -3,  -20,  -13,   -4,   -2,  -10,  -20,  -13,  -13,   -4,   -5,   -4,
      -6,   -8,   -9,   -3,   -2,   -8,  -15,   -1,   -9,   -6,   -3,   -3,   -2,  -24,   -8,   -6,
      -6,   -6,  -12,   -6,   -6,   -8,   -8,   -8,   -3,   -2,   -5,   -5,   -9,   -9,  -16,   -3,
      -3,  -12,   -9,   -3,  -18,   -5,    3,   -1,   -8,   -2,   -8,  -10,  -10,   -5,   -7,   -4,
      -3,  -12,   -3,   -3,   -5,   -2,   -9,   -6,   -4,   -6,   -8,   -6,   -6,  -14,   -3,   -6,
      -2,   -4,   -3,   -8,   -4,  -10,   -9,  -16,   -8,  -12,   -3,   -6,   -9,  -12,   -9,   -8,
     -10,  -11,   -3,  -11,   -6,   -9,   -6,   -6,  -19,  -20,   -7,   -3,   -3,  -15,  -16,  -16,
      -4,   -8,  -16,  -10,  -12,   20,
};

static const EpdFontData ia_duospace_12_bold = {
    ia_duospace_12_boldBitmaps,
    ia_duospace_12_boldGlyphs,
    ia_duospace_12_boldIntervals,
    91,
    33,
    26,
    -7,
    false,
    nullptr,
    0,
    nullptr,
    nullptr,  // kernLeftClasses: built-in fonts use the split arrays below
    nullptr,  // kernRightClasses
    ia_duospace_12_boldKernLeftCodepoints,
    ia_duospace_12_boldKernLeftClassIds,
    ia_duospace_12_boldKernRightCodepoints,
    ia_duospace_12_boldKernRightClassIds,
    nullptr,  // kernMatrix: built-in fonts use the sparse form below
    ia_duospace_12_boldKernRowOffsets,
    ia_duospace_12_boldKernSparseCols,
    ia_duospace_12_boldKernSparseValues,
    23,
    44,
    20,
    27,
    nullptr,
    0,
};
