/**
 * generated by fontconvert.py
 * name: ia_duospace_10_bold
 * size: 10
 * mode: 1-bit
 * Command used: fontconvert.py ia_duospace_10_bold 10 /Users/jacobshober/Downloads/iA-Fonts-master/iA Writer Duo/Static/iAWriterDuoS-Bold.ttf NotoSansHebrew-Bold.ttf NotoSansArabic-Bold.ttf --additional-intervals 0x05D0,0x05EA --additional-intervals 0x060C,0x060C --additional-intervals 0x061B,0x061B --additional-intervals 0x061F,0x061F --additional-intervals 0x0621,0x0621 --additional-intervals 0x0640,0x0640 --additional-intervals 0x0654,0x0654 --additional-intervals 0x0660,0x0669 --additional-intervals 0x06BA,0x06BA --additional-intervals 0x06D4,0x06D4 --additional-intervals 0x06D5,0x06D5 --additional-intervals 0x06F0,0x06F9 --additional-intervals 0xFB56,0xFB59 --additional-intervals 0xFB66,0xFB69 --additional-intervals 0xFB7A,0xFB7D --additional-intervals 0xFB88,0xFB95 --additional-intervals 0xFB9E,0xFB9F --additional-intervals 0xFBA6,0xFBB1 --additional-intervals 0xFBFC,0xFBFF --additional-intervals 0xFE80,0xFEFC
 */
#pragma once
#include "EpdFontData.h"

static const uint8_t ia_duospace_10_boldBitmaps[22885] = {
    0xF7, 0xBD, 0xEF, 0x39, 0xCC, 0x60, 0x01, 0xFF, 0xFF, 0xE0, 0xF7, 0xF7, 0xF7, 0xF7, 0xF7, 0xF7,
    0xF7, 0x0E, 0xE0, 0x77, 0x07, 0xB8, 0x3B, 0xC7, 0xFF, 0xBF, 0xFD, 0xFF, 0xC3, 0xB8, 0xFF, 0xF7,
    0xFF, 0xBF, 0xFC, 0x77, 0x03, 0xB8, 0x1D, 0xC1, 0xFE, 0x00, 0x07, 0x00, 0x70, 0x1F, 0xC3, 0xFE,
    0x7F, 0xF7, 0xFE, 0x77, 0x07, 0xF0, 0x7F, 0xC3, 0xFE, 0x0F, 0xF0, 0x7F, 0x07, 0x77, 0x7F, 0xFF,
    0xF7, 0xFE, 0x3F, 0xC0, 0x70, 0x07, 0x00, 0x7E, 0x0F, 0x0F, 0xC1, 0xC3, 0xFC, 0x78, 0x73, 0x9E,
    0x0E, 0x73, 0x81, 0xFE, 0xF0, 0x3F, 0xFD, 0xC3, 0xF7, 0x7E, 0x19, 0xDF, 0xC0, 0x7B, 0xBC, 0x0E,
    0x77, 0x83, 0x8E, 0xF0, 0xF1, 0xFE, 0x1C, 0x3F, 0x87, 0x03, 0xE0, 0x1F, 0x01, 0xFC, 0x1F, 0xF0,
    0xF3, 0x07, 0x80, 0x3C, 0x00, 0xF3, 0xC7, 0xDE, 0x7F, 0xF7, 0xFF, 0x3D, 0xF9, 0xE7, 0x8F, 0xFE,
    0x3F, 0xF8, 0xFB, 0xE0, 0xFF, 0xFF, 0xFF, 0xF0, 0x0F, 0x0F, 0x0F, 0x07, 0x07, 0x03, 0x81, 0xC1,
    0xE0, 0xF0, 0x78, 0x3C, 0x0E, 0x07, 0x03, 0x80, 0xE0, 0x78, 0x1E, 0x07, 0x80, 0x78, 0x3C, 0x1C,
    0x1E, 0x0E, 0x07, 0x07, 0x07, 0x07, 0x07, 0x07, 0x07, 0x07, 0x0E, 0x1E, 0x1C, 0x3C, 0x78, 0x07,
    0x00, 0x70, 0x67, 0x27, 0xFF, 0xFF, 0xF3, 0xFE, 0x1F, 0x81, 0xFC, 0x3D, 0xE3, 0x9E, 0x10, 0x80,
    0x0E, 0x01, 0xC0, 0x38, 0x7F, 0xEF, 0xFF, 0xFF, 0xC3, 0x80, 0x70, 0x0E, 0x01, 0xC0, 0x7D, 0xE7,
    0x9E, 0x73, 0xCE, 0x00, 0x7F, 0x7F, 0x7F, 0xFF, 0xFF, 0xF0, 0x01, 0xC0, 0xF0, 0x38, 0x0E, 0x07,
    0x81, 0xC0, 0xF0, 0x3C, 0x0E, 0x07, 0x81, 0xE0, 0x70, 0x3C, 0x0E, 0x03, 0x81, 0xE0, 0x70, 0x3C,
    0x0F, 0x00, 0x1F, 0x83, 0xFE, 0x7F, 0xE7, 0x8F, 0x70, 0xFF, 0x0F, 0xF7, 0xFF, 0x7F, 0xF6, 0xFF,
    0x0F, 0x70, 0xF7, 0x8F, 0x7F, 0xE3, 0xFE, 0x1F, 0x80, 0x1F, 0x80, 0xFC, 0x0F, 0xE0, 0xFF, 0x07,
    0xF8, 0x3B, 0xC0, 0x9E, 0x00, 0xF0, 0x07, 0x80, 0x3C, 0x01, 0xE0, 0x0F, 0x03, 0xFF, 0x1F, 0xF8,
    0xFF, 0xC0, 0x1F, 0x83, 0xFE, 0x7F, 0xE7, 0x1E, 0x30, 0xF0, 0x1F, 0x01, 0xE0, 0x3E, 0x07, 0xC0,
    0xF8, 0x1F, 0x03, 0xE0, 0x7F, 0xF7, 0xFF, 0x7F, 0xF0, 0x1F, 0xC7, 0xFE, 0x7F, 0xE3, 0x1F, 0x00,
    0xF0, 0x1E, 0x0F, 0xC0, 0xFC, 0x0F, 0xE0, 0x0F, 0x20, 0xF7, 0x0F, 0xFF, 0xE7, 0xFE, 0x3F, 0xC0,
    0x03, 0xC0, 0x7C, 0x0F, 0xC0, 0xFC, 0x1D, 0xC1, 0xDC, 0x39, 0xC7, 0x9C, 0x71, 0xCF, 0xFF, 0xFF,
    0xFF, 0xFF, 0x01, 0xC0, 0x1C, 0x01, 0xC0, 0x3F, 0xE7, 0xFE, 0x7F, 0xE7, 0x80, 0x70, 0x07, 0x38,
    0x7F, 0xE7, 0xFF, 0x7D, 0xF0, 0x0F, 0x10, 0xF7, 0x0F, 0x7F, 0xF7, 0xFE, 0x1F, 0xC0, 0x07, 0xC0,
    0xF8, 0x1F, 0x03, 0xE0, 0x3C, 0x07, 0xB8, 0x7F, 0xE7, 0xFE, 0xFD, 0xFF, 0x8F, 0x70, 0xF7, 0x8F,
    0x7F, 0xF3, 0xFE, 0x1F, 0xC0, 0xFF, 0xFF, 0xFF, 0xFF, 0xF0, 0xFE, 0x3C, 0x07, 0x81, 0xE0, 0x3C,
    0x07, 0x81, 0xE0, 0x3C, 0x0F, 0x01, 0xE0, 0x3C, 0x0F, 0x00, 0x1F, 0xC3, 0xFE, 0x7F, 0xE7, 0x8F,
    0x78, 0xF7, 0x9E, 0x3F, 0xC3, 0xFE, 0x7F, 0xE7, 0x8F, 0xF0, 0xFF, 0x8F, 0x7F, 0xF7, 0xFE, 0x1F,
    0xC0, 0x1F, 0x83, 0xFE, 0x7F, 0xE7, 0x8F, 0xF0, 0xFF, 0x0F, 0xF8, 0xF7, 0xFF, 0x7F, 0xF3, 0xFE,
    0x01, 0xE0, 0x3C, 0x07, 0xC0, 0xF8, 0x3F, 0x00, 0xFF, 0xFF, 0xF0, 0x00, 0x1F, 0xFF, 0xFE, 0x7D,
    0xF7, 0xDF, 0x00, 0x00, 0x1F, 0x79, 0xE7, 0x9C, 0xF3, 0x80, 0x00, 0x40, 0x70, 0x7C, 0x7F, 0x7F,
    0x3F, 0x0F, 0x03, 0xF0, 0x7F, 0x07, 0xF0, 0x7C, 0x0F, 0x00, 0xC0, 0xFF, 0xDF, 0xFF, 0xFF, 0x80,
    0x00, 0x01, 0xFF, 0xBF, 0xFF, 0xFF, 0x40, 0x3C, 0x0F, 0x81, 0xF8, 0x3F, 0x83, 0xF0, 0x3C, 0x1F,
    0x1F, 0xDF, 0xCF, 0xC3, 0xC0, 0xC0, 0x00, 0x3F, 0x1F, 0xEF, 0xFF, 0xCF, 0x23, 0xC0, 0xF0, 0x7C,
    0x7E, 0x1F, 0x07, 0x80, 0x00, 0x78, 0x1E, 0x07, 0x81, 0xE0, 0x07, 0xF0, 0x0F, 0xFE, 0x0F, 0xFF,
    0x8F, 0x01, 0xE7, 0x7F, 0xF7, 0x3F, 0xDF, 0xBF, 0xEF, 0xDC, 0xF7, 0xEE, 0x7B, 0xF7, 0x3D, 0xFB,
    0xDF, 0xFC, 0xFF, 0xE7, 0x7F, 0xE3, 0xC8, 0x60, 0xF8, 0x00, 0x3F, 0xF0, 0x0F, 0xF8, 0x00, 0xFC,
    0x00, 0x0F, 0x80, 0xFC, 0x07, 0xE0, 0x3F, 0x83, 0xFC, 0x1F, 0xE0, 0xF7, 0x87, 0x3C, 0x79, 0xE3,
    0xFF, 0x1F, 0xFC, 0xFF, 0xEF, 0x0F, 0x78, 0x7B, 0xC1, 0xE0, 0xFF, 0x9F, 0xFB, 0xFF, 0x79, 0xEF,
    0x1D, 0xE7, 0xBF, 0xF7, 0xFC, 0xFF, 0xDE, 0x7F, 0xC7, 0xF8, 0xFF, 0xFF, 0xFF, 0xBF, 0xE0, 0x1F,
    0xC3, 0xFE, 0x3F, 0xF7, 0x8F, 0x78, 0xF7, 0x80, 0x78, 0x0F, 0x80, 0x78, 0x07, 0x80, 0x78, 0xE7,
    0x8F, 0x3F, 0xF3, 0xFE, 0x1F, 0xC0, 0xFF, 0x1F, 0xF3, 0xFF, 0x78, 0xFF, 0x1F, 0xE3, 0xFC, 0x7F,
    0x8F, 0xF1, 0xFE, 0x3F, 0xC7, 0xF8, 0xFF, 0xFD, 0xFF, 0x3F, 0xC0, 0xFF, 0xFF, 0xFF, 0xFF, 0xC0,
    0xF0, 0x3C, 0x0F, 0xFF, 0xFF, 0xFF, 0xFC, 0x0F, 0x03, 0xC0, 0xFF, 0xFF, 0xFF, 0xFC, 0xFF, 0xFF,
    0xFF, 0xFF, 0x78, 0x0F, 0x01, 0xE0, 0x3F, 0xF7, 0xFE, 0xFF, 0xDE, 0x03, 0xC0, 0x78, 0x0F, 0x01,
    0xE0, 0x3C, 0x00, 0x1F, 0x83, 0xFE, 0x7F, 0xE7, 0x8F, 0x78, 0xE7, 0x00, 0xF0, 0x0F, 0x3F, 0xF3,
    0xFF, 0x3F, 0x78, 0xF7, 0x8F, 0x7F, 0xF3, 0xFF, 0x1F, 0xF0, 0xF1, 0xFE, 0x3F, 0xC7, 0xF8, 0xFF,
    0x1F, 0xE3, 0xFF, 0xFF, 0xFF, 0xFF, 0xFE, 0x3F, 0xC7, 0xF8, 0xFF, 0x1F, 0xE3, 0xFC, 0x78, 0xFF,
    0xFF, 0xFF, 0xFC, 0x78, 0x1E, 0x07, 0x81, 0xE0, 0x78, 0x1E, 0x07, 0x81, 0xE0, 0x78, 0xFF, 0xFF,
    0xFF, 0xFC, 0x3F, 0xE7, 0xFC, 0x7F, 0x80, 0xF0, 0x1E, 0x03, 0xC0, 0x78, 0x0F, 0x01, 0xE0, 0x3C,
    0xC7, 0xB8, 0xF7, 0xFE, 0x7F, 0x87, 0xE0, 0xF1, 0xEF, 0x3E, 0xF3, 0xCF, 0x78, 0xFF, 0x8F, 0xF0,
    0xFF, 0x0F, 0xF0, 0xFF, 0x0F, 0xF8, 0xF7, 0xCF, 0x3C, 0xF3, 0xEF, 0x1E, 0xF1, 0xF0, 0x70, 0x0E,
    0x01, 0xC0, 0x38, 0x07, 0x00, 0xE0, 0x1C, 0x03, 0x80, 0x70, 0x0E, 0x01, 0xC0, 0x38, 0x07, 0xFE,
    0xFF, 0xDF, 0xF8, 0xF0, 0x3F, 0xF0, 0x7F, 0xE1, 0xFF, 0xE3, 0xFF, 0xCF, 0xFF, 0xDF, 0xFF, 0xFF,
    0xFF, 0xFF, 0xF7, 0xDF, 0xEF, 0xBF, 0xCE, 0x7F, 0x98, 0xFF, 0x11, 0xFE, 0x03, 0xFC, 0x07, 0x80,
    0xF9, 0xFF, 0x3F, 0xE7, 0xFE, 0xFF, 0xDF, 0xFB, 0xFF, 0xFF, 0x7F, 0xEF, 0xFD, 0xFF, 0x9F, 0xF3,
    0xFE, 0x7F, 0xC7, 0xF8, 0xF8, 0x1F, 0x83, 0xFE, 0x7F, 0xE7, 0x8F, 0x70, 0xFF, 0x0F, 0xF0, 0xFF,
    0x0F, 0xF0, 0xFF, 0x0F, 0x70, 0xF7, 0x8F, 0x7F, 0xE3, 0xFE, 0x1F, 0x80, 0xFF, 0x9F, 0xFB, 0xFF,
    0xF8, 0xFF, 0x1F, 0xE3, 0xFC, 0xFF, 0xFE, 0xFF, 0xDF, 0xE3, 0xC0, 0x78, 0x0F, 0x01, 0xE0, 0x3C,
    0x00, 0x1F, 0x80, 0xFF, 0x87, 0xFE, 0x1E, 0x3C, 0x70, 0xF3, 0xC3, 0xCF, 0x0F, 0x3C, 0x3C, 0xF0,
    0xF3, 0xC3, 0xC7, 0x7F, 0x1E, 0xFC, 0x7F, 0xE0, 0xFF, 0xC1, 0xFF, 0x80, 0x0F, 0xFF, 0x9F, 0xFB,
    0xFF, 0xF8, 0xFF, 0x1F, 0xE3, 0xFC, 0xFF, 0xFE, 0xFF, 0xDF, 0xF3, 0xDE, 0x79, 0xEF, 0x3D, 0xE3,
    0xFC, 0x78, 0x1F, 0xC3, 0xFF, 0x7F, 0xE7, 0x84, 0x78, 0x07, 0xE0, 0x7F, 0xC3, 0xFE, 0x1F, 0xF0,
    0x1F, 0x00, 0xF7, 0x0F, 0x7F, 0xE7, 0xFE, 0x3F, 0xC0, 0xFF, 0xFF, 0xFF, 0xFF, 0xF0, 0xF0, 0x0F,
    0x00, 0xF0, 0x0F, 0x00, 0xF0, 0x0F, 0x00, 0xF0, 0x0F, 0x00, 0xF0, 0x0F, 0x00, 0xF0, 0x0F, 0x00,
    0xF1, 0xFE, 0x3F, 0xC7, 0xF8, 0xFF, 0x1F, 0xE3, 0xFC, 0x7F, 0x8F, 0xF1, 0xFE, 0x3F, 0xC7, 0xF8,
    0xEF, 0xFC, 0xFF, 0x8F, 0xE0, 0xF0, 0x7F, 0x87, 0xBE, 0x3C, 0xF1, 0xE7, 0x8F, 0x3C, 0xF1, 0xE7,
    0x87, 0xBC, 0x3D, 0xE1, 0xEE, 0x07, 0xF0, 0x3F, 0x81, 0xF8, 0x0F, 0xC0, 0x3E, 0x00, 0x70, 0xF8,
    0xF7, 0x8F, 0x8F, 0x78, 0xF8, 0xF7, 0x8F, 0x8E, 0x79, 0xFC, 0xE3, 0x9F, 0xDE, 0x3D, 0xDD, 0xE3,
    0xDD, 0xDE, 0x3F, 0xDD, 0xC1, 0xF9, 0xFC, 0x1F, 0x8F, 0xC1, 0xF8, 0xFC, 0x1F, 0x8F, 0x81, 0xF0,
    0xF8, 0x0F, 0x0F, 0x80, 0xF8, 0xF3, 0xC7, 0x9F, 0x78, 0x7B, 0xC3, 0xFC, 0x0F, 0xE0, 0x7E, 0x01,
    0xF0, 0x1F, 0x80, 0xFE, 0x0F, 0xF0, 0x7B, 0xC7, 0x9E, 0x3C, 0x7B, 0xC3, 0xC0, 0xF0, 0xFF, 0xC7,
    0x9E, 0x3C, 0xF3, 0xC3, 0xDE, 0x1F, 0xE0, 0x7F, 0x03, 0xF0, 0x0F, 0x80, 0x78, 0x03, 0xC0, 0x1E,
    0x00, 0xF0, 0x07, 0x80, 0x3C, 0x00, 0xFF, 0xFF, 0xFF, 0xFF, 0x81, 0xE0, 0x78, 0x1F, 0x03, 0xC0,
    0xF0, 0x3E, 0x07, 0x81, 0xE0, 0x7C, 0x0F, 0xFF, 0xFF, 0xFF, 0xF8, 0xFF, 0xFF, 0xFF, 0xF0, 0xF0,
    0xF0, 0xF0, 0xF0, 0xF0, 0xF0, 0xF0, 0xF0, 0xF0, 0xF0, 0xF0, 0xF0, 0xFF, 0xFF, 0xFF, 0xF0, 0x1C,
    0x07, 0x81, 0xE0, 0x38, 0x0F, 0x03, 0xC0, 0x70, 0x1E, 0x03, 0x80, 0xE0, 0x3C, 0x07, 0x01, 0xE0,
    0x78, 0x0E, 0x03, 0xC0, 0xF0, 0x1C, 0x7F, 0x7F, 0x7F, 0x07, 0x07, 0x07, 0x07, 0x07, 0x07, 0x07,
    0x07, 0x07, 0x07, 0x07, 0x07, 0x07, 0x7F, 0x7F, 0x7F, 0x0F, 0x00, 0xF8, 0x1F, 0x81, 0xFC, 0x3D,
    0xC3, 0x9E, 0x78, 0xE7, 0x0F, 0xF0, 0x72, 0x06, 0xFF, 0xDF, 0xFF, 0xFF, 0x80, 0x11, 0xC7, 0x1E,
    0x38, 0x71, 0x00, 0x3F, 0x1F, 0xF3, 0xFF, 0x01, 0xE7, 0xFD, 0xFF, 0xBC, 0xF7, 0x9E, 0xFF, 0xFF,
    0xFD, 0xF7, 0x80, 0xF0, 0x1E, 0x03, 0xC0, 0x78, 0x0F, 0xF9, 0xFF, 0xBF, 0xFF, 0x8F, 0xF1, 0xFE,
    0x3F, 0xC7, 0xF8, 0xFF, 0xFF, 0xFF, 0xBF, 0xE0, 0x3F, 0x8F, 0xF9, 0xFF, 0x78, 0xCF, 0x01, 0xE0,
    0x3C, 0x07, 0x8C, 0x7F, 0xCF, 0xF8, 0xFE, 0x00, 0x00, 0xF0, 0x0F, 0x00, 0xF0, 0x0F, 0x3E, 0xF7,
    0xFF, 0x7F, 0xF7, 0x8F, 0xF0, 0xFF, 0x0F, 0xF0, 0xF7, 0x8F, 0x7F, 0xF7, 0xFF, 0x3E, 0xF0, 0x3F,
    0x0F, 0xFB, 0xFF, 0x78, 0xFF, 0xFF, 0xFF, 0xFF, 0xFF, 0x84, 0xFF, 0xCF, 0xF8, 0xFE, 0x00, 0x0F,
    0xE1, 0xFC, 0x7F, 0x8F, 0x0F, 0xFF, 0xFF, 0xFF, 0xF8, 0xF0, 0x1E, 0x03, 0xC0, 0x78, 0x0F, 0x0F,
    0xFD, 0xFF, 0xBF, 0xF0, 0x3E, 0xF7, 0xFF, 0x7F, 0xF7, 0x8F, 0xF0, 0xFF, 0x0F, 0xF0, 0xF7, 0x8F,
    0x7F, 0xF7, 0xFF, 0x3E, 0xF0, 0x0E, 0x3F, 0xE7, 0xFE, 0x3F, 0x80, 0xF0, 0x1E, 0x03, 0xC0, 0x78,
    0x0F, 0xF9, 0xFF, 0xBF, 0xF7, 0x8F, 0xF1, 0xFE, 0x3F, 0xC7, 0xF8, 0xFF, 0x1F, 0xE3, 0xFC, 0x78,
    0x0F, 0x01, 0xE0, 0x3C, 0x00, 0x07, 0xF0, 0xFE, 0x1F, 0xC0, 0x78, 0x0F, 0x01, 0xE0, 0x3C, 0x07,
    0x87, 0xFE, 0xFF, 0xDF, 0xF8, 0x07, 0x83, 0xC1, 0xE0, 0x0F, 0xFF, 0xFD, 0xFE, 0x0F, 0x07, 0x83,
    0xC1, 0xE0, 0xF0, 0x78, 0x3C, 0x1E, 0x0E, 0x7F, 0x3F, 0x9F, 0x80, 0xF0, 0x0F, 0x00, 0xF0, 0x0F,
    0x00, 0xF3, 0xEF, 0x7C, 0xF7, 0x8F, 0xF0, 0xFE, 0x0F, 0xF0, 0xFF, 0x8F, 0x78, 0xF3, 0xCF, 0x3E,
    0xF1, 0xE0, 0xFE, 0x1F, 0xC3, 0xF8, 0x0F, 0x01, 0xE0, 0x3C, 0x07, 0x80, 0xF0, 0x1E, 0x03, 0xC0,
    0x78, 0x0F, 0x0F, 0xFD, 0xFF, 0xBF, 0xF0, 0xFF, 0xBE, 0x7F, 0xFF, 0xBF, 0xFF, 0xDE, 0x78, 0xFF,
    0x3C, 0x7F, 0x9E, 0x3F, 0xCF, 0x1F, 0xE7, 0x8F, 0xF3, 0xC7, 0xF9, 0xE3, 0xFC, 0xF1, 0xE0, 0xFF,
    0x9F, 0xFB, 0xFF, 0x78, 0xFF, 0x1F, 0xE3, 0xFC, 0x7F, 0x8F, 0xF1, 0xFE, 0x3F, 0xC7, 0x80, 0x1F,
    0xC3, 0xFE, 0x7F, 0xE7, 0x8F, 0x70, 0xF7, 0x0F, 0x70, 0xF7, 0x8F, 0x7F, 0xE3, 0xFE, 0x1F, 0xC0,
    0xFF, 0x9F, 0xFB, 0xFF, 0xF8, 0xFF, 0x1F, 0xE3, 0xFC, 0x7F, 0x8F, 0xFF, 0xFF, 0xFB, 0xFE, 0x78,
    0x0F, 0x01, 0xE0, 0x3C, 0x00, 0x3E, 0xF7, 0xFF, 0x7F, 0xF7, 0x8F, 0xF0, 0xFF, 0x0F, 0xF0, 0xF7,
    0x8F, 0x7F, 0xF7, 0xFF, 0x3E, 0xF0, 0x0F, 0x00, 0xF0, 0x0F, 0x00, 0xF0, 0xFD, 0xFF, 0xFF, 0xFF,
    0x8F, 0x01, 0xE0, 0x38, 0x07, 0x00, 0xE0, 0xFF, 0xDF, 0xFB, 0xFF, 0x00, 0x3F, 0x8F, 0xFB, 0xFF,
    0x78, 0x4F, 0xF0, 0xFF, 0x87, 0xF2, 0x0E, 0xFF, 0xDF, 0xF9, 0xFE, 0x00, 0x1E, 0x01, 0xE0, 0x1E,
    0x01, 0xE0, 0xFF, 0xEF, 0xFE, 0x7F, 0xE1, 0xE0, 0x1E, 0x01, 0xE0, 0x1E, 0x01, 0xE0, 0x0F, 0xE0,
    0xFE, 0x07, 0xE0, 0xF1, 0xFE, 0x3F, 0xC7, 0xF8, 0xFF, 0x1F, 0xE3, 0xFC, 0x7F, 0x8F, 0xFF, 0xEF,
    0xFD, 0xF7, 0x80, 0xF0, 0xF7, 0x8F, 0x78, 0xE7, 0x9E, 0x3D, 0xE3, 0xDC, 0x3D, 0xC1, 0xFC, 0x1F,
    0x80, 0xF8, 0x0F, 0x80, 0xE3, 0xC7, 0xF9, 0xF3, 0xFC, 0xF9, 0xCE, 0x7C, 0xE7, 0x7E, 0xF3, 0xFB,
    0xF9, 0xFD, 0xF8, 0x7E, 0xFC, 0x3E, 0x7E, 0x1F, 0x1F, 0x07, 0x8F, 0x00, 0x78, 0xF3, 0xEF, 0x0F,
    0xF0, 0x3F, 0x81, 0xF8, 0x07, 0xC0, 0x7E, 0x03, 0xF8, 0x3F, 0xE3, 0xCF, 0x3C, 0x3C, 0xF0, 0xF3,
    0xC7, 0x9E, 0x38, 0xF3, 0xC3, 0xDE, 0x1E, 0xE0, 0x7F, 0x03, 0xF0, 0x1F, 0x80, 0x7C, 0x03, 0xC0,
    0x1E, 0x07, 0xE0, 0x3F, 0x01, 0xF0, 0x00, 0xFF, 0xDF, 0xFB, 0xFF, 0x03, 0xC0, 0xF8, 0x3E, 0x0F,
    0x83, 0xE0, 0xFF, 0xDF, 0xFF, 0xFF, 0x80, 0x0F, 0xC7, 0xF1, 0xFC, 0x70, 0x1C, 0x03, 0x80, 0xF0,
    0x1C, 0x7F, 0x1F, 0x87, 0xE0, 0x3C, 0x07, 0x03, 0x81, 0xE0, 0x70, 0x1F, 0xC7, 0xF0, 0xFC, 0x77,
    0x77, 0x77, 0x77, 0x77, 0x77, 0x77, 0x77, 0x77, 0x7E, 0x1F, 0x87, 0xF0, 0x3C, 0x0E, 0x07, 0x81,
    0xC0, 0x70, 0x1F, 0xC3, 0xF1, 0xFC, 0x78, 0x1C, 0x07, 0x80, 0xE0, 0x3C, 0x7F, 0x1F, 0x87, 0xE0,
    0x3C, 0x77, 0xFF, 0x7F, 0xE7, 0x3E, 0xFF, 0xFF, 0xF0, 0x01, 0x8C, 0x73, 0xBD, 0xEF, 0x7B, 0xC0,
    0x0E, 0x01, 0xC0, 0x7C, 0x1F, 0xE7, 0xFD, 0xFF, 0xBF, 0x87, 0xF0, 0xFE, 0x1F, 0xC3, 0xFF, 0x3F,
    0xE7, 0xFC, 0x3F, 0x03, 0x80, 0x70, 0x0F, 0xC3, 0xFF, 0x3F, 0xF3, 0xC6, 0x78, 0x03, 0x80, 0x3C,
    0x07, 0xFC, 0x7F, 0xC7, 0xF8, 0x1E, 0x03, 0xC0, 0x7F, 0xF7, 0xFF, 0x7F, 0xF0, 0xF0, 0x7F, 0x87,
    0x9E, 0x3C, 0xF1, 0xC7, 0x9E, 0x1E, 0xF0, 0xF7, 0x03, 0xF8, 0x7F, 0xF3, 0xFF, 0x9F, 0xF8, 0x1E,
    0x07, 0xFE, 0x3F, 0xF9, 0xFF, 0xC0, 0x77, 0x77, 0x77, 0x70, 0x00, 0x07, 0x77, 0x77, 0x77, 0x3F,
    0x8F, 0xF9, 0xFF, 0x38, 0x47, 0x80, 0xFE, 0x0F, 0xF3, 0xFE, 0xE1, 0xFC, 0x3B, 0xF7, 0x3F, 0xC3,
    0xF8, 0x0F, 0x80, 0x73, 0x9E, 0x7F, 0x8F, 0xF0, 0x30, 0x00, 0xF7, 0xFB, 0xFD, 0xE0, 0x0F, 0xE0,
    0x7F, 0xE1, 0xC0, 0xE3, 0x3E, 0x6E, 0xFE, 0xDB, 0xFC, 0xF7, 0x11, 0xEE, 0x03, 0xDC, 0x07, 0xBD,
    0xEF, 0xBF, 0xB3, 0x7F, 0x67, 0x39, 0x87, 0x8F, 0x07, 0xF8, 0x00, 0x80, 0x7E, 0x3F, 0x19, 0xC0,
    0xE7, 0xF7, 0x3B, 0xFC, 0xFF, 0x08, 0x43, 0x19, 0xF7, 0xFF, 0xEF, 0x79, 0xCE, 0x3D, 0xE3, 0xDE,
    0x3D, 0xE3, 0x18, 0x00, 0x00, 0xFF, 0xFF, 0xFF, 0xFC, 0x07, 0x01, 0xC0, 0x70, 0x1C, 0x7F, 0x7F,
    0x7F, 0x3E, 0x3B, 0xBF, 0xDF, 0xAF, 0xD7, 0xF9, 0xDC, 0x7C, 0xFF, 0xFF, 0xF8, 0x3E, 0x3F, 0xBF,
    0xDC, 0x6E, 0x37, 0xF9, 0xFC, 0x7C, 0x0E, 0x01, 0xC0, 0x38, 0x7F, 0xFF, 0xFF, 0xFF, 0x83, 0x80,
    0x70, 0x0E, 0x00, 0x03, 0xFF, 0x7F, 0xFF, 0xFE, 0x7D, 0xF9, 0x38, 0xF3, 0xCF, 0x3F, 0x7F, 0x7E,
    0x7F, 0x0E, 0x1E, 0x1E, 0x27, 0x7F, 0x7E, 0x00, 0xE3, 0xDE, 0x71, 0xC2, 0x00, 0xF1, 0xFE, 0x3F,
    0xC7, 0xF8, 0xFF, 0x1F, 0xE3, 0xFC, 0x7F, 0x8F, 0xFF, 0xFF, 0xFF, 0xF7, 0xF0, 0x0F, 0x01, 0xE0,
    0x3C, 0x00, 0x3F, 0xF7, 0xFF, 0x7F, 0xFF, 0xF7, 0xFF, 0x7F, 0xF7, 0xFF, 0x77, 0xF7, 0x3F, 0x70,
    0x77, 0x07, 0x70, 0x77, 0x07, 0x70, 0x77, 0x07, 0x70, 0x77, 0x07, 0x70, 0x77, 0xFF, 0xFF, 0xF0,
    0x30, 0x60, 0xF3, 0xF7, 0xC7, 0x00, 0x79, 0xF1, 0xE1, 0xC3, 0x87, 0x1F, 0x3F, 0x3E, 0x3F, 0xB9,
    0xDC, 0xEE, 0x77, 0x39, 0xFC, 0x7C, 0x42, 0x1C, 0xE3, 0xDE, 0x3D, 0xE7, 0xDE, 0x7B, 0xDE, 0xFF,
    0xFE, 0xF7, 0x98, 0xC0, 0x00, 0x00, 0x78, 0x3F, 0xC3, 0x9E, 0x18, 0x71, 0xC3, 0x9C, 0x3C, 0xE3,
    0xF6, 0x0F, 0x80, 0x1C, 0xF0, 0xE7, 0x8E, 0x7C, 0x77, 0xE7, 0x3F, 0xF0, 0xFB, 0x81, 0xC0, 0x78,
    0x3F, 0xC3, 0x9E, 0x18, 0x71, 0xC3, 0x9C, 0x3C, 0xE3, 0xF6, 0x0F, 0x80, 0x1D, 0xF0, 0xFF, 0x8E,
    0x0C, 0x70, 0xE7, 0x0E, 0x71, 0xFB, 0x8F, 0xE0, 0xFC, 0x3F, 0xE3, 0x87, 0x18, 0x79, 0xC3, 0xDC,
    0x7E, 0xE3, 0xF6, 0x04, 0x00, 0x1C, 0xF0, 0xE7, 0x8E, 0x7C, 0x77, 0xE7, 0x3F, 0xF0, 0xFB, 0x81,
    0xC0, 0x1F, 0x03, 0xE0, 0x7C, 0x0F, 0x80, 0x00, 0x1E, 0x07, 0xC3, 0xF8, 0x7C, 0x1E, 0x03, 0xC0,
    0x78, 0xE7, 0xFC, 0xFF, 0x8F, 0xE0, 0x04, 0x00, 0xE0, 0x07, 0x80, 0x1C, 0x00, 0x70, 0x03, 0x00,
    0x3E, 0x03, 0xF0, 0x1F, 0x80, 0xFE, 0x0F, 0xF0, 0x7F, 0x83, 0xDE, 0x1C, 0xF1, 0xE7, 0x8F, 0xFC,
    0x7F, 0xF3, 0xFF, 0xBC, 0x3D, 0xE1, 0xEF, 0x07, 0x80, 0x01, 0x80, 0x1E, 0x00, 0xE0, 0x0F, 0x00,
    0x70, 0x03, 0x00, 0x3E, 0x03, 0xF0, 0x1F, 0x80, 0xFE, 0x0F, 0xF0, 0x7F, 0x83, 0xDE, 0x1C, 0xF1,
    0xE7, 0x8F, 0xFC, 0x7F, 0xF3, 0xFF, 0xBC, 0x3D, 0xE1, 0xEF, 0x07, 0x80, 0x0F, 0x00, 0xFC, 0x0F,
    0xF0, 0x73, 0x81, 0x08, 0x07, 0xC0, 0x7E, 0x03, 0xF0, 0x1F, 0xC1, 0xFE, 0x0F, 0xF0, 0x7B, 0xC3,
    0x9E, 0x3C, 0xF1, 0xFF, 0x8F, 0xFE, 0x7F, 0xF7, 0x87, 0xBC, 0x3D, 0xE0, 0xF0, 0x3F, 0xC1, 0xFE,
    0x07, 0xF0, 0x00, 0x00, 0xF8, 0x0F, 0xC0, 0x7E, 0x03, 0xF8, 0x3F, 0xC1, 0xFE, 0x0F, 0x78, 0x73,
    0xC7, 0x9E, 0x3F, 0xF1, 0xFF, 0xCF, 0xFE, 0xF0, 0xF7, 0x87, 0xBC, 0x1E, 0x3F, 0xE1, 0xFF, 0x0F,
    0xF8, 0x00, 0x00, 0xF8, 0x0F, 0xC0, 0x7E, 0x03, 0xF8, 0x3F, 0xC1, 0xFE, 0x0F, 0x78, 0x73, 0xC7,
    0x9E, 0x3F, 0xF1, 0xFF, 0xCF, 0xFE, 0xF0, 0xF7, 0x87, 0xBC, 0x1E, 0x0F, 0x00, 0xFC, 0x07, 0x70,
    0x3B, 0x81, 0xF8, 0x07, 0x80, 0x3E, 0x03, 0xF0, 0x1F, 0x80, 0xFE, 0x0F, 0xF0, 0x7F, 0x83, 0xDE,
    0x1C, 0xF1, 0xE7, 0x8F, 0xFC, 0x7F, 0xF3, 0xFF, 0xBC, 0x3D, 0xE1, 0xEF, 0x07, 0x80, 0x01, 0xFF,
    0xE0, 0x3F, 0xFC, 0x0F, 0xFF, 0x01, 0xFC, 0x00, 0x7F, 0x80, 0x0E, 0xF0, 0x03, 0xDF, 0xE0, 0x7B,
    0xFE, 0x1E, 0x7F, 0xC3, 0xFF, 0x00, 0xFF, 0xE0, 0x1F, 0xFC, 0x07, 0x87, 0xFC, 0xF0, 0xFF, 0xFC,
    0x1F, 0xF8, 0x1F, 0xC3, 0xFE, 0x3F, 0xF7, 0x8F, 0x78, 0xF7, 0x80, 0x78, 0x0F, 0x80, 0x78, 0x07,
    0x80, 0x78, 0xE7, 0x8F, 0x3F, 0xF3, 0xFE, 0x1F, 0xC0, 0x60, 0x07, 0xC0, 0xFC, 0x0F, 0x80, 0x08,
    0x0F, 0x03, 0xC0, 0x78, 0x0E, 0x03, 0x0F, 0xFF, 0xFF, 0xFF, 0xFC, 0x0F, 0x03, 0xC0, 0xFF, 0xFF,
    0xFF, 0xFF, 0xC0, 0xF0, 0x3C, 0x0F, 0xFF, 0xFF, 0xFF, 0xC0, 0x03, 0x01, 0xE0, 0x70, 0x3C, 0x0E,
    0x03, 0x0F, 0xFF, 0xFF, 0xFF, 0xFC, 0x0F, 0x03, 0xC0, 0xFF, 0xFF, 0xFF, 0xFF, 0xC0, 0xF0, 0x3C,
    0x0F, 0xFF, 0xFF, 0xFF, 0xC0, 0x1E, 0x0F, 0xC7, 0xF9, 0xCE, 0x21, 0x3F, 0xFF, 0xFF, 0xFF, 0xF0,
    0x3C, 0x0F, 0x03, 0xFF, 0xFF, 0xFF, 0xFF, 0x03, 0xC0, 0xF0, 0x3F, 0xFF, 0xFF, 0xFF, 0x7B, 0xDE,
    0xF7, 0xBC, 0x00, 0xFF, 0xFF, 0xFF, 0xFF, 0xC0, 0xF0, 0x3C, 0x0F, 0xFF, 0xFF, 0xFF, 0xFC, 0x0F,
    0x03, 0xC0, 0xFF, 0xFF, 0xFF, 0xFC, 0x08, 0x0F, 0x03, 0xC0, 0x78, 0x0E, 0x03, 0x0F, 0xFF, 0xFF,
    0xFF, 0xC7, 0x81, 0xE0, 0x78, 0x1E, 0x07, 0x81, 0xE0, 0x78, 0x1E, 0x07, 0x8F, 0xFF, 0xFF, 0xFF,
    0xC0, 0x03, 0x01, 0xE0, 0x70, 0x3C, 0x0E, 0x03, 0x0F, 0xFF, 0xFF, 0xFF, 0xC7, 0x81, 0xE0, 0x78,
    0x1E, 0x07, 0x81, 0xE0, 0x78, 0x1E, 0x07, 0x8F, 0xFF, 0xFF, 0xFF, 0xC0, 0x1E, 0x0F, 0xC7, 0xF9,
    0xCE, 0x21, 0x3F, 0xFF, 0xFF, 0xFF, 0x1E, 0x07, 0x81, 0xE0, 0x78, 0x1E, 0x07, 0x81, 0xE0, 0x78,
    0x1E, 0x3F, 0xFF, 0xFF, 0xFF, 0x7B, 0xDE, 0xF7, 0xBC, 0x00, 0xFF, 0xFF, 0xFF, 0xFC, 0x78, 0x1E,
    0x07, 0x81, 0xE0, 0x78, 0x1E, 0x07, 0x81, 0xE0, 0x78, 0xFF, 0xFF, 0xFF, 0xFC, 0x7F, 0x87, 0xFC,
    0x7F, 0xE7, 0x8F, 0x78, 0xF7, 0x8F, 0xFE, 0xFF, 0xEF, 0xFE, 0xF7, 0x8F, 0x78, 0xF7, 0x8F, 0x7F,
    0xE7, 0xFC, 0x7F, 0x80, 0x3F, 0x8F, 0xF0, 0xFE, 0x00, 0x0F, 0x9F, 0xF3, 0xFE, 0x7F, 0xEF, 0xFD,
    0xFF, 0xBF, 0xFF, 0xF7, 0xFE, 0xFF, 0xDF, 0xF9, 0xFF, 0x3F, 0xE7, 0xFC, 0x7F, 0x8F, 0x80, 0x04,
    0x01, 0xE0, 0x1E, 0x00, 0xF0, 0x07, 0x00, 0x60, 0x1F, 0x83, 0xFE, 0x7F, 0xE7, 0x8F, 0x70, 0xFF,
    0x0F, 0xF0, 0xFF, 0x0F, 0xF0, 0xFF, 0x0F, 0x70, 0xF7, 0x8F, 0x7F, 0xE3, 0xFE, 0x1F, 0x80, 0x01,
    0x80, 0x3C, 0x03, 0x80, 0x78, 0x07, 0x00, 0x60, 0x1F, 0x83, 0xFE, 0x7F, 0xE7, 0x8F, 0x70, 0xFF,
    0x0F, 0xF0, 0xFF, 0x0F, 0xF0, 0xFF, 0x0F, 0x70, 0xF7, 0x8F, 0x7F, 0xE3, 0xFE, 0x1F, 0x80, 0x0F,
    0x01, 0xF8, 0x3F, 0xC3, 0x9C, 0x10, 0x81, 0xF8, 0x3F, 0xE7, 0xFE, 0x78, 0xF7, 0x0F, 0xF0, 0xFF,
    0x0F, 0xF0, 0xFF, 0x0F, 0xF0, 0xF7, 0x0F, 0x78, 0xF7, 0xFE, 0x3F, 0xE1, 0xF8, 0x1F, 0xC3, 0xFC,
    0x1F, 0xC0, 0x00, 0x1F, 0x83, 0xFE, 0x7F, 0xE7, 0x8F, 0x70, 0xFF, 0x0F, 0xF0, 0xFF, 0x0F, 0xF0,
    0xFF, 0x0F, 0x70, 0xF7, 0x8F, 0x7F, 0xE3, 0xFE, 0x1F, 0x80, 0x3D, 0xE3, 0xDE, 0x3D, 0xE0, 0x00,
    0x1F, 0x83, 0xFE, 0x7F, 0xE7, 0x8F, 0x70, 0xFF, 0x0F, 0xF0, 0xFF, 0x0F, 0xF0, 0xFF, 0x0F, 0x70,
    0xF7, 0x8F, 0x7F, 0xE3, 0xFE, 0x1F, 0x80, 0x00, 0x0C, 0x33, 0xCF, 0x3F, 0xE3, 0xF8, 0x3E, 0x0F,
    0xC3, 0xFC, 0xFB, 0xCE, 0x38, 0x82, 0x00, 0x00, 0x00, 0x03, 0x87, 0xFC, 0x7F, 0xE7, 0xFE, 0x3C,
    0xF9, 0xCF, 0xDE, 0x7E, 0xF7, 0xF7, 0xBF, 0xBF, 0xBD, 0xFD, 0xEF, 0xCF, 0x3E, 0x79, 0xFF, 0x8F,
    0xFC, 0xFF, 0x83, 0x00, 0x00, 0x00, 0x08, 0x07, 0x80, 0xF0, 0x0F, 0x00, 0xE0, 0x18, 0x3C, 0x7F,
    0x8F, 0xF1, 0xFE, 0x3F, 0xC7, 0xF8, 0xFF, 0x1F, 0xE3, 0xFC, 0x7F, 0x8F, 0xF1, 0xFE, 0x3B, 0xFF,
    0x3F, 0xE3, 0xF8, 0x03, 0x00, 0xF0, 0x1C, 0x07, 0x80, 0xE0, 0x18, 0x3C, 0x7F, 0x8F, 0xF1, 0xFE,
    0x3F, 0xC7, 0xF8, 0xFF, 0x1F, 0xE3, 0xFC, 0x7F, 0x8F, 0xF1, 0xFE, 0x3B, 0xFF, 0x3F, 0xE3, 0xF8,
    0x1E, 0x07, 0xE1, 0xFE, 0x39, 0xC2, 0x11, 0xE3, 0xFC, 0x7F, 0x8F, 0xF1, 0xFE, 0x3F, 0xC7, 0xF8,
    0xFF, 0x1F, 0xE3, 0xFC, 0x7F, 0x8F, 0xF1, 0xDF, 0xF9, 0xFF, 0x1F, 0xC0, 0x7B, 0xCF, 0x79, 0xEF,
    0x00, 0x0F, 0x1F, 0xE3, 0xFC, 0x7F, 0x8F, 0xF1, 0xFE, 0x3F, 0xC7, 0xF8, 0xFF, 0x1F, 0xE3, 0xFC,
    0x7F, 0x8E, 0xFF, 0xCF, 0xF8, 0xFE, 0x00, 0x01, 0x80, 0x1E, 0x00, 0xE0, 0x0F, 0x00, 0x70, 0x03,
    0x03, 0xC3, 0xFF, 0x1E, 0x78, 0xF3, 0xCF, 0x0F, 0x78, 0x7F, 0x81, 0xFC, 0x0F, 0xC0, 0x3E, 0x01,
    0xE0, 0x0F, 0x00, 0x78, 0x03, 0xC0, 0x1E, 0x00, 0xF0, 0x00, 0xF0, 0x1E, 0x03, 0xC0, 0x7F, 0xCF,
    0xFD, 0xFF, 0xFC, 0x7F, 0x8F, 0xF1, 0xFF, 0xFF, 0xFF, 0x7F, 0xCF, 0x01, 0xE0, 0x3C, 0x00, 0x1F,
    0x83, 0xFF, 0x1F, 0xF8, 0xF1, 0xCF, 0x3F, 0x79, 0xFB, 0xDE, 0x0E, 0xF0, 0x77, 0xE3, 0x9F, 0x9C,
    0x3E, 0xE0, 0xF7, 0x7F, 0xBB, 0xF9, 0xDF, 0x80, 0x10, 0x07, 0x00, 0xE0, 0x1E, 0x01, 0xC0, 0x38,
    0x02, 0x01, 0xF8, 0xFF, 0x9F, 0xF8, 0x0F, 0x3F, 0xEF, 0xFD, 0xE7, 0xBC, 0xF7, 0xFF, 0xFF, 0xEF,
    0xBC, 0x00, 0x00, 0xE0, 0x1E, 0x07, 0x80, 0xE0, 0x38, 0x01, 0x01, 0xF8, 0xFF, 0x9F, 0xF8, 0x0F,
    0x3F, 0xEF, 0xFD, 0xE7, 0xBC, 0xF7, 0xFF, 0xFF, 0xEF, 0xBC, 0x1E, 0x07, 0xE1, 0xFE, 0x39, 0xC2,
    0x10, 0x7E, 0x3F, 0xE7, 0xFE, 0x03, 0xCF, 0xFB, 0xFF, 0x79, 0xEF, 0x3D, 0xFF, 0xFF, 0xFB, 0xEF,
    0x7F, 0x8F, 0xF0, 0xFE, 0x00, 0x03, 0xF1, 0xFF, 0x3F, 0xF0, 0x1E, 0x7F, 0xDF, 0xFB, 0xCF, 0x79,
    0xEF, 0xFF, 0xFF, 0xDF, 0x78, 0x7F, 0x8F, 0xF1, 0xFE, 0x00, 0x03, 0xF1, 0xFF, 0x3F, 0xF0, 0x1E,
    0x7F, 0xDF, 0xFB, 0xCF, 0x79, 0xEF, 0xFF, 0xFF, 0xDF, 0x78, 0x1E, 0x07, 0xE0, 0xCC, 0x19, 0x83,
    0xF0, 0x3C, 0x0F, 0xC7, 0xFC, 0xFF, 0xC0, 0x79, 0xFF, 0x7F, 0xEF, 0x3D, 0xE7, 0xBF, 0xFF, 0xFF,
    0x7D, 0xE0, 0x3F, 0x7E, 0x7F, 0xFF, 0x9F, 0xFF, 0xC0, 0x78, 0xF7, 0xFF, 0xFF, 0xFF, 0xFF, 0xFF,
    0xFF, 0xE7, 0x84, 0xFF, 0xFF, 0x7F, 0x7F, 0x9F, 0x1F, 0x80, 0x3F, 0x8F, 0xF9, 0xFF, 0x78, 0xCF,
    0x01, 0xE0, 0x3C, 0x07, 0x8C, 0x7F, 0xCF, 0xF8, 0xFE, 0x07, 0x00, 0xF8, 0x3F, 0x07, 0xC0, 0x08,
    0x07, 0x00, 0xE0, 0x1E, 0x01, 0xC0, 0x1C, 0x02, 0x01, 0xF8, 0x7F, 0xDF, 0xFB, 0xC7, 0xFF, 0xFF,
    0xFF, 0xFF, 0xFC, 0x27, 0xFE, 0x7F, 0xC7, 0xF0, 0x00, 0x00, 0xF0, 0x1E, 0x07, 0x80, 0xE0, 0x1C,
    0x01, 0x01, 0xF8, 0x7F, 0xDF, 0xFB, 0xC7, 0xFF, 0xFF, 0xFF, 0xFF, 0xFC, 0x27, 0xFE, 0x7F, 0xC7,
    0xF0, 0x1E, 0x07, 0xE1, 0xFE, 0x39, 0xC2, 0x10, 0x7E, 0x1F, 0xF7, 0xFE, 0xF1, 0xFF, 0xFF, 0xFF,
    0xFF, 0xFF, 0x09, 0xFF, 0x9F, 0xF1, 0xFC, 0x7B, 0xCF, 0x79, 0xEF, 0x00, 0x03, 0xF0, 0xFF, 0xBF,
    0xF7, 0x8F, 0xFF, 0xFF, 0xFF, 0xFF, 0xF8, 0x4F, 0xFC, 0xFF, 0x8F, 0xE0, 0x08, 0x07, 0x80, 0xF0,
    0x0F, 0x00, 0xE0, 0x1C, 0x01, 0x03, 0xF8, 0x7F, 0x0F, 0xE0, 0x3C, 0x07, 0x80, 0xF0, 0x1E, 0x03,
    0xC3, 0xFF, 0x7F, 0xEF, 0xFC, 0x00, 0x00, 0x70, 0x0F, 0x03, 0xC0, 0x70, 0x1C, 0x00, 0x03, 0xF8,
    0x7F, 0x0F, 0xE0, 0x3C, 0x07, 0x80, 0xF0, 0x1E, 0x03, 0xC3, 0xFF, 0x7F, 0xEF, 0xFC, 0x0F, 0x03,
    0xF0, 0xFF, 0x1C, 0xE1, 0x08, 0xFE, 0x1F, 0xC3, 0xF8, 0x0F, 0x01, 0xE0, 0x3C, 0x07, 0x80, 0xF0,
    0xFF, 0xDF, 0xFB, 0xFF, 0x3F, 0xC7, 0xF8, 0xFF, 0x00, 0x07, 0xF0, 0xFE, 0x1F, 0xC0, 0x78, 0x0F,
    0x01, 0xE0, 0x3C, 0x07, 0x87, 0xFE, 0xFF, 0xDF, 0xF8, 0x00, 0x03, 0xFC, 0x0F, 0x81, 0xFC, 0x09,
    0xC3, 0xFE, 0x3F, 0xE7, 0xFF, 0x78, 0xF7, 0x0F, 0xF0, 0xF7, 0x0F, 0x78, 0xF7, 0xFE, 0x3F, 0xE1,
    0xFC, 0x3F, 0x8F, 0xF0, 0xFE, 0x00, 0x0F, 0xF9, 0xFF, 0xBF, 0xF7, 0x8F, 0xF1, 0xFE, 0x3F, 0xC7,
    0xF8, 0xFF, 0x1F, 0xE3, 0xFC, 0x78, 0x04, 0x01, 0xC0, 0x1C, 0x01, 0xE0, 0x0E, 0x00, 0x70, 0x04,
    0x01, 0xFC, 0x3F, 0xE7, 0xFE, 0x78, 0xF7, 0x0F, 0x70, 0xF7, 0x0F, 0x78, 0xF7, 0xFE, 0x3F, 0xE1,
    0xFC, 0x00, 0x00, 0x38, 0x03, 0xC0, 0x78, 0x07, 0x00, 0x70, 0x02, 0x01, 0xFC, 0x3F, 0xE7, 0xFE,
    0x78, 0xF7, 0x0F, 0x70, 0xF7, 0x0F, 0x78, 0xF7, 0xFE, 0x3F, 0xE1, 0xFC, 0x0F, 0x01, 0xF8, 0x3F,
    0xC3, 0x9C, 0x10, 0x81, 0xFC, 0x3F, 0xE7, 0xFE, 0x78, 0xF7, 0x0F, 0x70, 0xF7, 0x0F, 0x78, 0xF7,
    0xFE, 0x3F, 0xE1, 0xFC, 0x1F, 0xC3, 0xFC, 0x1F, 0xC0, 0x00, 0x1F, 0xC3, 0xFE, 0x7F, 0xE7, 0x8F,
    0x70, 0xF7, 0x0F, 0x70, 0xF7, 0x8F, 0x7F, 0xE3, 0xFE, 0x1F, 0xC0, 0x3D, 0xE3, 0xDE, 0x3D, 0xE0,
    0x00, 0x1F, 0xC3, 0xFE, 0x7F, 0xE7, 0x8F, 0x70, 0xF7, 0x0F, 0x70, 0xF7, 0x8F, 0x7F, 0xE3, 0xFE,
    0x1F, 0xC0, 0x1E, 0x03, 0xC0, 0x78, 0x00, 0x0F, 0xFF, 0xFF, 0xFF, 0xF0, 0x00, 0x1E, 0x03, 0xC0,
    0x78, 0x00, 0x00, 0x70, 0xFF, 0x8F, 0xF8, 0xFF, 0xC7, 0xBF, 0x39, 0xF9, 0xDF, 0xCF, 0xDE, 0x7C,
    0xF3, 0xFF, 0x1F, 0xF9, 0xFF, 0x86, 0x00, 0x00, 0x00, 0x07, 0x00, 0xE0, 0x1E, 0x01, 0xC0, 0x18,
    0x02, 0x07, 0x8F, 0xF1, 0xFE, 0x3F, 0xC7, 0xF8, 0xFF, 0x1F, 0xE3, 0xFC, 0x7F, 0xFF, 0x7F, 0xEF,
    0xBC, 0x00, 0x00, 0xE0, 0x1E, 0x07, 0x80, 0xE0, 0x1C, 0x01, 0x07, 0x8F, 0xF1, 0xFE, 0x3F, 0xC7,
    0xF8, 0xFF, 0x1F, 0xE3, 0xFC, 0x7F, 0xFF, 0x7F, 0xEF, 0xBC, 0x1E, 0x07, 0xE1, 0xFE, 0x39, 0xC2,
    0x11, 0xE3, 0xFC, 0x7F, 0x8F, 0xF1, 0xFE, 0x3F, 0xC7, 0xF8, 0xFF, 0x1F, 0xFF, 0xDF, 0xFB, 0xEF,
    0x7F, 0xCF, 0xF9, 0xFF, 0x00, 0x0F, 0x1F, 0xE3, 0xFC, 0x7F, 0x8F, 0xF1, 0xFE, 0x3F, 0xC7, 0xF8,
    0xFF, 0xFE, 0xFF, 0xDF, 0x78, 0x00, 0x00, 0x0E, 0x00, 0xF0, 0x0F, 0x00, 0x70, 0x03, 0x80, 0x08,
    0x1E, 0x1E, 0x78, 0xF3, 0xC7, 0x1E, 0x78, 0x7B, 0xC3, 0xDC, 0x0F, 0xE0, 0x7E, 0x03, 0xF0, 0x0F,
    0x80, 0x78, 0x03, 0xC0, 0xFC, 0x07, 0xE0, 0x3E, 0x00, 0xF0, 0x1E, 0x03, 0xC0, 0x78, 0x0F, 0xF9,
    0xFF, 0xBF, 0xFF, 0x8F, 0xF1, 0xFE, 0x3F, 0xC7, 0xF8, 0xFF, 0xFF, 0xFF, 0xBF, 0xE7, 0x80, 0xF0,
    0x1E, 0x03, 0xC0, 0x00, 0x3D, 0xE1, 0xEF, 0x0F, 0x78, 0x00, 0x0F, 0x0F, 0x3C, 0x79, 0xE3, 0x8F,
    0x3C, 0x3D, 0xE1, 0xEE, 0x07, 0xF0, 0x3F, 0x01, 0xF8, 0x07, 0xC0, 0x3C, 0x01, 0xE0, 0x7E, 0x03,
    0xF0, 0x1F, 0x00, 0x1F, 0x80, 0xFE, 0x07, 0xF0, 0x00, 0x00, 0xF8, 0x0F, 0xC0, 0x7E, 0x03, 0xF8,
    0x3F, 0xC1, 0xFE, 0x0F, 0x78, 0x73, 0xC7, 0x9E, 0x3F, 0xF1, 0xFF, 0xCF, 0xFE, 0xF0, 0xF7, 0x87,
    0xBC, 0x1E, 0x3F, 0x07, 0xF0, 0xFE, 0x00, 0x00, 0x00, 0x7E, 0x3F, 0xE7, 0xFE, 0x03, 0xCF, 0xFB,
    0xFF, 0x79, 0xEF, 0x3D, 0xFF, 0xFF, 0xFB, 0xEF, 0x10, 0x81, 0xCE, 0x0F, 0xF0, 0x3F, 0x80, 0xF8,
    0x07, 0xC0, 0x7E, 0x03, 0xF0, 0x1F, 0xC1, 0xFE, 0x0F, 0xF0, 0x7B, 0xC3, 0x9E, 0x3C, 0xF1, 0xFF,
    0x8F, 0xFE, 0x7F, 0xF7, 0x87, 0xBC, 0x3D, 0xE0, 0xF0, 0x21, 0x0E, 0x71, 0xFE, 0x1F, 0x81, 0xF0,
    0x00, 0x0F, 0xC7, 0xFC, 0xFF, 0xC0, 0x79, 0xFF, 0x7F, 0xEF, 0x3D, 0xE7, 0xBF, 0xFF, 0xFF, 0x7D,
    0xE0, 0x0F, 0x80, 0x7E, 0x01, 0xF8, 0x07, 0xF0, 0x3F, 0xC0, 0xF7, 0x03, 0xDE, 0x0E, 0x78, 0x7F,
    0xE1, 0xFF, 0x87, 0xFF, 0x1C, 0x3C, 0xF0, 0xF3, 0xC3, 0xCF, 0x07, 0x80, 0x1C, 0x00, 0xE0, 0x03,
    0xE0, 0x0F, 0x80, 0x3F, 0x0F, 0xF8, 0xFF, 0xC0, 0x3C, 0x7F, 0xCF, 0xFC, 0xF3, 0xCF, 0x3C, 0xFF,
    0xEF, 0xFE, 0x7D, 0xE0, 0x1C, 0x03, 0x80, 0x3F, 0x01, 0xF0, 0x01, 0x80, 0x3C, 0x03, 0xC0, 0x78,
    0x07, 0x00, 0x60, 0x1F, 0xC3, 0xFE, 0x3F, 0xF7, 0x8F, 0x78, 0xF7, 0x80, 0x78, 0x0F, 0x80, 0x78,
    0x07, 0x80, 0x78, 0xE7, 0x8F, 0x3F, 0xF3, 0xFE, 0x1F, 0xC0, 0x00, 0x00, 0x70, 0x1E, 0x03, 0x80,
    0xF0, 0x1C, 0x01, 0x01, 0xFC, 0x7F, 0xCF, 0xFB, 0xC6, 0x78, 0x0F, 0x01, 0xE0, 0x3C, 0x63, 0xFE,
    0x7F, 0xC7, 0xF0, 0x0F, 0x81, 0xF8, 0x1F, 0xC3, 0xDE, 0x10, 0xC1, 0xFC, 0x3F, 0xE3, 0xFF, 0x78,
    0xF7, 0x8F, 0x78, 0x07, 0x80, 0xF8, 0x07, 0x80, 0x78, 0x07, 0x8E, 0x78, 0xF3, 0xFF, 0x3F, 0xE1,
    0xFC, 0x1F, 0x03, 0xF0, 0xFE, 0x3D, 0xE3, 0x18, 0x7F, 0x1F, 0xF3, 0xFE, 0xF1, 0x9E, 0x03, 0xC0,
    0x78, 0x0F, 0x18, 0xFF, 0x9F, 0xF1, 0xFC, 0x07, 0x80, 0x78, 0x07, 0x80, 0x00, 0x1F, 0xC3, 0xFE,
    0x3F, 0xF7, 0x8F, 0x78, 0xF7, 0x80, 0x78, 0x0F, 0x80, 0x78, 0x07, 0x80, 0x78, 0xE7, 0x8F, 0x3F,
    0xF3, 0xFE, 0x1F, 0xC0, 0x0F, 0x01, 0xE0, 0x3C, 0x00, 0x03, 0xF8, 0xFF, 0x9F, 0xF7, 0x8C, 0xF0,
    0x1E, 0x03, 0xC0, 0x78, 0xC7, 0xFC, 0xFF, 0x8F, 0xE0, 0x18, 0x43, 0xDE, 0x1F, 0xC1, 0xF8, 0x0F,
    0x80, 0x00, 0x1F, 0xC3, 0xFE, 0x3F, 0xF7, 0x8F, 0x78, 0xF7, 0x80, 0x78, 0x0F, 0x80, 0x78, 0x07,
    0x80, 0x78, 0xE7, 0x8F, 0x3F, 0xF3, 0xFE, 0x1F, 0xC0, 0x30, 0x8F, 0x38, 0xFE, 0x0F, 0xC1, 0xF0,
    0x00, 0x0F, 0xE3, 0xFE, 0x7F, 0xDE, 0x33, 0xC0, 0x78, 0x0F, 0x01, 0xE3, 0x1F, 0xF3, 0xFE, 0x3F,
    0x80, 0x21, 0x0E, 0x71, 0xFE, 0x1F, 0x81, 0xE0, 0x00, 0x3F, 0xC7, 0xFC, 0xFF, 0xDE, 0x3F, 0xC7,
    0xF8, 0xFF, 0x1F, 0xE3, 0xFC, 0x7F, 0x8F, 0xF1, 0xFE, 0x3F, 0xFF, 0x7F, 0xCF, 0xF0, 0x03, 0xF8,
    0x0F, 0xE0, 0x3F, 0x80, 0xFE, 0x3F, 0xC1, 0xFF, 0x07, 0xFC, 0x3C, 0xF0, 0xF3, 0xC3, 0xCF, 0x0F,
    0x3C, 0x3C, 0xF0, 0x7F, 0xC1, 0xFF, 0x03, 0xFC, 0x00, 0x7F, 0x87, 0xFC, 0x7F, 0xE7, 0x8F, 0x78,
    0xF7, 0x8F, 0xFE, 0xFF, 0xEF, 0xFE, 0xF7, 0x8F, 0x78, 0xF7, 0x8F, 0x7F, 0xE7, 0xFC, 0x7F, 0x80,
    0x07, 0xF8, 0x3F, 0xC1, 0xFC, 0x01, 0xE3, 0xEF, 0x3F, 0xF9, 0xFF, 0xCF, 0x1E, 0xF0, 0xF7, 0x87,
    0xBC, 0x3C, 0xF1, 0xE7, 0xFF, 0x3F, 0xF8, 0xFB, 0xC0, 0x3F, 0x8F, 0xE3, 0xF8, 0x00, 0xFF, 0xFF,
    0xFF, 0xFF, 0xC0, 0xF0, 0x3C, 0x0F, 0xFF, 0xFF, 0xFF, 0xFC, 0x0F, 0x03, 0xC0, 0xFF, 0xFF, 0xFF,
    0xFC, 0x3F, 0x87, 0xF0, 0xFE, 0x00, 0x00, 0x00, 0x7E, 0x1F, 0xF7, 0xFE, 0xF1, 0xFF, 0xFF, 0xFF,
    0xFF, 0xFF, 0x09, 0xFF, 0x9F, 0xF1, 0xFC, 0x21, 0x9C, 0xF7, 0xF8, 0xFE, 0x1F, 0x3F, 0xFF, 0xFF,
    0xFF, 0xF0, 0x3C, 0x0F, 0x03, 0xFF, 0xFF, 0xFF, 0xFF, 0x03, 0xC0, 0xF0, 0x3F, 0xFF, 0xFF, 0xFF,
    0x21, 0x0E, 0x71, 0xFE, 0x1F, 0xC1, 0xF0, 0x00, 0x0F, 0xC3, 0xFE, 0xFF, 0xDE, 0x3F, 0xFF, 0xFF,
    0xFF, 0xFF, 0xE1, 0x3F, 0xF3, 0xFE, 0x3F, 0x80, 0x1E, 0x07, 0x81, 0xE0, 0x00, 0xFF, 0xFF, 0xFF,
    0xFF, 0xC0, 0xF0, 0x3C, 0x0F, 0xFF, 0xFF, 0xFF, 0xFC, 0x0F, 0x03, 0xC0, 0xFF, 0xFF, 0xFF, 0xFC,
    0x1E, 0x03, 0xC0, 0x78, 0x00, 0x03, 0xF0, 0xFF, 0xBF, 0xF7, 0x8F, 0xFF, 0xFF, 0xFF, 0xFF, 0xF8,
    0x4F, 0xFC, 0xFF, 0x8F, 0xE0, 0xFF, 0xDF, 0xFB, 0xFF, 0x78, 0x0F, 0x01, 0xE0, 0x3F, 0xF7, 0xFE,
    0xFF, 0xDE, 0x03, 0xC0, 0x78, 0x0F, 0xFD, 0xFF, 0xBF, 0xF0, 0x1E, 0x07, 0x00, 0xFC, 0x0F, 0x00,
    0x3F, 0x0F, 0xFB, 0xFF, 0x78, 0xFF, 0xFF, 0xFF, 0xFF, 0xFF, 0x84, 0xFF, 0xCF, 0xF8, 0xFE, 0x03,
    0x80, 0xE0, 0x1F, 0x03, 0xE0, 0x21, 0x1C, 0xE7, 0xF8, 0xFC, 0x1E, 0x00, 0x0F, 0xFF, 0xFF, 0xFF,
    0xFC, 0x0F, 0x03, 0xC0, 0xFF, 0xFF, 0xFF, 0xFF, 0xC0, 0xF0, 0x3C, 0x0F, 0xFF, 0xFF, 0xFF, 0xC0,
    0x21, 0x0E, 0x71, 0xFE, 0x1F, 0x81, 0xE0, 0x00, 0x0F, 0xC3, 0xFE, 0xFF, 0xDE, 0x3F, 0xFF, 0xFF,
    0xFF, 0xFF, 0xE1, 0x3F, 0xF3, 0xFE, 0x3F, 0x80, 0x0F, 0x01, 0xF8, 0x3F, 0xC3, 0x9C, 0x10, 0x81,
    0xF8, 0x3F, 0xE7, 0xFE, 0x78, 0xF7, 0x8E, 0x70, 0x0F, 0x00, 0xF3, 0xFF, 0x3F, 0xF3, 0xF7, 0x8F,
    0x78, 0xF7, 0xFF, 0x3F, 0xF1, 0xFF, 0x0F, 0x01, 0xF8, 0x3F, 0xC3, 0x9C, 0x10, 0x83, 0xEF, 0x7F,
    0xF7, 0xFF, 0x78, 0xFF, 0x0F, 0xF0, 0xFF, 0x0F, 0x78, 0xF7, 0xFF, 0x7F, 0xF3, 0xEF, 0x00, 0xE3,
    0xFE, 0x7F, 0xE3, 0xF8, 0x10, 0x83, 0x9C, 0x3F, 0xC1, 0xFC, 0x0F, 0x81, 0xF8, 0x3F, 0xE7, 0xFE,
    0x78, 0xF7, 0x8E, 0x70, 0x0F, 0x00, 0xF3, 0xFF, 0x3F, 0xF3, 0xF7, 0x8F, 0x78, 0xF7, 0xFF, 0x3F,
    0xF1, 0xFF, 0x10, 0x83, 0x9C, 0x3F, 0xC1, 0xF8, 0x0F, 0x80, 0x00, 0x3E, 0xF7, 0xFF, 0x7F, 0xF7,
    0x8F, 0xF0, 0xFF, 0x0F, 0xF0, 0xF7, 0x8F, 0x7F, 0xF7, 0xFF, 0x3E, 0xF0, 0x0E, 0x3F, 0xE7, 0xFE,
    0x3F, 0x80, 0x0F, 0x00, 0xF0, 0x0F, 0x00, 0x00, 0x1F, 0x83, 0xFE, 0x7F, 0xE7, 0x8F, 0x78, 0xE7,
    0x00, 0xF0, 0x0F, 0x3F, 0xF3, 0xFF, 0x3F, 0x78, 0xF7, 0x8F, 0x7F, 0xF3, 0xFF, 0x1F, 0xF0, 0x0F,
    0x00, 0xF0, 0x0F, 0x00, 0x00, 0x3E, 0xF7, 0xFF, 0x7F, 0xF7, 0x8F, 0xF0, 0xFF, 0x0F, 0xF0, 0xF7,
    0x8F, 0x7F, 0xF7, 0xFF, 0x3E, 0xF0, 0x0E, 0x3F, 0xE7, 0xFE, 0x3F, 0x80, 0x1F, 0x83, 0xFE, 0x7F,
    0xE7, 0x8F, 0x78, 0xE7, 0x00, 0xF0, 0x0F, 0x3F, 0xF3, 0xFF, 0x3F, 0x78, 0xF7, 0x8F, 0x7F, 0xF3,
    0xFF, 0x1F, 0xF0, 0x00, 0x00, 0x00, 0xF0, 0x0F, 0x00, 0xE0, 0x0E, 0x00, 0x03, 0x00, 0x70, 0x07,
    0x00, 0xF0, 0x00, 0x03, 0xEF, 0x7F, 0xF7, 0xFF, 0x78, 0xFF, 0x0F, 0xF0, 0xFF, 0x0F, 0x78, 0xF7,
    0xFF, 0x7F, 0xF3, 0xEF, 0x00, 0xE3, 0xFE, 0x7F, 0xE3, 0xF8, 0x1E, 0x07, 0xE1, 0xFE, 0x39, 0xC2,
    0x11, 0xE3, 0xFC, 0x7F, 0x8F, 0xF1, 0xFE, 0x3F, 0xC7, 0xFF, 0xFF, 0xFF, 0xFF, 0xFC, 0x7F, 0x8F,
    0xF1, 0xFE, 0x3F, 0xC7, 0xF8, 0xF0, 0x1E, 0x00, 0xFC, 0x07, 0xF8, 0x1C, 0xE0, 0x21, 0x00, 0x78,
    0x01, 0xE0, 0x07, 0x80, 0x1E, 0x00, 0x7F, 0xC1, 0xFF, 0x87, 0xFE, 0x1E, 0x3C, 0x78, 0xF1, 0xE3,
    0xC7, 0x8F, 0x1E, 0x3C, 0x78, 0xF1, 0xE3, 0xC7, 0x8F, 0x78, 0xF3, 0xC7, 0xBF, 0xFF, 0xFF, 0xFF,
    0xFF, 0x3C, 0x79, 0xFF, 0xCF, 0xFE, 0x7F, 0xF3, 0xC7, 0x9E, 0x3C, 0xF1, 0xE7, 0x8F, 0x3C, 0x79,
    0xE3, 0xC0, 0xFF, 0x0F, 0xF0, 0xFE, 0x07, 0x80, 0x7F, 0xC7, 0xFE, 0x7F, 0xE7, 0x8F, 0x78, 0xF7,
    0x8F, 0x78, 0xF7, 0x8F, 0x78, 0xF7, 0x8F, 0x78, 0xF0, 0x3F, 0x9F, 0xE3, 0xF8, 0x00, 0xFF, 0xFF,
    0xFF, 0xFC, 0x78, 0x1E, 0x07, 0x81, 0xE0, 0x78, 0x1E, 0x07, 0x81, 0xE0, 0x78, 0xFF, 0xFF, 0xFF,
    0xFC, 0x3F, 0x87, 0xF8, 0xFF, 0x00, 0x07, 0xF0, 0xFE, 0x1F, 0xC0, 0x78, 0x0F, 0x01, 0xE0, 0x3C,
    0x07, 0x87, 0xFE, 0xFF, 0xDF, 0xF8, 0x3F, 0x8F, 0xE3, 0xF8, 0x00, 0xFF, 0xFF, 0xFF, 0xFC, 0x78,
    0x1E, 0x07, 0x81, 0xE0, 0x78, 0x1E, 0x07, 0x81, 0xE0, 0x78, 0xFF, 0xFF, 0xFF, 0xFC, 0x1F, 0x87,
    0xF0, 0xFE, 0x00, 0x00, 0x00, 0xFE, 0x1F, 0xC3, 0xF8, 0x0F, 0x01, 0xE0, 0x3C, 0x07, 0x80, 0xF0,
    0xFF, 0xDF, 0xFB, 0xFF, 0x21, 0x1C, 0xE7, 0xF8, 0xFE, 0x1F, 0x3F, 0xFF, 0xFF, 0xFF, 0x1E, 0x07,
    0x81, 0xE0, 0x78, 0x1E, 0x07, 0x81, 0xE0, 0x78, 0x1E, 0x3F, 0xFF, 0xFF, 0xFF, 0x10, 0x87, 0x38,
    0xFF, 0x0F, 0xC1, 0xF0, 0x00, 0x1F, 0xC3, 0xF8, 0x7F, 0x01, 0xE0, 0x3C, 0x07, 0x80, 0xF0, 0x1E,
    0x1F, 0xFB, 0xFF, 0x7F, 0xE0, 0xFF, 0xDF, 0xFB, 0xFF, 0x0F, 0x01, 0xE0, 0x3C, 0x07, 0x80, 0xF0,
    0x1E, 0x03, 0xC0, 0x78, 0x0F, 0x0F, 0xFD, 0xFF, 0xBF, 0xF0, 0x1E, 0x07, 0x00, 0xFC, 0x0F, 0x00,
    0x0F, 0x00, 0xF0, 0x0F, 0x00, 0x00, 0x7F, 0x07, 0xF0, 0x7F, 0x00, 0xF0, 0x0F, 0x00, 0xF0, 0x0F,
    0x00, 0xF0, 0x7F, 0xE7, 0xFE, 0x7F, 0xE0, 0x1C, 0x03, 0x80, 0x3E, 0x03, 0xE0, 0x1E, 0x07, 0x81,
    0xE0, 0x00, 0xFF, 0xFF, 0xFF, 0xFC, 0x78, 0x1E, 0x07, 0x81, 0xE0, 0x78, 0x1E, 0x07, 0x81, 0xE0,
    0x78, 0xFF, 0xFF, 0xFF, 0xFC, 0x7F, 0x0F, 0xE1, 0xFC, 0x07, 0x80, 0xF0, 0x1E, 0x03, 0xC0, 0x78,
    0x7F, 0xEF, 0xFD, 0xFF, 0x80, 0xF3, 0xFC, 0xFF, 0x3F, 0xCF, 0xF3, 0xFC, 0xFF, 0x3F, 0xCF, 0x03,
    0xC0, 0xFF, 0x3F, 0xCF, 0xFF, 0xDF, 0xE3, 0xF0, 0xF3, 0xFE, 0x7F, 0xCF, 0x80, 0x0F, 0x3D, 0xE7,
    0xBC, 0xF7, 0x9E, 0xF3, 0xDE, 0x7B, 0xCF, 0x79, 0xEF, 0x3D, 0xE7, 0xBC, 0xF0, 0x1E, 0x1F, 0xC7,
    0xF8, 0xFE, 0x00, 0x07, 0x81, 0xF8, 0x7F, 0x8E, 0x70, 0x84, 0x7F, 0xCF, 0xF8, 0xFF, 0x01, 0xE0,
    0x3C, 0x07, 0x80, 0xF0, 0x1E, 0x03, 0xC0, 0x79, 0x8F, 0x71, 0xEF, 0xFC, 0xFF, 0x0F, 0xC0, 0x0F,
    0x81, 0xF8, 0x7F, 0x1E, 0xF1, 0x85, 0xFF, 0x3F, 0xE3, 0xFC, 0x07, 0x80, 0xF0, 0x1E, 0x03, 0xC0,
    0x78, 0x0F, 0x01, 0xE0, 0x3C, 0x07, 0x0F, 0xE1, 0xFC, 0x3F, 0x00, 0xF1, 0xEF, 0x3E, 0xF3, 0xCF,
    0x78, 0xFF, 0x8F, 0xF0, 0xFF, 0x0F, 0xF0, 0xFF, 0x0F, 0xF8, 0xF7, 0xCF, 0x3C, 0xF3, 0xEF, 0x1E,
    0xF1, 0xF0, 0x00, 0x00, 0x00, 0xF0, 0x0E, 0x00, 0xE0, 0x1C, 0x00, 0xF0, 0x0F, 0x00, 0xF0, 0x0F,
    0x00, 0xF3, 0xEF, 0x7C, 0xF7, 0x8F, 0xF0, 0xFE, 0x0F, 0xF0, 0xFF, 0x8F, 0x78, 0xF3, 0xCF, 0x3E,
    0xF1, 0xE0, 0x00, 0x00, 0x01, 0xE0, 0x1E, 0x01, 0xC0, 0x1C, 0x00, 0xF3, 0xEF, 0x7C, 0xF7, 0x8F,
    0xF0, 0xFE, 0x0F, 0xF0, 0xFF, 0x8F, 0x78, 0xF3, 0xCF, 0x3E, 0xF1, 0xE0, 0x18, 0x07, 0x80, 0xF0,
    0x3C, 0x07, 0x00, 0xC0, 0x1C, 0x03, 0x80, 0x70, 0x0E, 0x01, 0xC0, 0x38, 0x07, 0x00, 0xE0, 0x1C,
    0x03, 0x80, 0x70, 0x0E, 0x01, 0xFF, 0xBF, 0xF7, 0xFE, 0x00, 0x00, 0xE0, 0x1E, 0x07, 0x80, 0xE0,
    0x1C, 0x01, 0x07, 0xF0, 0xFE, 0x1F, 0xC0, 0x78, 0x0F, 0x01, 0xE0, 0x3C, 0x07, 0x80, 0xF0, 0x1E,
    0x03, 0xC0, 0x78, 0x7F, 0xEF, 0xFD, 0xFF, 0x80, 0x70, 0x0E, 0x01, 0xC0, 0x38, 0x07, 0x00, 0xE0,
    0x1C, 0x03, 0x80, 0x70, 0x0E, 0x01, 0xC0, 0x38, 0x07, 0xFE, 0xFF, 0xDF, 0xF8, 0x00, 0x00, 0x01,
    0xC0, 0x78, 0x0F, 0x01, 0xC0, 0xFE, 0x1F, 0xC3, 0xF8, 0x0F, 0x01, 0xE0, 0x3C, 0x07, 0x80, 0xF0,
    0x1E, 0x03, 0xC0, 0x78, 0x0F, 0x0F, 0xFD, 0xFF, 0xBF, 0xF0, 0x00, 0x00, 0x03, 0xC0, 0x78, 0x0E,
    0x01, 0xC0, 0x77, 0x8E, 0xF1, 0xDE, 0x3B, 0x87, 0x00, 0xE0, 0x1C, 0x03, 0x80, 0x70, 0x0E, 0x01,
    0xC0, 0x38, 0x07, 0xFE, 0xFF, 0xDF, 0xF8, 0xFE, 0xFF, 0xEE, 0xFE, 0xE1, 0xEE, 0x1E, 0x01, 0xE0,
    0x1E, 0x01, 0xE0, 0x1E, 0x01, 0xE0, 0x1E, 0x01, 0xE0, 0xFF, 0xCF, 0xFC, 0xFF, 0xC0, 0x70, 0x0E,
    0x01, 0xC0, 0x38, 0x07, 0x00, 0xE0, 0x1C, 0x03, 0x9E, 0x73, 0xCE, 0x79, 0xC0, 0x38, 0x07, 0xFE,
    0xFF, 0xDF, 0xF8, 0xFE, 0x0F, 0xE0, 0xFE, 0x01, 0xE0, 0x1E, 0x01, 0xE0, 0x1E, 0x01, 0xEF, 0x1E,
    0xF1, 0xEF, 0x1E, 0x01, 0xE0, 0xFF, 0xCF, 0xFC, 0xFF, 0xC0, 0x3C, 0x03, 0xC0, 0x3C, 0x03, 0xC0,
    0x3C, 0x03, 0xD8, 0x3F, 0xC7, 0xF8, 0xFF, 0x0F, 0xC0, 0x3C, 0x03, 0xC0, 0x3F, 0xF3, 0xFF, 0x3F,
    0xF0, 0xFE, 0x1F, 0xC3, 0xF8, 0x0F, 0x01, 0xE0, 0x3C, 0x07, 0xF0, 0xFE, 0x7F, 0x8F, 0xC1, 0xF8,
    0x0F, 0x0F, 0xFD, 0xFF, 0xBF, 0xF0, 0x03, 0x00, 0xF0, 0x1C, 0x07, 0x80, 0xE0, 0x18, 0x3E, 0x7F,
    0xCF, 0xF9, 0xFF, 0xBF, 0xF7, 0xFE, 0xFF, 0xFF, 0xDF, 0xFB, 0xFF, 0x7F, 0xE7, 0xFC, 0xFF, 0x9F,
    0xF1, 0xFE, 0x3E, 0x00, 0x00, 0xF0, 0x1E, 0x07, 0x80, 0xE0, 0x1C, 0x01, 0x07, 0xFC, 0xFF, 0xDF,
    0xFB, 0xC7, 0xF8, 0xFF, 0x1F, 0xE3, 0xFC, 0x7F, 0x8F, 0xF1, 0xFE, 0x3C, 0xF9, 0xFF, 0x3F, 0xE7,
    0xFE, 0xFF, 0xDF, 0xFB, 0xFF, 0xFF, 0x7F, 0xEF, 0xFD, 0xFF, 0x9F, 0xF3, 0xFE, 0x7F, 0xC7, 0xF8,
    0xF8, 0x00, 0x00, 0x03, 0xC0, 0x78, 0x0E, 0x01, 0xC0, 0xFF, 0x9F, 0xFB, 0xFF, 0x78, 0xFF, 0x1F,
    0xE3, 0xFC, 0x7F, 0x8F, 0xF1, 0xFE, 0x3F, 0xC7, 0x80, 0x00, 0x00, 0x3C, 0x07, 0x80, 0xE0, 0x1C,
    0x00, 0x21, 0x0E, 0x71, 0xFE, 0x1F, 0x81, 0xE0, 0x00, 0x3E, 0x7F, 0xCF, 0xF9, 0xFF, 0xBF, 0xF7,
    0xFE, 0xFF, 0xFF, 0xDF, 0xFB, 0xFF, 0x7F, 0xE7, 0xFC, 0xFF, 0x9F, 0xF1, 0xFE, 0x3E, 0x21, 0x0E,
    0x71, 0xFE, 0x1F, 0x81, 0xE0, 0x00, 0x3F, 0xE7, 0xFE, 0xFF, 0xDE, 0x3F, 0xC7, 0xF8, 0xFF, 0x1F,
    0xE3, 0xFC, 0x7F, 0x8F, 0xF1, 0xE0, 0xE0, 0x0E, 0x00, 0xC0, 0x0C, 0x00, 0x3F, 0xE3, 0xFE, 0x3F,
    0xF3, 0xCF, 0x3C, 0xF3, 0xCF, 0x3C, 0xF3, 0xCF, 0x3C, 0xF3, 0xCF, 0x3C, 0xF0, 0xF9, 0xFF, 0x3F,
    0xE7, 0xFE, 0xFF, 0xDF, 0xFB, 0xFF, 0xFF, 0x7F, 0xEF, 0xFD, 0xFF, 0x9F, 0xF3, 0xFE, 0x7F, 0xC7,
    0xF8, 0xF8, 0x0F, 0x1F, 0xC3, 0xF8, 0x7E, 0x00, 0xFF, 0x9F, 0xFB, 0xFF, 0x78, 0xFF, 0x1F, 0xE3,
    0xFC, 0x7F, 0x8F, 0xF1, 0xFE, 0x3F, 0xC7, 0x80, 0xF1, 0xFE, 0x3F, 0x87, 0xE0, 0x1F, 0xC1, 0xFC,
    0x1F, 0xC0, 0x00, 0x1F, 0x83, 0xFE, 0x7F, 0xE7, 0x8F, 0x70, 0xFF, 0x0F, 0xF0, 0xFF, 0x0F, 0xF0,
    0xFF, 0x0F, 0x70, 0xF7, 0x8F, 0x7F, 0xE3, 0xFE, 0x1F, 0x80, 0x1F, 0xC1, 0xFC, 0x1F, 0xC0, 0x00,
    0x00, 0x01, 0xFC, 0x3F, 0xE7, 0xFE, 0x78, 0xF7, 0x0F, 0x70, 0xF7, 0x0F, 0x78, 0xF7, 0xFE, 0x3F,
    0xE1, 0xFC, 0x10, 0x83, 0x9C, 0x3F, 0xC1, 0xFC, 0x0F, 0x81, 0xF8, 0x3F, 0xE7, 0xFE, 0x78, 0xF7,
    0x0F, 0xF0, 0xFF, 0x0F, 0xF0, 0xFF, 0x0F, 0xF0, 0xF7, 0x0F, 0x78, 0xF7, 0xFE, 0x3F, 0xE1, 0xF8,
    0x10, 0x83, 0x9C, 0x3F, 0xC1, 0xFC, 0x0F, 0x80, 0x00, 0x1F, 0xC3, 0xFE, 0x7F, 0xE7, 0x8F, 0x70,
    0xF7, 0x0F, 0x70, 0xF7, 0x8F, 0x7F, 0xE3, 0xFE, 0x1F, 0xC0, 0x00, 0x00, 0xEE, 0x1E, 0xE1, 0xDE,
    0x1D, 0xC1, 0x88, 0x1F, 0x83, 0xFE, 0x7F, 0xE7, 0x8F, 0x70, 0xFF, 0x0F, 0xF0, 0xFF, 0x0F, 0xF0,
    0xFF, 0x0F, 0x70, 0xF7, 0x8F, 0x7F, 0xE3, 0xFE, 0x1F, 0x80, 0x0C, 0x40, 0xEF, 0x1F, 0xE1, 0xDC,
    0x19, 0xC0, 0x00, 0x1F, 0xC3, 0xFE, 0x7F, 0xE7, 0x8F, 0x70, 0xF7, 0x0F, 0x70, 0xF7, 0x8F, 0x7F,
    0xE3, 0xFE, 0x1F, 0xC0, 0x1F, 0xFF, 0x9F, 0xFF, 0xDF, 0xFF, 0xDE, 0x1E, 0x0F, 0x0F, 0x07, 0x87,
    0x83, 0xC3, 0xFD, 0xE1, 0xFE, 0xF0, 0xFE, 0x78, 0x78, 0x3C, 0x3C, 0x1E, 0x1E, 0x07, 0xFF, 0xF1,
    0xFF, 0xFC, 0x7F, 0xFE, 0x1F, 0xBF, 0x07, 0xFF, 0xF1, 0xFF, 0xFF, 0x3C, 0xF1, 0xEF, 0x1F, 0xFD,
    0xE3, 0xFF, 0xBC, 0x7F, 0xF3, 0xCF, 0x84, 0x7F, 0xFF, 0xC7, 0xFF, 0xF8, 0x7E, 0xFE, 0x00, 0x03,
    0x00, 0xF0, 0x1C, 0x07, 0x80, 0xE0, 0x18, 0x3F, 0xE7, 0xFE, 0xFF, 0xFE, 0x3F, 0xC7, 0xF8, 0xFF,
    0x3F, 0xFF, 0xBF, 0xF7, 0xFC, 0xF7, 0x9E, 0x7B, 0xCF, 0x78, 0xFF, 0x1E, 0x00, 0x00, 0x70, 0x1E,
    0x03, 0xC0, 0xF0, 0x1C, 0x00, 0x07, 0xEF, 0xFF, 0xFF, 0xFC, 0x78, 0x0F, 0x01, 0xC0, 0x38, 0x07,
    0x07, 0xFE, 0xFF, 0xDF, 0xF8, 0xFF, 0x9F, 0xFB, 0xFF, 0xF8, 0xFF, 0x1F, 0xE3, 0xFC, 0xFF, 0xFE,
    0xFF, 0xDF, 0xF3, 0xDE, 0x79, 0xEF, 0x3D, 0xE3, 0xFC, 0x78, 0x00, 0x00, 0x01, 0xC0, 0x78, 0x0E,
    0x01, 0xC0, 0xFD, 0xFF, 0xFF, 0xFF, 0x8F, 0x01, 0xE0, 0x38, 0x07, 0x00, 0xE0, 0xFF, 0xDF, 0xFB,
    0xFF, 0x00, 0x00, 0x00, 0x38, 0x0F, 0x01, 0xC0, 0x38, 0x00, 0x21, 0x0E, 0x71, 0xFE, 0x1F, 0x81,
    0xE0, 0x00, 0x3F, 0xE7, 0xFE, 0xFF, 0xFE, 0x3F, 0xC7, 0xF8, 0xFF, 0x3F, 0xFF, 0xBF, 0xF7, 0xFC,
    0xF7, 0x9E, 0x7B, 0xCF, 0x78, 0xFF, 0x1E, 0x10, 0x87, 0x38, 0xFF, 0x0F, 0xC0, 0xF0, 0x00, 0x3F,
    0x7F, 0xFF, 0xFF, 0xE3, 0xC0, 0x78, 0x0E, 0x01, 0xC0, 0x38, 0x3F, 0xF7, 0xFE, 0xFF, 0xC0, 0x01,
    0x80, 0x3C, 0x03, 0x80, 0x78, 0x07, 0x00, 0x60, 0x1F, 0xC3, 0xFF, 0x7F, 0xE7, 0x84, 0x78, 0x07,
    0xE0, 0x7F, 0xC3, 0xFE, 0x1F, 0xF0, 0x1F, 0x00, 0xF7, 0x0F, 0x7F, 0xE7, 0xFE, 0x3F, 0xC0, 0x00,
    0x00, 0x70, 0x1E, 0x07, 0x80, 0xF0, 0x1C, 0x01, 0x01, 0xFC, 0x7F, 0xDF, 0xFB, 0xC2, 0x7F, 0x87,
    0xFC, 0x3F, 0x90, 0x77, 0xFE, 0xFF, 0xCF, 0xF0, 0x0F, 0x81, 0xF8, 0x1F, 0xC3, 0x9E, 0x10, 0x81,
    0xFC, 0x3F, 0xF7, 0xFE, 0x78, 0x47, 0x80, 0x7E, 0x07, 0xFC, 0x3F, 0xE1, 0xFF, 0x01, 0xF0, 0x0F,
    0x70, 0xF7, 0xFE, 0x7F, 0xE3, 0xFC, 0x1F, 0x07, 0xE0, 0xFE, 0x39, 0xE2, 0x10, 0x7F, 0x1F, 0xF7,
    0xFE, 0xF0, 0x9F, 0xE1, 0xFF, 0x0F, 0xE4, 0x1D, 0xFF, 0xBF, 0xF3, 0xFC, 0x1F, 0xC3, 0xFF, 0x7F,
    0xE7, 0x84, 0x78, 0x07, 0xE0, 0x7F, 0xC3, 0xFE, 0x0F, 0xF0, 0x0F, 0x20, 0xF7, 0x0F, 0xFF, 0xE7,
    0xFE, 0x1F, 0x80, 0x70, 0x07, 0x80, 0xF8, 0x0F, 0x80, 0x3F, 0x8F, 0xFB, 0xFF, 0x78, 0x4F, 0xF0,
    0xFF, 0x87, 0xF2, 0x0E, 0xFF, 0xDF, 0xF9, 0xFE, 0x07, 0x00, 0xF0, 0x3E, 0x07, 0xC0, 0x10, 0x83,
    0x9E, 0x1F, 0xC1, 0xF8, 0x0F, 0x80, 0x00, 0x1F, 0xC3, 0xFF, 0x7F, 0xE7, 0x84, 0x78, 0x07, 0xE0,
    0x7F, 0xC3, 0xFE, 0x1F, 0xF0, 0x1F, 0x00, 0xF7, 0x0F, 0x7F, 0xE7, 0xFE, 0x3F, 0xC0, 0x21, 0x8E,
    0x78, 0xFE, 0x1F, 0x81, 0xF0, 0x00, 0x0F, 0xE3, 0xFE, 0xFF, 0xDE, 0x13, 0xFC, 0x3F, 0xE1, 0xFC,
    0x83, 0xBF, 0xF7, 0xFE, 0x7F, 0x80, 0xFF, 0xFF, 0xFF, 0xFF, 0xF0, 0xF0, 0x0F, 0x00, 0xF0, 0x0F,
    0x00, 0xF0, 0x0F, 0x00, 0xF0, 0x0F, 0x00, 0xF0, 0x0F, 0x00, 0xF0, 0x0F, 0x00, 0x00, 0x00, 0x00,
    0xF0, 0x0F, 0x00, 0xE0, 0x0E, 0x00, 0x1E, 0x01, 0xE0, 0x1E, 0x01, 0xE0, 0xFF, 0xEF, 0xFE, 0x7F,
    0xE1, 0xE0, 0x1E, 0x01, 0xE0, 0x1E, 0x01, 0xE0, 0x0F, 0xE0, 0xFE, 0x07, 0xE0, 0x00, 0x00, 0x00,
    0x78, 0x07, 0x80, 0x70, 0x07, 0x00, 0x10, 0x83, 0x9C, 0x3F, 0xC1, 0xF8, 0x0F, 0x00, 0x00, 0xFF,
    0xFF, 0xFF, 0xFF, 0xF0, 0xF0, 0x0F, 0x00, 0xF0, 0x0F, 0x00, 0xF0, 0x0F, 0x00, 0xF0, 0x0F, 0x00,
    0xF0, 0x0F, 0x00, 0xF0, 0x0F, 0x00, 0x00, 0xF1, 0xEF, 0x1E, 0xE1, 0xEE, 0x1E, 0x0F, 0xFE, 0xFF,
    0xE7, 0xFE, 0x1E, 0x01, 0xE0, 0x1E, 0x01, 0xE0, 0x1E, 0x00, 0xFE, 0x0F, 0xE0, 0x7E, 0xFF, 0xFF,
    0xFF, 0xFF, 0xF0, 0xF0, 0x0F, 0x00, 0xF0, 0x3F, 0xE7, 0xFE, 0x7F, 0xE0, 0xF0, 0x0F, 0x00, 0xF0,
    0x0F, 0x00, 0xF0, 0x0F, 0x00, 0x1E, 0x01, 0xE0, 0x1E, 0x01, 0xE0, 0xFF, 0xEF, 0xFE, 0x7F, 0xE1,
    0xE0, 0x3F, 0xC3, 0xFC, 0x3F, 0xC1, 0xE0, 0x0F, 0xE0, 0xFE, 0x07, 0xE0, 0x3F, 0x8F, 0xF0, 0xFE,
    0x00, 0x0F, 0x1F, 0xE3, 0xFC, 0x7F, 0x8F, 0xF1, 0xFE, 0x3F, 0xC7, 0xF8, 0xFF, 0x1F, 0xE3, 0xFC,
    0x7F, 0x8E, 0xFF, 0xCF, 0xF8, 0xFE, 0x00, 0x7F, 0x8F, 0xF0, 0xFE, 0x00, 0x0F, 0x1F, 0xE3, 0xFC,
    0x7F, 0x8F, 0xF1, 0xFE, 0x3F, 0xC7, 0xF8, 0xFF, 0xFE, 0xFF, 0xDF, 0x78, 0x3F, 0x87, 0xF0, 0xFE,
    0x00, 0x0F, 0x1F, 0xE3, 0xFC, 0x7F, 0x8F, 0xF1, 0xFE, 0x3F, 0xC7, 0xF8, 0xFF, 0x1F, 0xE3, 0xFC,
    0x7F, 0x8E, 0xFF, 0xCF, 0xF8, 0xFE, 0x00, 0x3F, 0x07, 0xF0, 0xFE, 0x00, 0x00, 0x01, 0xE3, 0xFC,
    0x7F, 0x8F, 0xF1, 0xFE, 0x3F, 0xC7, 0xF8, 0xFF, 0x1F, 0xFF, 0xDF, 0xFB, 0xEF, 0x21, 0x0E, 0x71,
    0xFE, 0x1F, 0xC1, 0xF1, 0xE3, 0xFC, 0x7F, 0x8F, 0xF1, 0xFE, 0x3F, 0xC7, 0xF8, 0xFF, 0x1F, 0xE3,
    0xFC, 0x7F, 0x8F, 0xF1, 0xDF, 0xF9, 0xFF, 0x1F, 0xC0, 0x21, 0x0E, 0x71, 0xFE, 0x1F, 0xC1, 0xF0,
    0x00, 0x3C, 0x7F, 0x8F, 0xF1, 0xFE, 0x3F, 0xC7, 0xF8, 0xFF, 0x1F, 0xE3, 0xFF, 0xFB, 0xFF, 0x7D,
    0xE0, 0x1F, 0x07, 0xE0, 0xEE, 0x1D, 0xC3, 0xF0, 0x3E, 0x3C, 0x7F, 0x8F, 0xF1, 0xFE, 0x3F, 0xC7,
    0xF8, 0xFF, 0x1F, 0xE3, 0xFC, 0x7F, 0x8F, 0xF1, 0xFE, 0x3B, 0xFF, 0x3F, 0xE3, 0xF8, 0x1E, 0x07,
    0xE0, 0xEE, 0x1D, 0xC3, 0xF0, 0x3C, 0x3C, 0x7F, 0x8F, 0xF1, 0xFE, 0x3F, 0xC7, 0xF8, 0xFF, 0x1F,
    0xE3, 0xFF, 0xFB, 0xFF, 0x7D, 0xE0, 0x00, 0x03, 0xB8, 0xF7, 0x1D, 0xE3, 0xB8, 0x62, 0x3C, 0x7F,
    0x8F, 0xF1, 0xFE, 0x3F, 0xC7, 0xF8, 0xFF, 0x1F, 0xE3, 0xFC, 0x7F, 0x8F, 0xF1, 0xFE, 0x3B, 0xFF,
    0x3F, 0xE3, 0xF8, 0x19, 0x83, 0xBC, 0xFF, 0x1D, 0xC3, 0x38, 0x00, 0x3C, 0x7F, 0x8F, 0xF1, 0xFE,
    0x3F, 0xC7, 0xF8, 0xFF, 0x1F, 0xE3, 0xFF, 0xFB, 0xFF, 0x7D, 0xE0, 0xF1, 0xFE, 0x3F, 0xC7, 0xF8,
    0xFF, 0x1F, 0xE3, 0xFC, 0x7F, 0x8F, 0xF1, 0xFE, 0x3F, 0xC7, 0xF8, 0xEF, 0xFC, 0xFF, 0x0F, 0xC0,
    0x70, 0x1C, 0x03, 0xF0, 0x3E, 0x00, 0xF1, 0xFE, 0x3F, 0xC7, 0xF8, 0xFF, 0x1F, 0xE3, 0xFC, 0x7F,
    0x8F, 0xFF, 0xEF, 0xFD, 0xF7, 0x01, 0xE0, 0x30, 0x0F, 0xC0, 0xF8, 0x00, 0xF0, 0x00, 0x1F, 0x80,
    0x03, 0xFC, 0x00, 0x39, 0xC0, 0x01, 0x08, 0x07, 0x0F, 0x8F, 0x78, 0xF8, 0xF7, 0x8F, 0x8F, 0x78,
    0xF8, 0xE7, 0x9F, 0xCE, 0x39, 0xFD, 0xE3, 0xDD, 0xDE, 0x3D, 0xDD, 0xE3, 0xFD, 0xDC, 0x1F, 0x9F,
    0xC1, 0xF8, 0xFC, 0x1F, 0x8F, 0xC1, 0xF8, 0xF8, 0x1F, 0x0F, 0x80, 0xF0, 0xF8, 0x03, 0xE0, 0x03,
    0xF0, 0x01, 0xFC, 0x01, 0xCF, 0x00, 0x42, 0x07, 0x1E, 0x3F, 0xCF, 0x9F, 0xE7, 0xCE, 0x73, 0xE7,
    0x3B, 0xF7, 0x9F, 0xDF, 0xCF, 0xEF, 0xC3, 0xF7, 0xE1, 0xF3, 0xF0, 0xF8, 0xF8, 0x3C, 0x78, 0x0F,
    0x00, 0xFC, 0x0F, 0xF0, 0x73, 0x81, 0x08, 0x78, 0x7F, 0xE3, 0xCF, 0x1E, 0x79, 0xE1, 0xEF, 0x0F,
    0xF0, 0x3F, 0x81, 0xF8, 0x07, 0xC0, 0x3C, 0x01, 0xE0, 0x0F, 0x00, 0x78, 0x03, 0xC0, 0x1E, 0x00,
    0x0F, 0x00, 0xFC, 0x0F, 0xF0, 0x73, 0x81, 0x08, 0x78, 0x79, 0xE3, 0xCF, 0x1C, 0x79, 0xE1, 0xEF,
    0x0F, 0x70, 0x3F, 0x81, 0xF8, 0x0F, 0xC0, 0x3E, 0x01, 0xE0, 0x0F, 0x03, 0xF0, 0x1F, 0x80, 0xF8,
    0x00, 0x3D, 0xE1, 0xEF, 0x0F, 0x78, 0x00, 0x0F, 0x0F, 0xFC, 0x79, 0xE3, 0xCF, 0x3C, 0x3D, 0xE1,
    0xFE, 0x07, 0xF0, 0x3F, 0x00, 0xF8, 0x07, 0x80, 0x3C, 0x01, 0xE0, 0x0F, 0x00, 0x78, 0x03, 0xC0,
    0x03, 0x00, 0xF0, 0x1C, 0x07, 0x80, 0xE0, 0x18, 0x3F, 0xFF, 0xFF, 0xFF, 0xE0, 0x78, 0x1E, 0x07,
    0xC0, 0xF0, 0x3C, 0x0F, 0x81, 0xE0, 0x78, 0x1F, 0x03, 0xFF, 0xFF, 0xFF, 0xFE, 0x00, 0x00, 0xE0,
    0x1E, 0x07, 0x80, 0xE0, 0x1C, 0x01, 0x07, 0xFE, 0xFF, 0xDF, 0xF8, 0x1E, 0x07, 0xC1, 0xF0, 0x7C,
    0x1F, 0x07, 0xFE, 0xFF, 0xFF, 0xFC, 0x1E, 0x03, 0xC0, 0x78, 0x00, 0x0F, 0xFF, 0xFF, 0xFF, 0xF8,
    0x1E, 0x07, 0x81, 0xF0, 0x3C, 0x0F, 0x03, 0xE0, 0x78, 0x1E, 0x07, 0xC0, 0xFF, 0xFF, 0xFF, 0xFF,
    0x80, 0x1E, 0x03, 0xC0, 0x78, 0x00, 0x0F, 0xFD, 0xFF, 0xBF, 0xF0, 0x3C, 0x0F, 0x83, 0xE0, 0xF8,
    0x3E, 0x0F, 0xFD, 0xFF, 0xFF, 0xF8, 0x21, 0x0E, 0x71, 0xFE, 0x1F, 0x81, 0xE0, 0x00, 0x3F, 0xFF,
    0xFF, 0xFF, 0xE0, 0x78, 0x1E, 0x07, 0xC0, 0xF0, 0x3C, 0x0F, 0x81, 0xE0, 0x78, 0x1F, 0x03, 0xFF,
    0xFF, 0xFF, 0xFE, 0x21, 0x0E, 0x71, 0xFE, 0x1F, 0x81, 0xE0, 0x00, 0x3F, 0xF7, 0xFE, 0xFF, 0xC0,
    0xF0, 0x3E, 0x0F, 0x83, 0xE0, 0xF8, 0x3F, 0xF7, 0xFF, 0xFF, 0xE0, 0x00, 0x78, 0x03, 0xC7, 0xFE,
    0x7F, 0xE7, 0xFE, 0x3C, 0x79, 0xC3, 0xDE, 0x1E, 0xF0, 0xF7, 0x87, 0xBC, 0x3D, 0xE1, 0xE7, 0x0F,
    0x3C, 0x79, 0xFF, 0x87, 0xFC, 0x1F, 0x80, 0x00, 0x70, 0x03, 0xC0, 0x1E, 0x3F, 0xE3, 0xFF, 0x3F,
    0xF1, 0xE3, 0xCE, 0x1E, 0x70, 0xF3, 0x87, 0x9E, 0x3C, 0xFF, 0xC3, 0xFE, 0x0F, 0xE0, 0x00, 0x70,
    0x0F, 0xF1, 0xFF, 0x1E, 0xF1, 0xEF, 0x1E, 0xF1, 0xEF, 0x1E, 0xF1, 0xEF, 0x1E, 0xF1, 0xEF, 0x1E,
    0xF1, 0xEF, 0x1C, 0xFF, 0xC7, 0xFC, 0x3F, 0x80, 0x00, 0x70, 0x0F, 0x00, 0xFF, 0x1F, 0xF1, 0xEF,
    0x1E, 0xF1, 0xEF, 0x1E, 0xF1, 0xEF, 0x1E, 0xF1, 0xEF, 0xFE, 0x7F, 0xE7, 0xDE, 0x01, 0x00, 0x1C,
    0x01, 0xE0, 0x0C, 0x00, 0xF8, 0x0F, 0xC0, 0x67, 0x03, 0xB8, 0x1F, 0x80, 0x7C, 0x07, 0xE0, 0x3F,
    0x01, 0xFC, 0x1F, 0xE0, 0xFF, 0x07, 0xBC, 0x39, 0xE3, 0xCF, 0x1F, 0xF8, 0xFF, 0xE7, 0xFF, 0x78,
    0x7B, 0xC3, 0xDE, 0x0F, 0x02, 0x00, 0xE0, 0x3C, 0x06, 0x01, 0xF0, 0x7E, 0x0C, 0xE1, 0xD8, 0x3F,
    0x00, 0x00, 0xFC, 0x7F, 0xCF, 0xFC, 0x07, 0x9F, 0xF7, 0xFE, 0xF3, 0xDE, 0x7B, 0xFF, 0xFF, 0xF7,
    0xDE, 0x00, 0x18, 0x00, 0x07, 0x80, 0x00, 0xF0, 0x00, 0x3C, 0x00, 0x07, 0x00, 0x00, 0xC0, 0x00,
    0x7F, 0xF8, 0x0F, 0xFF, 0x03, 0xFF, 0xC0, 0x7F, 0x00, 0x1F, 0xE0, 0x03, 0xBC, 0x00, 0xF7, 0xF8,
    0x1E, 0xFF, 0x87, 0x9F, 0xF0, 0xFF, 0xC0, 0x3F, 0xF8, 0x07, 0xFF, 0x01, 0xE1, 0xFF, 0x3C, 0x3F,
    0xFF, 0x07, 0xFE, 0x00, 0x00, 0x00, 0x70, 0x00, 0x3C, 0x00, 0x3C, 0x00, 0x1C, 0x00, 0x1C, 0x00,
    0x02, 0x00, 0x7E, 0xFC, 0xFF, 0xFF, 0x3F, 0xFF, 0x80, 0xF1, 0xEF, 0xFF, 0xFF, 0xFF, 0xFF, 0xFF,
    0xFF, 0xCF, 0x09, 0xFF, 0xFE, 0xFE, 0xFF, 0x3E, 0x3F, 0x00, 0x01, 0x80, 0x1E, 0x00, 0xE0, 0x0F,
    0x00, 0x70, 0x03, 0x38, 0x7F, 0xC7, 0xFE, 0x7F, 0xE3, 0xCF, 0x9C, 0xFD, 0xE7, 0xEF, 0x7F, 0x7B,
    0xFB, 0xFB, 0xDF, 0xDE, 0xFC, 0xF3, 0xE7, 0x9F, 0xF8, 0xFF, 0xCF, 0xF8, 0x30, 0x00, 0x00, 0x00,
    0x00, 0x00, 0x1C, 0x00, 0xF0, 0x0F, 0x00, 0x70, 0x03, 0x80, 0x09, 0xC3, 0xFE, 0x3F, 0xE3, 0xFF,
    0x1E, 0xFC, 0xE7, 0xE7, 0x7F, 0x3F, 0x79, 0xF3, 0xCF, 0xFC, 0x7F, 0xE7, 0xFE, 0x18, 0x00, 0x1F,
    0xC3, 0xFF, 0x7F, 0xE7, 0x84, 0x78, 0x07, 0xE0, 0x7F, 0xC3, 0xFE, 0x1F, 0xF0, 0x1F, 0x00, 0xF7,
    0x0F, 0x7F, 0xE7, 0xFE, 0x3F, 0xC0, 0x00, 0x00, 0x00, 0xF0, 0x0E, 0x00, 0xE0, 0x0E, 0x00, 0x3F,
    0x8F, 0xFB, 0xFF, 0x78, 0x4F, 0xF0, 0xFF, 0x87, 0xF2, 0x0E, 0xFF, 0xDF, 0xF9, 0xFE, 0x00, 0x00,
    0x00, 0x3C, 0x07, 0x00, 0xE0, 0x1C, 0x00, 0xFF, 0xFF, 0xFF, 0xFF, 0xF0, 0xF0, 0x0F, 0x00, 0xF0,
    0x0F, 0x00, 0xF0, 0x0F, 0x00, 0xF0, 0x0F, 0x00, 0xF0, 0x0F, 0x00, 0xF0, 0x0F, 0x00, 0x00, 0x00,
    0x00, 0xF0, 0x0F, 0x00, 0xE0, 0x0E, 0x00, 0x1E, 0x01, 0xE0, 0x1E, 0x01, 0xE0, 0xFF, 0xEF, 0xFE,
    0x7F, 0xE1, 0xE0, 0x1E, 0x01, 0xE0, 0x1E, 0x01, 0xE0, 0x0F, 0xE0, 0xFE, 0x07, 0xE0, 0x00, 0x00,
    0x00, 0x78, 0x07, 0x80, 0x70, 0x07, 0x00, 0x23, 0xCF, 0x1E, 0x38, 0xE1, 0x00, 0x00, 0xE3, 0xDE,
    0x73, 0x82, 0x00, 0x1E, 0x0F, 0xC7, 0xF9, 0xCE, 0x21, 0x00, 0xFE, 0xFF, 0x7F, 0x7E, 0xFF, 0xFF,
    0x21, 0x1C, 0xE7, 0xF8, 0xFC, 0x3E, 0x00, 0xFF, 0xF0, 0xFF, 0xFF, 0xFF, 0xF3, 0xFF, 0xCF, 0x38,
    0x40, 0x3C, 0x7E, 0x66, 0x66, 0x7E, 0x3C, 0x33, 0x1E, 0xE7, 0xFB, 0xDC, 0xE6, 0x00, 0x00, 0x21,
    0x1C, 0xE7, 0xF8, 0xFC, 0x1E, 0x00, 0x37, 0x7F, 0xFE, 0xEE, 0x1C, 0x71, 0xFF, 0xFC, 0xFF, 0xF0,
    0xFE, 0xEC, 0x30, 0x70, 0xF3, 0xE7, 0xC7, 0x00, 0x00, 0xE7, 0x3A, 0xFD, 0xF0, 0x08, 0x0F, 0x03,
    0xC0, 0x78, 0x0E, 0x03, 0x0F, 0xFF, 0xFF, 0xFF, 0xFC, 0x0F, 0x03, 0xC0, 0xFF, 0xFF, 0xFF, 0xFF,
    0xC0, 0xF0, 0x3C, 0x0F, 0xFF, 0xFF, 0xFF, 0xC0, 0x7B, 0xDE, 0xF7, 0xBC, 0x00, 0xFF, 0xFF, 0xFF,
    0xFF, 0xC0, 0xF0, 0x3C, 0x0F, 0xFF, 0xFF, 0xFF, 0xFC, 0x0F, 0x03, 0xC0, 0xFF, 0xFF, 0xFF, 0xFC,
    0xFF, 0x87, 0xFC, 0x3F, 0xE0, 0x78, 0x03, 0xC0, 0x1E, 0x00, 0xFF, 0x87, 0xFE, 0x3F, 0xF1, 0xE7,
    0x8F, 0x1C, 0x78, 0xE3, 0xC7, 0x1E, 0x38, 0xF1, 0xC0, 0x0E, 0x03, 0xF0, 0x1F, 0x80, 0xF8, 0x06,
    0x07, 0x83, 0xC3, 0xC1, 0xC0, 0x63, 0xFF, 0xFF, 0xFF, 0xF8, 0x3C, 0x1E, 0x0F, 0x07, 0x83, 0xC1,
    0xE0, 0xF0, 0x78, 0x3C, 0x1E, 0x0F, 0x00, 0x1F, 0xC3, 0xFE, 0x7F, 0xF7, 0x8F, 0x78, 0x47, 0x00,
    0xFF, 0x0F, 0xF0, 0xFF, 0x07, 0x80, 0x78, 0xE7, 0x8F, 0x7F, 0xF3, 0xFE, 0x1F, 0xC0, 0x1F, 0xC3,
    0xFF, 0x7F, 0xE7, 0x84, 0x78, 0x07, 0xE0, 0x7F, 0xC3, 0xFE, 0x1F, 0xF0, 0x1F, 0x00, 0xF7, 0x0F,
    0x7F, 0xE7, 0xFE, 0x3F, 0xC0, 0xFF, 0xFF, 0xFF, 0xFC, 0x78, 0x1E, 0x07, 0x81, 0xE0, 0x78, 0x1E,
    0x07, 0x81, 0xE0, 0x78, 0xFF, 0xFF, 0xFF, 0xFC, 0x7B, 0xDE, 0xF7, 0xBC, 0x00, 0xFF, 0xFF, 0xFF,
    0xFC, 0x78, 0x1E, 0x07, 0x81, 0xE0, 0x78, 0x1E, 0x07, 0x81, 0xE0, 0x78, 0xFF, 0xFF, 0xFF, 0xFC,
    0x3F, 0xE7, 0xFC, 0x7F, 0x80, 0xF0, 0x1E, 0x03, 0xC0, 0x78, 0x0F, 0x01, 0xE0, 0x3C, 0xC7, 0xB8,
    0xF7, 0xFE, 0x7F, 0x87, 0xE0, 0x1F, 0xF8, 0x00, 0xFF, 0xC0, 0x07, 0xFE, 0x00, 0x3C, 0xF0, 0x01,
    0xE7, 0x80, 0x0F, 0x3C, 0x00, 0x79, 0xFF, 0x83, 0x8F, 0xFE, 0x1C, 0x7F, 0xF8, 0xE3, 0xC3, 0xCF,
    0x1E, 0x1E, 0x78, 0xF0, 0xFF, 0x87, 0xFF, 0xFC, 0x3F, 0xFB, 0xC1, 0xFF, 0x80, 0xF0, 0x78, 0x07,
    0x83, 0xC0, 0x3C, 0x1E, 0x01, 0xE0, 0xF0, 0x0F, 0x07, 0x80, 0x78, 0x3C, 0x03, 0xFF, 0xFF, 0x1F,
    0xFF, 0xFC, 0xFF, 0xFF, 0xF7, 0x83, 0xC7, 0xBC, 0x1E, 0x3D, 0xE0, 0xF1, 0xEF, 0x07, 0xFF, 0x78,
    0x3F, 0xF3, 0xC1, 0xFF, 0x00, 0xFF, 0x87, 0xFC, 0x3F, 0xE0, 0x78, 0x03, 0xC0, 0x1E, 0x00, 0xFF,
    0x87, 0xFE, 0x3F, 0xF1, 0xE7, 0x8F, 0x1C, 0x78, 0xE3, 0xC7, 0x1E, 0x38, 0xF1, 0xC0, 0x03, 0x00,
    0xF0, 0x1C, 0x07, 0x80, 0xE0, 0x18, 0x3C, 0x7F, 0x8F, 0xF3, 0xDE, 0x7B, 0xCE, 0x7B, 0xCF, 0xF9,
    0xFE, 0x3F, 0xE7, 0xBC, 0xF7, 0x9E, 0x7B, 0xCF, 0xF8, 0xFF, 0x1E, 0x08, 0x07, 0x80, 0xF0, 0x0F,
    0x00, 0xE0, 0x18, 0x38, 0x7F, 0x1F, 0xE3, 0xFC, 0x7F, 0x9F, 0xF3, 0xFE, 0xFF, 0xDF, 0xFF, 0x7F,
    0xEF, 0xF9, 0xFF, 0x3F, 0xE7, 0xF8, 0xFF, 0x1E, 0x18, 0xC1, 0xEF, 0x07, 0xF0, 0x3F, 0x80, 0xF8,
    0x78, 0x39, 0xE3, 0xCF, 0x1E, 0x78, 0xE1, 0xEF, 0x0F, 0x78, 0x3F, 0x81, 0xFC, 0x07, 0xE0, 0x3E,
    0x01, 0xF0, 0x07, 0x01, 0xF8, 0x0F, 0xC0, 0x7C, 0x00, 0xF1, 0xFE, 0x3F, 0xC7, 0xF8, 0xFF, 0x1F,
    0xE3, 0xFC, 0x7F, 0x8F, 0xF1, 0xFE, 0x3F, 0xC7, 0xF8, 0xFF, 0xFF, 0xFF, 0xFF, 0xF8, 0xF0, 0x1E,
    0x03, 0xC0, 0x0F, 0x80, 0xFC, 0x07, 0xE0, 0x3F, 0x83, 0xFC, 0x1F, 0xE0, 0xF7, 0x87, 0x3C, 0x79,
    0xE3, 0xFF, 0x1F, 0xFC, 0xFF, 0xEF, 0x0F, 0x78, 0x7B, 0xC1, 0xE0, 0xFF, 0xDF, 0xFB, 0xFE, 0x78,
    0x0F, 0x01, 0xE0, 0x3F, 0xE7, 0xFE, 0xFF, 0xFE, 0x3F, 0xC7, 0xF8, 0xFF, 0xFF, 0xFF, 0xBF, 0xE0,
    0xFF, 0x9F, 0xFB, 0xFF, 0x79, 0xEF, 0x1D, 0xE7, 0xBF, 0xF7, 0xFC, 0xFF, 0xDE, 0x7F, 0xC7, 0xF8,
    0xFF, 0xFF, 0xFF, 0xBF, 0xE0, 0xFF, 0xFF, 0xFF, 0xFE, 0x0F, 0x07, 0x83, 0xC1, 0xE0, 0xF0, 0x78,
    0x3C, 0x1E, 0x0F, 0x07, 0x83, 0xC0, 0x1F, 0xFC, 0x0F, 0xFE, 0x07, 0xFF, 0x03, 0xC3, 0x81, 0xE1,
    0xC0, 0xF0, 0xE0, 0x78, 0x70, 0x3C, 0x38, 0x1E, 0x1C, 0x0F, 0x0E, 0x07, 0x87, 0x07, 0x83, 0x8F,
    0xFF, 0xF7, 0xFF, 0xFF, 0xFF, 0xFF, 0xE0, 0x0F, 0xF0, 0x07, 0xF8, 0x03, 0xFC, 0x01, 0xE0, 0xFF,
    0xFF, 0xFF, 0xFF, 0xC0, 0xF0, 0x3C, 0x0F, 0xFF, 0xFF, 0xFF, 0xFC, 0x0F, 0x03, 0xC0, 0xFF, 0xFF,
    0xFF, 0xFC, 0x70, 0xF0, 0xF3, 0xC7, 0x87, 0x9F, 0x3C, 0x7C, 0x79, 0xE3, 0x81, 0xCF, 0x3C, 0x0F,
    0x79, 0xE0, 0x3F, 0xFE, 0x01, 0xFF, 0xE0, 0x0F, 0xFF, 0x80, 0xF7, 0x9E, 0x07, 0xBC, 0xF0, 0x79,
    0xE3, 0xC7, 0xCF, 0x1F, 0x7C, 0x78, 0x7B, 0xC3, 0xC3, 0xC0, 0x3F, 0x87, 0xFE, 0x7F, 0xE3, 0x1E,
    0x01, 0xE0, 0x1E, 0x0F, 0xE0, 0xF8, 0x0F, 0xE0, 0x1E, 0x00, 0xF3, 0x1F, 0x7F, 0xE7, 0xFE, 0x3F,
    0x80, 0xE1, 0xFC, 0x7F, 0x8F, 0xF1, 0xFE, 0x7F, 0xCF, 0xFB, 0xFF, 0x7F, 0xFD, 0xFF, 0xBF, 0xE7,
    0xFC, 0xFF, 0x9F, 0xE3, 0xFC, 0x78, 0x33, 0x0E, 0x71, 0xFE, 0x1F, 0xC1, 0xF1, 0xC3, 0xF8, 0xFF,
    0x1F, 0xE3, 0xFC, 0xFF, 0x9F, 0xF7, 0xFE, 0xFF, 0xFB, 0xFF, 0x7F, 0xCF, 0xF9, 0xFF, 0x3F, 0xC7,
    0xF8, 0xF0, 0xF1, 0xFE, 0x3F, 0xCF, 0x79, 0xEF, 0x39, 0xEF, 0x3F, 0xE7, 0xF8, 0xFF, 0x9E, 0xF3,
    0xDE, 0x79, 0xEF, 0x3F, 0xE3, 0xFC, 0x78, 0x1F, 0xF1, 0xFF, 0x1F, 0xF1, 0xCF, 0x1C, 0xF1, 0xCF,
    0x1C, 0xF1, 0xCF, 0x1C, 0xF3, 0xCF, 0x3C, 0xF3, 0xCF, 0xF8, 0xFF, 0x8F, 0xF0, 0xF0, 0xF0, 0x3F,
    0xF0, 0x7F, 0xE1, 0xFF, 0xE3, 0xFF, 0xCF, 0xFF, 0xDF, 0xFF, 0xFF, 0xFF, 0xFF, 0xF7, 0xDF, 0xEF,
    0xBF, 0xCE, 0x7F, 0x98, 0xFF, 0x11, 0xFE, 0x03, 0xFC, 0x07, 0x80, 0xF1, 0xFE, 0x3F, 0xC7, 0xF8,
    0xFF, 0x1F, 0xE3, 0xFF, 0xFF, 0xFF, 0xFF, 0xFE, 0x3F, 0xC7, 0xF8, 0xFF, 0x1F, 0xE3, 0xFC, 0x78,
    0x1F, 0x83, 0xFE, 0x7F, 0xE7, 0x8F, 0x70, 0xFF, 0x0F, 0xF0, 0xFF, 0x0F, 0xF0, 0xFF, 0x0F, 0x70,
    0xF7, 0x8F, 0x7F, 0xE3, 0xFE, 0x1F, 0x80, 0xFF, 0xFF, 0xFF, 0xFF, 0xF8, 0xFF, 0x1F, 0xE3, 0xFC,
    0x7F, 0x8F, 0xF1, 0xFE, 0x3F, 0xC7, 0xF8, 0xFF, 0x1F, 0xE3, 0xFC, 0x78, 0xFF, 0x9F, 0xFB, 0xFF,
    0xF8, 0xFF, 0x1F, 0xE3, 0xFC, 0xFF, 0xFE, 0xFF, 0xDF, 0xE3, 0xC0, 0x78, 0x0F, 0x01, 0xE0, 0x3C,
    0x00, 0x1F, 0xC3, 0xFE, 0x3F, 0xF7, 0x8F, 0x78, 0xF7, 0x80, 0x78, 0x0F, 0x80, 0x78, 0x07, 0x80,
    0x78, 0xE7, 0x8F, 0x3F, 0xF3, 0xFE, 0x1F, 0xC0, 0xFF, 0xFF, 0xFF, 0xFF, 0xF0, 0xF0, 0x0F, 0x00,
    0xF0, 0x0F, 0x00, 0xF0, 0x0F, 0x00, 0xF0, 0x0F, 0x00, 0xF0, 0x0F, 0x00, 0xF0, 0x0F, 0x00, 0xF0,
    0x73, 0xC7, 0x9E, 0x3C, 0xF1, 0xC3, 0xDE, 0x1E, 0xF0, 0x7F, 0x03, 0xF8, 0x0F, 0xC0, 0x7C, 0x03,
    0xE0, 0x0E, 0x03, 0xF0, 0x1F, 0x80, 0xF8, 0x00, 0x00, 0xE0, 0x00, 0x3C, 0x00, 0x1F, 0xE0, 0x0F,
    0xFF, 0x83, 0xFF, 0xF8, 0xFB, 0xCF, 0x9E, 0x78, 0xF7, 0x8F, 0x1E, 0xF1, 0xE3, 0xDE, 0x3C, 0x79,
    0xC7, 0x8F, 0x3C, 0xF1, 0xE7, 0xFF, 0xF8, 0x7F, 0xFF, 0x03, 0xFF, 0x80, 0x0F, 0x00, 0x01, 0xE0,
    0x00, 0xF8, 0xF3, 0xC7, 0x9F, 0x78, 0x7B, 0xC3, 0xFC, 0x0F, 0xE0, 0x7E, 0x01, 0xF0, 0x1F, 0x80,
    0xFE, 0x0F, 0xF0, 0x7B, 0xC7, 0x9E, 0x3C, 0x7B, 0xC3, 0xC0, 0x71, 0xE3, 0x8F, 0x1C, 0x78, 0xE3,
    0xC7, 0x1E, 0x38, 0xF1, 0xC7, 0x8E, 0x3C, 0x71, 0xE3, 0x8F, 0x1C, 0x78, 0xE3, 0xC7, 0xFF, 0x3F,
    0xFD, 0xFF, 0xE0, 0x0F, 0x00, 0x78, 0x03, 0xC0, 0x1C, 0xF0, 0xFF, 0x0F, 0xF0, 0xFF, 0x0F, 0xF0,
    0xFF, 0x0F, 0xF0, 0xF7, 0x9F, 0x7F, 0xF3, 0xFF, 0x1F, 0xF0, 0x0F, 0x00, 0xF0, 0x0F, 0x00, 0xF0,
    0xF1, 0xE1, 0xFE, 0x3C, 0x3F, 0xC7, 0x87, 0xF8, 0xF0, 0xFF, 0x1E, 0x1F, 0xE3, 0xC3, 0xFC, 0x78,
    0x7F, 0x8F, 0x0F, 0xF1, 0xE1, 0xFE, 0x3C, 0x3F, 0xC7, 0x87, 0xF8, 0xF0, 0xFF, 0xFF, 0xFF, 0xFF,
    0xFF, 0xFF, 0xFF, 0xF8, 0xF3, 0xC7, 0x1E, 0x78, 0xE3, 0xCF, 0x1C, 0x79, 0xE3, 0x8F, 0x3C, 0x71,
    0xE7, 0x8E, 0x3C, 0xF1, 0xC7, 0x9E, 0x38, 0xF3, 0xC7, 0x1E, 0x78, 0xE3, 0xCF, 0x1C, 0x79, 0xE3,
    0x8F, 0xFF, 0xFF, 0xFF, 0xFF, 0xFF, 0xFF, 0xF8, 0x00, 0x0F, 0x00, 0x01, 0xE0, 0x00, 0x3C, 0x00,
    0x03, 0x00, 0xFC, 0x07, 0xE0, 0x3F, 0x00, 0x78, 0x03, 0xC0, 0x1F, 0xC0, 0xFF, 0x87, 0xFE, 0x3C,
    0xF1, 0xE3, 0xCF, 0x1E, 0x78, 0xF3, 0xFF, 0x1F, 0xF8, 0xFF, 0x80, 0xF0, 0x07, 0xF8, 0x03, 0xFC,
    0x01, 0xFE, 0x00, 0xFF, 0x00, 0x7F, 0x80, 0x3F, 0xFF, 0x1F, 0xFF, 0xCF, 0xFF, 0xF7, 0xF8, 0x7B,
    0xFC, 0x3D, 0xFE, 0x1E, 0xFF, 0xFF, 0x7F, 0xFF, 0x3F, 0xFF, 0x1E, 0xF0, 0x1E, 0x03, 0xC0, 0x78,
    0x0F, 0x01, 0xFE, 0x3F, 0xF7, 0xFE, 0xF3, 0xFE, 0x3F, 0xC7, 0xF8, 0xFF, 0xFF, 0xFF, 0xBF, 0xE0,
    0x1F, 0x83, 0xFC, 0x7F, 0xE7, 0x0F, 0x30, 0xF0, 0x0F, 0x0F, 0xF0, 0xFF, 0x07, 0xF0, 0x0F, 0x70,
    0xF7, 0x1F, 0x7F, 0xE3, 0xFC, 0x1F, 0x80, 0xF0, 0x7E, 0x3C, 0x3F, 0xCF, 0x1F, 0xFB, 0xC7, 0x8E,
    0xF3, 0xC3, 0xFC, 0xF0, 0xFF, 0xFC, 0x3F, 0xFF, 0x0F, 0xFF, 0xC3, 0xFC, 0xF0, 0xFF, 0x3C, 0x3F,
    0xC7, 0x8E, 0xF1, 0xFF, 0xBC, 0x3F, 0xCF, 0x07, 0xE0, 0x1F, 0xE3, 0xFE, 0x7F, 0xE7, 0x8E, 0x78,
    0xE7, 0x8E, 0x78, 0xE7, 0xFE, 0x3F, 0xE1, 0xFE, 0x1E, 0xE3, 0xCE, 0x7C, 0xEF, 0x8E, 0xF0, 0xE0,
    0x3F, 0x1F, 0xF3, 0xFF, 0x01, 0xE7, 0xFD, 0xFF, 0xBC, 0xF7, 0x9E, 0xFF, 0xFF, 0xFD, 0xF7, 0x80,
    0x07, 0xC7, 0xF9, 0xFF, 0x3E, 0x0F, 0x01, 0xFF, 0x3F, 0xF7, 0xFE, 0xF1, 0xFE, 0x3F, 0xC7, 0xF8,
    0xFF, 0x1F, 0xFF, 0x9F, 0xF1, 0xF8, 0xFF, 0x9F, 0xFB, 0xFF, 0x79, 0xEF, 0xFD, 0xFF, 0x3F, 0xF7,
    0x8F, 0xFF, 0xFF, 0xFB, 0xFE, 0x00, 0xFF, 0xFF, 0xFF, 0xFE, 0x0F, 0x07, 0x83, 0xC1, 0xE0, 0xF0,
    0x78, 0x3C, 0x00, 0x3F, 0xE1, 0xFF, 0x0F, 0xF8, 0x7B, 0xC3, 0xDE, 0x1E, 0xF0, 0xF7, 0x87, 0x3C,
    0xFF, 0xF7, 0xFF, 0xFF, 0xFF, 0xC0, 0xFE, 0x07, 0xF0, 0x38, 0x3F, 0x0F, 0xFB, 0xFF, 0x78, 0xFF,
    0xFF, 0xFF, 0xFF, 0xFF, 0x84, 0xFF, 0xCF, 0xF8, 0xFE, 0x00, 0xF3, 0xC7, 0xFD, 0xE7, 0xFE, 0xF3,
    0xC7, 0xFB, 0xC3, 0xFF, 0xC0, 0xFF, 0xE0, 0xFF, 0xF8, 0xF7, 0xBC, 0xFB, 0xCF, 0xF9, 0xE7, 0xFC,
    0xF1, 0xE0, 0x3F, 0x9F, 0xF9, 0xFF, 0x01, 0xE1, 0xF8, 0x3F, 0x87, 0xF3, 0x0E, 0xFF, 0xDF, 0xF9,
    0xFE, 0x00, 0xF3, 0xDE, 0x7B, 0xDF, 0x7B, 0xEF, 0xFD, 0xFF, 0xBF, 0x77, 0xEE, 0xF9, 0xDF, 0x3B,
    0xC7, 0x00, 0x33, 0x0E, 0x79, 0xFE, 0x1F, 0xC1, 0xF0, 0x00, 0x3C, 0xF7, 0x9E, 0xF7, 0xDE, 0xFB,
    0xFF, 0x7F, 0xEF, 0xDD, 0xFB, 0xBE, 0x77, 0xCE, 0xF1, 0xC0, 0xF1, 0xFE, 0x7B, 0xCF, 0x7B, 0xCF,
    0xF9, 0xFE, 0x3F, 0xE7, 0xBC, 0xF3, 0xFE, 0x7F, 0xC7, 0x80, 0x3F, 0xE3, 0xFE, 0x3F, 0xE3, 0xCE,
    0x3C, 0xE3, 0xCE, 0x3C, 0xE3, 0xCE, 0xF8, 0xEF, 0x8E, 0xF0, 0xE0, 0xF1, 0xFE, 0x3F, 0xEF, 0xFD,
    0xFF, 0xFF, 0xFF, 0xFF, 0xBF, 0x77, 0xEC, 0xFC, 0x1F, 0x83, 0x80, 0xF1, 0xDE, 0x3B, 0xC7, 0x78,
    0xEF, 0xFD, 0xFF, 0xBF, 0xF7, 0x8E, 0xF1, 0xDE, 0x3B, 0xC7, 0x00, 0x1F, 0xC3, 0xFE, 0x7F, 0xE7,
    0x8F, 0x70, 0xF7, 0x0F, 0x70, 0xF7, 0x8F, 0x7F, 0xE3, 0xFE, 0x1F, 0xC0, 0xFF, 0xDF, 0xFB, 0xFF,
    0x78, 0xEF, 0x1D, 0xE3, 0xBC, 0x77, 0x8E, 0xF1, 0xDE, 0x3B, 0xC7, 0x00, 0xFF, 0x9F, 0xFB, 0xFF,
    0xF8, 0xFF, 0x1F, 0xE3, 0xFC, 0x7F, 0x8F, 0xFF, 0xFF, 0xFB, 0xFE, 0x78, 0x0F, 0x01, 0xE0, 0x3C,
    0x00, 0x3F, 0x8F, 0xF9, 0xFF, 0x78, 0xCF, 0x01, 0xE0, 0x3C, 0x07, 0x8C, 0x7F, 0xCF, 0xF8, 0xFE,
    0x00, 0xFF, 0xFF, 0xFF, 0xFF, 0x0F, 0x01, 0xE0, 0x3C, 0x07, 0x80, 0xF0, 0x1E, 0x03, 0xC0, 0x78,
    0x00, 0xF0, 0xF3, 0xC7, 0x9E, 0x38, 0xF3, 0xC3, 0xDE, 0x1E, 0xE0, 0x7F, 0x03, 0xF0, 0x1F, 0x80,
    0x7C, 0x03, 0xC0, 0x1E, 0x07, 0xE0, 0x3F, 0x01, 0xF0, 0x00, 0x03, 0xC0, 0x03, 0xC0, 0x03, 0xC0,
    0x03, 0xC0, 0x3F, 0xFE, 0x7F, 0xFF, 0x7F, 0xFF, 0x7B, 0xCF, 0xF3, 0xCF, 0xF3, 0xCF, 0xF3, 0xCF,
    0x7B, 0xCF, 0x7F, 0xFF, 0x7F, 0xFF, 0x3F, 0xFE, 0x03, 0xC0, 0x03, 0xC0, 0x03, 0xC0, 0x03, 0xC0,
    0x78, 0xF3, 0xEF, 0x0F, 0xF0, 0x3F, 0x81, 0xF8, 0x07, 0xC0, 0x7E, 0x03, 0xF8, 0x3F, 0xE3, 0xCF,
    0x3C, 0x3C, 0xF3, 0xCF, 0x3C, 0xF3, 0xCF, 0x3C, 0xF3, 0xCF, 0x3C, 0xF3, 0xCF, 0x3C, 0xFF, 0xEF,
    0xFF, 0xFF, 0xF0, 0x0F, 0x00, 0xF0, 0x0E, 0xF3, 0xFC, 0xFF, 0x3F, 0xCF, 0xF3, 0xFF, 0xFF, 0xFD,
    0xFF, 0x03, 0xC0, 0xF0, 0x3C, 0xE7, 0x9F, 0xCF, 0x3F, 0x9E, 0x7F, 0x3C, 0xFE, 0x79, 0xFC, 0xF3,
    0xF9, 0xE7, 0xF3, 0xCF, 0xFF, 0xFF, 0xFF, 0xFF, 0xFF, 0xF8, 0xF3, 0x9E, 0x79, 0xCF, 0x3C, 0xE7,
    0x9E, 0x73, 0xCF, 0x39, 0xE7, 0x9C, 0xF3, 0xCE, 0x79, 0xE7, 0x3C, 0xFF, 0xFF, 0xFF, 0xFF, 0xFF,
    0xFF, 0xE0, 0x00, 0xF0, 0x00, 0x78, 0x00, 0x1C, 0xFC, 0x0F, 0xC0, 0xFC, 0x03, 0xFE, 0x3F, 0xF3,
    0xFF, 0x3C, 0xF3, 0xCF, 0x3F, 0xF3, 0xFF, 0x3F, 0xE0, 0xF0, 0x1F, 0xE0, 0x3F, 0xC0, 0x7F, 0xFC,
    0xFF, 0xFD, 0xFF, 0xFB, 0xFC, 0x7F, 0xF8, 0xFF, 0xFF, 0xDF, 0xFF, 0xBF, 0xFE, 0x78, 0xF0, 0x1E,
    0x03, 0xC0, 0x7F, 0xCF, 0xFD, 0xFF, 0xFC, 0x7F, 0x8F, 0xFF, 0xFF, 0xFB, 0xFE, 0x00, 0x3F, 0x0F,
    0xF3, 0xFF, 0x10, 0xE1, 0xFE, 0x3F, 0xC3, 0xFB, 0x1E, 0xFF, 0xCF, 0xF0, 0xFC, 0x00, 0x70, 0xFE,
    0x38, 0xFF, 0x9C, 0xFF, 0xCE, 0x78, 0xF7, 0xF8, 0x7B, 0xFC, 0x3D, 0xFE, 0x1E, 0xE7, 0x8F, 0x73,
    0xFF, 0x38, 0xFF, 0x9C, 0x3F, 0x80, 0x3F, 0xEF, 0xFD, 0xFF, 0xBC, 0xF7, 0x9E, 0xFF, 0xCF, 0xF9,
    0xFF, 0x7D, 0xEF, 0xBD, 0xE7, 0x80, 0x08, 0x07, 0x00, 0xE0, 0x1E, 0x01, 0xC0, 0x1C, 0x02, 0x01,
    0xF8, 0x7F, 0xDF, 0xFB, 0xC7, 0xFF, 0xFF, 0xFF, 0xFF, 0xFC, 0x27, 0xFE, 0x7F, 0xC7, 0xF0, 0x7B,
    0xCF, 0x79, 0xEF, 0x00, 0x03, 0xF0, 0xFF, 0xBF, 0xF7, 0x8F, 0xFF, 0xFF, 0xFF, 0xFF, 0xF8, 0x4F,
    0xFC, 0xFF, 0x8F, 0xE0, 0xFF, 0x0F, 0xF0, 0xFE, 0x07, 0x80, 0x7F, 0xC7, 0xFE, 0x7F, 0xE7, 0x8F,
    0x78, 0xF7, 0x8F, 0x78, 0xF7, 0x8F, 0x78, 0xF7, 0x8F, 0x78, 0xF0, 0x0F, 0x0F, 0xF0, 0xFE, 0x0F,
    0xC0, 0x00, 0x03, 0x83, 0xC1, 0xE1, 0xE0, 0xE0, 0x21, 0xFF, 0xFF, 0xFF, 0xFC, 0x1E, 0x0F, 0x07,
    0x83, 0xC1, 0xE0, 0xF0, 0x78, 0x00, 0x3F, 0x8F, 0xF9, 0xFF, 0x78, 0x4F, 0xE1, 0xFC, 0x3F, 0x87,
    0x8C, 0x7F, 0xCF, 0xF8, 0xFE, 0x00, 0x3F, 0x8F, 0xFB, 0xFF, 0x78, 0x4F, 0xF0, 0xFF, 0x87, 0xF2,
    0x0E, 0xFF, 0xDF, 0xF9, 0xFE, 0x00, 0x0F, 0x01, 0xE0, 0x3C, 0x00, 0x07, 0xF0, 0xFE, 0x1F, 0xC0,
    0x78, 0x0F, 0x01, 0xE0, 0x3C, 0x07, 0x87, 0xFE, 0xFF, 0xDF, 0xF8, 0x3F, 0xC7, 0xF8, 0xFF, 0x00,
    0x07, 0xF0, 0xFE, 0x1F, 0xC0, 0x78, 0x0F, 0x01, 0xE0, 0x3C, 0x07, 0x87, 0xFE, 0xFF, 0xDF, 0xF8,
    0x07, 0x83, 0xC1, 0xE0, 0x0F, 0xFF, 0xFD, 0xFE, 0x0F, 0x07, 0x83, 0xC1, 0xE0, 0xF0, 0x78, 0x3C,
    0x1E, 0x0E, 0x7F, 0x3F, 0x9F, 0x80, 0x1F, 0xF0, 0x07, 0xFC, 0x01, 0xFF, 0x00, 0x73, 0xFE, 0x1C,
    0xFF, 0xC7, 0x3F, 0xF1, 0xCF, 0x3C, 0xF3, 0xCF, 0x7C, 0xFF, 0xFE, 0x3F, 0xFF, 0x8F, 0xF8, 0xF1,
    0xC0, 0x78, 0xE0, 0x3C, 0x70, 0x1E, 0x3F, 0xCF, 0xFF, 0xF7, 0xFF, 0xFF, 0xFF, 0x1F, 0xE3, 0x8F,
    0xF1, 0xFF, 0xF8, 0xFF, 0xBC, 0x7F, 0x80, 0xFF, 0x0F, 0xF0, 0xFE, 0x07, 0x80, 0x7F, 0xC7, 0xFE,
    0x7F, 0xE7, 0x8F, 0x78, 0xF7, 0x8F, 0x78, 0xF7, 0x8F, 0x78, 0xF7, 0x8F, 0x78, 0xF0, 0x00, 0x00,
    0xE0, 0x1E, 0x07, 0x80, 0xE0, 0x1C, 0x01, 0x07, 0x8F, 0xF3, 0xDE, 0x7B, 0xDE, 0x7F, 0xCF, 0xF1,
    0xFF, 0x3D, 0xE7, 0x9F, 0xF3, 0xFE, 0x3C, 0x08, 0x07, 0x00, 0xF0, 0x1E, 0x01, 0xC0, 0x1C, 0x02,
    0x07, 0x9E, 0xF3, 0xDE, 0xFB, 0xDF, 0x7F, 0xEF, 0xFD, 0xFB, 0xBF, 0x77, 0xCE, 0xF9, 0xDE, 0x38,
    0x18, 0x81, 0xCF, 0x0F, 0xF0, 0x3F, 0x80, 0xF8, 0x00, 0x03, 0xC3, 0xCF, 0x1E, 0x78, 0xE3, 0xCF,
    0x0F, 0x78, 0x7B, 0x81, 0xFC, 0x0F, 0xC0, 0x7E, 0x01, 0xF0, 0x0F, 0x00, 0x78, 0x1F, 0x80, 0xFC,
    0x07, 0xC0, 0x00, 0xF1, 0xDE, 0x3B, 0xC7, 0x78, 0xEF, 0x1D, 0xE3, 0xBC, 0x77, 0x8E, 0xFF, 0xDF,
    0xFB, 0xFF, 0x0F, 0x01, 0xE0, 0x3C, 0x00, 0x1F, 0x83, 0xFE, 0x7F, 0xE7, 0x8F, 0x70, 0xFF, 0x0F,
    0xFF, 0xFF, 0xFF, 0xFF, 0xFF, 0x0F, 0x70, 0xF7, 0x8F, 0x7F, 0xE3, 0xFE, 0x1F, 0x80, 0x1F, 0xC3,
    0xFE, 0x7F, 0xE7, 0x0F, 0x7F, 0xF7, 0xFF, 0x7F, 0xF7, 0x0F, 0x7F, 0xE3, 0xFE, 0x1F, 0xC0, 0x03,
    0x81, 0xC0, 0xFF, 0xFF, 0xFF, 0xFF, 0xC1, 0xE0, 0xF0, 0x78, 0x3C, 0x1E, 0x0F, 0x07, 0x83, 0xC1,
    0xE0, 0xF0, 0x78, 0x00, 0x03, 0x83, 0xC1, 0xFF, 0xFF, 0xFF, 0xFF, 0xC1, 0xE0, 0xF0, 0x78, 0x3C,
    0x1E, 0x0F, 0x07, 0x80, 0x3F, 0xF3, 0xFF, 0x3F, 0xE3, 0xC0, 0x3C, 0x03, 0xC0, 0x7F, 0x8F, 0xFC,
    0xFF, 0xC3, 0xC0, 0x3C, 0x03, 0xC0, 0x3C, 0x03, 0xC0, 0x3C, 0x00, 0x3F, 0xE7, 0xFC, 0xFF, 0x1C,
    0x03, 0x81, 0xFF, 0x3F, 0xE7, 0xF8, 0x38, 0x07, 0x00, 0xE0, 0x00, 0xFF, 0x9F, 0xF3, 0xFE, 0x78,
    0x0F, 0x01, 0xE0, 0x3C, 0x07, 0xFC, 0xFF, 0xDF, 0xFF, 0xC7, 0xF8, 0xFF, 0x1F, 0xE3, 0xFC, 0x78,
    0x0F, 0x07, 0xE1, 0xF8, 0x3F, 0x00, 0xFF, 0x9F, 0xF3, 0xFE, 0x78, 0x0F, 0x01, 0xFF, 0x3F, 0xF7,
    0xFE, 0xF1, 0xFE, 0x3F, 0xC7, 0x80, 0xF0, 0x7C, 0x1F, 0x83, 0xE0, 0xF0, 0xF0, 0xF7, 0xC7, 0x8F,
    0xBE, 0x3C, 0x78, 0x71, 0xE7, 0x83, 0xCF, 0x38, 0x0E, 0x7B, 0xC0, 0x7F, 0xFE, 0x01, 0xFF, 0xE0,
    0x1F, 0xFF, 0x80, 0xF7, 0xBC, 0x0F, 0x3C, 0xF0, 0x79, 0xE7, 0x8F, 0x8F, 0x1F, 0xFC, 0x78, 0xFF,
    0xC3, 0xC3, 0xE0, 0x00, 0x0F, 0x00, 0x00, 0x78, 0x00, 0x03, 0xC0, 0x00, 0x1E, 0x71, 0xE3, 0x9E,
    0x79, 0xE7, 0xDE, 0xF8, 0xF7, 0xBC, 0x1F, 0xFE, 0x07, 0xFF, 0x81, 0xFF, 0xE0, 0xF7, 0xBC, 0x79,
    0xE7, 0xFE, 0x79, 0xFF, 0x1E, 0x3C, 0x00, 0x07, 0x00, 0x01, 0xC0, 0x00, 0x70, 0x3F, 0xC7, 0xFE,
    0x7F, 0xE3, 0x1E, 0x01, 0xE0, 0x1E, 0x0F, 0xC0, 0xFC, 0x0F, 0xE0, 0x0F, 0x20, 0xF7, 0x9E, 0x7F,
    0xE3, 0xFC, 0x0F, 0x00, 0xF0, 0x0F, 0x00, 0x3F, 0x9F, 0xFB, 0xFF, 0x31, 0xE1, 0xFC, 0x3F, 0x07,
    0xF0, 0x1E, 0x73, 0xDF, 0xF9, 0xFE, 0x0F, 0x01, 0xE0, 0x3C, 0x00, 0xF1, 0xEF, 0x1C, 0xF3, 0xCF,
    0x3C, 0xF7, 0x8F, 0x78, 0xFF, 0x8F, 0xF0, 0xFF, 0x0F, 0x78, 0xF7, 0x8F, 0x3C, 0xF3, 0xFF, 0x3F,
    0xF1, 0xF0, 0x0F, 0x00, 0xF0, 0x0F, 0xF3, 0xFE, 0x7B, 0xCF, 0x7B, 0xCF, 0xF1, 0xFE, 0x3F, 0xC7,
    0xBC, 0xF7, 0x9E, 0x7F, 0xC7, 0x80, 0x70, 0x0E, 0x01, 0xC0, 0xF0, 0x77, 0x87, 0xBC, 0x3D, 0xE1,
    0xCF, 0xEE, 0x7F, 0xF3, 0xFF, 0x1F, 0xF8, 0xFF, 0xC7, 0xFF, 0x3F, 0xF9, 0xFD, 0xCF, 0x0F, 0xF8,
    0x7F, 0xC1, 0xE0, 0xF0, 0x77, 0x87, 0xBF, 0xB9, 0xFF, 0xCF, 0xFC, 0x7F, 0xE3, 0xFF, 0x1F, 0xFC,
    0xFF, 0xF7, 0x87, 0xBC, 0x1C, 0xFC, 0x77, 0xE7, 0xBF, 0x3C, 0x79, 0xC3, 0xDE, 0x1E, 0xF0, 0xFF,
    0x07, 0xF8, 0x3F, 0xC1, 0xEF, 0x0F, 0x78, 0x7B, 0xC3, 0xCF, 0x9E, 0x7C, 0xF1, 0xE0, 0xFC, 0xF7,
    0xE7, 0xBF, 0x78, 0x7B, 0xC3, 0xFC, 0x1F, 0xC0, 0xFF, 0x07, 0xBC, 0x3D, 0xF1, 0xE7, 0x8F, 0x3C,
    0x79, 0xE3, 0xCF, 0x1E, 0x78, 0xF3, 0xC7, 0x9E, 0x3C, 0xF1, 0xFF, 0x8F, 0xFC, 0x7F, 0xE3, 0xCF,
    0x1E, 0x78, 0xF3, 0xC7, 0x9F, 0xBC, 0xFD, 0xE7, 0xE0, 0x0F, 0x00, 0x78, 0x03, 0xC0, 0xF3, 0xCF,
    0x3C, 0xF3, 0xCF, 0x3C, 0xFF, 0xCF, 0xFC, 0xFF, 0xCF, 0x3C, 0xF3, 0xCF, 0x3F, 0xF3, 0xF0, 0x0F,
    0x00, 0xF0, 0x0F, 0x78, 0x7F, 0xDE, 0x1F, 0xF7, 0x87, 0xFD, 0xE1, 0xE0, 0x78, 0x78, 0x1E, 0x1E,
    0x07, 0xFF, 0x81, 0xFF, 0xE0, 0x7F, 0xF8, 0x1E, 0x1E, 0x07, 0x87, 0x81, 0xE1, 0xE0, 0x78, 0x78,
    0x1E, 0x1E, 0x07, 0x87, 0x80, 0xF7, 0xF7, 0xBF, 0xBD, 0xFD, 0xEF, 0x0F, 0xF8, 0x7F, 0xC3, 0xFE,
    0x1E, 0xF0, 0xF7, 0x87, 0xBC, 0x3D, 0xE0, 0x1F, 0xC3, 0xFE, 0x7F, 0xF7, 0x8F, 0x78, 0xE7, 0x80,
    0x78, 0x0F, 0x80, 0x78, 0x07, 0x84, 0x78, 0xF7, 0xDF, 0x3F, 0xE1, 0xFC, 0x07, 0x00, 0x70, 0x07,
    0x00, 0x3F, 0x8F, 0xF9, 0xFF, 0x78, 0xCF, 0x01, 0xE0, 0x3C, 0x07, 0x84, 0xFB, 0xCF, 0xF8, 0xFE,
    0x07, 0x80, 0xE0, 0x1C, 0x00, 0xF0, 0xFF, 0xC7, 0x9E, 0x3C, 0xF3, 0xC3, 0xDE, 0x1F, 0xE0, 0x7F,
    0x03, 0xF0, 0x0F, 0x80, 0x78, 0x03, 0xC0, 0x1E, 0x00, 0xF0, 0x07, 0x80, 0x3C, 0x00, 0xF0, 0xF7,
    0x8F, 0x78, 0xE3, 0x9E, 0x3D, 0xE3, 0xDC, 0x1F, 0xC1, 0xF8, 0x1F, 0x80, 0xF8, 0x0F, 0x00, 0xF0,
    0x0F, 0x00, 0xF0, 0x0F, 0x00, 0xF0, 0xFF, 0xC7, 0x9E, 0x3C, 0xF3, 0xC3, 0xDE, 0x1F, 0xE0, 0x7F,
    0x03, 0xF0, 0x0F, 0x80, 0x78, 0x0F, 0xF8, 0x7F, 0xC3, 0xFE, 0x07, 0x80, 0x3C, 0x00, 0xF0, 0xF7,
    0x8F, 0x78, 0xE3, 0x9E, 0x3D, 0xE3, 0xDC, 0x1F, 0xC1, 0xF8, 0x1F, 0x80, 0xF8, 0x3F, 0xC3, 0xFE,
    0x3F, 0xE0, 0xF0, 0x0F, 0x00, 0xF8, 0xF3, 0xCF, 0x9F, 0x78, 0x7F, 0x83, 0xFC, 0x0F, 0xC0, 0x7E,
    0x01, 0xF0, 0x1F, 0x81, 0xFE, 0x0F, 0xF0, 0xF3, 0xC7, 0x9F, 0xF8, 0x7F, 0xC3, 0xE0, 0x0F, 0x00,
    0x78, 0x03, 0xC0, 0x78, 0xF7, 0xDE, 0x3D, 0xC1, 0xFC, 0x1F, 0x80, 0xF8, 0x1F, 0x81, 0xFC, 0x3F,
    0xC7, 0x9F, 0xF8, 0xF0, 0x07, 0x00, 0x70, 0x07, 0xF1, 0xE7, 0x8F, 0x3C, 0x79, 0xE3, 0xCF, 0x1E,
    0x78, 0xF3, 0xC7, 0x9F, 0x3C, 0x7F, 0xE3, 0xFF, 0x07, 0xF8, 0x03, 0xC0, 0x1F, 0x80, 0xFC, 0x07,
    0xE0, 0x0F, 0x00, 0x78, 0x03, 0xC0, 0xF3, 0xCF, 0x3C, 0xF3, 0xCF, 0x3C, 0xF3, 0xCF, 0xFC, 0xFF,
    0xC7, 0xFC, 0x03, 0xC0, 0x3F, 0x03, 0xF0, 0x0F, 0x00, 0xF0, 0x0F, 0xF0, 0xFF, 0x0F, 0xF0, 0xFF,
    0x0F, 0xF7, 0xFF, 0x7F, 0xFF, 0xF7, 0xFF, 0x7F, 0xF3, 0xFF, 0x07, 0xF0, 0x7F, 0x00, 0xF0, 0x0F,
    0x00, 0xF0, 0xE1, 0xDC, 0x3B, 0xB7, 0x76, 0xEF, 0xFD, 0xFF, 0xBF, 0xF3, 0xFE, 0x0D, 0xC0, 0x38,
    0x07, 0x00, 0xF0, 0x1E, 0x03, 0xC0, 0x78, 0x0F, 0x01, 0xFF, 0x3F, 0xF7, 0xFF, 0xF1, 0xFE, 0x3F,
    0xC7, 0xF8, 0xFF, 0x1F, 0xE3, 0xFC, 0x78, 0xF0, 0x1E, 0x03, 0xC0, 0x78, 0x0F, 0xF9, 0xFF, 0xBF,
    0xF7, 0x8F, 0xF1, 0xFE, 0x3F, 0xC7, 0xF8, 0xFF, 0x1F, 0xE3, 0xFC, 0x78, 0xFF, 0xFF, 0xFF, 0xFC,
    0x78, 0x1E, 0x07, 0x81, 0xE0, 0x78, 0x1E, 0x07, 0x81, 0xE0, 0x78, 0xFF, 0xFF, 0xFF, 0xFC, 0x00,
    0x88, 0x00, 0x1C, 0xF0, 0x00, 0xFF, 0x00, 0x03, 0xF8, 0x00, 0x0F, 0x80, 0x38, 0x78, 0x79, 0xE3,
    0xC3, 0xCF, 0x9E, 0x3E, 0x3C, 0xF1, 0xC0, 0xE7, 0x9E, 0x07, 0xBC, 0xF0, 0x1F, 0xFF, 0x00, 0xFF,
    0xF0, 0x07, 0xFF, 0xC0, 0x7B, 0xCF, 0x03, 0xDE, 0x78, 0x3C, 0xF1, 0xE3, 0xE7, 0x8F, 0xBE, 0x3C,
    0x3D, 0xE1, 0xE1, 0xE0, 0x00, 0x00, 0x07, 0x3C, 0x03, 0xDC, 0x00, 0xFE, 0x00, 0x3E, 0x00, 0x0E,
    0x00, 0x00, 0x01, 0xE7, 0x8F, 0xFB, 0xCF, 0xFD, 0xE7, 0x8F, 0xF7, 0x87, 0xFF, 0x81, 0xFF, 0xC1,
    0xFF, 0xF1, 0xEF, 0x79, 0xF7, 0x9F, 0xF3, 0xCF, 0xF9, 0xE3, 0xC0, 0xFF, 0xDF, 0xFB, 0xFF, 0x0F,
    0x01, 0xE0, 0x3C, 0x07, 0x80, 0xF0, 0x1E, 0x03, 0xC0, 0x78, 0x0F, 0x01, 0xE1, 0xFF, 0xBF, 0xF7,
    0xFE, 0x19, 0x81, 0xCE, 0x0F, 0xF0, 0x3F, 0x80, 0xF8, 0x07, 0xC0, 0x7E, 0x03, 0xF0, 0x1F, 0xC1,
    0xFE, 0x0F, 0xF0, 0x7B, 0xC3, 0x9E, 0x3C, 0xF1, 0xFF, 0x8F, 0xFE, 0x7F, 0xF7, 0x87, 0xBC, 0x3D,
    0xE0, 0xF0, 0x33, 0x0E, 0x71, 0xFE, 0x1F, 0xC1, 0xF0, 0x00, 0x0F, 0xC7, 0xFC, 0xFF, 0xC0, 0x79,
    0xFF, 0x7F, 0xEF, 0x3D, 0xE7, 0xBF, 0xFF, 0xFF, 0x7D, 0xE0, 0x3F, 0xE1, 0xFF, 0x0F, 0xF8, 0x00,
    0x00, 0xF8, 0x0F, 0xC0, 0x7E, 0x03, 0xF8, 0x3F, 0xC1, 0xFE, 0x0F, 0x78, 0x73, 0xC7, 0x9E, 0x3F,
    0xF1, 0xFF, 0xCF, 0xFE, 0xF0, 0xF7, 0x87, 0xBC, 0x1E, 0x7F, 0x8F, 0xF1, 0xFE, 0x00, 0x03, 0xF1,
    0xFF, 0x3F, 0xF0, 0x1E, 0x7F, 0xDF, 0xFB, 0xCF, 0x79, 0xEF, 0xFF, 0xFF, 0xDF, 0x78, 0x01, 0xFF,
    0xE0, 0x3F, 0xFC, 0x0F, 0xFF, 0x01, 0xFC, 0x00, 0x7F, 0x80, 0x0E, 0xF0, 0x03, 0xDF, 0xE0, 0x7B,
    0xFE, 0x1E, 0x7F, 0xC3, 0xFF, 0x00, 0xFF, 0xE0, 0x1F, 0xFC, 0x07, 0x87, 0xFC, 0xF0, 0xFF, 0xFC,
    0x1F, 0xF8, 0x3F, 0x7E, 0x7F, 0xFF, 0x9F, 0xFF, 0xC0, 0x78, 0xF7, 0xFF, 0xFF, 0xFF, 0xFF, 0xFF,
    0xFF, 0xE7, 0x84, 0xFF, 0xFF, 0x7F, 0x7F, 0x9F, 0x1F, 0x80, 0x31, 0x1C, 0xF7, 0xF8, 0xFE, 0x1F,
    0x3F, 0xFF, 0xFF, 0xFF, 0xF0, 0x3C, 0x0F, 0x03, 0xFF, 0xFF, 0xFF, 0xFF, 0x03, 0xC0, 0xF0, 0x3F,
    0xFF, 0xFF, 0xFF, 0x33, 0x0E, 0x71, 0xFE, 0x1F, 0xC1, 0xF0, 0x00, 0x0F, 0xC3, 0xFE, 0xFF, 0xDE,
    0x3F, 0xFF, 0xFF, 0xFF, 0xFF, 0xE1, 0x3F, 0xF3, 0xFE, 0x3F, 0x80, 0x1F, 0x83, 0xFE, 0x7F, 0xE7,
    0x8F, 0x70, 0xF0, 0x0F, 0xFF, 0xFF, 0xFF, 0xFF, 0xFF, 0x0F, 0xF0, 0xF7, 0x8F, 0x7F, 0xE3, 0xFE,
    0x1F, 0x80, 0x7F, 0x1F, 0xFB, 0xFF, 0x30, 0xF0, 0x1F, 0xFF, 0xFF, 0xFF, 0xFF, 0xFF, 0xCF, 0xF8,
    0xFC, 0x00, 0x03, 0xDE, 0x00, 0x1E, 0xF0, 0x00, 0xF7, 0x80, 0x00, 0x00, 0x07, 0x0F, 0x0F, 0x3C,
    0x78, 0x79, 0xF3, 0xC7, 0xC7, 0x9E, 0x38, 0x1C, 0xF3, 0xC0, 0xF7, 0x9E, 0x03, 0xFF, 0xE0, 0x1F,
    0xFE, 0x00, 0xFF, 0xF8, 0x0F, 0x79, 0xE0, 0x7B, 0xCF, 0x07, 0x9E, 0x3C, 0x7C, 0xF1, 0xF7, 0xC7,
    0x87, 0xBC, 0x3C, 0x3C, 0x0F, 0x78, 0x07, 0xBC, 0x03, 0xDE, 0x00, 0x00, 0x00, 0x00, 0x07, 0x9E,
    0x3F, 0xEF, 0x3F, 0xF7, 0x9E, 0x3F, 0xDE, 0x1F, 0xFE, 0x07, 0xFF, 0x07, 0xFF, 0xC7, 0xBD, 0xE7,
    0xDE, 0x7F, 0xCF, 0x3F, 0xE7, 0x8F, 0x3F, 0xC3, 0xFC, 0x3F, 0xC0, 0x00, 0x3F, 0x87, 0xFE, 0x7F,
    0xE3, 0x1E, 0x01, 0xE0, 0x1E, 0x0F, 0xE0, 0xF8, 0x0F, 0xE0, 0x1E, 0x00, 0xF3, 0x1F, 0x7F, 0xE7,
    0xFE, 0x3F, 0x80, 0x7F, 0xCF, 0xF9, 0xFF, 0x00, 0x03, 0xF9, 0xFF, 0x9F, 0xF0, 0x1E, 0x1F, 0x83,
    0xF8, 0x7F, 0x30, 0xEF, 0xFD, 0xFF, 0x9F, 0xE0, 0x3F, 0x87, 0xF0, 0xFE, 0x00, 0x0E, 0x1F, 0xC7,
    0xF8, 0xFF, 0x1F, 0xE7, 0xFC, 0xFF, 0xBF, 0xF7, 0xFF, 0xDF, 0xFB, 0xFE, 0x7F, 0xCF, 0xF9, 0xFE,
    0x3F, 0xC7, 0x80, 0x3F, 0x87, 0xF0, 0xFE, 0x00, 0x00, 0x01, 0xE7, 0xBC, 0xF7, 0xBE, 0xF7, 0xDF,
    0xFB, 0xFF, 0x7E, 0xEF, 0xDD, 0xF3, 0xBE, 0x77, 0x8E, 0x7B, 0xCF, 0x79, 0xEF, 0x00, 0x0E, 0x1F,
    0xC7, 0xF8, 0xFF, 0x1F, 0xE7, 0xFC, 0xFF, 0xBF, 0xF7, 0xFF, 0xDF, 0xFB, 0xFE, 0x7F, 0xCF, 0xF9,
    0xFE, 0x3F, 0xC7, 0x80, 0x7B, 0xCF, 0x79, 0xEF, 0x00, 0x0F, 0x3D, 0xE7, 0xBD, 0xF7, 0xBE, 0xFF,
    0xDF, 0xFB, 0xF7, 0x7E, 0xEF, 0x9D, 0xF3, 0xBC, 0x70, 0x3D, 0xE3, 0xDE, 0x3D, 0xE0, 0x00, 0x1F,
    0x83, 0xFE, 0x7F, 0xE7, 0x8F, 0x70, 0xFF, 0x0F, 0xF0, 0xFF, 0x0F, 0xF0, 0xFF, 0x0F, 0x70, 0xF7,
    0x8F, 0x7F, 0xE3, 0xFE, 0x1F, 0x80, 0x3D, 0xE3, 0xDE, 0x3D, 0xE0, 0x00, 0x1F, 0xC3, 0xFE, 0x7F,
    0xE7, 0x8F, 0x70, 0xF7, 0x0F, 0x70, 0xF7, 0x8F, 0x7F, 0xE3, 0xFE, 0x1F, 0xC0, 0x1F, 0x83, 0xFE,
    0x7F, 0xE7, 0x8F, 0x70, 0xFF, 0x0F, 0xFF, 0xFF, 0xFF, 0xFF, 0xFF, 0x0F, 0x70, 0xF7, 0x8F, 0x7F,
    0xE3, 0xFE, 0x1F, 0x80, 0x1F, 0xC3, 0xFE, 0x7F, 0xE7, 0x0F, 0x7F, 0xF7, 0xFF, 0x7F, 0xF7, 0x0F,
    0x7F, 0xE3, 0xFE, 0x1F, 0xC0, 0x1F, 0xC0, 0xFE, 0x07, 0xF0, 0x00, 0x0F, 0x07, 0x3C, 0x79, 0xE3,
    0xCF, 0x1C, 0x3D, 0xE1, 0xEF, 0x07, 0xF0, 0x3F, 0x80, 0xFC, 0x07, 0xC0, 0x3E, 0x00, 0xE0, 0x3F,
    0x01, 0xF8, 0x0F, 0x80, 0x1F, 0xC0, 0xFE, 0x07, 0xF0, 0x00, 0x00, 0x00, 0x78, 0x79, 0xE3, 0xCF,
    0x1C, 0x79, 0xE1, 0xEF, 0x0F, 0x70, 0x3F, 0x81, 0xF8, 0x0F, 0xC0, 0x3E, 0x01, 0xE0, 0x0F, 0x03,
    0xF0, 0x1F, 0x80, 0xF8, 0x00, 0x3D, 0xE1, 0xEF, 0x0F, 0x78, 0x00, 0x0F, 0x07, 0x3C, 0x79, 0xE3,
    0xCF, 0x1C, 0x3D, 0xE1, 0xEF, 0x07, 0xF0, 0x3F, 0x80, 0xFC, 0x07, 0xC0, 0x3E, 0x00, 0xE0, 0x3F,
    0x01, 0xF8, 0x0F, 0x80, 0x3D, 0xE1, 0xEF, 0x0F, 0x78, 0x00, 0x0F, 0x0F, 0x3C, 0x79, 0xE3, 0x8F,
    0x3C, 0x3D, 0xE1, 0xEE, 0x07, 0xF0, 0x3F, 0x01, 0xF8, 0x07, 0xC0, 0x3C, 0x01, 0xE0, 0x7E, 0x03,
    0xF0, 0x1F, 0x00, 0x00, 0x00, 0x77, 0x83, 0xBC, 0x3F, 0xC1, 0xDC, 0x04, 0x43, 0xC1, 0xCF, 0x1E,
    0x78, 0xF3, 0xC7, 0x0F, 0x78, 0x7B, 0xC1, 0xFC, 0x0F, 0xE0, 0x3F, 0x01, 0xF0, 0x0F, 0x80, 0x38,
    0x0F, 0xC0, 0x7E, 0x03, 0xE0, 0x00, 0x0C, 0x40, 0x77, 0x87, 0xB8, 0x3B, 0x81, 0x9C, 0x00, 0x03,
    0xC3, 0xCF, 0x1E, 0x78, 0xE3, 0xCF, 0x0F, 0x78, 0x7B, 0x81, 0xFC, 0x0F, 0xC0, 0x7E, 0x01, 0xF0,
    0x0F, 0x00, 0x78, 0x1F, 0x80, 0xFC, 0x07, 0xC0, 0x00, 0x3F, 0xC3, 0xFC, 0x3F, 0xC0, 0x00, 0xF0,
    0xFF, 0x0F, 0xF0, 0xFF, 0x0F, 0xF0, 0xFF, 0x0F, 0xF0, 0xF7, 0x9F, 0x7F, 0xF3, 0xFF, 0x1F, 0xF0,
    0x0F, 0x00, 0xF0, 0x0F, 0x00, 0xF0, 0x7F, 0x9F, 0xE7, 0xF8, 0x00, 0xF3, 0xFC, 0xFF, 0x3F, 0xCF,
    0xF3, 0xFF, 0xFF, 0xFD, 0xFF, 0x03, 0xC0, 0xF0, 0x3C, 0x0F, 0x70, 0x07, 0xBC, 0x03, 0xDC, 0x00,
    0x00, 0x0F, 0x00, 0x7F, 0x80, 0x3F, 0xC0, 0x1F, 0xE0, 0x0F, 0xF0, 0x07, 0xF8, 0x03, 0xFF, 0xF1,
    0xFF, 0xFC, 0xFF, 0xFF, 0x7F, 0x87, 0xBF, 0xC3, 0xDF, 0xE1, 0xEF, 0xFF, 0xF7, 0xFF, 0xF3, 0xFF,
    0xF1, 0xE0, 0x0E, 0xF0, 0x3D, 0xE0, 0x3B, 0xC0, 0x00, 0x00, 0x00, 0x1E, 0x03, 0xFC, 0x07, 0xF8,
    0x0F, 0xFF, 0x9F, 0xFF, 0xBF, 0xFF, 0xFF, 0x8F, 0xFF, 0x1F, 0xFF, 0xFF, 0xFF, 0xF7, 0xFF, 0xCF,
    0x7C, 0x3C, 0xF0, 0xF3, 0xE3, 0xC7, 0xDE, 0x0F, 0x78, 0xFF, 0xE3, 0xFF, 0x1E, 0xF8, 0x79, 0xE1,
    0xE7, 0xC7, 0x0F, 0x3C, 0x1E, 0xF0, 0x7C, 0x7F, 0x87, 0xFC, 0x7F, 0xC0, 0x3E, 0x01, 0xE0, 0x1E,
    0x01, 0xE0, 0x1E, 0x01, 0xE0, 0x1E, 0xFF, 0xFF, 0xFF, 0xFF, 0xF0, 0x7C, 0x3F, 0x1F, 0xC1, 0xE0,
    0xF0, 0x78, 0x3C, 0x1E, 0x0F, 0x0F, 0xBF, 0xDE, 0xEE, 0x70, 0x00, 0xFF, 0xFF, 0xFF, 0xFF, 0xE0,
    0x3C, 0x03, 0xC0, 0x3C, 0x03, 0xC0, 0x3C, 0x03, 0xC0, 0x3C, 0x03, 0xC0, 0x3C, 0x03, 0xC0, 0xFF,
    0xCF, 0xFE, 0xFF, 0xF0, 0x0F, 0x00, 0xF0, 0x0F, 0xF0, 0xFF, 0x0F, 0xF0, 0xFF, 0x0F, 0xF0, 0xFF,
    0x0F, 0xF0, 0xF0, 0x7D, 0xFF, 0xCF, 0x3C, 0xF3, 0xCF, 0x3C, 0xF3, 0xCF, 0x3C, 0xFF, 0xFE, 0x7E,
    0x3C, 0x38, 0x78, 0x78, 0x78, 0x78, 0x78, 0x3C, 0x3C, 0x3C, 0x7F, 0xF3, 0xFF, 0xEF, 0xFF, 0x8E,
    0x1E, 0x78, 0x79, 0xE1, 0xE7, 0x87, 0x9E, 0x1E, 0x78, 0x79, 0xE1, 0xE7, 0x87, 0x9E, 0x1E, 0x78,
    0x78, 0x73, 0xE3, 0x9F, 0x9C, 0xFE, 0xE0, 0xF7, 0x07, 0xB8, 0x3D, 0xC1, 0xEF, 0x0F, 0x78, 0x7B,
    0xC7, 0xCF, 0xFC, 0x7F, 0xE0, 0xFC, 0x00, 0x7D, 0xFF, 0xCF, 0x3C, 0xF3, 0xC0, 0x7F, 0x8F, 0xF9,
    0xFF, 0x80, 0xF0, 0x1E, 0x03, 0xC0, 0x78, 0x0F, 0x01, 0xE0, 0x3C, 0x07, 0x80, 0xF0, 0x1E, 0x03,
    0xC0, 0x78, 0x0F, 0x01, 0xE0, 0x7F, 0x1F, 0xF3, 0xFF, 0x01, 0xE0, 0x3C, 0x03, 0xC0, 0x78, 0x0F,
    0x03, 0xC0, 0x7B, 0xFF, 0x7F, 0xCF, 0xF0, 0x30, 0x1E, 0x03, 0xC0, 0x78, 0x0F, 0xFF, 0xFF, 0xFF,
    0xF8, 0x0F, 0x03, 0xC0, 0x78, 0x0F, 0x03, 0xC0, 0x78, 0x0F, 0x03, 0xC0, 0x78, 0x1F, 0x00, 0x7F,
    0xF1, 0xFF, 0xE7, 0xFF, 0x8F, 0x0F, 0x3C, 0x3C, 0xF0, 0xF3, 0xC3, 0xCF, 0x0F, 0x3C, 0x3C, 0xF0,
    0xF3, 0xFF, 0xCF, 0xFF, 0x3F, 0xFC, 0xF3, 0xF0, 0xFF, 0xF1, 0xFF, 0xF3, 0xF1, 0xE3, 0xC3, 0xC7,
    0x87, 0x8F, 0x0F, 0x1E, 0x1E, 0x38, 0x3C, 0xF0, 0x79, 0xEF, 0xE3, 0xDF, 0xC7, 0xBF, 0x00, 0x7D,
    0xF7, 0xCF, 0x3C, 0xF3, 0xCF, 0x3C, 0xF3, 0xCF, 0x3C, 0xF3, 0xCF, 0x3C, 0x7C, 0x7E, 0x7E, 0x1E,
    0x0F, 0x0F, 0x0F, 0x0F, 0x0F, 0x0F, 0x7F, 0xFF, 0xFF, 0x7F, 0xE1, 0xFF, 0xC7, 0xFF, 0x8E, 0x1E,
    0x78, 0x3D, 0xE0, 0xF7, 0x83, 0xDE, 0x0F, 0x78, 0x79, 0xF1, 0xE3, 0xFF, 0x8F, 0xFC, 0x0F, 0xE0,
    0x00, 0x03, 0xC3, 0xDE, 0x1E, 0xF0, 0xF3, 0x87, 0x9E, 0x38, 0xF3, 0xC7, 0x9E, 0x3C, 0xF0, 0xEF,
    0x87, 0xF8, 0xFF, 0x8F, 0xF8, 0x7E, 0x01, 0x00, 0x00, 0x1F, 0xC1, 0xFF, 0x1F, 0xFC, 0xF1, 0xEF,
    0x0F, 0x3C, 0x3D, 0xF1, 0xEF, 0x8F, 0x1C, 0x78, 0x03, 0xC0, 0x1E, 0x00, 0xF0, 0x07, 0x80, 0x3C,
    0x01, 0xE0, 0x0F, 0x00, 0x78, 0x1F, 0xC3, 0xFF, 0x1F, 0xFC, 0xF1, 0xEF, 0x0F, 0x3C, 0x3D, 0xF1,
    0xEF, 0x8F, 0x1C, 0xF0, 0x0F, 0x9F, 0xFC, 0xFF, 0xC7, 0xF8, 0x00, 0xF0, 0xF7, 0x8F, 0x78, 0xF7,
    0xCE, 0x3D, 0xE3, 0xDE, 0x1F, 0xC1, 0xFC, 0x1F, 0x80, 0xF0, 0x0F, 0x00, 0xF0, 0x0F, 0x00, 0x78,
    0x07, 0x80, 0x78, 0x07, 0x80, 0xF8, 0xF7, 0xCF, 0x3C, 0xF3, 0xEF, 0x1F, 0xE1, 0xFE, 0x0F, 0xC0,
    0x78, 0x07, 0xC0, 0x3C, 0x7F, 0xEF, 0xFE, 0xFF, 0xE0, 0x7F, 0xF9, 0xFF, 0xE7, 0xFF, 0x80, 0x1E,
    0x00, 0x78, 0x03, 0xC7, 0x8F, 0x1E, 0x3C, 0x79, 0xE1, 0xE7, 0x87, 0x9E, 0x1E, 0x78, 0x7B, 0xC1,
    0xE0, 0x07, 0x80, 0x1E, 0x00, 0x78, 0x00, 0x7F, 0x9F, 0xF7, 0xFC, 0x0F, 0x03, 0xC0, 0xF0, 0x3C,
    0x0F, 0x03, 0xC0, 0xF0, 0x3C, 0x0F, 0x03, 0xC0, 0xF7, 0x9F, 0xEF, 0x3F, 0xDE, 0x7F, 0xBC, 0xFF,
    0x79, 0xFF, 0xE3, 0xFF, 0xC7, 0x7E, 0x1E, 0xF0, 0x3C, 0xF0, 0xF9, 0xFF, 0xE1, 0xFF, 0x81, 0xFE,
    0x00, 0x7F, 0xF1, 0xFF, 0xE7, 0xFF, 0xC7, 0x8F, 0x1E, 0x3C, 0x78, 0xF1, 0xE3, 0xC7, 0x8F, 0x1C,
    0x3C, 0xF0, 0xF7, 0xC3, 0xDF, 0x0F, 0xF8, 0x3C, 0x47, 0xFE, 0xFF, 0x00, 0x38, 0xE7, 0x9E, 0x7B,
    0xEF, 0x80, 0x00, 0x00, 0x1C, 0xFB, 0xEF, 0x8C, 0x00, 0x07, 0xF9, 0xFF, 0xFF, 0xEF, 0xBD, 0xF0,
    0x3F, 0x03, 0xF0, 0x3F, 0x01, 0xE0, 0x3C, 0x00, 0x00, 0xE0, 0x3E, 0x07, 0xC0, 0x78, 0x06, 0x00,
    0x00, 0x0F, 0xC7, 0xE1, 0xF8, 0x78, 0x1E, 0x07, 0xF8, 0xFE, 0xFF, 0xBF, 0xC7, 0x80, 0x00, 0xFF,
    0xFF, 0xFF, 0x00, 0x31, 0xCF, 0x3E, 0xFB, 0xC0, 0x00, 0x31, 0xEF, 0x9E, 0x30, 0x00, 0x03, 0xCF,
    0x1E, 0x79, 0xE7, 0x9E, 0x78, 0xE3, 0x8F, 0x3C, 0xF3, 0xC0, 0x20, 0x38, 0x7F, 0x1F, 0xFF, 0xFF,
    0xBF, 0xE7, 0xE1, 0xE0, 0x78, 0x1E, 0x07, 0x81, 0xE0, 0x78, 0x1E, 0x07, 0x80, 0x00, 0x00, 0x0F,
    0x77, 0xF7, 0x7F, 0xFF, 0x7F, 0xF7, 0xFF, 0x7D, 0xC7, 0x80, 0x78, 0x07, 0x80, 0x78, 0x03, 0x80,
    0x38, 0x03, 0x80, 0x38, 0x00, 0x00, 0x04, 0x07, 0x03, 0xE1, 0xF8, 0xF8, 0x3C, 0x0F, 0xC1, 0xF8,
    0x3E, 0x1F, 0x0F, 0x03, 0xC0, 0xFF, 0x9F, 0xF7, 0xFC, 0x00, 0x00, 0x0F, 0xC7, 0xF9, 0xFE, 0xF3,
    0xFC, 0xFF, 0x3F, 0xCF, 0xF3, 0xFF, 0xF7, 0xF8, 0xFC, 0x40, 0x07, 0xFC, 0x7F, 0xC7, 0xFC, 0x0F,
    0xC0, 0x1C, 0x01, 0xC0, 0x1C, 0x01, 0xC0, 0x1E, 0x01, 0xE0, 0x1E, 0x01, 0xE0, 0x0E, 0x00, 0xE0,
    0x08, 0x20, 0x4F, 0x0F, 0xF0, 0xFF, 0x1E, 0x79, 0xE7, 0x9E, 0x39, 0xC3, 0xFC, 0x3F, 0xC3, 0xF8,
    0x1F, 0x81, 0xF8, 0x1F, 0x00, 0xF0, 0x0F, 0x00, 0x80, 0x03, 0x00, 0xF0, 0x0F, 0x00, 0xF8, 0x1F,
    0x81, 0xF8, 0x1F, 0x83, 0xFC, 0x3F, 0xC3, 0x9C, 0x79, 0xE7, 0x9E, 0xF1, 0xEF, 0x0F, 0xF0, 0xF2,
    0x04, 0x08, 0x0F, 0xC7, 0xF3, 0xFE, 0xF7, 0xBD, 0xEF, 0xFB, 0xFE, 0x7F, 0x87, 0xF0, 0x3C, 0x0F,
    0x03, 0xC0, 0xF0, 0x1C, 0x00, 0x08, 0x00, 0x78, 0x00, 0xF3, 0x80, 0xE7, 0x01, 0xFE, 0x03, 0xFC,
    0x07, 0xF8, 0x0F, 0xF0, 0x3C, 0xFD, 0xF9, 0xFF, 0xE1, 0xFF, 0x81, 0xFE, 0x00, 0x7E, 0xFC, 0x00,
    0x07, 0x03, 0xE0, 0xFC, 0x3F, 0x1F, 0xE7, 0x3B, 0xCE, 0xF3, 0xBF, 0xE7, 0xF8, 0xFC, 0x00, 0x00,
    0x31, 0xEF, 0x9E, 0x30, 0x00, 0x03, 0xCF, 0x1E, 0x79, 0xE7, 0x9E, 0x78, 0xE3, 0x8F, 0x3C, 0xF3,
    0xC0, 0x20, 0x38, 0x7F, 0x1F, 0xFF, 0xFF, 0xBF, 0xE7, 0xE1, 0xE0, 0x78, 0x1E, 0x07, 0x81, 0xE0,
    0x78, 0x1E, 0x07, 0x80, 0x00, 0x00, 0x0F, 0x77, 0xF7, 0x7F, 0xFF, 0x7F, 0xF7, 0xFF, 0x7D, 0xC7,
    0x80, 0x78, 0x07, 0x80, 0x78, 0x03, 0x80, 0x38, 0x03, 0x80, 0x38, 0x00, 0x00, 0x01, 0xC7, 0x3C,
    0x7F, 0xC7, 0xFC, 0x7F, 0xE7, 0xFE, 0x7F, 0xE3, 0xFC, 0x38, 0x03, 0xC0, 0x3C, 0x03, 0xC0, 0x3C,
    0x03, 0xC0, 0x3C, 0x00, 0x00, 0x00, 0x00, 0xE0, 0x1F, 0x00, 0xF0, 0x1F, 0x81, 0xFC, 0x3F, 0xC7,
    0x9E, 0x79, 0xE7, 0x0E, 0xF6, 0xFF, 0x6F, 0xFF, 0xE7, 0xFE, 0x7F, 0xC0, 0x04, 0x0F, 0xC7, 0xF1,
    0xFC, 0x70, 0x1C, 0x07, 0xF9, 0xFE, 0x3F, 0xC7, 0xC3, 0xE1, 0xF0, 0x7C, 0x3E, 0x0F, 0x00, 0xC0,
    0x20, 0x4F, 0x0F, 0xF0, 0xFF, 0x1E, 0x79, 0xE7, 0x9E, 0x39, 0xC3, 0xFC, 0x3F, 0xC3, 0xF8, 0x1F,
    0x81, 0xF8, 0x1F, 0x00, 0xF0, 0x0F, 0x00, 0x80, 0x03, 0x00, 0xF0, 0x0F, 0x00, 0xF8, 0x1F, 0x81,
    0xF8, 0x1F, 0x83, 0xFC, 0x3F, 0xC3, 0x9C, 0x79, 0xE7, 0x9E, 0xF1, 0xEF, 0x0F, 0xF0, 0xF2, 0x04,
    0x08, 0x0F, 0xC7, 0xF3, 0xFE, 0xF7, 0xBD, 0xEF, 0xFB, 0xFE, 0x7F, 0x87, 0xF0, 0x3C, 0x0F, 0x03,
    0xC0, 0xF0, 0x1C, 0x0F, 0x80, 0xFC, 0x07, 0xE0, 0x3F, 0x83, 0xFC, 0x1F, 0xE0, 0xF7, 0x87, 0x3C,
    0x79, 0xE3, 0xFF, 0x1F, 0xFC, 0xFF, 0xEF, 0x0F, 0x78, 0x7B, 0xC1, 0xE0, 0x00, 0x0F, 0x00, 0x78,
    0x03, 0xC0, 0x3F, 0x1F, 0xF3, 0xFF, 0x01, 0xE7, 0xFD, 0xFF, 0xBC, 0xF7, 0x9E, 0xFF, 0xFF, 0xFD,
    0xF7, 0x80, 0x01, 0xE0, 0x3C, 0x07, 0x80, 0x0F, 0x00, 0xFC, 0x07, 0xE0, 0x07, 0x00, 0x70, 0x01,
    0x80, 0x3E, 0x03, 0xF0, 0x1F, 0x80, 0xFE, 0x0F, 0xF0, 0x7F, 0x83, 0xDE, 0x1C, 0xF1, 0xE7, 0x8F,
    0xFC, 0x7F, 0xF3, 0xFF, 0xBC, 0x3D, 0xE1, 0xEF, 0x07, 0x80, 0x3E, 0x07, 0xE0, 0xFC, 0x03, 0x80,
    0xE0, 0x08, 0x0F, 0xC7, 0xFC, 0xFF, 0xC0, 0x79, 0xFF, 0x7F, 0xEF, 0x3D, 0xE7, 0xBF, 0xFF, 0xFF,
    0x7D, 0xE0, 0x00, 0x30, 0x03, 0xC0, 0x1C, 0x01, 0xC0, 0xFE, 0x0F, 0xC0, 0xFF, 0x07, 0x38, 0x10,
    0x80, 0x7C, 0x07, 0xE0, 0x3F, 0x01, 0xFC, 0x1F, 0xE0, 0xFF, 0x07, 0xBC, 0x39, 0xE3, 0xCF, 0x1F,
    0xF8, 0xFF, 0xE7, 0xFF, 0x78, 0x7B, 0xC3, 0xDE, 0x0F, 0x00, 0x60, 0x0F, 0x01, 0xE0, 0x1C, 0x1F,
    0xC3, 0xF0, 0x7F, 0x87, 0x38, 0x21, 0x03, 0xF0, 0xFF, 0x8F, 0xFC, 0x03, 0xC7, 0xFC, 0xFF, 0xCF,
    0x3C, 0xF3, 0xCF, 0xFE, 0xFF, 0xE7, 0xDE, 0x30, 0x01, 0xC0, 0x07, 0x80, 0x0E, 0x00, 0x1F, 0x80,
    0x3F, 0x01, 0xFE, 0x07, 0x38, 0x08, 0x40, 0x1F, 0x00, 0xFC, 0x03, 0xF0, 0x0F, 0xE0, 0x7F, 0x81,
    0xFE, 0x07, 0xBC, 0x1C, 0xF0, 0xF3, 0xC3, 0xFF, 0x0F, 0xFE, 0x3F, 0xF9, 0xE1, 0xE7, 0x87, 0x9E,
    0x0F, 0x30, 0x03, 0x80, 0x1E, 0x00, 0x70, 0x01, 0xF8, 0x07, 0xE0, 0x7F, 0x83, 0x9C, 0x08, 0x40,
    0x7E, 0x0F, 0xF8, 0x7F, 0xE0, 0x0F, 0x0F, 0xF8, 0xFF, 0xC7, 0x9E, 0x3C, 0xF1, 0xFF, 0xCF, 0xFE,
    0x3E, 0xF0, 0x01, 0xE0, 0x0F, 0x80, 0x7C, 0x00, 0xE0, 0x7E, 0x07, 0xF0, 0x7F, 0x07, 0xB8, 0x18,
    0xC0, 0x7C, 0x07, 0xE0, 0x3F, 0x01, 0xFC, 0x1F, 0xE0, 0xFF, 0x07, 0xBC, 0x39, 0xE3, 0xCF, 0x1F,
    0xF8, 0xFF, 0xE7, 0xFF, 0x78, 0x7B, 0xC3, 0xDE, 0x0F, 0x03, 0xC0, 0xFC, 0x1F, 0x80, 0x70, 0xFC,
    0x3F, 0x0F, 0xE3, 0xFC, 0x21, 0x80, 0x00, 0xFC, 0x7F, 0xCF, 0xFC, 0x07, 0x9F, 0xF7, 0xFE, 0xF3,
    0xDE, 0x7B, 0xFF, 0xFF, 0xF7, 0xDE, 0x3F, 0xC1, 0xFE, 0x07, 0xF0, 0x0E, 0x00, 0xF8, 0x0F, 0xE0,
    0xF7, 0x02, 0x10, 0x0F, 0x80, 0xFC, 0x07, 0xE0, 0x3F, 0x83, 0xFC, 0x1F, 0xE0, 0xF7, 0x87, 0x3C,
    0x79, 0xE3, 0xFF, 0x1F, 0xFC, 0xFF, 0xEF, 0x0F, 0x78, 0x7B, 0xC1, 0xE0, 0x7F, 0x8F, 0xF0, 0xFE,
    0x07, 0x03, 0xF0, 0xFF, 0x1E, 0xE1, 0x08, 0x3F, 0x1F, 0xF3, 0xFF, 0x01, 0xE7, 0xFD, 0xFF, 0xBC,
    0xF7, 0x9E, 0xFF, 0xFF, 0xFD, 0xF7, 0x80, 0x0F, 0x00, 0xFC, 0x0F, 0xF0, 0x73, 0x81, 0x08, 0x07,
    0xC0, 0x7E, 0x03, 0xF0, 0x1F, 0xC1, 0xFE, 0x0F, 0xF0, 0x7B, 0xC3, 0x9E, 0x3C, 0xF1, 0xFF, 0x8F,
    0xFE, 0x7F, 0xF7, 0x87, 0xBC, 0x3D, 0xE0, 0xF0, 0x00, 0x07, 0x80, 0x3C, 0x01, 0xE0, 0x1E, 0x07,
    0xE1, 0xFE, 0x39, 0xC2, 0x10, 0x7E, 0x3F, 0xE7, 0xFE, 0x03, 0xCF, 0xFB, 0xFF, 0x79, 0xEF, 0x3D,
    0xFF, 0xFF, 0xFB, 0xEF, 0x00, 0x03, 0xC0, 0x78, 0x0F, 0x00, 0x01, 0x00, 0x1C, 0x00, 0xE0, 0x0F,
    0x00, 0x70, 0x1D, 0x70, 0xFF, 0x03, 0xF8, 0x0F, 0x80, 0x7C, 0x07, 0xE0, 0x3F, 0x01, 0xFC, 0x1F,
    0xE0, 0xFF, 0x07, 0xBC, 0x39, 0xE3, 0xCF, 0x1F, 0xF8, 0xFF, 0xE7, 0xFF, 0x78, 0x7B, 0xC3, 0xDE,
    0x0F, 0x00, 0x00, 0xE0, 0x1C, 0x07, 0x00, 0xE0, 0xCB, 0x1F, 0xE3, 0xFC, 0x3F, 0x00, 0x00, 0xFC,
    0x7F, 0xCF, 0xFC, 0x07, 0x9F, 0xF7, 0xFE, 0xF3, 0xDE, 0x7B, 0xFF, 0xFF, 0xF7, 0xDE, 0x04, 0x00,
    0xE0, 0x07, 0x80, 0x1C, 0x00, 0x70, 0x1F, 0x70, 0xFF, 0x03, 0xF8, 0x0F, 0x80, 0x7C, 0x07, 0xE0,
    0x3F, 0x01, 0xFC, 0x1F, 0xE0, 0xFF, 0x07, 0xBC, 0x39, 0xE3, 0xCF, 0x1F, 0xF8, 0xFF, 0xE7, 0xFF,
    0x78, 0x7B, 0xC3, 0xDE, 0x0F, 0x08, 0x07, 0x00, 0xF0, 0x0E, 0x00, 0xE0, 0xD3, 0x1F, 0xE3, 0xFC,
    0x3F, 0x00, 0x00, 0xFC, 0x7F, 0xCF, 0xFC, 0x07, 0x9F, 0xF7, 0xFE, 0xF3, 0xDE, 0x7B, 0xFF, 0xFF,
    0xF7, 0xDE, 0x1F, 0x00, 0xFC, 0x07, 0xC0, 0x0E, 0x03, 0xEC, 0x1F, 0xE0, 0x7F, 0x03, 0xF0, 0x0F,
    0x80, 0xFC, 0x07, 0xE0, 0x3F, 0x83, 0xFC, 0x1F, 0xE0, 0xF7, 0x87, 0x3C, 0x79, 0xE3, 0xFF, 0x1F,
    0xFC, 0xFF, 0xEF, 0x0F, 0x78, 0x7B, 0xC1, 0xE0, 0x3E, 0x07, 0xE0, 0xF8, 0x07, 0x06, 0xD8, 0xFF,
    0x1F, 0xE1, 0xF8, 0x00, 0x07, 0xE3, 0xFE, 0x7F, 0xE0, 0x3C, 0xFF, 0xBF, 0xF7, 0x9E, 0xF3, 0xDF,
    0xFF, 0xFF, 0xBE, 0xF0, 0x0C, 0x01, 0xFE, 0x0F, 0xF0, 0x27, 0x03, 0x8E, 0x1F, 0xE0, 0x7F, 0x01,
    0xF0, 0x0F, 0x80, 0xFC, 0x07, 0xE0, 0x3F, 0x83, 0xFC, 0x1F, 0xE0, 0xF7, 0x87, 0x3C, 0x79, 0xE3,
    0xFF, 0x1F, 0xFC, 0xFF, 0xEF, 0x0F, 0x78, 0x7B, 0xC1, 0xE0, 0x38, 0x0F, 0xF1, 0xFE, 0x13, 0x86,
    0x18, 0xFF, 0x1F, 0xE1, 0xF8, 0x00, 0x07, 0xE3, 0xFE, 0x7F, 0xE0, 0x3C, 0xFF, 0xBF, 0xF7, 0x9E,
    0xF3, 0xDF, 0xFF, 0xFF, 0xBE, 0xF0, 0x10, 0x81, 0xCE, 0x0F, 0xF0, 0x3F, 0x80, 0xF8, 0x07, 0xC0,
    0x7E, 0x03, 0xF0, 0x1F, 0xC1, 0xFE, 0x0F, 0xF0, 0x7B, 0xC3, 0x9E, 0x3C, 0xF1, 0xFF, 0x8F, 0xFE,
    0x7F, 0xF7, 0x87, 0xBC, 0x3D, 0xE0, 0xF0, 0x00, 0x07, 0x80, 0x3C, 0x01, 0xE0, 0x21, 0x0E, 0x71,
    0xFE, 0x1F, 0x81, 0xF0, 0x00, 0x0F, 0xC7, 0xFC, 0xFF, 0xC0, 0x79, 0xFF, 0x7F, 0xEF, 0x3D, 0xE7,
    0xBF, 0xFF, 0xFF, 0x7D, 0xE0, 0x00, 0x78, 0x0F, 0x01, 0xE0, 0xFF, 0xFF, 0xFF, 0xFF, 0xC0, 0xF0,
    0x3C, 0x0F, 0xFF, 0xFF, 0xFF, 0xFC, 0x0F, 0x03, 0xC0, 0xFF, 0xFF, 0xFF, 0xFC, 0x00, 0x1E, 0x07,
    0x81, 0xE0, 0x3F, 0x0F, 0xFB, 0xFF, 0x78, 0xFF, 0xFF, 0xFF, 0xFF, 0xFF, 0x84, 0xFF, 0xCF, 0xF8,
    0xFE, 0x00, 0x01, 0xE0, 0x3C, 0x07, 0x80, 0x1E, 0x0F, 0xC3, 0xF0, 0x1C, 0x0E, 0x01, 0x8F, 0xFF,
    0xFF, 0xFF, 0xFC, 0x0F, 0x03, 0xC0, 0xFF, 0xFF, 0xFF, 0xFF, 0xC0, 0xF0, 0x3C, 0x0F, 0xFF, 0xFF,
    0xFF, 0xC0, 0x1E, 0x07, 0xE0, 0xFC, 0x03, 0x80, 0xE0, 0x0C, 0x0F, 0xC3, 0xFE, 0xFF, 0xDE, 0x3F,
    0xFF, 0xFF, 0xFF, 0xFF, 0xE1, 0x3F, 0xF3, 0xFE, 0x3F, 0x80, 0x3F, 0x9F, 0xE3, 0xF8, 0x00, 0xFF,
    0xFF, 0xFF, 0xFF, 0xC0, 0xF0, 0x3C, 0x0F, 0xFF, 0xFF, 0xFF, 0xFC, 0x0F, 0x03, 0xC0, 0xFF, 0xFF,
    0xFF, 0xFC, 0x3F, 0x8F, 0xF0, 0xFE, 0x00, 0x03, 0xF0, 0xFF, 0xBF, 0xF7, 0x8F, 0xFF, 0xFF, 0xFF,
    0xFF, 0xF8, 0x4F, 0xFC, 0xFF, 0x8F, 0xE0, 0x00, 0x60, 0x0F, 0x00, 0xE0, 0x1E, 0x1F, 0xC3, 0xF0,
    0x7F, 0x87, 0x38, 0x21, 0x0F, 0xFC, 0xFF, 0xCF, 0xFC, 0xF0, 0x0F, 0x00, 0xF0, 0x0F, 0xFC, 0xFF,
    0xCF, 0xFC, 0xF0, 0x0F, 0x00, 0xF0, 0x0F, 0xFC, 0xFF, 0xCF, 0xFC, 0x00, 0x60, 0x0F, 0x00, 0xE0,
    0x1C, 0x1F, 0xC3, 0xF0, 0x7F, 0x87, 0x38, 0x21, 0x03, 0xF0, 0x7F, 0xCF, 0xFC, 0xF1, 0xEF, 0xFE,
    0xFF, 0xEF, 0xFE, 0xF0, 0x8F, 0xFC, 0x7F, 0xC3, 0xF8, 0x30, 0x07, 0x00, 0x78, 0x03, 0x80, 0x1F,
    0x80, 0xFC, 0x1F, 0xE1, 0xCE, 0x08, 0x43, 0xFF, 0x3F, 0xF3, 0xFF, 0x3C, 0x03, 0xC0, 0x3C, 0x03,
    0xFF, 0x3F, 0xF3, 0xFF, 0x3C, 0x03, 0xC0, 0x3C, 0x03, 0xFF, 0x3F, 0xF3, 0xFF, 0x30, 0x03, 0x80,
    0x1E, 0x00, 0x70, 0x01, 0xF8, 0x07, 0xE0, 0x7F, 0x83, 0x9C, 0x08, 0x40, 0x7E, 0x07, 0xFC, 0x7F,
    0xE3, 0xC7, 0x9F, 0xFC, 0xFF, 0xE7, 0xFF, 0x3C, 0x21, 0xFF, 0x87, 0xFC, 0x1F, 0xC0, 0x03, 0xC0,
    0x7C, 0x0F, 0x80, 0x70, 0xEC, 0x3F, 0x8F, 0xE3, 0xDC, 0x31, 0x9F, 0xFB, 0xFF, 0x7F, 0xEF, 0x01,
    0xE0, 0x3C, 0x07, 0xFE, 0xFF, 0xDF, 0xFB, 0xC0, 0x78, 0x0F, 0x01, 0xFF, 0xBF, 0xF7, 0xFE, 0x03,
    0xC0, 0x7C, 0x0F, 0x80, 0x70, 0xFC, 0x3F, 0x8F, 0xE3, 0xDC, 0x31, 0x80, 0x00, 0xFC, 0x3F, 0xEF,
    0xFD, 0xE3, 0xFF, 0xFF, 0xFF, 0xFF, 0xFE, 0x13, 0xFF, 0x3F, 0xE3, 0xF8, 0x3F, 0x9F, 0xE3, 0xF8,
    0x38, 0x1F, 0x0F, 0xE7, 0xB8, 0x84, 0xFF, 0xFF, 0xFF, 0xFF, 0xC0, 0xF0, 0x3C, 0x0F, 0xFF, 0xFF,
    0xFF, 0xFC, 0x0F, 0x03, 0xC0, 0xFF, 0xFF, 0xFF, 0xFC, 0x3F, 0x8F, 0xF0, 0xFE, 0x07, 0x01, 0xF0,
    0x7F, 0x1E, 0xE1, 0x08, 0x3F, 0x0F, 0xFB, 0xFF, 0x78, 0xFF, 0xFF, 0xFF, 0xFF, 0xFF, 0x84, 0xFF,
    0xCF, 0xF8, 0xFE, 0x00, 0x1E, 0x0F, 0xC7, 0xF9, 0xCE, 0x21, 0x3F, 0xFF, 0xFF, 0xFF, 0xF0, 0x3C,
    0x0F, 0x03, 0xFF, 0xFF, 0xFF, 0xFF, 0x03, 0xC0, 0xF0, 0x3F, 0xFF, 0xFF, 0xFF, 0x00, 0x07, 0x81,
    0xE0, 0x78, 0x1E, 0x07, 0xE1, 0xFE, 0x39, 0xC2, 0x10, 0x7E, 0x1F, 0xF7, 0xFE, 0xF1, 0xFF, 0xFF,
    0xFF, 0xFF, 0xFF, 0x09, 0xFF, 0x9F, 0xF1, 0xFC, 0x00, 0x03, 0xC0, 0x78, 0x0F, 0x00, 0x1E, 0x0F,
    0xC3, 0xF0, 0x1C, 0x0E, 0x01, 0x8F, 0xFF, 0xFF, 0xFF, 0xC7, 0x81, 0xE0, 0x78, 0x1E, 0x07, 0x81,
    0xE0, 0x78, 0x1E, 0x07, 0x8F, 0xFF, 0xFF, 0xFF, 0xC0, 0x1E, 0x03, 0xF0, 0x7E, 0x03, 0xC0, 0x70,
    0x04, 0x1F, 0xC3, 0xF8, 0x7F, 0x01, 0xE0, 0x3C, 0x07, 0x80, 0xF0, 0x1E, 0x1F, 0xFB, 0xFF, 0x7F,
    0xE0, 0xFF, 0xFF, 0xFF, 0xFC, 0x78, 0x1E, 0x07, 0x81, 0xE0, 0x78, 0x1E, 0x07, 0x81, 0xE0, 0x78,
    0xFF, 0xFF, 0xFF, 0xFC, 0x00, 0x1E, 0x07, 0x81, 0xE0, 0x0F, 0x01, 0xE0, 0x3C, 0x00, 0x07, 0xF0,
    0xFE, 0x1F, 0xC0, 0x78, 0x0F, 0x01, 0xE0, 0x3C, 0x07, 0x87, 0xFE, 0xFF, 0xDF, 0xF8, 0x00, 0x0F,
    0x01, 0xE0, 0x3C, 0x00, 0x1F, 0x83, 0xFE, 0x7F, 0xE7, 0x8F, 0x70, 0xFF, 0x0F, 0xF0, 0xFF, 0x0F,
    0xF0, 0xFF, 0x0F, 0x70, 0xF7, 0x8F, 0x7F, 0xE3, 0xFE, 0x1F, 0x80, 0x00, 0x0F, 0x00, 0xF0, 0x0F,
    0x00, 0x1F, 0xC3, 0xFE, 0x7F, 0xE7, 0x8F, 0x70, 0xF7, 0x0F, 0x70, 0xF7, 0x8F, 0x7F, 0xE3, 0xFE,
    0x1F, 0xC0, 0x00, 0x0F, 0x00, 0xF0, 0x0F, 0x00, 0x0F, 0x01, 0xF8, 0x1F, 0x80, 0x38, 0x07, 0x00,
    0x30, 0x1F, 0x83, 0xFE, 0x7F, 0xE7, 0x8F, 0x70, 0xFF, 0x0F, 0xF0, 0xFF, 0x0F, 0xF0, 0xFF, 0x0F,
    0x70, 0xF7, 0x8F, 0x7F, 0xE3, 0xFE, 0x1F, 0x80, 0x0F, 0x01, 0xF8, 0x1F, 0x80, 0x38, 0x07, 0x00,
    0x30, 0x1F, 0xC3, 0xFE, 0x7F, 0xE7, 0x8F, 0x70, 0xF7, 0x0F, 0x70, 0xF7, 0x8F, 0x7F, 0xE3, 0xFE,
    0x1F, 0xC0, 0x00, 0x30, 0x03, 0xC0, 0x1C, 0x01, 0xC0, 0xFE, 0x0F, 0xC0, 0xFF, 0x07, 0x38, 0x10,
    0x80, 0xFC, 0x0F, 0xF8, 0xFF, 0xC7, 0x8F, 0x38, 0x7B, 0xC3, 0xDE, 0x1E, 0xF0, 0xF7, 0x87, 0xBC,
    0x3C, 0xE1, 0xE7, 0x8F, 0x3F, 0xF0, 0xFF, 0x83, 0xF0, 0x00, 0x30, 0x03, 0xC0, 0x1C, 0x01, 0xC0,
    0xFE, 0x0F, 0xC0, 0xFF, 0x07, 0x38, 0x10, 0x80, 0xFE, 0x0F, 0xF8, 0xFF, 0xC7, 0x8F, 0x38, 0x79,
    0xC3, 0xCE, 0x1E, 0x78, 0xF3, 0xFF, 0x0F, 0xF8, 0x3F, 0x80, 0x30, 0x03, 0x80, 0x1E, 0x00, 0x70,
    0x01, 0xF8, 0x07, 0xE0, 0x7F, 0x83, 0x9C, 0x08, 0x40, 0x7E, 0x07, 0xFC, 0x7F, 0xE3, 0xC7, 0x9C,
    0x3D, 0xE1, 0xEF, 0x0F, 0x78, 0x7B, 0xC3, 0xDE, 0x1E, 0x70, 0xF3, 0xC7, 0x9F, 0xF8, 0x7F, 0xC1,
    0xF8, 0x30, 0x03, 0x80, 0x1E, 0x00, 0x70, 0x01, 0xF8, 0x07, 0xE0, 0x7F, 0x83, 0x9C, 0x08, 0x40,
    0x7F, 0x07, 0xFC, 0x7F, 0xE3, 0xC7, 0x9C, 0x3C, 0xE1, 0xE7, 0x0F, 0x3C, 0x79, 0xFF, 0x87, 0xFC,
    0x1F, 0xC0, 0x01, 0xE0, 0x1F, 0x01, 0xF0, 0x07, 0x07, 0xE0, 0xFE, 0x1F, 0xC3, 0xDC, 0x18, 0xC1,
    0xF8, 0x3F, 0xE7, 0xFE, 0x78, 0xF7, 0x0F, 0xF0, 0xFF, 0x0F, 0xF0, 0xFF, 0x0F, 0xF0, 0xF7, 0x0F,
    0x78, 0xF7, 0xFE, 0x3F, 0xE1, 0xF8, 0x01, 0xE0, 0x1F, 0x01, 0xF0, 0x07, 0x07, 0xE0, 0xFE, 0x1F,
    0xC3, 0xDC, 0x18, 0xC0, 0x00, 0x1F, 0xC3, 0xFE, 0x7F, 0xE7, 0x8F, 0x70, 0xF7, 0x0F, 0x70, 0xF7,
    0x8F, 0x7F, 0xE3, 0xFE, 0x1F, 0xC0, 0x1F, 0xC3, 0xFC, 0x1F, 0xC0, 0x70, 0x0F, 0x81, 0xFC, 0x3D,
    0xC1, 0x08, 0x1F, 0x83, 0xFE, 0x7F, 0xE7, 0x8F, 0x70, 0xFF, 0x0F, 0xF0, 0xFF, 0x0F, 0xF0, 0xFF,
    0x0F, 0x70, 0xF7, 0x8F, 0x7F, 0xE3, 0xFE, 0x1F, 0x80, 0x1F, 0xC3, 0xFC, 0x1F, 0xC0, 0x70, 0x0F,
    0x81, 0xFC, 0x3D, 0xC1, 0x08, 0x1F, 0xC3, 0xFE, 0x7F, 0xE7, 0x8F, 0x70, 0xF7, 0x0F, 0x70, 0xF7,
    0x8F, 0x7F, 0xE3, 0xFE, 0x1F, 0xC0, 0x0F, 0x01, 0xF8, 0x3F, 0xC3, 0x9C, 0x10, 0x81, 0xF8, 0x3F,
    0xE7, 0xFE, 0x78, 0xF7, 0x0F, 0xF0, 0xFF, 0x0F, 0xF0, 0xFF, 0x0F, 0xF0, 0xF7, 0x0F, 0x78, 0xF7,
    0xFE, 0x3F, 0xE1, 0xF8, 0x00, 0x00, 0xF0, 0x0F, 0x00, 0xF0, 0x0F, 0x01, 0xF8, 0x3F, 0xC3, 0x9C,
    0x10, 0x81, 0xFC, 0x3F, 0xE7, 0xFE, 0x78, 0xF7, 0x0F, 0x70, 0xF7, 0x0F, 0x78, 0xF7, 0xFE, 0x3F,
    0xE1, 0xFC, 0x00, 0x00, 0xF0, 0x0F, 0x00, 0xF0, 0x01, 0x80, 0x1E, 0x00, 0xE0, 0x0F, 0x00, 0x77,
    0x83, 0x3C, 0x7F, 0xE7, 0xFE, 0x7F, 0xE3, 0xC7, 0x9C, 0x3D, 0xE1, 0xEF, 0x0F, 0x78, 0x7B, 0xC3,
    0xDE, 0x1E, 0x70, 0xF3, 0xC7, 0x9F, 0xF8, 0x7F, 0xC1, 0xF8, 0x00, 0x00, 0x00, 0x1C, 0x00, 0xF0,
    0x0F, 0x00, 0x77, 0x03, 0xBC, 0x09, 0xE3, 0xFE, 0x3F, 0xF3, 0xFF, 0x1E, 0x3C, 0xE1, 0xE7, 0x0F,
    0x38, 0x79, 0xE3, 0xCF, 0xFC, 0x3F, 0xE0, 0xFE, 0x00, 0x04, 0x00, 0xF0, 0x07, 0x80, 0x1E, 0x00,
    0x77, 0x83, 0x3C, 0x7F, 0xE7, 0xFE, 0x7F, 0xE3, 0xC7, 0x9C, 0x3D, 0xE1, 0xEF, 0x0F, 0x78, 0x7B,
    0xC3, 0xDE, 0x1E, 0x70, 0xF3, 0xC7, 0x9F, 0xF8, 0x7F, 0xC1, 0xF8, 0x00, 0x04, 0x00, 0xE0, 0x07,
    0x00, 0x3C, 0x00, 0xE7, 0x03, 0xBC, 0x11, 0xE3, 0xFE, 0x3F, 0xF3, 0xFF, 0x1E, 0x3C, 0xE1, 0xE7,
    0x0F, 0x38, 0x79, 0xE3, 0xCF, 0xFC, 0x3F, 0xE0, 0xFE, 0x00, 0x0F, 0x00, 0xFC, 0x07, 0xE0, 0x07,
    0x00, 0x77, 0x81, 0xBC, 0x7F, 0xE7, 0xFE, 0x7F, 0xE3, 0xC7, 0x9C, 0x3D, 0xE1, 0xEF, 0x0F, 0x78,
    0x7B, 0xC3, 0xDE, 0x1E, 0x70, 0xF3, 0xC7, 0x9F, 0xF8, 0x7F, 0xC1, 0xF8, 0x00, 0x0F, 0x00, 0xFC,
    0x07, 0xE0, 0x07, 0xE0, 0x77, 0x81, 0xBC, 0x7F, 0xC7, 0xFE, 0x7F, 0xE3, 0xC7, 0x9C, 0x3C, 0xE1,
    0xE7, 0x0F, 0x3C, 0x79, 0xFF, 0x87, 0xFC, 0x1F, 0xC0, 0x1F, 0x81, 0xFE, 0x07, 0xFE, 0x00, 0xF1,
    0xFF, 0x9F, 0xF9, 0xFF, 0x8F, 0x1E, 0x70, 0xF7, 0x87, 0xBC, 0x3D, 0xE1, 0xEF, 0x0F, 0x78, 0x79,
    0xC3, 0xCF, 0x1E, 0x7F, 0xE1, 0xFF, 0x07, 0xE0, 0x1E, 0x81, 0xFC, 0x07, 0xFC, 0x06, 0xF0, 0x07,
    0x8F, 0xF8, 0xFF, 0xCF, 0xFC, 0x78, 0xF3, 0x87, 0x9C, 0x3C, 0xE1, 0xE7, 0x8F, 0x3F, 0xF0, 0xFF,
    0x83, 0xF8, 0x00, 0x78, 0x03, 0xC7, 0xFE, 0x7F, 0xE7, 0xFE, 0x3C, 0x79, 0xC3, 0xDE, 0x1E, 0xF0,
    0xF7, 0x87, 0xBC, 0x3D, 0xE1, 0xE7, 0x0F, 0x3C, 0x79, 0xFF, 0x87, 0xFC, 0x1F, 0x80, 0x00, 0x03,
    0xC0, 0x1E, 0x00, 0xF0, 0x00, 0x00, 0x70, 0x03, 0xC0, 0x1E, 0x3F, 0xE3, 0xFF, 0x3F, 0xF1, 0xE3,
    0xCE, 0x1E, 0x70, 0xF3, 0x87, 0x9E, 0x3C, 0xFF, 0xC3, 0xFE, 0x0F, 0xE0, 0x00, 0x01, 0xE0, 0x0F,
    0x00, 0x78, 0x00, 0xF1, 0xFE, 0x3F, 0xC7, 0xF8, 0xFF, 0x1F, 0xE3, 0xFC, 0x7F, 0x8F, 0xF1, 0xFE,
    0x3F, 0xC7, 0xF8, 0xEF, 0xFC, 0xFF, 0x8F, 0xE0, 0x00, 0x1E, 0x03, 0xC0, 0x78, 0x00, 0xF1, 0xFE,
    0x3F, 0xC7, 0xF8, 0xFF, 0x1F, 0xE3, 0xFC, 0x7F, 0x8F, 0xFF, 0xEF, 0xFD, 0xF7, 0x80, 0x01, 0xE0,
    0x3C, 0x07, 0x80, 0x1E, 0x07, 0xE0, 0xFC, 0x03, 0x80, 0xE0, 0x0C, 0x3C, 0x7F, 0x8F, 0xF1, 0xFE,
    0x3F, 0xC7, 0xF8, 0xFF, 0x1F, 0xE3, 0xFC, 0x7F, 0x8F, 0xF1, 0xFE, 0x3B, 0xFF, 0x3F, 0xE3, 0xF8,
    0x1E, 0x07, 0xE0, 0xFC, 0x03, 0x80, 0xE0, 0x0C, 0x3C, 0x7F, 0x8F, 0xF1, 0xFE, 0x3F, 0xC7, 0xF8,
    0xFF, 0x1F, 0xE3, 0xFF, 0xFB, 0xFF, 0x7D, 0xE0, 0x03, 0x00, 0x78, 0x07, 0x00, 0xF0, 0x0E, 0x70,
    0xCF, 0xF1, 0xFF, 0x1E, 0xF1, 0xEF, 0x1E, 0xF1, 0xEF, 0x1E, 0xF1, 0xEF, 0x1E, 0xF1, 0xEF, 0x1E,
    0xF1, 0xEF, 0x1C, 0xFF, 0xC7, 0xFC, 0x3F, 0x80, 0x00, 0x00, 0x70, 0x07, 0x80, 0xF0, 0x0E, 0x70,
    0xEF, 0x04, 0xFF, 0x1F, 0xF1, 0xEF, 0x1E, 0xF1, 0xEF, 0x1E, 0xF1, 0xEF, 0x1E, 0xF1, 0xEF, 0xFE,
    0x7F, 0xE7, 0xDE, 0x08, 0x03, 0xC0, 0x3C, 0x01, 0xE0, 0x0E, 0x70, 0xCF, 0xF1, 0xFF, 0x1E, 0xF1,
    0xEF, 0x1E, 0xF1, 0xEF, 0x1E, 0xF1, 0xEF, 0x1E, 0xF1, 0xEF, 0x1E, 0xF1, 0xEF, 0x1C, 0xFF, 0xC7,
    0xFC, 0x3F, 0x80, 0x00, 0x03, 0x80, 0x38, 0x03, 0xC0, 0x1C, 0x70, 0xCF, 0x08, 0xFF, 0x1F, 0xF1,
    0xEF, 0x1E, 0xF1, 0xEF, 0x1E, 0xF1, 0xEF, 0x1E, 0xF1, 0xEF, 0xFE, 0x7F, 0xE7, 0xDE, 0x1E, 0x03,
    0xF0, 0x3F, 0x00, 0x70, 0x0E, 0x70, 0x6F, 0xF1, 0xFF, 0x1E, 0xF1, 0xEF, 0x1E, 0xF1, 0xEF, 0x1E,
    0xF1, 0xEF, 0x1E, 0xF1, 0xEF, 0x1E, 0xF1, 0xEF, 0x1C, 0xFF, 0xC7, 0xFC, 0x3F, 0x80, 0x1E, 0x03,
    0xF0, 0x3F, 0x00, 0x77, 0x0E, 0xF0, 0x6F, 0xF1, 0xFF, 0x1E, 0xF1, 0xEF, 0x1E, 0xF1, 0xEF, 0x1E,
    0xF1, 0xEF, 0x1E, 0xFF, 0xE7, 0xFE, 0x7D, 0xE0, 0x3F, 0x07, 0xF8, 0x3F, 0x70, 0x0F, 0xF1, 0xFF,
    0x1E, 0xF1, 0xEF, 0x1E, 0xF1, 0xEF, 0x1E, 0xF1, 0xEF, 0x1E, 0xF1, 0xEF, 0x1E, 0xF1, 0xEF, 0x1C,
    0xFF, 0xC7, 0xFC, 0x3F, 0x80, 0x3D, 0x07, 0xF8, 0x3F, 0xF0, 0x2F, 0x00, 0xFF, 0x1F, 0xF1, 0xEF,
    0x1E, 0xF1, 0xEF, 0x1E, 0xF1, 0xEF, 0x1E, 0xF1, 0xEF, 0xFE, 0x7F, 0xE7, 0xDE, 0x00, 0x70, 0x0F,
    0xF1, 0xFF, 0x1E, 0xF1, 0xEF, 0x1E, 0xF1, 0xEF, 0x1E, 0xF1, 0xEF, 0x1E, 0xF1, 0xEF, 0x1E, 0xF1,
    0xEF, 0x1C, 0xFF, 0xC7, 0xFC, 0x3F, 0x80, 0x00, 0x1E, 0x01, 0xE0, 0x1E, 0x00, 0x00, 0x70, 0x0F,
    0x00, 0xFF, 0x1F, 0xF1, 0xEF, 0x1E, 0xF1, 0xEF, 0x1E, 0xF1, 0xEF, 0x1E, 0xF1, 0xEF, 0xFE, 0x7F,
    0xE7, 0xDE, 0x00, 0x01, 0xE0, 0x1E, 0x01, 0xE0, 0x04, 0x00, 0xF0, 0x07, 0x80, 0x1E, 0x00, 0x70,
    0x03, 0x03, 0xC3, 0xFF, 0x1E, 0x78, 0xF3, 0xCF, 0x0F, 0x78, 0x7F, 0x81, 0xFC, 0x0F, 0xC0, 0x3E,
    0x01, 0xE0, 0x0F, 0x00, 0x78, 0x03, 0xC0, 0x1E, 0x00, 0xF0, 0x00, 0x04, 0x00, 0xE0, 0x07, 0x80,
    0x3C, 0x00, 0xE0, 0x03, 0x80, 0x10, 0x1E, 0x1E, 0x78, 0xF3, 0xC7, 0x1E, 0x78, 0x7B, 0xC3, 0xDC,
    0x0F, 0xE0, 0x7E, 0x03, 0xF0, 0x0F, 0x80, 0x78, 0x03, 0xC0, 0xFC, 0x07, 0xE0, 0x3E, 0x00, 0xF0,
    0xFF, 0xC7, 0x9E, 0x3C, 0xF3, 0xC3, 0xDE, 0x1F, 0xE0, 0x7F, 0x03, 0xF0, 0x0F, 0x80, 0x78, 0x03,
    0xC0, 0x1E, 0x00, 0xF0, 0x07, 0x80, 0x3C, 0x00, 0x00, 0x0F, 0x00, 0x78, 0x03, 0xC0, 0xF0, 0xF3,
    0xC7, 0x9E, 0x38, 0xF3, 0xC3, 0xDE, 0x1E, 0xE0, 0x7F, 0x03, 0xF0, 0x1F, 0x80, 0x7C, 0x03, 0xC0,
    0x1E, 0x07, 0xEF, 0x3F, 0x79, 0xF3, 0xC0, 0x0F, 0x00, 0xFC, 0x07, 0xE0, 0x07, 0x00, 0x70, 0x01,
    0x83, 0xC3, 0xFF, 0x1E, 0x78, 0xF3, 0xCF, 0x0F, 0x78, 0x7F, 0x81, 0xFC, 0x0F, 0xC0, 0x3E, 0x01,
    0xE0, 0x0F, 0x00, 0x78, 0x03, 0xC0, 0x1E, 0x00, 0xF0, 0x00, 0x0F, 0x00, 0xFC, 0x07, 0xE0, 0x07,
    0x00, 0x70, 0x01, 0x83, 0xC3, 0xCF, 0x1E, 0x78, 0xE3, 0xCF, 0x0F, 0x78, 0x7B, 0x81, 0xFC, 0x0F,
    0xC0, 0x7E, 0x01, 0xF0, 0x0F, 0x00, 0x78, 0x1F, 0x80, 0xFC, 0x07, 0xC0, 0x00, 0x1F, 0xC1, 0xFE,
    0x07, 0xF0, 0x00, 0x0F, 0x0F, 0xFC, 0x79, 0xE3, 0xCF, 0x3C, 0x3D, 0xE1, 0xFE, 0x07, 0xF0, 0x3F,
    0x00, 0xF8, 0x07, 0x80, 0x3C, 0x01, 0xE0, 0x0F, 0x00, 0x78, 0x03, 0xC0, 0x1F, 0xC1, 0xFE, 0x07,
    0xF0, 0x00, 0x0F, 0x0F, 0x3C, 0x79, 0xE3, 0x8F, 0x3C, 0x3D, 0xE1, 0xEE, 0x07, 0xF0, 0x3F, 0x01,
    0xF8, 0x07, 0xC0, 0x3C, 0x01, 0xE0, 0x7E, 0x03, 0xF0, 0x1F, 0x00, 0xFF, 0xFF, 0xFF, 0xFF, 0x49,
    0xE3, 0x1E, 0x78, 0xC3, 0x0C, 0x30, 0xC3, 0x0C, 0x30, 0xC3, 0x0C, 0x10, 0x6F, 0xF6, 0xD3, 0x0C,
    0x30, 0xC3, 0x0C, 0x30, 0xC3, 0x0C, 0x30, 0x21, 0x8F, 0xDB, 0x2C, 0x30, 0xC3, 0x0C, 0x30, 0xC3,
    0x0C, 0x30, 0xC3, 0xFD, 0xFB, 0xF0, 0xFD, 0xFB, 0xF0, 0xFF, 0xDF, 0xFF, 0xFF, 0x80, 0xFF, 0xFF,
    0x7F, 0xFF, 0xFF, 0xFF, 0xE0, 0x1C, 0xF3, 0x9E, 0x79, 0xEF, 0x80, 0x3C, 0x79, 0xE3, 0xC7, 0x8E,
    0x1C, 0x00, 0x7D, 0xE7, 0x9E, 0x73, 0xCE, 0x00, 0x1C, 0xF1, 0xCE, 0x3C, 0xE3, 0xDE, 0x79, 0xE7,
    0xBE, 0x7B, 0xC0, 0x7F, 0xEF, 0x7D, 0xEF, 0x39, 0xEF, 0x39, 0xE7, 0x39, 0xE0, 0x3D, 0xF7, 0xDE,
    0x79, 0xE7, 0x9C, 0x7B, 0xC7, 0x3C, 0x73, 0x80, 0x0E, 0x01, 0xC0, 0x38, 0x07, 0x0F, 0xFF, 0xFF,
    0xFF, 0xF0, 0x70, 0x0E, 0x01, 0xC0, 0x38, 0x07, 0x00, 0xE0, 0x1C, 0x03, 0x80, 0x70, 0x0E, 0x01,
    0xC0, 0x38, 0x00, 0x0E, 0x01, 0xC0, 0x38, 0x07, 0x0F, 0xFF, 0xFF, 0xFF, 0xF0, 0x70, 0x0E, 0x01,
    0xC0, 0x38, 0x07, 0x0F, 0xFF, 0xFF, 0xFF, 0xF0, 0x70, 0x0E, 0x01, 0xC0, 0x38, 0x00, 0xFF, 0xFF,
    0xFF, 0xFC, 0xFB, 0xEF, 0xFD, 0xF7, 0xFE, 0xFB, 0xFF, 0x7D, 0xF0, 0x7E, 0x1E, 0x00, 0x3F, 0x0E,
    0x00, 0x3F, 0xCF, 0x00, 0x1C, 0xEF, 0x00, 0x0E, 0x77, 0x00, 0x07, 0xFF, 0x00, 0x03, 0xFF, 0xB0,
    0x30, 0xFF, 0xFE, 0x7E, 0x1B, 0xFF, 0x7F, 0x83, 0xFB, 0xFF, 0xC1, 0xDC, 0xFC, 0xE1, 0xCE, 0x7E,
    0x71, 0xE7, 0xFF, 0xF8, 0xE3, 0xF9, 0xF8, 0xE0, 0xFC, 0xFC, 0x08, 0x73, 0xDE, 0xF3, 0xCF, 0x9F,
    0x3C, 0x60, 0x00, 0x41, 0xC7, 0x9F, 0x3C, 0x73, 0xDE, 0x71, 0x80, 0x00, 0x00, 0x38, 0x03, 0x80,
    0x18, 0x01, 0xC0, 0x1C, 0x00, 0xE0, 0x06, 0x00, 0x00, 0x1C, 0x00, 0xE0, 0x0E, 0x00, 0x70, 0x07,
    0x00, 0x70, 0x03, 0x80, 0x00, 0x33, 0xEF, 0xBE, 0x70, 0x00, 0x00, 0x03, 0xEF, 0x9E, 0x79, 0xE3,
    0x8E, 0x3E, 0x7E, 0x77, 0x7F, 0x77, 0x77, 0x7E, 0x3E, 0x1E, 0x1E, 0x3E, 0x7E, 0x6E, 0x7F, 0x7E,
    0x0E, 0xFD, 0xFB, 0x07, 0xEF, 0xE9, 0xFF, 0xFE, 0x3C, 0xF3, 0xC7, 0xEF, 0xFD, 0xFF, 0xBE, 0xFF,
    0xFF, 0xF0, 0xE1, 0xC7, 0x0E, 0x1C, 0x7D, 0xFB, 0xB3, 0xEF, 0xFD, 0xFF, 0xBE, 0x7D, 0xFB, 0xBF,
    0x7F, 0xE7, 0x8F, 0x3C, 0x3E, 0x7E, 0x77, 0x7F, 0x77, 0x77, 0x7E, 0x3E, 0x79, 0xF1, 0xE1, 0xC3,
    0x87, 0x1F, 0x3F, 0x7D, 0xF9, 0x38, 0xF3, 0xCF, 0x3F, 0x7F, 0x7E, 0x7F, 0x0E, 0x1E, 0x1E, 0x27,
    0x7F, 0x7E, 0x1E, 0x1E, 0x3E, 0x7E, 0x6E, 0x7F, 0x7E, 0x0E, 0xFD, 0xFB, 0x07, 0xEF, 0xE9, 0xFF,
    0xFE, 0x3C, 0xF3, 0x87, 0xEF, 0xFD, 0xFF, 0xBE, 0xFF, 0xFF, 0xF0, 0xE1, 0xC7, 0x0E, 0x1C, 0x7D,
    0xFB, 0xB3, 0xEF, 0xFD, 0xFF, 0xBE, 0x7D, 0xFB, 0xBF, 0x7F, 0xE7, 0x8F, 0x3C, 0x07, 0xC0, 0x7C,
    0x1F, 0xC3, 0xFE, 0x3F, 0xF7, 0xFF, 0x7F, 0xC7, 0xF8, 0x7F, 0x87, 0xD8, 0x7D, 0x87, 0xD8, 0x7D,
    0xC7, 0xDF, 0x3F, 0xF3, 0xFE, 0x1F, 0xC0, 0xF0, 0x0F, 0x00, 0x1F, 0x87, 0xFD, 0xFF, 0xBC, 0x6F,
    0x01, 0xFE, 0x3F, 0xC7, 0xF8, 0xFF, 0x1F, 0xE3, 0xFC, 0x3C, 0x0F, 0xFF, 0xFF, 0xFF, 0xF8, 0x7C,
    0xE3, 0xE7, 0x1F, 0x38, 0xFD, 0xC7, 0xEE, 0x7F, 0xFB, 0xDF, 0xDE, 0xFE, 0xFF, 0xF7, 0xFF, 0xBF,
    0xFC, 0xE7, 0xC7, 0x3E, 0x39, 0xF1, 0xC7, 0x80, 0xFE, 0x07, 0xF0, 0x3F, 0xC1, 0xEE, 0x0F, 0x76,
    0x7F, 0xFF, 0xFF, 0xDF, 0xFA, 0xFF, 0xE7, 0xF7, 0x3F, 0x9D, 0xFE, 0xFF, 0xFF, 0xFB, 0xFB, 0xCF,
    0xC0, 0x70, 0xF3, 0x87, 0x9C, 0x3C, 0xE1, 0xEF, 0xFF, 0xFF, 0xFF, 0xFF, 0xDF, 0xEF, 0xFF, 0xFF,
    0xFF, 0x9F, 0xF8, 0xFB, 0xC7, 0xDE, 0x3E, 0xF1, 0xF7, 0x80, 0xFF, 0x7F, 0xF7, 0xE3, 0xFE, 0x3F,
    0xFF, 0xFF, 0xFF, 0xFF, 0xFF, 0xFF, 0xFF, 0xFF, 0xFF, 0xFF, 0xFF, 0xDF, 0xFC, 0x7F, 0xFF, 0xFF,
    0xE0, 0x0F, 0xE1, 0xFC, 0x3F, 0x80, 0xE7, 0xDC, 0xFF, 0xBF, 0xF7, 0x9E, 0xF3, 0xDF, 0xF9, 0xFF,
    0x3E, 0xE7, 0xFD, 0xFF, 0xFF, 0xF8, 0x0F, 0xC1, 0xFF, 0x3F, 0xF7, 0x86, 0x7F, 0x87, 0xF8, 0x7F,
    0x87, 0x80, 0x7F, 0x87, 0xF8, 0x7F, 0x87, 0x86, 0x3F, 0xF1, 0xFF, 0x0F, 0xC0, 0x78, 0xF3, 0xC7,
    0x9E, 0x78, 0xF3, 0xC7, 0xBC, 0x3D, 0xE3, 0xFF, 0xDF, 0xFE, 0xFF, 0xF3, 0xFC, 0x1E, 0xF0, 0xF7,
    0xC7, 0x9E, 0x3C, 0x79, 0xE3, 0xE0, 0xFF, 0xFF, 0xFF, 0xFF, 0xF0, 0xF0, 0x0F, 0xE0, 0xFE, 0x1F,
    0xC3, 0xF0, 0x3F, 0xE2, 0xFE, 0x1F, 0xC3, 0xF0, 0x3F, 0x02, 0xF0, 0x0F, 0x00, 0x7F, 0xC3, 0xFF,
    0x1F, 0xF9, 0xFF, 0xEF, 0xFF, 0x7F, 0xFB, 0xFF, 0xDF, 0xFE, 0xFF, 0xF3, 0xFF, 0x1F, 0xF0, 0xFE,
    0x07, 0x80, 0x3C, 0x01, 0xE0, 0x00, 0x03, 0x80, 0x38, 0x03, 0x81, 0xFC, 0x3F, 0xE7, 0xFE, 0x7B,
    0xE7, 0x74, 0xF7, 0x0F, 0x7E, 0xF7, 0xFF, 0x7F, 0x76, 0xF7, 0xEF, 0x7E, 0xF7, 0xFE, 0x3F, 0xE1,
    0xFC, 0x0E, 0x01, 0xE0, 0x1F, 0x83, 0xFC, 0x3F, 0xE1, 0x1E, 0x01, 0xEF, 0xFF, 0xFF, 0xFF, 0xFF,
    0xFF, 0xFF, 0xFF, 0xFF, 0xF7, 0x84, 0x3F, 0xE3, 0xFE, 0x1F, 0xC0, 0x03, 0x80, 0x38, 0x1F, 0x83,
    0xFE, 0x3F, 0xE7, 0xBF, 0x7F, 0x67, 0x70, 0x77, 0x07, 0x70, 0x77, 0x07, 0x70, 0x7E, 0x77, 0xEF,
    0x3F, 0xF3, 0xFE, 0x1F, 0xC0, 0xE0, 0x0E, 0x00, 0x7F, 0xF7, 0xFF, 0x7F, 0xF0, 0x00, 0x7F, 0xF7,
    0xFF, 0x7F, 0xF0, 0xF0, 0x0F, 0x00, 0xF0, 0x0F, 0x00, 0xF0, 0x0F, 0x00, 0xF0, 0x0F, 0x00, 0x7F,
    0xF7, 0xFF, 0x7F, 0xF0, 0x78, 0x7F, 0xF7, 0xFF, 0x07, 0x87, 0xF8, 0x7F, 0x07, 0xE0, 0x1F, 0x00,
    0xF8, 0x07, 0xC0, 0x3C, 0x01, 0xE0, 0x3C, 0x01, 0xE0, 0x0F, 0xE0, 0x7F, 0x03, 0xF8, 0x3E, 0x43,
    0xFE, 0x1F, 0xF0, 0x3F, 0x77, 0xE3, 0xBF, 0x3C, 0xF9, 0xE3, 0xFE, 0x1F, 0xF0, 0xFF, 0x00, 0x3F,
    0xC3, 0xFE, 0x3F, 0xF3, 0x8F, 0x38, 0xF3, 0x8F, 0x39, 0xFF, 0xFE, 0xFF, 0xE7, 0xF8, 0xFF, 0xCF,
    0xFC, 0x7F, 0x83, 0x80, 0x38, 0x00, 0x3F, 0x07, 0xE3, 0xFE, 0x7F, 0xEF, 0xFD, 0xE7, 0xBC, 0x77,
    0x9E, 0xFF, 0xDF, 0xF3, 0xFF, 0x79, 0xFF, 0x1F, 0xE3, 0xFF, 0xFF, 0xFE, 0xFF, 0x87, 0xE0, 0xFC,
    0x1B, 0x80, 0x0C, 0x01, 0xE0, 0x3E, 0x07, 0xFF, 0xFF, 0xFF, 0xFF, 0x7C, 0x03, 0xE0, 0x1E, 0x00,
    0xC0, 0x0C, 0x03, 0xC0, 0xFC, 0x3F, 0xCF, 0xFD, 0xFF, 0x9B, 0xA0, 0x70, 0x0E, 0x01, 0xC0, 0x38,
    0x07, 0x00, 0xE0, 0x1C, 0x03, 0x80, 0x03, 0x00, 0x1C, 0x00, 0xF0, 0xFF, 0xCF, 0xFF, 0x7F, 0xF8,
    0x07, 0x80, 0x78, 0x03, 0x80, 0x08, 0x00, 0x0E, 0x01, 0xC0, 0x38, 0x07, 0x00, 0xE0, 0x1C, 0x03,
    0x80, 0x70, 0x6E, 0x9F, 0xFB, 0xFF, 0x3F, 0xC3, 0xF0, 0x3C, 0x03, 0x00, 0x00, 0x00, 0xEC, 0x0F,
    0xF0, 0xFF, 0xEF, 0xFF, 0xFF, 0xF9, 0xF7, 0x87, 0xF8, 0x19, 0x80, 0x00, 0x00, 0x0C, 0x03, 0xC0,
    0xFC, 0x3F, 0xCF, 0xFD, 0xFF, 0x9B, 0xA0, 0x70, 0x0E, 0x8D, 0xFB, 0xFF, 0x3F, 0xC3, 0xF0, 0x3C,
    0x03, 0x00, 0x00, 0x7F, 0x07, 0xF8, 0x3F, 0xC1, 0xF8, 0x0F, 0xE0, 0x7F, 0x83, 0xFE, 0x0C, 0x78,
    0x01, 0xE0, 0x07, 0x80, 0x1C, 0x00, 0x40, 0x07, 0xE0, 0xFF, 0x0F, 0xF0, 0x1F, 0x07, 0xF0, 0xFF,
    0x1F, 0x73, 0xE7, 0x7C, 0x0F, 0x80, 0xF0, 0x06, 0x00, 0x00, 0x06, 0x00, 0xF0, 0x07, 0x80, 0x3C,
    0x01, 0xE7, 0x0F, 0x70, 0x7F, 0x03, 0xF0, 0x7F, 0x0F, 0xF0, 0xFF, 0x00, 0x00, 0x03, 0x80, 0x3C,
    0x03, 0xE0, 0x3E, 0x7B, 0xE3, 0xFE, 0x1F, 0xE0, 0xFE, 0x07, 0xF8, 0x3F, 0xC1, 0xFE, 0x00, 0x00,
    0x00, 0x0F, 0x00, 0x7C, 0x19, 0xF1, 0xE7, 0x9E, 0x3D, 0xFF, 0xFF, 0xFE, 0xFF, 0xE3, 0xE0, 0x0F,
    0x80, 0x3C, 0x00, 0xC0, 0x00, 0x00, 0x03, 0xC0, 0x3E, 0x01, 0xE7, 0x0E, 0x3C, 0x71, 0xF3, 0xFF,
    0xCF, 0xFF, 0x3F, 0xF0, 0x0F, 0x00, 0xF0, 0x07, 0x00, 0x10, 0x00, 0x04, 0x00, 0xE0, 0x3E, 0x07,
    0xFE, 0xFF, 0xF7, 0xFF, 0x3C, 0xF1, 0xEF, 0x0E, 0xF0, 0x4F, 0x00, 0xF0, 0x0F, 0x00, 0xF0, 0x0F,
    0x00, 0x70, 0x06, 0x00, 0xF0, 0x07, 0x8F, 0xFC, 0xFF, 0xEF, 0xFE, 0xE7, 0xCE, 0xF8, 0xEF, 0x0E,
    0x60, 0xE0, 0x0E, 0x00, 0xE0, 0x0E, 0x00, 0xE0, 0x00, 0x00, 0xF0, 0x0F, 0x00, 0xF0, 0x0F, 0x00,
    0xF0, 0xCF, 0x1E, 0xF3, 0xEF, 0x7F, 0xFF, 0xFF, 0x7F, 0xF3, 0xC0, 0x1E, 0x00, 0xE0, 0x04, 0x00,
    0xE0, 0x0E, 0x00, 0xE0, 0x0E, 0x00, 0xE0, 0x0E, 0x60, 0xEF, 0x0E, 0x78, 0xFF, 0xCF, 0xFE, 0xFF,
    0xE0, 0x7C, 0x0F, 0x80, 0xF0, 0x06, 0x00, 0x00, 0x00, 0x3F, 0x03, 0xFC, 0x1F, 0xE1, 0xE7, 0x8F,
    0x38, 0x78, 0x0F, 0xF0, 0xFF, 0xC7, 0xFE, 0x1F, 0xE0, 0x7E, 0x01, 0xE0, 0x06, 0x00, 0x08, 0x01,
    0xF8, 0x1F, 0xC1, 0xEF, 0x0E, 0x38, 0x71, 0xC0, 0x0E, 0x03, 0x76, 0x3F, 0xF8, 0xFF, 0x83, 0xF8,
    0x0F, 0x80, 0x38, 0x00, 0x80, 0x07, 0xF0, 0x3F, 0x81, 0xFC, 0x7F, 0xC7, 0xFF, 0x3B, 0xFB, 0xDD,
    0xDC, 0x0E, 0xE0, 0x77, 0x03, 0xBC, 0x1C, 0xE1, 0xE7, 0xFE, 0x1F, 0xF0, 0x7E, 0x00, 0xFF, 0x07,
    0xF8, 0x1F, 0xD0, 0x7F, 0xC7, 0xFE, 0x3B, 0xFB, 0xDD, 0xDC, 0x0E, 0xE0, 0x77, 0x83, 0xBC, 0x1C,
    0xE1, 0xE7, 0xFE, 0x1F, 0xF0, 0x7E, 0x00, 0x03, 0x00, 0x1C, 0x00, 0xF0, 0xFF, 0xCF, 0xFF, 0x7F,
    0xF8, 0x07, 0x80, 0x78, 0x0F, 0x80, 0xF8, 0x0F, 0x80, 0xFF, 0xEF, 0xFF, 0x7F, 0xF9, 0xF0, 0x07,
    0xC0, 0x1E, 0x00, 0x60, 0x00, 0x0C, 0x00, 0xF0, 0x0F, 0x80, 0xFF, 0xEF, 0xFF, 0x7F, 0xF9, 0xF0,
    0x07, 0xC0, 0x1F, 0x00, 0x7C, 0x00, 0xF0, 0xFF, 0xCF, 0xFF, 0x7F, 0xF8, 0x07, 0x80, 0x78, 0x03,
    0x80, 0x08, 0x00, 0x3F, 0x00, 0xF8, 0x07, 0xC0, 0x3E, 0x3F, 0xE3, 0xFE, 0x7D, 0xF7, 0x8F, 0x70,
    0xF7, 0x0F, 0x70, 0xF7, 0x8F, 0x7D, 0xE3, 0xFE, 0x1F, 0xC0, 0x0F, 0x81, 0xF8, 0x1F, 0xC1, 0xFC,
    0x3F, 0xC3, 0xDC, 0x3D, 0xE3, 0x9E, 0x79, 0xE7, 0x8F, 0x78, 0xFF, 0xFF, 0xFF, 0xFF, 0xFF, 0xFF,
    0xFF, 0xFF, 0xFF, 0xF8, 0xFF, 0x1F, 0xE3, 0xFC, 0x7F, 0x8F, 0xF1, 0xFE, 0x3F, 0xC7, 0xF8, 0xFF,
    0x1F, 0xE3, 0xFC, 0x78, 0xFF, 0xDF, 0xFF, 0xFF, 0xF8, 0x07, 0x80, 0xF8, 0x0F, 0x80, 0xF0, 0x0F,
    0x01, 0xE0, 0x3C, 0x0F, 0x81, 0xE0, 0x78, 0x1F, 0x07, 0xC0, 0xFF, 0xDF, 0xFF, 0xFF, 0x80, 0x7F,
    0xDF, 0xFF, 0xFF, 0x80, 0x00, 0x38, 0x03, 0x80, 0x1C, 0x00, 0xEF, 0x0F, 0x7C, 0x73, 0xE3, 0x87,
    0x3C, 0x3D, 0xC1, 0xEE, 0x07, 0x70, 0x3F, 0x81, 0xF8, 0x07, 0xC0, 0x3E, 0x00, 0x00, 0x03, 0xEF,
    0xBF, 0xFD, 0xDE, 0xFE, 0x77, 0xFF, 0xFB, 0xFF, 0xCF, 0x3C, 0x03, 0xF0, 0x7F, 0x0F, 0xF0, 0xF0,
    0x0F, 0x00, 0xF0, 0x0F, 0x00, 0xF0, 0x0F, 0x00, 0xF0, 0x0F, 0x00, 0xF0, 0x0F, 0x00, 0xF0, 0x0F,
    0x00, 0xF0, 0x0F, 0x0F, 0xF0, 0xFF, 0x0F, 0xE0, 0x3C, 0x77, 0xFF, 0x7F, 0xE7, 0x3E, 0x3C, 0x77,
    0xFF, 0x7F, 0xE7, 0x3E, 0x03, 0xCF, 0xFB, 0xFF, 0xFF, 0xF0, 0xE0, 0x1C, 0x1F, 0xF7, 0xFF, 0xFF,
    0xEF, 0x01, 0xC0, 0x00, 0x00, 0x40, 0xF1, 0xFD, 0xFF, 0xFE, 0x3E, 0x0F, 0xF0, 0xFF, 0x07, 0xC0,
    0x77, 0xFF, 0xFF, 0xFF, 0xC0, 0x40, 0x3C, 0x0F, 0xE1, 0xFF, 0x0F, 0xC1, 0xF3, 0xFF, 0xFE, 0xFC,
    0x38, 0x07, 0xFF, 0xFF, 0xFF, 0xC0, 0x3E, 0xF7, 0xEF, 0x7E, 0xF7, 0x80, 0xFF, 0xFF, 0xFF, 0x7F,
    0xF7, 0x8F, 0x78, 0xF7, 0x8F, 0x78, 0xF7, 0x8F, 0x78, 0xF7, 0x8F, 0x78, 0xF0, 0x3E, 0xF7, 0xEF,
    0x7E, 0xF7, 0x8F, 0xFE, 0xFF, 0xEF, 0x7E, 0xF7, 0x8F, 0x78, 0xF7, 0x8F, 0x78, 0xF7, 0x8F, 0x78,
    0xF7, 0x8F, 0x78, 0xF0, 0x00, 0x00, 0x00, 0x00, 0x07, 0x9C, 0x00, 0x3C, 0xE0, 0x00, 0xEF, 0x00,
    0x07, 0xF8, 0x00, 0x3F, 0xE0, 0x03, 0xEF, 0xFF, 0xFE, 0x7F, 0xFF, 0xF1, 0xFF, 0xFE, 0x01, 0xFF,
    0x80, 0x00, 0x00, 0x00, 0x1D, 0x80, 0x00, 0xFC, 0x00, 0x03, 0xE0, 0x00, 0x0E, 0x00, 0x00, 0x70,
    0x00, 0x00, 0x00, 0x00, 0x00, 0x00, 0x00, 0x1C, 0x00, 0x00, 0x07, 0x00, 0x01, 0x83, 0xC0, 0x00,
    0xF0, 0xF0, 0x00, 0x7C, 0x3E, 0x00, 0x7F, 0x07, 0xFF, 0xFF, 0xF9, 0xFF, 0xFF, 0xFF, 0x3F, 0xFF,
    0x8F, 0xC1, 0xFE, 0x00, 0x00, 0x00, 0x00, 0x00, 0x07, 0xE0, 0x00, 0x01, 0xF8, 0x00, 0x00, 0x3E,
    0x00, 0x00, 0x07, 0x00, 0x00, 0x01, 0xC0, 0x00, 0x00, 0x00, 0x00, 0x00, 0x3C, 0x78, 0xF0, 0xE1,
    0xE3, 0xC7, 0xFE, 0xFD, 0xF0, 0x00, 0x0F, 0xDF, 0x9F, 0x1C, 0x38, 0x00, 0x00, 0x03, 0xC0, 0x70,
    0x0E, 0x03, 0xE1, 0xFF, 0xBF, 0xFF, 0xBE, 0x00, 0x00, 0x01, 0xF8, 0x3F, 0x03, 0xC0, 0x70, 0x0E,
    0x00, 0x00, 0x00, 0xC0, 0x00, 0x06, 0x00, 0x00, 0x3E, 0x00, 0x01, 0xF8, 0x00, 0x0F, 0xC0, 0x00,
    0xFC, 0x00, 0x01, 0x80, 0x00, 0x00, 0x1E, 0x70, 0x00, 0xF3, 0x80, 0x03, 0xBC, 0x00, 0x1F, 0xE0,
    0x00, 0xFF, 0x80, 0x0F, 0xBF, 0xFF, 0xF9, 0xFF, 0xFF, 0xC7, 0xFF, 0xF8, 0x07, 0xFE, 0x00, 0x00,
    0x40, 0x00, 0x00, 0x18, 0x00, 0x00, 0x07, 0xC0, 0x00, 0x01, 0xF0, 0x00, 0x00, 0xFC, 0x00, 0x00,
    0x3F, 0x00, 0x00, 0x07, 0x00, 0x00, 0x00, 0x00, 0x00, 0x70, 0x00, 0x00, 0x1C, 0x00, 0x06, 0x0F,
    0x00, 0x03, 0xC3, 0xC0, 0x01, 0xF0, 0xF8, 0x01, 0xFC, 0x1F, 0xFF, 0xFF, 0xE7, 0xFF, 0xFF, 0xFC,
    0xFF, 0xFE, 0x3F, 0x07, 0xF8, 0x00, 0x00, 0x61, 0x87, 0xDF, 0xFF, 0xF7, 0x00, 0x39, 0xE3, 0xCF,
    0x3C, 0xF3, 0xFF, 0xFB, 0xC0, 0x00, 0x10, 0x03, 0x00, 0x7C, 0x0F, 0x83, 0xF0, 0x7E, 0x07, 0x00,
    0x00, 0x00, 0x03, 0xC0, 0x70, 0x0E, 0x03, 0xE1, 0xFF, 0xBF, 0xFF, 0xBE, 0x00, 0x00, 0x7C, 0x01,
    0xFF, 0x01, 0xFF, 0xE3, 0xFF, 0xE0, 0x1F, 0xC0, 0xFF, 0x87, 0xF8, 0x1F, 0x80, 0x7C, 0x00, 0xF0,
    0x03, 0xCF, 0x87, 0x9F, 0x0F, 0x1C, 0x1E, 0x38, 0x3C, 0x00, 0x7E, 0x06, 0x7F, 0xFC, 0x7F, 0xF8,
    0x7F, 0xF0, 0x0E, 0x00, 0x7C, 0x00, 0x3F, 0xE0, 0x07, 0xFF, 0x81, 0xFF, 0xF0, 0x01, 0xFC, 0x01,
    0xFF, 0x01, 0xFF, 0x80, 0xFC, 0xF0, 0x7C, 0x3F, 0x9E, 0x07, 0xFF, 0x3E, 0xFF, 0xCF, 0x80, 0xF1,
    0xC0, 0x3C, 0x70, 0x0F, 0x00, 0x03, 0xF0, 0x30, 0x7F, 0xFC, 0x0F, 0xFF, 0x01, 0xFF, 0xC0, 0x07,
    0x00, 0x00, 0x03, 0xF8, 0x1F, 0xF0, 0xFF, 0xF0, 0x3F, 0x80, 0xFC, 0x3F, 0xFF, 0xF8, 0xFF, 0x07,
    0xE0, 0x00, 0x00, 0x00, 0x01, 0xF8, 0x0F, 0xC0, 0x3E, 0x00, 0xE0, 0x07, 0x00, 0x00, 0x00, 0x00,
    0x00, 0x7F, 0x00, 0x7F, 0xC0, 0x7F, 0xF8, 0x03, 0xF8, 0x01, 0xF8, 0x0F, 0xF8, 0xFF, 0xFE, 0xFF,
    0x7F, 0xFC, 0x3E, 0x00, 0x00, 0x00, 0x00, 0x1F, 0x80, 0x1F, 0x80, 0x0F, 0x00, 0x0E, 0x00, 0x0E,
    0x00, 0x00, 0x00, 0x10, 0x0E, 0x03, 0xF0, 0xFC, 0x3F, 0x0F, 0x81, 0x80, 0x00, 0x02, 0x03, 0xC0,
    0xF8, 0x1E, 0x03, 0xC0, 0xF0, 0x3D, 0x8F, 0x7F, 0xDF, 0xF7, 0xF8, 0x00, 0x10, 0x00, 0xE0, 0x03,
    0xF0, 0x0F, 0xC0, 0x3F, 0x00, 0xF8, 0x01, 0x80, 0x00, 0x00, 0x02, 0x00, 0x3C, 0x00, 0xF8, 0x01,
    0xE0, 0x07, 0xC0, 0x0F, 0x00, 0x3C, 0x18, 0xF8, 0x7F, 0xFD, 0xFF, 0xF7, 0xFF, 0xC0, 0x00, 0x06,
    0x07, 0x81, 0x83, 0xF1, 0xF8, 0xFC, 0x00, 0x00, 0x06, 0x07, 0x83, 0xC0, 0xE0, 0x78, 0x3C, 0x1C,
    0x1E, 0x1F, 0x3F, 0x3F, 0x1F, 0x06, 0x00, 0x06, 0x00, 0x70, 0x03, 0x80, 0x37, 0x03, 0xF8, 0x0D,
    0x80, 0x00, 0x00, 0x00, 0x06, 0x00, 0x78, 0x03, 0xC0, 0x0E, 0x00, 0x78, 0x03, 0xF8, 0x1F, 0xC1,
    0xFE, 0x1F, 0x03, 0xF0, 0x3F, 0x01, 0xF0, 0x06, 0x00, 0x00, 0x08, 0x06, 0x03, 0xE1, 0xF1, 0xF8,
    0xFC, 0x38, 0x00, 0x00, 0x03, 0x03, 0xC1, 0xE0, 0x70, 0x3C, 0x1E, 0x0E, 0x0F, 0x0F, 0x9F, 0x9F,
    0x8F, 0x83, 0x00, 0x08, 0x00, 0xC0, 0x07, 0xC0, 0x3F, 0x01, 0xF8, 0x1F, 0x80, 0x30, 0x00, 0x00,
    0x00, 0x00, 0x30, 0x03, 0xC0, 0x1E, 0x00, 0x70, 0x03, 0xC0, 0x1F, 0xC0, 0xFE, 0x0F, 0xF0, 0xF8,
    0x1F, 0x81, 0xF8, 0x0F, 0x80, 0x30, 0x00, 0x00, 0x00, 0xC0, 0x00, 0x3E, 0x00, 0x0F, 0xE0, 0x01,
    0xFC, 0x00, 0x3F, 0x00, 0x03, 0xC0, 0x00, 0x3E, 0x07, 0x01, 0xF0, 0x70, 0x0F, 0x8F, 0x00, 0x78,
    0xF0, 0x03, 0xCF, 0x80, 0x3C, 0x7F, 0xFF, 0xC7, 0xFF, 0xF8, 0x3F, 0xFF, 0x00, 0x7F, 0x80, 0x00,
    0x00, 0xC0, 0x00, 0x0F, 0x80, 0x00, 0xFE, 0x00, 0x07, 0xF0, 0x00, 0x3F, 0x00, 0x01, 0xF0, 0x00,
    0x03, 0xC0, 0x1C, 0x0F, 0x80, 0x70, 0x1F, 0x03, 0xC0, 0x3E, 0x0F, 0x00, 0x7C, 0x3E, 0x00, 0xF8,
    0x7F, 0xFF, 0xF9, 0xFF, 0xFF, 0xF3, 0xFF, 0xF7, 0xC1, 0xFF, 0x00, 0x01, 0x81, 0xE1, 0xFD, 0xFE,
    0xFC, 0x3E, 0x0F, 0xC1, 0xF8, 0x3E, 0x07, 0xC0, 0xF0, 0x3C, 0xFF, 0x3F, 0xCF, 0xE0, 0x00, 0x01,
    0x80, 0x3C, 0x07, 0xF0, 0xFF, 0x0F, 0xE0, 0x7C, 0x03, 0xE0, 0x0F, 0x80, 0x3E, 0x00, 0xF8, 0x03,
    0xC0, 0x1F, 0x8F, 0xFF, 0x7F, 0xFF, 0xFB, 0xC0, 0x00, 0x00, 0x00, 0x00, 0x00, 0x38, 0x00, 0x07,
    0x80, 0x01, 0xF8, 0x00, 0x7E, 0xC0, 0x07, 0xBE, 0x00, 0x2F, 0xE0, 0x01, 0xFC, 0x00, 0x3F, 0x00,
    0x03, 0xC0, 0x00, 0x3E, 0x07, 0x01, 0xF0, 0x70, 0x0F, 0x8F, 0x00, 0x78, 0xF0, 0x03, 0xCF, 0x80,
    0x3C, 0x7F, 0xFF, 0xC7, 0xFF, 0xF8, 0x3F, 0xFF, 0x00, 0x7F, 0x80, 0x00, 0x00, 0x00, 0x00, 0x0E,
    0x00, 0x00, 0xF8, 0x00, 0x07, 0xC0, 0x00, 0x7C, 0xC0, 0x01, 0xCF, 0x80, 0x02, 0xFE, 0x00, 0x07,
    0xF0, 0x00, 0x3F, 0x00, 0x01, 0xF0, 0x00, 0x03, 0xC0, 0x1C, 0x0F, 0x80, 0x70, 0x1F, 0x03, 0xC0,
    0x3E, 0x0F, 0x00, 0x7C, 0x3E, 0x00, 0xF8, 0x7F, 0xFF, 0xF9, 0xFF, 0xFF, 0xF3, 0xFF, 0xF7, 0xC1,
    0xFF, 0x00, 0x00, 0x00, 0x70, 0x3E, 0x1F, 0x87, 0xCC, 0xE7, 0x93, 0xF9, 0xFE, 0x7E, 0x0F, 0x81,
    0xF8, 0x1F, 0x81, 0xF0, 0x1F, 0x01, 0xE0, 0x3C, 0x7F, 0x8F, 0xF1, 0xFC, 0x00, 0x00, 0x00, 0x00,
    0x0E, 0x00, 0xF8, 0x0F, 0xC0, 0x7C, 0xC1, 0xCF, 0x04, 0xFE, 0x0F, 0xF0, 0x7F, 0x01, 0xF0, 0x07,
    0xC0, 0x0F, 0x80, 0x1F, 0x00, 0x3E, 0x00, 0x78, 0x01, 0xF8, 0x7F, 0xF9, 0xFF, 0xF7, 0xF7, 0x80,
    0x00, 0x00, 0x08, 0x00, 0x78, 0x00, 0xF3, 0x80, 0xE7, 0x01, 0xFE, 0x03, 0xFC, 0x07, 0xF8, 0x0F,
    0xF0, 0x3C, 0xFD, 0xF9, 0xFF, 0xE1, 0xFF, 0x81, 0xFE, 0x00, 0x00, 0x00, 0x00, 0x07, 0x80, 0x00,
    0xF0, 0x38, 0x0E, 0x07, 0x01, 0xE1, 0xE0, 0x3F, 0xBC, 0x07, 0xFF, 0x80, 0xFF, 0xF0, 0x3C, 0x0F,
    0xDF, 0x81, 0xFF, 0xE0, 0x1F, 0xFC, 0x01, 0xFE, 0x00, 0x00, 0x07, 0x03, 0xE0, 0xFC, 0x3F, 0x1F,
    0xE7, 0x3B, 0xCE, 0xF3, 0xBF, 0xE7, 0xF8, 0xFC, 0x00, 0x00, 0x06, 0x00, 0xFE, 0x07, 0xF8, 0x1F,
    0xF0, 0xF3, 0xC3, 0xC7, 0x8F, 0x1F, 0xFC, 0x3F, 0x70, 0x7C, 0x00, 0x00, 0x39, 0xE3, 0xCF, 0x3C,
    0xF3, 0xFF, 0xFB, 0xC3, 0x1C, 0x71, 0xC0, 0x30, 0x03, 0xC0, 0x3E, 0x3D, 0xF3, 0xFF, 0xBF, 0x9F,
    0xE0, 0xFE, 0x03, 0xF0, 0x1F, 0x00, 0x78, 0x01, 0x00, 0x03, 0x00, 0x03, 0x80, 0x07, 0xC0, 0x07,
    0xF0, 0x0F, 0xF8, 0x0E, 0xFC, 0x0E, 0xFE, 0x0E, 0xFE, 0x0F, 0xEF, 0xFF, 0xFF, 0xFF, 0xFE, 0xFF,
    0xFC, 0x10, 0x30, 0x01, 0xE0, 0x03, 0xF0, 0x07, 0xF8, 0x07, 0xF8, 0x0F, 0x78, 0x0F, 0x70, 0x0E,
    0xF0, 0xFF, 0xFF, 0xFF, 0xFF, 0xFF, 0xFF, 0x0F, 0x3C, 0x0F, 0xFC, 0x07, 0xF8, 0x07, 0xF8, 0x01,
    0xF0, 0x08, 0x00, 0xE0, 0x0F, 0xC0, 0x7F, 0x03, 0xFC, 0x3F, 0xF1, 0xCF, 0xCF, 0xFF, 0x7F, 0x7F,
    0xFF, 0xFF, 0xFF, 0xFF, 0xE0, 0x08, 0x00, 0x07, 0x80, 0x7F, 0x01, 0xFC, 0x0F, 0x70, 0x3D, 0xC1,
    0xE7, 0x07, 0xFC, 0x3F, 0xFF, 0xFF, 0xFF, 0xFF, 0xF7, 0x8E, 0x0F, 0xF8, 0x3F, 0xE0, 0x7F, 0x80,
    0x78, 0x00, 0x03, 0x80, 0x00, 0x7C, 0x00, 0x0F, 0xE0, 0x01, 0xFE, 0x00, 0x3C, 0xF0, 0x07, 0xCE,
    0x00, 0xF8, 0x00, 0x0F, 0x00, 0x00, 0xFF, 0xFF, 0xE7, 0xFF, 0xFE, 0x3F, 0xFF, 0xE0, 0x7F, 0xF0,
    0x07, 0xF8, 0xFF, 0xF7, 0xFF, 0xBF, 0xF8, 0xF0, 0x03, 0xC0, 0x0F, 0xFF, 0xBF, 0xFE, 0x7F, 0xF8,
    0x0F, 0x00, 0x18, 0x00, 0x03, 0xC0, 0x00, 0x38, 0x00, 0x03, 0xC0, 0x00, 0x3E, 0x00, 0x03, 0xC0,
    0x00, 0x03, 0x80, 0x00, 0x7C, 0x00, 0x0F, 0xE0, 0x01, 0xFE, 0x00, 0x3C, 0xF0, 0x07, 0xCE, 0x00,
    0xF8, 0x00, 0x0F, 0x00, 0x00, 0xFF, 0xFF, 0xE7, 0xFF, 0xFE, 0x3F, 0xFF, 0xE0, 0x7F, 0xF0, 0x18,
    0x00, 0xE0, 0x07, 0x80, 0x1F, 0x00, 0x7C, 0x01, 0xE0, 0x00, 0x7F, 0x8F, 0xFF, 0x7F, 0xFB, 0xFF,
    0x8F, 0x00, 0x3C, 0x00, 0xFF, 0xFB, 0xFF, 0xE7, 0xFF, 0x80, 0xF0, 0x00, 0x1F, 0x80, 0x1F, 0xC0,
    0x1F, 0xC0, 0x1F, 0x20, 0x0E, 0x03, 0x87, 0x01, 0xC3, 0xE1, 0xE1, 0xFC, 0xF0, 0x3F, 0x78, 0x07,
    0xBC, 0x03, 0xCF, 0xDF, 0xE7, 0xFF, 0xE1, 0xFF, 0xE0, 0x3F, 0xC0, 0x00, 0x00, 0x0E, 0x00, 0x01,
    0xC0, 0xF8, 0x78, 0x1F, 0xEF, 0x03, 0xFF, 0xE0, 0x1F, 0xBC, 0x03, 0xC3, 0xFB, 0xF8, 0x7F, 0xFE,
    0x07, 0xFF, 0x80, 0x3F, 0xC0, 0x00, 0x3C, 0x78, 0xF0, 0xE1, 0xE3, 0xC7, 0xFE, 0xFD, 0xF0, 0x00,
    0x0E, 0xFF, 0xFB, 0x80, 0x00, 0x03, 0xC0, 0x70, 0x0E, 0x03, 0xE1, 0xFF, 0xBF, 0xFF, 0xBE, 0x00,
    0x00, 0x01, 0xF8, 0x7F, 0x87, 0xE0, 0x00, 0x0F, 0xC7, 0xE1, 0xF8, 0x78, 0x1E, 0x07, 0xF8, 0xFE,
    0xFF, 0xBF, 0xC7, 0x80, 0x00, 0x00, 0x3F, 0x9F, 0xC0, 0xC0, 0x00, 0xE0, 0x78, 0x3C, 0x1E, 0x0F,
    0x07, 0x83, 0xC1, 0xE0, 0xF0, 0x78, 0x3C, 0x1E, 0x0F, 0x07, 0x80, 0x00, 0x3F, 0x8F, 0xE0, 0x30,
    0x38, 0x0F, 0x03, 0xC0, 0xF0, 0x3C, 0x0F, 0x03, 0xC0, 0xF0, 0x3C, 0x0F, 0x03, 0xC0, 0xF0, 0x3C,
    0x0F, 0xE1, 0xFC, 0x3E, 0x00, 0x00, 0x37, 0xBD, 0xEF, 0xF8, 0x0E, 0x7B, 0xDE, 0xF7, 0xBD, 0xEF,
    0x7B, 0xDE, 0xF7, 0x80, 0x30, 0x78, 0x3C, 0x1F, 0x0F, 0x87, 0x81, 0xC0, 0xF0, 0x78, 0x3C, 0x1E,
    0x0F, 0x07, 0x83, 0xC1, 0xE0, 0xF0, 0x78, 0x3C, 0x1E, 0x0F, 0xE3, 0xF8, 0xF8, 0x00, 0x0C, 0x07,
    0x81, 0xC0, 0x78, 0x1E, 0x07, 0x80, 0xE0, 0xFC, 0x3F, 0x9F, 0xE7, 0x3D, 0xCF, 0x7F, 0xDF, 0xF3,
    0xFC, 0x3E, 0x7F, 0xBF, 0xC7, 0xE1, 0xE0, 0x0C, 0x00, 0xF0, 0x07, 0x00, 0x3C, 0x01, 0xE0, 0x0F,
    0x00, 0x00, 0x01, 0xC0, 0x3F, 0x01, 0xFC, 0x1F, 0xE0, 0xE7, 0x87, 0x3C, 0x3F, 0xFD, 0xFF, 0xE7,
    0xFF, 0x0F, 0x83, 0xFC, 0x3F, 0xC0, 0xFC, 0x07, 0x80, 0x00, 0xE7, 0xBD, 0xEF, 0x7B, 0xDE, 0xF7,
    0xBD, 0xEF, 0x7B, 0xDE, 0x37, 0xBD, 0xFF, 0xF8, 0x00, 0xE0, 0xF0, 0xF0, 0xF0, 0xF0, 0xF0, 0xF0,
    0xF0, 0xF0, 0xF0, 0xF0, 0xF0, 0xF0, 0xFE, 0x7F, 0x3E, 0x30, 0x70, 0xF0, 0xF8, 0xF8, 0xF0, 0x00,
    0x0C, 0x00, 0x1E, 0x00, 0x0F, 0x07, 0xE7, 0xC7, 0xF3, 0xE7, 0xF1, 0xE7, 0xC8, 0x03, 0x80, 0xE1,
    0xC0, 0x70, 0xF8, 0x78, 0x7F, 0x3C, 0x0F, 0xDE, 0x01, 0xEF, 0x00, 0xF3, 0xF7, 0xF9, 0xFF, 0xF8,
    0x7F, 0xF8, 0x0F, 0xF0, 0x00, 0x0C, 0x00, 0x07, 0x80, 0x00, 0xF0, 0x00, 0x1F, 0x00, 0x03, 0xE0,
    0x00, 0x78, 0x00, 0x00, 0x00, 0x03, 0x80, 0x00, 0x70, 0x3E, 0x1E, 0x07, 0xFB, 0xC0, 0xFF, 0xF8,
    0x07, 0xEF, 0x00, 0xF0, 0xFE, 0xFE, 0x1F, 0xFF, 0x81, 0xFF, 0xE0, 0x0F, 0xF0, 0x00, 0x31, 0xCF,
    0x3E, 0xFB, 0xC0, 0x0E, 0x78, 0xF3, 0xCF, 0x3C, 0xFF, 0xFE, 0xF0, 0x00, 0x18, 0x0F, 0x07, 0x80,
    0xF0, 0x3C, 0x0F, 0x00, 0x00, 0x00, 0x1C, 0x0F, 0x03, 0xC0, 0xF0, 0xFF, 0xFF, 0xFF, 0xFC, 0x00,
    0xEF, 0xFF, 0xFF, 0xFF, 0xFF, 0xFF, 0xFF, 0xFF, 0xE0, 0xF0, 0xF0, 0xF0, 0xF0, 0xF0, 0xF0, 0xF0,
    0xF0, 0xF0, 0xF0, 0xF0, 0xF0, 0xFE, 0x7F, 0x3E, 0x00, 0x00, 0x00, 0x00, 0x00, 0x07, 0x9C, 0x00,
    0x3C, 0xE0, 0x00, 0xEF, 0x00, 0x07, 0xF8, 0x00, 0x3F, 0xE0, 0x03, 0xEF, 0xFF, 0xFE, 0x7F, 0xFF,
    0xF1, 0xFF, 0xFE, 0x01, 0xFF, 0x80, 0x00, 0x00, 0x00, 0x07, 0x00, 0x00, 0x38, 0x00, 0x01, 0xC0,
    0x00, 0x00, 0x00, 0x00, 0x1C, 0x00, 0x00, 0x07, 0x00, 0x01, 0x83, 0xC0, 0x00, 0xF0, 0xF0, 0x00,
    0x7C, 0x3E, 0x00, 0x7F, 0x07, 0xFF, 0xFF, 0xF9, 0xFF, 0xFF, 0xFF, 0x3F, 0xFF, 0x8F, 0xC1, 0xFE,
    0x00, 0x00, 0x00, 0x00, 0x00, 0x01, 0xC0, 0x00, 0x00, 0x70, 0x00, 0x00, 0x1C, 0x00, 0x00, 0x39,
    0xE3, 0xCF, 0x3C, 0xF3, 0xFF, 0xFB, 0xC0, 0x00, 0x71, 0xC7, 0x00, 0x00, 0x07, 0x03, 0xC0, 0xF0,
    0x3C, 0x3F, 0xFF, 0xFF, 0xFF, 0x00, 0x00, 0x03, 0x80, 0xF0, 0x38, 0x00, 0x02, 0x1F, 0xC7, 0xF0,
    0xDC, 0x00, 0x00, 0x01, 0xC0, 0xF8, 0x3F, 0x0F, 0xC7, 0xF9, 0xCE, 0xF3, 0xBC, 0xEF, 0xF9, 0xFE,
    0x3F, 0x00, 0x00, 0x09, 0x00, 0x7E, 0x03, 0xFC, 0x06, 0x60, 0x00, 0x00, 0x0E, 0x00, 0x3C, 0x01,
    0xF0, 0x1F, 0xC1, 0xFF, 0x07, 0xFC, 0x3C, 0xF0, 0xF3, 0xC3, 0xFF, 0x07, 0xFC, 0x1F, 0xFE, 0x1F,
    0xFC, 0x03, 0xE0, 0x00, 0x00, 0x00, 0x88, 0x00, 0x0E, 0xE0, 0x00, 0x7F, 0x00, 0x03, 0xB8, 0x00,
    0x00, 0x0F, 0x38, 0x00, 0x79, 0xC0, 0x01, 0xDE, 0x00, 0x0F, 0xF0, 0x00, 0x7F, 0xC0, 0x07, 0xDF,
    0xFF, 0xFC, 0xFF, 0xFF, 0xE3, 0xFF, 0xFC, 0x03, 0xFF, 0x00, 0x00, 0x48, 0x00, 0x00, 0x7F, 0x00,
    0x00, 0x1F, 0xC0, 0x00, 0x03, 0x70, 0x00, 0x00, 0x00, 0x00, 0x1C, 0x00, 0x00, 0x07, 0x00, 0x01,
    0x83, 0xC0, 0x00, 0xF0, 0xF0, 0x00, 0x7C, 0x3E, 0x00, 0x7F, 0x07, 0xFF, 0xFF, 0xF9, 0xFF, 0xFF,
    0xFF, 0x3F, 0xFF, 0x8F, 0xC1, 0xFE, 0x00, 0x00, 0x24, 0x7E, 0xFF, 0x66, 0x00, 0x1C, 0x3C, 0x1E,
    0x1E, 0x1E, 0x1E, 0x1E, 0x7E, 0x7C, 0x78, 0x00, 0x12, 0x0F, 0xE1, 0xFC, 0x1B, 0x80, 0x00, 0x00,
    0x07, 0x80, 0xE0, 0x1C, 0x07, 0xC3, 0xFF, 0x7F, 0xFF, 0x7C, 0x00, 0x00, 0x00, 0x70, 0x00, 0x03,
    0x80, 0x00, 0x1C, 0x00, 0x01, 0xB8, 0x00, 0x1F, 0xC0, 0x00, 0x6C, 0x00, 0x00, 0x03, 0xCE, 0x00,
    0x1E, 0x70, 0x00, 0x77, 0x80, 0x03, 0xFC, 0x00, 0x1F, 0xF0, 0x01, 0xF7, 0xFF, 0xFF, 0x3F, 0xFF,
    0xF8, 0xFF, 0xFF, 0x00, 0xFF, 0xC0, 0x00, 0x30, 0x00, 0x00, 0x1E, 0x00, 0x00, 0x03, 0x00, 0x00,
    0x03, 0xF0, 0x00, 0x00, 0xFC, 0x00, 0x00, 0x3F, 0x00, 0x00, 0x00, 0x00, 0x01, 0xC0, 0x00, 0x00,
    0x70, 0x00, 0x18, 0x3C, 0x00, 0x0F, 0x0F, 0x00, 0x07, 0xC3, 0xE0, 0x07, 0xF0, 0x7F, 0xFF, 0xFF,
    0x9F, 0xFF, 0xFF, 0xF3, 0xFF, 0xF8, 0xFC, 0x1F, 0xE0, 0x00, 0x30, 0xE3, 0xBF, 0xFF, 0xB0, 0x0E,
    0x78, 0xF3, 0xCF, 0x3C, 0xFF, 0xFE, 0xF0, 0x00, 0x0C, 0x03, 0xC0, 0x30, 0x1F, 0x83, 0xF0, 0x7E,
    0x00, 0x00, 0x00, 0x1E, 0x03, 0x80, 0x70, 0x1F, 0x0F, 0xFD, 0xFF, 0xFD, 0xF0, 0x00, 0x7C, 0x03,
    0xFE, 0x07, 0xFF, 0x9F, 0xFE, 0x01, 0xF8, 0x1F, 0xE1, 0xFC, 0x0F, 0xC0, 0x7C, 0x01, 0xE0, 0x0F,
    0x1C, 0x3C, 0x70, 0xF1, 0xC3, 0xC7, 0x0F, 0x00, 0x3F, 0x06, 0x7F, 0xFC, 0xFF, 0xF1, 0xFF, 0x80,
    0x60, 0x7C, 0x00, 0x3F, 0xE0, 0x07, 0xFF, 0x81, 0xFF, 0xE0, 0x01, 0xF8, 0x01, 0xFE, 0x01, 0xFF,
    0x00, 0xFD, 0xE0, 0x7C, 0x3F, 0x9E, 0x0F, 0xEF, 0x1D, 0xFB, 0xC7, 0x00, 0xF1, 0xC0, 0x3C, 0x70,
    0x0F, 0x00, 0x03, 0xF0, 0x60, 0x7F, 0xFC, 0x0F, 0xFF, 0x01, 0xFF, 0x80, 0x06, 0x00, 0x00, 0x03,
    0xF8, 0x1F, 0xF0, 0xFF, 0xF0, 0x3F, 0x80, 0xFC, 0x3F, 0xFF, 0xF8, 0xFF, 0x07, 0xE0, 0x00, 0x00,
    0x00, 0x00, 0x70, 0x07, 0x80, 0x1C, 0x00, 0x00, 0x00, 0x7F, 0x00, 0x7F, 0xC0, 0x7F, 0xF8, 0x03,
    0xF8, 0x01, 0xF8, 0x0F, 0xF8, 0xFF, 0xFE, 0xFF, 0x7F, 0xFC, 0x3E, 0x00, 0x00, 0x00, 0x00, 0x0E,
    0x00, 0x0F, 0x00, 0x0E, 0x00, 0x7C, 0x03, 0xFE, 0x07, 0xFF, 0x9F, 0xFE, 0x01, 0xF8, 0x1F, 0xE1,
    0xFC, 0x0F, 0xC0, 0x7C, 0x01, 0xE0, 0x0F, 0x00, 0x3C, 0x00, 0xF0, 0x03, 0xC0, 0x0F, 0x00, 0x3F,
    0x06, 0x7F, 0xFC, 0xFF, 0xF1, 0xFF, 0x80, 0x60, 0x7C, 0x00, 0x3F, 0xE0, 0x07, 0xFF, 0x81, 0xFF,
    0xE0, 0x01, 0xF8, 0x01, 0xFE, 0x01, 0xFF, 0x00, 0xFD, 0xE0, 0x7C, 0x3F, 0x9E, 0x0F, 0xEF, 0x01,
    0xFB, 0xC0, 0x00, 0xF0, 0x00, 0x3C, 0x00, 0x0F, 0x00, 0x03, 0xF0, 0x60, 0x7F, 0xFC, 0x0F, 0xFF,
    0x01, 0xFF, 0x80, 0x06, 0x00, 0x00, 0x03, 0xF8, 0x1F, 0xF0, 0xFF, 0xF0, 0x3F, 0x80, 0xFC, 0x3F,
    0xFF, 0xF8, 0xFF, 0x07, 0xE0, 0x00, 0x00, 0x00, 0x00, 0x7F, 0x00, 0x7F, 0xC0, 0x7F, 0xF8, 0x03,
    0xF8, 0x01, 0xF8, 0x0F, 0xF8, 0xFF, 0xFE, 0xFF, 0x7F, 0xFC, 0x3E, 0x00, 0x00, 0x03, 0x00, 0x1E,
    0x00, 0x78, 0x00, 0xC0, 0x00, 0x01, 0xF0, 0x0F, 0xF8, 0x1F, 0xFE, 0x7F, 0xF8, 0x07, 0xE0, 0x7F,
    0x87, 0xF0, 0x3F, 0x01, 0xF0, 0x07, 0x80, 0x3C, 0x00, 0xF0, 0x03, 0xC0, 0x0F, 0x00, 0x3C, 0x00,
    0xFC, 0x19, 0xFF, 0xF3, 0xFF, 0xC7, 0xFE, 0x01, 0x80, 0x03, 0x00, 0x01, 0xE0, 0x00, 0x78, 0x00,
    0x0C, 0x00, 0x00, 0x00, 0x1F, 0x00, 0x0F, 0xF8, 0x01, 0xFF, 0xE0, 0x7F, 0xF8, 0x00, 0x7E, 0x00,
    0x7F, 0x80, 0x7F, 0xC0, 0x3F, 0x78, 0x1F, 0x0F, 0xE7, 0x83, 0xFB, 0xC0, 0x7E, 0xF0, 0x00, 0x3C,
    0x00, 0x0F, 0x00, 0x03, 0xC0, 0x00, 0xFC, 0x18, 0x1F, 0xFF, 0x03, 0xFF, 0xC0, 0x7F, 0xE0, 0x01,
    0x80, 0x00, 0x18, 0x01, 0xC0, 0x0E, 0x00, 0x70, 0x00, 0x00, 0x00, 0x01, 0xFC, 0x0F, 0xF8, 0x7F,
    0xF8, 0x1F, 0xC0, 0x7E, 0x1F, 0xFF, 0xFC, 0x7F, 0x83, 0xF0, 0x00, 0x00, 0x10, 0x00, 0x38, 0x00,
    0x38, 0x00, 0x38, 0x00, 0x00, 0x00, 0x00, 0x00, 0x7F, 0x00, 0x7F, 0xC0, 0x7F, 0xF8, 0x03, 0xF8,
    0x01, 0xF8, 0x0F, 0xF8, 0xFF, 0xFE, 0xFF, 0x7F, 0xFC, 0x3E, 0x00, 0x00, 0x02, 0x03, 0xC0, 0xF8,
    0x1E, 0x03, 0xC0, 0xF0, 0x3D, 0x8F, 0x7F, 0xDF, 0xF7, 0xF8, 0x00, 0x02, 0x00, 0x3C, 0x00, 0xF8,
    0x01, 0xE0, 0x07, 0xC0, 0x0F, 0x00, 0x3C, 0x18, 0xF8, 0x7F, 0xFD, 0xFF, 0xF7, 0xFF, 0xC0, 0x00,
    0x0C, 0x07, 0x01, 0xC0, 0x70, 0x00, 0x00, 0x80, 0xF0, 0x3E, 0x07, 0x80, 0xF0, 0x3C, 0x0F, 0x63,
    0xDF, 0xF7, 0xFD, 0xFE, 0x00, 0x00, 0x0C, 0x00, 0x70, 0x01, 0xC0, 0x07, 0x00, 0x00, 0x00, 0x08,
    0x00, 0xF0, 0x03, 0xE0, 0x07, 0x80, 0x1F, 0x00, 0x3C, 0x00, 0xF0, 0x63, 0xE1, 0xFF, 0xF7, 0xFF,
    0xDF, 0xFF, 0x00, 0x00, 0x06, 0x07, 0x83, 0xC0, 0xE0, 0x78, 0x3C, 0x1C, 0x1E, 0x1F, 0x3F, 0x3F,
    0x1F, 0x06, 0x00, 0x06, 0x00, 0x78, 0x03, 0xC0, 0x0E, 0x00, 0x78, 0x03, 0xF8, 0x1F, 0xC1, 0xFE,
    0x1F, 0x03, 0xF0, 0x3F, 0x01, 0xF0, 0x06, 0x00, 0x00, 0x06, 0x07, 0x83, 0xC0, 0xC0, 0x00, 0x00,
    0x18, 0x1E, 0x0F, 0x03, 0x81, 0xE0, 0xF0, 0x70, 0x78, 0x7C, 0xFC, 0xFC, 0x7C, 0x18, 0x00, 0x04,
    0x00, 0x70, 0x03, 0x80, 0x1C, 0x00, 0x00, 0x00, 0x00, 0x18, 0x01, 0xE0, 0x0F, 0x00, 0x38, 0x01,
    0xE0, 0x0F, 0xE0, 0x7F, 0x07, 0xF8, 0x7C, 0x0F, 0xC0, 0xFC, 0x07, 0xC0, 0x18, 0x00, 0x00, 0x00,
    0x00, 0xE0, 0x00, 0x00, 0x1E, 0x00, 0x00, 0x01, 0xE0, 0x03, 0xC3, 0x8F, 0x00, 0x3C, 0x38, 0xF7,
    0x01, 0xC3, 0x8F, 0x70, 0x1E, 0x78, 0xFF, 0x01, 0xFF, 0xFF, 0xF0, 0x1F, 0xFF, 0xEF, 0x01, 0xFE,
    0xFC, 0xF0, 0x3C, 0x00, 0x07, 0xCF, 0xC0, 0x00, 0x7F, 0xF8, 0x00, 0x03, 0xFF, 0x80, 0x00, 0x1F,
    0xE0, 0x00, 0x00, 0x00, 0x00, 0x00, 0xE0, 0x00, 0x00, 0x00, 0xE0, 0x00, 0x3C, 0x38, 0xF0, 0x00,
    0x3C, 0x38, 0xF0, 0x70, 0x1C, 0x38, 0xF0, 0x70, 0x1E, 0x78, 0xF8, 0xF0, 0x1F, 0xFF, 0xFF, 0xF0,
    0x1F, 0xFF, 0xFF, 0xF0, 0x1F, 0xEF, 0xDF, 0xF0, 0x3C, 0x00, 0x00, 0x7C, 0xFC, 0x00, 0x00, 0x7F,
    0xF8, 0x00, 0x00, 0x3F, 0xF8, 0x00, 0x00, 0x1F, 0xE0, 0x00, 0x00, 0x00, 0x01, 0xC0, 0x00, 0x78,
    0x00, 0x07, 0x8E, 0x3C, 0xF3, 0xC7, 0x9E, 0x78, 0xE3, 0xCF, 0x3E, 0x7F, 0xFF, 0xFF, 0xFF, 0xFF,
    0xDF, 0xFB, 0xF0, 0x00, 0x00, 0x00, 0x00, 0x01, 0xE0, 0x00, 0x03, 0xC0, 0x71, 0xE7, 0x81, 0xE3,
    0xCF, 0x03, 0xC7, 0x1E, 0x07, 0x9F, 0x3E, 0x3F, 0xFF, 0xFF, 0xFF, 0xFF, 0xFF, 0xFF, 0xDF, 0xBE,
    0x00, 0x00, 0x00, 0x00, 0x00, 0x70, 0x00, 0x00, 0x07, 0x00, 0x00, 0x00, 0x70, 0x00, 0x00, 0x1D,
    0x80, 0x00, 0x01, 0xFC, 0x00, 0x00, 0x0D, 0x80, 0x00, 0x00, 0x00, 0xE0, 0x00, 0x00, 0x1E, 0x00,
    0x00, 0x01, 0xE0, 0x03, 0xC3, 0x8F, 0x00, 0x3C, 0x38, 0xF7, 0x01, 0xC3, 0x8F, 0x70, 0x1E, 0x78,
    0xFF, 0x01, 0xFF, 0xFF, 0xF0, 0x1F, 0xFF, 0xEF, 0x01, 0xFE, 0xFC, 0xF0, 0x3C, 0x00, 0x07, 0xCF,
    0xC0, 0x00, 0x7F, 0xF8, 0x00, 0x03, 0xFF, 0x80, 0x00, 0x1F, 0xE0, 0x00, 0x00, 0x00, 0x00, 0x70,
    0x00, 0x00, 0x00, 0x70, 0x00, 0x00, 0x00, 0x70, 0x00, 0x00, 0x01, 0xD8, 0x00, 0x00, 0x01, 0xFC,
    0x00, 0x00, 0x00, 0xD8, 0x00, 0x00, 0x00, 0x00, 0x00, 0x00, 0x00, 0x00, 0xE0, 0x00, 0x00, 0x00,
    0xE0, 0x00, 0x3C, 0x38, 0xF0, 0x00, 0x3C, 0x38, 0xF0, 0x70, 0x1C, 0x38, 0xF0, 0x70, 0x1E, 0x78,
    0xF8, 0xF0, 0x1F, 0xFF, 0xFF, 0xF0, 0x1F, 0xFF, 0xFF, 0xF0, 0x1F, 0xEF, 0xDF, 0xF0, 0x3C, 0x00,
    0x00, 0x7C, 0xFC, 0x00, 0x00, 0x7F, 0xF8, 0x00, 0x00, 0x3F, 0xF8, 0x00, 0x00, 0x1F, 0xE0, 0x00,
    0x00, 0x00, 0x30, 0x00, 0x0F, 0x00, 0x00, 0xC0, 0x00, 0x7E, 0x00, 0x0F, 0xC0, 0x01, 0xB8, 0x00,
    0x00, 0x70, 0x00, 0x1E, 0x00, 0x01, 0xE3, 0x8F, 0x3C, 0xF1, 0xE7, 0x9E, 0x38, 0xF3, 0xCF, 0x9F,
    0xFF, 0xFF, 0xFF, 0xFF, 0xF7, 0xFE, 0xFC, 0x00, 0x00, 0x00, 0x00, 0x70, 0x00, 0x00, 0xE0, 0x00,
    0x01, 0xC0, 0x00, 0x06, 0xE0, 0x00, 0x1F, 0xC0, 0x00, 0x1B, 0x00, 0x00, 0x00, 0x00, 0x00, 0x00,
    0xF0, 0x00, 0x01, 0xE0, 0x38, 0xF3, 0xC0, 0xF1, 0xE7, 0x81, 0xE3, 0x8F, 0x03, 0xCF, 0x9F, 0x1F,
    0xFF, 0xFF, 0xFF, 0xFF, 0xFF, 0xFF, 0xEF, 0xDF, 0x00, 0x00, 0x00, 0x00, 0x00, 0x00, 0x80, 0x00,
    0x00, 0x3F, 0x80, 0x00, 0x07, 0xFC, 0x00, 0x78, 0x7F, 0xF0, 0x03, 0xC7, 0xE7, 0xB8, 0x0E, 0x7C,
    0x3D, 0xC0, 0x7B, 0xC3, 0xFE, 0x03, 0xFF, 0xFF, 0xF0, 0x1F, 0xFF, 0xF7, 0x80, 0xFF, 0xFE, 0x3C,
    0x0F, 0x0F, 0x80, 0xFD, 0xF8, 0x00, 0x07, 0xFF, 0x80, 0x00, 0x1F, 0xFC, 0x00, 0x00, 0x3F, 0x80,
    0x00, 0x00, 0x00, 0x00, 0x00, 0x80, 0x00, 0x00, 0x07, 0xF0, 0x00, 0x00, 0x1F, 0xF0, 0x00, 0x3C,
    0x3F, 0xF8, 0x00, 0x3C, 0x7E, 0x78, 0x70, 0x1C, 0xF8, 0x78, 0x70, 0x1E, 0xF0, 0xF8, 0xF0, 0x1F,
    0xFF, 0xFF, 0xF0, 0x1F, 0xFF, 0xFF, 0xF0, 0x1F, 0xFF, 0xFF, 0xF0, 0x3C, 0x3E, 0x00, 0x7E, 0xFC,
    0x00, 0x00, 0x7F, 0xF8, 0x00, 0x00, 0x3F, 0xF8, 0x00, 0x00, 0x0F, 0xE0, 0x00, 0x00, 0x00, 0x00,
    0x00, 0x00, 0xFC, 0x00, 0x3F, 0xE3, 0xC7, 0xFF, 0x3C, 0xFC, 0xF3, 0x9F, 0x0F, 0x7F, 0xE1, 0xFF,
    0xFF, 0xFE, 0xFF, 0xFF, 0xEE, 0xFF, 0xF8, 0x01, 0xFC, 0x00, 0x00, 0x00, 0x00, 0x00, 0x1F, 0x80,
    0x00, 0xFF, 0x81, 0xE3, 0xFF, 0x83, 0xCF, 0xCF, 0x07, 0x3E, 0x1E, 0x1F, 0xF8, 0x7C, 0x7F, 0xFF,
    0xFF, 0xFF, 0xFF, 0xFF, 0xDF, 0xFF, 0xFC, 0x07, 0xF0, 0x00, 0x00, 0x00, 0x01, 0x80, 0x00, 0x00,
    0x1C, 0x00, 0x00, 0x00, 0xE0, 0x00, 0x00, 0x07, 0x00, 0x00, 0x00, 0x00, 0x00, 0x00, 0x00, 0x40,
    0x00, 0x00, 0x1F, 0xC0, 0x00, 0x03, 0xFE, 0x00, 0x3C, 0x3F, 0xF8, 0x01, 0xE3, 0xF3, 0xDC, 0x07,
    0x3E, 0x1E, 0xE0, 0x3D, 0xE1, 0xFF, 0x01, 0xFF, 0xFF, 0xF8, 0x0F, 0xFF, 0xFB, 0xC0, 0x7F, 0xFF,
    0x1E, 0x07, 0x87, 0xC0, 0x7E, 0xFC, 0x00, 0x03, 0xFF, 0xC0, 0x00, 0x0F, 0xFE, 0x00, 0x00, 0x1F,
    0xC0, 0x00, 0x00, 0x00, 0x00, 0x01, 0x80, 0x00, 0x00, 0x03, 0x80, 0x00, 0x00, 0x03, 0x80, 0x00,
    0x00, 0x03, 0x80, 0x00, 0x00, 0x00, 0x00, 0x00, 0x00, 0x00, 0x80, 0x00, 0x00, 0x07, 0xF0, 0x00,
    0x00, 0x1F, 0xF0, 0x00, 0x3C, 0x3F, 0xF8, 0x00, 0x3C, 0x7E, 0x78, 0x70, 0x1C, 0xF8, 0x78, 0x70,
    0x1E, 0xF0, 0xF8, 0xF0, 0x1F, 0xFF, 0xFF, 0xF0, 0x1F, 0xFF, 0xFF, 0xF0, 0x1F, 0xFF, 0xFF, 0xF0,
    0x3C, 0x3E, 0x00, 0x7E, 0xFC, 0x00, 0x00, 0x7F, 0xF8, 0x00, 0x00, 0x3F, 0xF8, 0x00, 0x00, 0x0F,
    0xE0, 0x00, 0x00, 0x00, 0x02, 0x00, 0x00, 0x70, 0x00, 0x07, 0x00, 0x00, 0x70, 0x00, 0x00, 0x00,
    0x00, 0x00, 0x00, 0x0F, 0xC0, 0x03, 0xFE, 0x3C, 0x7F, 0xF3, 0xCF, 0xCF, 0x39, 0xF0, 0xF7, 0xFE,
    0x1F, 0xFF, 0xFF, 0xEF, 0xFF, 0xFE, 0xEF, 0xFF, 0x80, 0x1F, 0xC0, 0x00, 0x02, 0x00, 0x00, 0x0E,
    0x00, 0x00, 0x1C, 0x00, 0x00, 0x38, 0x00, 0x00, 0x00, 0x00, 0x00, 0x00, 0x00, 0x03, 0xF0, 0x00,
    0x1F, 0xF0, 0x3C, 0x7F, 0xF0, 0x79, 0xF9, 0xE0, 0xE7, 0xC3, 0xC3, 0xFF, 0x0F, 0x8F, 0xFF, 0xFF,
    0xFF, 0xFF, 0xFF, 0xFB, 0xFF, 0xFF, 0x80, 0xFE, 0x00, 0x0E, 0x00, 0x07, 0x00, 0x03, 0x80, 0x01,
    0xC0, 0x00, 0xE0, 0x00, 0x70, 0x00, 0x3C, 0x20, 0x1E, 0xFC, 0x0F, 0xFF, 0x07, 0xFF, 0xC3, 0xF9,
    0xE1, 0xF0, 0xF0, 0xF0, 0xFF, 0xFF, 0xFB, 0xFF, 0xFD, 0xFF, 0xF8, 0x1F, 0xE0, 0x00, 0x0E, 0x00,
    0x00, 0xE0, 0x00, 0x0E, 0x00, 0x00, 0xE0, 0x00, 0x0E, 0x00, 0x00, 0xE0, 0x00, 0x0F, 0x08, 0x00,
    0xF7, 0xE0, 0x0F, 0xFF, 0x00, 0xFF, 0xF8, 0x0F, 0xE7, 0x80, 0xF8, 0x78, 0x0F, 0x0F, 0x8F, 0xFF,
    0xFF, 0xFF, 0xFF, 0xFF, 0xFF, 0xFF, 0x1F, 0xE0, 0x00, 0x38, 0x00, 0xF0, 0x01, 0xE0, 0x03, 0xC0,
    0x07, 0x80, 0x07, 0x00, 0x0E, 0x1C, 0x1D, 0xFC, 0x3F, 0xFC, 0x7F, 0xFC, 0xFC, 0x79, 0xF0, 0xF7,
    0xC7, 0xFF, 0xFF, 0xBF, 0xFE, 0x7F, 0xF8, 0x00, 0x00, 0x38, 0x00, 0x1E, 0x00, 0x07, 0x80, 0x01,
    0xE0, 0x00, 0x78, 0x00, 0x0E, 0x00, 0x03, 0x87, 0x00, 0xEF, 0xE0, 0x3F, 0xFC, 0x0F, 0xFF, 0x83,
    0xF1, 0xE0, 0xF8, 0x78, 0x7C, 0x7E, 0x3F, 0xFF, 0xFF, 0xFF, 0xFF, 0xFF, 0xFF, 0x00, 0x00, 0x00,
    0x0E, 0x00, 0x07, 0x0C, 0x03, 0x87, 0x01, 0xC3, 0x80, 0xE1, 0xC0, 0x70, 0x00, 0x3C, 0x20, 0x1E,
    0xFC, 0x0F, 0xFF, 0x07, 0xFF, 0xC3, 0xF9, 0xE1, 0xF0, 0xF0, 0xF0, 0xFF, 0xFF, 0xFB, 0xFF, 0xFD,
    0xFF, 0xF8, 0x1F, 0xE0, 0x00, 0x0E, 0x00, 0x00, 0xE1, 0x80, 0x0E, 0x3C, 0x00, 0xE3, 0xC0, 0x0E,
    0x18, 0x00, 0xE0, 0x00, 0x0F, 0x08, 0x00, 0xF7, 0xE0, 0x0F, 0xFF, 0x00, 0xFF, 0xF8, 0x0F, 0xE7,
    0x80, 0xF8, 0x78, 0x0F, 0x0F, 0x8F, 0xFF, 0xFF, 0xFF, 0xFF, 0xFF, 0xFF, 0xFF, 0x1F, 0xE0, 0x00,
    0x38, 0x00, 0xF0, 0x81, 0xE3, 0x83, 0xC7, 0x07, 0x8E, 0x07, 0x00, 0x0E, 0x1C, 0x1D, 0xFC, 0x3F,
    0xFC, 0x7F, 0xFC, 0xFC, 0x79, 0xF0, 0xF7, 0xC7, 0xFF, 0xFF, 0xBF, 0xFE, 0x7F, 0xF8, 0x00, 0x00,
    0x38, 0x00, 0x1E, 0x10, 0x07, 0x8E, 0x01, 0xE3, 0x80, 0x78, 0xE0, 0x0E, 0x00, 0x03, 0x87, 0x00,
    0xEF, 0xE0, 0x3F, 0xFC, 0x0F, 0xFF, 0x83, 0xF1, 0xE0, 0xF8, 0x78, 0x7C, 0x7E, 0x3F, 0xFF, 0xFF,
    0xFF, 0xFF, 0xFF, 0xFF, 0x00, 0x00, 0x00, 0x1F, 0x00, 0xFE, 0x07, 0xF0, 0x1F, 0xC0, 0x70, 0x01,
    0xC1, 0x07, 0xFC, 0x1F, 0xF8, 0x3F, 0xE0, 0xFC, 0x07, 0xC0, 0x3E, 0x00, 0xF0, 0x03, 0xC0, 0x0F,
    0x00, 0x3C, 0x00, 0xF8, 0x19, 0xFF, 0xE3, 0xFF, 0xC7, 0xFE, 0x03, 0x80, 0x0F, 0xC0, 0xFF, 0x83,
    0xFE, 0x1E, 0x78, 0x3D, 0xE0, 0xFF, 0x81, 0xFC, 0x03, 0xFF, 0x3F, 0xFD, 0xFF, 0xF7, 0x80, 0x3C,
    0x00, 0xF0, 0x03, 0xC0, 0x0F, 0x83, 0x3F, 0xFC, 0x7F, 0xF0, 0xFF, 0x80, 0x70, 0x00, 0x07, 0x03,
    0xF0, 0xFE, 0x3F, 0xC7, 0x80, 0xF0, 0x1E, 0x31, 0xFF, 0xFF, 0xFF, 0xFB, 0xFC, 0x00, 0x00, 0x07,
    0xC0, 0x3F, 0xC0, 0xFF, 0xC1, 0xE7, 0x83, 0xEF, 0x03, 0xFC, 0x03, 0xF8, 0x3F, 0xFE, 0x7F, 0xFE,
    0xFB, 0xF8, 0x00, 0x00, 0x06, 0x00, 0x3C, 0x00, 0xF0, 0x01, 0x80, 0x00, 0x00, 0x7C, 0x03, 0xF8,
    0x1F, 0xC0, 0x7F, 0x01, 0xC0, 0x07, 0x04, 0x1F, 0xF0, 0x7F, 0xE0, 0xFF, 0x83, 0xF0, 0x1F, 0x00,
    0xF8, 0x03, 0xC0, 0x0F, 0x00, 0x3C, 0x00, 0xF0, 0x03, 0xE0, 0x67, 0xFF, 0x8F, 0xFF, 0x1F, 0xF8,
    0x0E, 0x00, 0x03, 0x00, 0x1C, 0x00, 0x78, 0x01, 0xC0, 0x00, 0x00, 0x3F, 0x03, 0xFE, 0x0F, 0xF8,
    0x79, 0xE0, 0xF7, 0x83, 0xFE, 0x07, 0xF0, 0x0F, 0xFC, 0xFF, 0xF7, 0xFF, 0xDE, 0x00, 0xF0, 0x03,
    0xC0, 0x0F, 0x00, 0x3E, 0x0C, 0xFF, 0xF1, 0xFF, 0xC3, 0xFE, 0x01, 0xC0, 0x06, 0x01, 0xC0, 0x3C,
    0x07, 0x00, 0x00, 0x0E, 0x07, 0xE1, 0xFC, 0x7F, 0x8F, 0x01, 0xE0, 0x3C, 0x63, 0xFF, 0xFF, 0xFF,
    0xF7, 0xF8, 0x00, 0x00, 0x03, 0x00, 0x0F, 0x00, 0x1E, 0x00, 0x1C, 0x00, 0x00, 0x00, 0xF8, 0x07,
    0xF8, 0x1F, 0xF8, 0x3C, 0xF0, 0x7D, 0xE0, 0x7F, 0x80, 0x7F, 0x07, 0xFF, 0xCF, 0xFF, 0xDF, 0x7F,
    0x00, 0x00, 0x00, 0x01, 0x80, 0x00, 0x0E, 0x00, 0x00, 0xF0, 0x00, 0x03, 0x80, 0x00, 0x00, 0x00,
    0x00, 0x00, 0x00, 0x0F, 0x80, 0x00, 0xFE, 0x00, 0x0F, 0xF0, 0x00, 0x7B, 0xDC, 0x03, 0x9E, 0xE0,
    0x1F, 0xFF, 0x00, 0xFF, 0xF8, 0x07, 0xFF, 0xE0, 0x07, 0xEF, 0xFF, 0xFE, 0x7F, 0xFF, 0xF1, 0xFF,
    0xFF, 0x01, 0xFF, 0x80, 0x00, 0x00, 0x60, 0x00, 0x00, 0x78, 0x00, 0x00, 0x3C, 0x00, 0x00, 0x0C,
    0x00, 0x00, 0x00, 0x00, 0x00, 0x00, 0x00, 0x00, 0x07, 0xC0, 0x00, 0x07, 0xF0, 0x70, 0x03, 0xFC,
    0x38, 0x03, 0xDE, 0x3C, 0x01, 0xE7, 0x1E, 0x00, 0xF7, 0x8F, 0x80, 0x3F, 0xC3, 0xFF, 0xFF, 0xFD,
    0xFF, 0xFF, 0xFE, 0x7F, 0xFF, 0xFF, 0x07, 0xFC, 0x00, 0x00, 0x04, 0x03, 0x80, 0xE0, 0x38, 0x00,
    0x00, 0x01, 0xF0, 0xFE, 0x7F, 0x9E, 0xF7, 0xBD, 0xFF, 0x7F, 0xCF, 0xF0, 0xFF, 0xFE, 0xFF, 0xBF,
    0x80, 0x00, 0x06, 0x00, 0x70, 0x03, 0xC0, 0x1C, 0x00, 0x00, 0x00, 0x00, 0x7C, 0x07, 0xF0, 0x7F,
    0xC3, 0xDE, 0x1E, 0xF0, 0xF7, 0x83, 0xFC, 0x7F, 0xFF, 0xFF, 0xFF, 0xFF, 0x00, 0x00, 0x00, 0x22,
    0x00, 0x3B, 0x80, 0x1F, 0xC0, 0x0E, 0xC0, 0x00, 0x00, 0x00, 0xE0, 0x01, 0xF8, 0x00, 0xFE, 0x00,
    0xFF, 0x38, 0x73, 0xDC, 0x3D, 0xFE, 0x1F, 0xFF, 0x0F, 0xFF, 0x83, 0xFF, 0xC0, 0x3D, 0xF8, 0x7E,
    0x7F, 0xFE, 0x1F, 0xFE, 0x07, 0xFC, 0x00, 0x00, 0x20, 0x00, 0x07, 0xF0, 0x00, 0x7F, 0x00, 0x07,
    0x60, 0x00, 0x00, 0x00, 0x00, 0x00, 0x00, 0x3E, 0x00, 0x07, 0xF0, 0x00, 0xFF, 0x00, 0x0F, 0x78,
    0x70, 0xE7, 0x87, 0x0F, 0xFE, 0xF0, 0xFF, 0xFF, 0x07, 0xFF, 0xF0, 0x0F, 0x8F, 0x80, 0xF0, 0x7F,
    0xFE, 0x07, 0xFF, 0xE0, 0x3F, 0xF8, 0x00, 0xFE, 0x00, 0x11, 0x0E, 0xE3, 0xF8, 0xEE, 0x00, 0x00,
    0x01, 0xF0, 0xFE, 0x7F, 0x9E, 0xF7, 0xBD, 0xFF, 0x7F, 0xCF, 0xF0, 0xFF, 0xFE, 0xFF, 0xBF, 0x80,
    0x00, 0x11, 0x01, 0xDC, 0x0F, 0xE0, 0x37, 0x00, 0x00, 0x00, 0x00, 0x7C, 0x07, 0xF0, 0x7F, 0xC3,
    0xDE, 0x1E, 0xF0, 0xF7, 0x83, 0xFC, 0x7F, 0xFF, 0xFF, 0xFF, 0xFF, 0x00, 0x00, 0x00, 0x01, 0xC0,
    0x00, 0x38, 0x00, 0x07, 0x00, 0x18, 0xE0, 0x07, 0x1C, 0x01, 0xE3, 0x80, 0x38, 0x78, 0x07, 0x8F,
    0x70, 0x71, 0xEE, 0x3E, 0x3F, 0xC7, 0x87, 0xF8, 0x40, 0xFF, 0x80, 0x3E, 0xFF, 0xFF, 0x9F, 0xFF,
    0xF1, 0xFF, 0xFC, 0x07, 0xFC, 0x00, 0x00, 0x01, 0xC0, 0x00, 0x07, 0x00, 0x00, 0x1C, 0x00, 0x0C,
    0x70, 0x00, 0x71, 0xC0, 0x03, 0xC7, 0x00, 0x0E, 0x1E, 0x00, 0x3C, 0x78, 0x70, 0x71, 0xE1, 0xC7,
    0xC7, 0x8F, 0x1E, 0x1E, 0x3C, 0x20, 0x78, 0xF8, 0x03, 0xE1, 0xFF, 0xFF, 0xF7, 0xFF, 0xFF, 0xCF,
    0xFF, 0xFF, 0x07, 0xFC, 0x00, 0x01, 0x81, 0xE1, 0xFD, 0xFE, 0xFC, 0x3E, 0x0F, 0xC1, 0xF8, 0x3E,
    0x07, 0xC0, 0xF0, 0x3C, 0xFF, 0x3F, 0xCF, 0xE0, 0x00, 0x01, 0x80, 0x3C, 0x07, 0xF0, 0xFF, 0x0F,
    0xE0, 0x7C, 0x03, 0xE0, 0x0F, 0x80, 0x3E, 0x00, 0xF8, 0x03, 0xC0, 0x1F, 0x8F, 0xFF, 0x7F, 0xFF,
    0xFB, 0xC0, 0x00, 0x00, 0x1C, 0x00, 0x38, 0x00, 0x70, 0x00, 0xE0, 0x01, 0xC0, 0x03, 0x80, 0x07,
    0x80, 0x0F, 0x00, 0x1E, 0x00, 0x3C, 0x00, 0x7B, 0x80, 0xF7, 0x01, 0xFE, 0x03, 0xFC, 0x07, 0xF8,
    0x0E, 0xF0, 0x3C, 0xF8, 0xF9, 0xFF, 0xE1, 0xFF, 0x80, 0xFE, 0x00, 0x00, 0x1C, 0x00, 0x03, 0x80,
    0x00, 0x70, 0x00, 0x0E, 0x00, 0x01, 0xC0, 0x00, 0x38, 0x00, 0x07, 0x00, 0x00, 0xE0, 0x00, 0x1E,
    0x00, 0x03, 0xC0, 0x00, 0x78, 0x38, 0x0F, 0x07, 0x01, 0xE1, 0xE0, 0x3F, 0xBC, 0x07, 0xF7, 0x80,
    0xFE, 0xF0, 0x3C, 0x0F, 0x8F, 0x81, 0xFF, 0xE0, 0x1F, 0xF8, 0x00, 0xFE, 0x00, 0x39, 0xE7, 0x9E,
    0x38, 0xE3, 0x8E, 0x38, 0xE3, 0x8E, 0x3B, 0xEF, 0xBC, 0x00, 0x38, 0x3C, 0x1E, 0x07, 0x03, 0x81,
    0xC0, 0xE0, 0x70, 0x38, 0x1C, 0x0E, 0x07, 0x83, 0xC7, 0xFF, 0xFF, 0xFF, 0x00, 0x00, 0x06, 0x03,
    0xF0, 0xFF, 0x3F, 0xE7, 0x9E, 0x23, 0xC7, 0xF9, 0xFF, 0x7F, 0xFF, 0x3B, 0xC0, 0x78, 0x0F, 0x01,
    0xE0, 0x3C, 0x07, 0x80, 0x70, 0x0E, 0x00, 0x00, 0x00, 0x03, 0xC0, 0x0F, 0xE0, 0x1F, 0xE0, 0x3F,
    0xF0, 0x7C, 0x70, 0x7E, 0x78, 0xFF, 0xFE, 0xFF, 0xFF, 0xF7, 0xFF, 0xF1, 0xC0, 0xF0, 0x00, 0xF0,
    0x00, 0xF0, 0x00, 0xF0, 0x00, 0x70, 0x00, 0x78, 0x00, 0x78, 0x00, 0x00, 0x00, 0x07, 0x80, 0xFC,
    0x1F, 0xE3, 0xFE, 0x3C, 0xE7, 0xCE, 0xFF, 0xEF, 0xFE, 0xEF, 0xC0, 0x00, 0x07, 0x80, 0x3F, 0x80,
    0x7F, 0x01, 0xFF, 0x03, 0x9E, 0x0F, 0x9E, 0x3F, 0xFF, 0xFF, 0xFF, 0xEF, 0xFE, 0x07, 0x00, 0x03,
    0x00, 0x07, 0x00, 0x1E, 0x00, 0x1C, 0x00, 0x00, 0x80, 0x07, 0x80, 0x0F, 0x38, 0x0E, 0x70, 0x1F,
    0xE0, 0x3F, 0xC0, 0x7F, 0x80, 0xFF, 0x03, 0xCF, 0xDF, 0x9F, 0xFE, 0x1F, 0xF8, 0x1F, 0xE0, 0x03,
    0x00, 0x00, 0x70, 0x00, 0x1E, 0x00, 0x01, 0xC0, 0x00, 0x00, 0x00, 0x00, 0x78, 0x00, 0x0F, 0x03,
    0x80, 0xE0, 0x70, 0x1E, 0x1E, 0x03, 0xFB, 0xC0, 0x7F, 0xF8, 0x0F, 0xFF, 0x03, 0xC0, 0xFD, 0xF8,
    0x1F, 0xFE, 0x01, 0xFF, 0xC0, 0x1F, 0xE0, 0x00, 0x31, 0xE7, 0x8C, 0x00, 0xE7, 0x8F, 0x3C, 0xF3,
    0xCF, 0xFF, 0xEF, 0x00, 0x18, 0x0F, 0x03, 0xC0, 0x70, 0x00, 0x00, 0x01, 0xC0, 0xF0, 0x3C, 0x0F,
    0x0F, 0xFF, 0xFF, 0xFF, 0xC0, 0x00, 0x00, 0x07, 0x03, 0xE0, 0xFC, 0x3F, 0x1F, 0xE7, 0x3B, 0xCE,
    0xF3, 0xBF, 0xE7, 0xF8, 0xFC, 0x00, 0x00, 0x03, 0x80, 0x0F, 0x00, 0x7C, 0x07, 0xF0, 0x7F, 0xC1,
    0xFF, 0x0F, 0x3C, 0x3C, 0xF0, 0xFF, 0xC1, 0xFF, 0x07, 0xFF, 0x87, 0xFF, 0x00, 0xF8, 0x00, 0x00,
    0x08, 0x00, 0xE0, 0x0F, 0xC0, 0x7F, 0x03, 0xFC, 0x3F, 0xF1, 0xCF, 0xCF, 0xFF, 0x7F, 0x7F, 0xFF,
    0xFF, 0xFF, 0xFF, 0xE0, 0x08, 0x00, 0x07, 0x80, 0x7F, 0x01, 0xFC, 0x0F, 0x70, 0x3D, 0xC1, 0xE7,
    0x07, 0xFC, 0x3F, 0xFF, 0xFF, 0xFF, 0xFF, 0xF7, 0x8E, 0x0F, 0xF8, 0x3F, 0xE0, 0x7F, 0x80, 0x78,
    0x00, 0x0E, 0x0F, 0xC3, 0xF9, 0xFE, 0x73, 0xDC, 0xF7, 0xFD, 0xFF, 0x3F, 0xC3, 0xE7, 0xFB, 0xFC,
    0x7E, 0x1E, 0x00, 0x0E, 0x01, 0xF8, 0x0F, 0xE0, 0xFF, 0x07, 0x3C, 0x39, 0xE1, 0xFF, 0xEF, 0xFF,
    0x3F, 0xF8, 0x7C, 0x1F, 0xE1, 0xFE, 0x07, 0xE0, 0x3C, 0x00, 0x00, 0x1F, 0x80, 0x1F, 0xC0, 0x1F,
    0xC0, 0x1F, 0x20, 0x0E, 0x03, 0x87, 0x01, 0xC3, 0xE1, 0xE1, 0xFC, 0xF0, 0x3F, 0x78, 0x07, 0xBC,
    0x03, 0xCF, 0xDF, 0xE7, 0xFF, 0xE1, 0xFF, 0xE0, 0x3F, 0xC0, 0x00, 0x00, 0x0E, 0x00, 0x01, 0xC0,
    0xF8, 0x78, 0x1F, 0xEF, 0x03, 0xFF, 0xE0, 0x1F, 0xBC, 0x03, 0xC3, 0xFB, 0xF8, 0x7F, 0xFE, 0x07,
    0xFF, 0x80, 0x3F, 0xC0, 0x00, 0x00, 0x1F, 0x80, 0x1F, 0xC0, 0x1F, 0xC0, 0x1F, 0x20, 0x0E, 0x03,
    0x87, 0x01, 0xC3, 0xE1, 0xE1, 0xFC, 0xF0, 0x3F, 0x78, 0x07, 0xBC, 0x03, 0xCF, 0xDF, 0xE7, 0xFF,
    0xE1, 0xFF, 0xE0, 0x3F, 0xC0, 0x00, 0x00, 0x00, 0x00, 0x07, 0x70, 0x03, 0xF8, 0x01, 0xDC, 0x00,
    0x00, 0x00, 0x0E, 0x00, 0x01, 0xC0, 0xF8, 0x78, 0x1F, 0xEF, 0x03, 0xFF, 0xE0, 0x1F, 0xBC, 0x03,
    0xC3, 0xFB, 0xF8, 0x7F, 0xFE, 0x07, 0xFF, 0x80, 0x3F, 0xC0, 0x00, 0x00, 0x00, 0x00, 0x00, 0x0F,
    0xC0, 0x03, 0xFC, 0x00, 0x3F, 0x00, 0x3C, 0x78, 0xF0, 0xE1, 0xE3, 0xC7, 0xFE, 0xFD, 0xF0, 0x00,
    0x0E, 0xFF, 0xFB, 0x80, 0x00, 0x03, 0xC0, 0x70, 0x0E, 0x03, 0xE1, 0xFF, 0xBF, 0xFF, 0xBE, 0x00,
    0x00, 0x01, 0xF8, 0x7F, 0x87, 0xE0, 0x00, 0x00, 0xFE, 0x31, 0xFD, 0xE0, 0x31, 0xC0, 0xC3, 0x83,
    0xC7, 0x07, 0xCE, 0x07, 0xFC, 0x07, 0xF8, 0x03, 0xF0, 0x03, 0xE0, 0x0F, 0xE0, 0x3F, 0xC0, 0xFB,
    0x83, 0xFF, 0x07, 0xFE, 0x0F, 0xF8, 0x00, 0x00, 0x7F, 0x00, 0xFF, 0x70, 0x0E, 0xF0, 0x00, 0xF0,
    0x20, 0x70, 0x70, 0x70, 0x78, 0x70, 0x7C, 0x70, 0x3E, 0x70, 0x1F, 0x70, 0x0F, 0xF0, 0x07, 0xF0,
    0x03, 0xF8, 0x07, 0xF8, 0x7F, 0xFF, 0x7F, 0xFF, 0x7F, 0x3F, 0x00, 0x00, 0x70, 0x07, 0x80, 0x3C,
    0x01, 0xE0, 0xCF, 0x9E, 0x78, 0x70, 0xC3, 0x8F, 0x1C, 0x7C, 0xE1, 0xFF, 0x07, 0xF8, 0x0F, 0xC0,
    0x3E, 0x03, 0xF8, 0x3F, 0xC3, 0xEE, 0x3F, 0xF1, 0xFF, 0x8F, 0xF8, 0x18, 0x00, 0x3C, 0x00, 0x38,
    0x00, 0x3C, 0x00, 0x3E, 0x70, 0x3C, 0xF0, 0x00, 0xF0, 0x20, 0x70, 0x70, 0x70, 0x78, 0x70, 0x7C,
    0x70, 0x3E, 0x70, 0x1F, 0x70, 0x0F, 0xF0, 0x07, 0xF0, 0x03, 0xF8, 0x07, 0xF8, 0x7F, 0xFF, 0x7F,
    0xFF, 0x7F, 0x3F, 0x00, 0x00, 0x00, 0x60, 0x0F, 0x00, 0x38, 0x61, 0xC7, 0x8E, 0x3E, 0x70, 0xFF,
    0x83, 0xFC, 0x07, 0xE0, 0x1F, 0x01, 0xFC, 0x1F, 0xE1, 0xF7, 0x1F, 0xF8, 0xFF, 0xC7, 0xFC, 0x0C,
    0x00, 0xE0, 0x0F, 0x00, 0x7C, 0x03, 0xE0, 0x1E, 0x00, 0x00, 0x00, 0x00, 0x70, 0x00, 0xF0, 0x00,
    0xF0, 0x20, 0x70, 0x70, 0x70, 0x78, 0x70, 0x7C, 0x70, 0x3E, 0x70, 0x1F, 0x70, 0x0F, 0xF0, 0x07,
    0xF0, 0x03, 0xF8, 0x07, 0xF8, 0x7F, 0xFF, 0x7F, 0xFF, 0x7F, 0x3F, 0x1C, 0x00, 0x1C, 0x00, 0x3C,
    0x00, 0x3E, 0x00, 0x3E, 0x00, 0x3C, 0x00, 0x00, 0x00, 0x00, 0x60, 0x0F, 0x00, 0x38, 0x61, 0xC7,
    0x8E, 0x3E, 0x70, 0xFF, 0x83, 0xFC, 0x07, 0xE0, 0x1F, 0x01, 0xFC, 0x1F, 0xE1, 0xF7, 0x1F, 0xF8,
    0xFF, 0xC7, 0xFC, 0x00, 0x70, 0x00, 0xF0, 0x00, 0xF0, 0x20, 0x70, 0x70, 0x70, 0x78, 0x70, 0x7C,
    0x70, 0x3E, 0x70, 0x1F, 0x70, 0x0F, 0xF0, 0x07, 0xF0, 0x03, 0xF8, 0x07, 0xF8, 0x7F, 0xFF, 0x7F,
    0xFF, 0x7F, 0x3F, 0x00, 0x00,
};

static const EpdGlyph ia_duospace_10_boldGlyphs[] = {
    { 0, 0, 0, 0, 0, 0, 0 }, // U+0000
    { 0, 0, 87, 0, 0, 0, 0 }, // U+000D
    { 0, 0, 200, 0, 0, 0, 0 }, // U+0020
    { 5, 15, 200, 4, 15, 10, 0 }, // !
    { 8, 7, 200, 2, 15, 7, 10 }, // "
    { 13, 15, 200, 0, 15, 25, 17 }, // #
    { 12, 19, 200, 0, 17, 29, 42 }, // $
    { 19, 15, 300, 0, 15, 36, 71 }, // %
    { 13, 15, 200, 0, 15, 25, 107 }, // &
    { 4, 7, 200, 4, 15, 4, 132 }, // '
    { 9, 18, 200, 3, 15, 21, 136 }, // (
    { 8, 18, 200, 1, 15, 18, 157 }, // )
    { 12, 11, 200, 0, 11, 17, 175 }, // *
    { 11, 10, 200, 1, 11, 14, 192 }, // +
    { 6, 7, 200, 3, 4, 6, 206 }, // ,
    { 8, 3, 200, 2, 8, 3, 212 }, // -
    { 5, 4, 200, 4, 4, 3, 215 }, // .
    { 10, 19, 200, 1, 15, 24, 218 }, // /
    { 12, 15, 200, 0, 15, 23, 242 }, // 0
    { 13, 15, 200, 0, 15, 25, 265 }, // 1
    { 12, 15, 200, 0, 15, 23, 290 }, // 2
    { 12, 15, 200, 0, 15, 23, 313 }, // 3
    { 12, 15, 200, 0, 15, 23, 336 }, // 4
    { 12, 15, 200, 0, 15, 23, 359 }, // 5
    { 12, 15, 200, 0, 15, 23, 382 }, // 6
    { 11, 15, 200, 1, 15, 21, 405 }, // 7
    { 12, 15, 200, 0, 15, 23, 426 }, // 8
    { 12, 15, 200, 0, 15, 23, 449 }, // 9
    { 5, 11, 200, 4, 11, 7, 472 }, // :
    { 6, 14, 200, 3, 11, 11, 479 }, // ;
    { 10, 13, 200, 1, 13, 17, 490 }, // <
    { 11, 8, 200, 1, 11, 11, 507 }, // =
    { 10, 13, 200, 1, 13, 17, 518 }, // >
    { 10, 15, 200, 1, 15, 19, 535 }, // ?
    { 17, 18, 300, 1, 15, 39, 554 }, // @
    { 13, 15, 200, 0, 15, 25, 593 }, // A
    { 11, 15, 200, 1, 15, 21, 618 }, // B
    { 12, 15, 200, 0, 15, 23, 639 }, // C
    { 11, 15, 200, 1, 15, 21, 662 }, // D
    { 10, 15, 200, 1, 15, 19, 683 }, // E
    { 11, 15, 200, 1, 15, 21, 702 }, // F
    { 12, 15, 200, 0, 15, 23, 723 }, // G
    { 11, 15, 200, 1, 15, 21, 746 }, // H
    { 10, 15, 200, 1, 15, 19, 767 }, // I
    { 11, 15, 200, 0, 15, 21, 786 }, // J
    { 12, 15, 200, 1, 15, 23, 807 }, // K
    { 11, 15, 200, 1, 15, 21, 830 }, // L
    { 15, 15, 300, 2, 15, 29, 851 }, // M
    { 11, 15, 200, 1, 15, 21, 880 }, // N
    { 12, 15, 200, 0, 15, 23, 901 }, // O
    { 11, 15, 200, 1, 15, 21, 924 }, // P
    { 14, 16, 200, 0, 15, 28, 945 }, // Q
    { 11, 15, 200, 1, 15, 21, 973 }, // R
    { 12, 15, 200, 0, 15, 23, 994 }, // S
    { 12, 15, 200, 0, 15, 23, 1017 }, // T
    { 11, 15, 200, 1, 15, 21, 1040 }, // U
    { 13, 15, 200, 0, 15, 25, 1061 }, // V
    { 20, 15, 300, -1, 15, 38, 1086 }, // W
    { 13, 15, 200, 0, 15, 25, 1124 }, // X
    { 13, 15, 200, 0, 15, 25, 1149 }, // Y
    { 11, 15, 200, 1, 15, 21, 1174 }, // Z
    { 8, 19, 200, 3, 15, 19, 1195 }, // [
    { 10, 19, 200, 1, 15, 24, 1214 }, // <backslash>
    { 8, 19, 200, 1, 15, 19, 1238 }, // ]
    { 12, 10, 200, 0, 15, 15, 1257 }, // ^
    { 11, 3, 200, 1, -1, 5, 1272 }, // _
    { 6, 7, 200, 2, 18, 6, 1277 }, // `
    { 11, 11, 200, 1, 11, 16, 1283 }, // a
    { 11, 15, 200, 1, 15, 21, 1299 }, // b
    { 11, 11, 200, 1, 11, 16, 1320 }, // c
    { 12, 15, 200, 0, 15, 23, 1336 }, // d
    { 11, 11, 200, 1, 11, 16, 1359 }, // e
    { 11, 15, 200, 1, 15, 21, 1375 }, // f
    { 12, 15, 200, 0, 11, 23, 1396 }, // g
    { 11, 15, 200, 1, 15, 21, 1419 }, // h
    { 11, 15, 200, 1, 15, 21, 1440 }, // i
    { 9, 19, 200, 1, 15, 22, 1461 }, // j
    { 12, 15, 200, 1, 15, 23, 1483 }, // k
    { 11, 15, 200, 1, 15, 21, 1506 }, // l
    { 17, 11, 300, 1, 11, 24, 1527 }, // m
    { 11, 11, 200, 1, 11, 16, 1551 }, // n
    { 12, 11, 200, 0, 11, 17, 1567 }, // o
    { 11, 15, 200, 1, 11, 21, 1584 }, // p
    { 12, 15, 200, 0, 11, 23, 1605 }, // q
    { 11, 11, 200, 1, 11, 16, 1628 }, // r
    { 11, 11, 200, 1, 11, 16, 1644 }, // s
    { 12, 15, 200, 0, 15, 23, 1660 }, // t
    { 11, 11, 200, 1, 11, 16, 1683 }, // u
    { 12, 11, 200, 0, 11, 17, 1699 }, // v
    { 17, 11, 300, 1, 11, 24, 1716 }, // w
    { 13, 11, 200, 0, 11, 18, 1740 }, // x
    { 13, 15, 200, 0, 11, 25, 1758 }, // y
    { 11, 11, 200, 1, 11, 16, 1783 }, // z
    { 10, 19, 200, 1, 15, 24, 1799 }, // {
    { 4, 18, 200, 4, 15, 9, 1823 }, // |
    { 10, 19, 200, 1, 15, 24, 1832 }, // }
    { 12, 4, 200, 0, 8, 6, 1856 }, // ~
    { 0, 0, 200, 0, 0, 0, 1862 }, // U+00A0
    { 5, 15, 200, 4, 11, 10, 1862 }, // U+00A1
    { 11, 16, 200, 1, 14, 22, 1872 }, // U+00A2
    { 12, 15, 200, 0, 15, 23, 1894 }, // U+00A3
    { 13, 15, 200, 0, 15, 25, 1917 }, // U+00A5
    { 4, 18, 200, 4, 15, 9, 1942 }, // U+00A6
    { 11, 19, 200, 1, 15, 27, 1951 }, // U+00A7
    { 9, 3, 200, 2, 15, 4, 1978 }, // U+00A8
    { 15, 16, 300, 2, 15, 30, 1982 }, // U+00A9
    { 9, 8, 200, 2, 15, 9, 2012 }, // U+00AA
    { 11, 11, 200, 1, 11, 16, 2021 }, // U+00AB
    { 10, 7, 200, 1, 8, 9, 2037 }, // U+00AC
    { 8, 3, 200, 2, 8, 3, 2046 }, // U+00AD
    { 9, 8, 200, 2, 15, 9, 2049 }, // U+00AE
    { 7, 3, 200, 3, 16, 3, 2058 }, // U+00AF
    { 9, 8, 200, 2, 15, 9, 2061 }, // U+00B0
    { 11, 13, 200, 1, 13, 18, 2070 }, // U+00B1
    { 7, 8, 200, 3, 15, 7, 2088 }, // U+00B2
    { 8, 8, 200, 2, 15, 8, 2095 }, // U+00B3
    { 6, 7, 200, 4, 18, 6, 2103 }, // U+00B4
    { 11, 15, 200, 1, 11, 21, 2109 }, // U+00B5
    { 12, 18, 200, 0, 15, 27, 2130 }, // U+00B6
    { 5, 4, 200, 4, 8, 3, 2157 }, // U+00B7
    { 7, 6, 200, 3, 1, 6, 2160 }, // U+00B8
    { 7, 8, 200, 3, 15, 7, 2166 }, // U+00B9
    { 9, 8, 200, 2, 15, 9, 2173 }, // U+00BA
    { 11, 11, 200, 1, 11, 16, 2182 }, // U+00BB
    { 13, 15, 200, 0, 15, 25, 2198 }, // U+00BC
    { 13, 15, 200, 0, 15, 25, 2223 }, // U+00BD
    { 13, 15, 200, 0, 15, 25, 2248 }, // U+00BE
    { 11, 15, 200, 1, 11, 21, 2273 }, // U+00BF
    { 13, 21, 200, 0, 21, 35, 2294 }, // U+00C0
    { 13, 21, 200, 0, 21, 35, 2329 }, // U+00C1
    { 13, 20, 200, 0, 20, 33, 2364 }, // U+00C2
    { 13, 19, 200, 0, 19, 31, 2397 }, // U+00C3
    { 13, 19, 200, 0, 19, 31, 2428 }, // U+00C4
    { 13, 21, 200, 0, 21, 35, 2459 }, // U+00C5
    { 19, 15, 300, 0, 15, 36, 2494 }, // U+00C6
    { 12, 19, 200, 0, 15, 29, 2530 }, // U+00C7
    { 10, 21, 200, 1, 21, 27, 2559 }, // U+00C8
    { 10, 21, 200, 1, 21, 27, 2586 }, // U+00C9
    { 10, 20, 200, 1, 20, 25, 2613 }, // U+00CA
    { 10, 19, 200, 1, 19, 24, 2638 }, // U+00CB
    { 10, 21, 200, 1, 21, 27, 2662 }, // U+00CC
    { 10, 21, 200, 1, 21, 27, 2689 }, // U+00CD
    { 10, 20, 200, 1, 20, 25, 2716 }, // U+00CE
    { 10, 19, 200, 1, 19, 24, 2741 }, // U+00CF
    { 12, 15, 200, 0, 15, 23, 2765 }, // U+00D0
    { 11, 19, 200, 1, 19, 27, 2788 }, // U+00D1
    { 12, 21, 200, 0, 21, 32, 2815 }, // U+00D2
    { 12, 21, 200, 0, 21, 32, 2847 }, // U+00D3
    { 12, 20, 200, 0, 20, 30, 2879 }, // U+00D4
    { 12, 19, 200, 0, 19, 29, 2909 }, // U+00D5
    { 12, 19, 200, 0, 19, 29, 2938 }, // U+00D6
    { 11, 11, 200, 1, 12, 16, 2967 }, // U+00D7
    { 13, 19, 200, 0, 17, 31, 2983 }, // U+00D8
    { 11, 21, 200, 1, 21, 29, 3014 }, // U+00D9
    { 11, 21, 200, 1, 21, 29, 3043 }, // U+00DA
    { 11, 20, 200, 1, 20, 28, 3072 }, // U+00DB
    { 11, 19, 200, 1, 19, 27, 3100 }, // U+00DC
    { 13, 21, 200, 0, 21, 35, 3127 }, // U+00DD
    { 11, 15, 200, 1, 15, 21, 3162 }, // U+00DE
    { 13, 15, 200, 0, 15, 25, 3183 }, // U+00DF
    { 11, 18, 200, 1, 18, 25, 3208 }, // U+00E0
    { 11, 18, 200, 1, 18, 25, 3233 }, // U+00E1
    { 11, 16, 200, 1, 16, 22, 3258 }, // U+00E2
    { 11, 15, 200, 1, 15, 21, 3280 }, // U+00E3
    { 11, 15, 200, 1, 15, 21, 3301 }, // U+00E4
    { 11, 17, 200, 1, 17, 24, 3322 }, // U+00E5
    { 17, 11, 300, 1, 11, 24, 3346 }, // U+00E6
    { 11, 15, 200, 1, 11, 21, 3370 }, // U+00E7
    { 11, 18, 200, 1, 18, 25, 3391 }, // U+00E8
    { 11, 18, 200, 1, 18, 25, 3416 }, // U+00E9
    { 11, 16, 200, 1, 16, 22, 3441 }, // U+00EA
    { 11, 15, 200, 1, 15, 21, 3463 }, // U+00EB
    { 11, 18, 200, 1, 18, 25, 3484 }, // U+00EC
    { 11, 18, 200, 1, 18, 25, 3509 }, // U+00ED
    { 11, 16, 200, 1, 16, 22, 3534 }, // U+00EE
    { 11, 15, 200, 1, 15, 21, 3556 }, // U+00EF
    { 12, 16, 200, 0, 16, 24, 3577 }, // U+00F0
    { 11, 15, 200, 1, 15, 21, 3601 }, // U+00F1
    { 12, 18, 200, 0, 18, 27, 3622 }, // U+00F2
    { 12, 18, 200, 0, 18, 27, 3649 }, // U+00F3
    { 12, 16, 200, 0, 16, 24, 3676 }, // U+00F4
    { 12, 15, 200, 0, 15, 23, 3700 }, // U+00F5
    { 12, 15, 200, 0, 15, 23, 3723 }, // U+00F6
    { 11, 11, 200, 1, 12, 16, 3746 }, // U+00F7
    { 13, 13, 200, 0, 12, 22, 3762 }, // U+00F8
    { 11, 18, 200, 1, 18, 25, 3784 }, // U+00F9
    { 11, 18, 200, 1, 18, 25, 3809 }, // U+00FA
    { 11, 16, 200, 1, 16, 22, 3834 }, // U+00FB
    { 11, 15, 200, 1, 15, 21, 3856 }, // U+00FC
    { 13, 22, 200, 0, 18, 36, 3877 }, // U+00FD
    { 11, 19, 200, 1, 15, 27, 3913 }, // U+00FE
    { 13, 19, 200, 0, 15, 31, 3940 }, // U+00FF
    { 13, 19, 200, 0, 19, 31, 3971 }, // U+0100
    { 11, 16, 200, 1, 16, 22, 4002 }, // U+0101
    { 13, 20, 200, 0, 20, 33, 4024 }, // U+0102
    { 11, 17, 200, 1, 17, 24, 4057 }, // U+0103
    { 14, 19, 200, 0, 15, 34, 4081 }, // U+0104
    { 12, 15, 200, 1, 11, 23, 4115 }, // U+0105
    { 12, 21, 200, 0, 21, 32, 4138 }, // U+0106
    { 11, 18, 200, 1, 18, 25, 4170 }, // U+0107
    { 12, 20, 200, 0, 20, 30, 4195 }, // U+0108
    { 11, 16, 200, 1, 16, 22, 4225 }, // U+0109
    { 12, 19, 200, 0, 19, 29, 4247 }, // U+010A
    { 11, 15, 200, 1, 15, 21, 4276 }, // U+010B
    { 12, 21, 200, 0, 21, 32, 4297 }, // U+010C
    { 11, 17, 200, 1, 17, 24, 4329 }, // U+010D
    { 11, 21, 200, 1, 21, 29, 4353 }, // U+010E
    { 14, 15, 200, 0, 15, 27, 4382 }, // U+010F
    { 12, 15, 200, 0, 15, 23, 4409 }, // U+0110
    { 13, 15, 200, 0, 15, 25, 4432 }, // U+0111
    { 10, 19, 200, 1, 19, 24, 4457 }, // U+0112
    { 11, 16, 200, 1, 16, 22, 4481 }, // U+0113
    { 10, 20, 200, 1, 20, 25, 4503 }, // U+0114
    { 11, 17, 200, 1, 17, 24, 4528 }, // U+0115
    { 10, 19, 200, 1, 19, 24, 4552 }, // U+0116
    { 11, 15, 200, 1, 15, 21, 4576 }, // U+0117
    { 11, 19, 200, 1, 15, 27, 4597 }, // U+0118
    { 11, 15, 200, 1, 11, 21, 4624 }, // U+0119
    { 10, 21, 200, 1, 21, 27, 4645 }, // U+011A
    { 11, 17, 200, 1, 17, 24, 4672 }, // U+011B
    { 12, 20, 200, 0, 20, 30, 4696 }, // U+011C
    { 12, 20, 200, 0, 16, 30, 4726 }, // U+011D
    { 12, 20, 200, 0, 20, 30, 4756 }, // U+011E
    { 12, 21, 200, 0, 17, 32, 4786 }, // U+011F
    { 12, 19, 200, 0, 19, 29, 4818 }, // U+0120
    { 12, 19, 200, 0, 15, 29, 4847 }, // U+0121
    { 12, 21, 200, 0, 15, 32, 4876 }, // U+0122
    { 12, 20, 200, 0, 16, 30, 4908 }, // U+0123
    { 11, 20, 200, 1, 20, 28, 4938 }, // U+0124
    { 14, 20, 200, -2, 20, 35, 4966 }, // U+0125
    { 13, 15, 200, 0, 15, 25, 5001 }, // U+0126
    { 12, 15, 200, 0, 15, 23, 5026 }, // U+0127
    { 10, 19, 200, 1, 19, 24, 5049 }, // U+0128
    { 11, 15, 200, 1, 15, 21, 5073 }, // U+0129
    { 10, 19, 200, 1, 19, 24, 5094 }, // U+012A
    { 11, 16, 200, 1, 16, 22, 5118 }, // U+012B
    { 10, 20, 200, 1, 20, 25, 5140 }, // U+012C
    { 11, 17, 200, 1, 17, 24, 5165 }, // U+012D
    { 11, 19, 200, 1, 15, 27, 5189 }, // U+012E
    { 12, 19, 200, 1, 15, 29, 5216 }, // U+012F
    { 10, 19, 200, 1, 19, 24, 5245 }, // U+0130
    { 11, 11, 200, 1, 11, 16, 5269 }, // U+0131
    { 10, 15, 200, 1, 15, 19, 5285 }, // U+0132
    { 11, 19, 200, 1, 15, 27, 5304 }, // U+0133
    { 11, 20, 200, 0, 20, 28, 5331 }, // U+0134
    { 11, 20, 200, 1, 16, 28, 5359 }, // U+0135
    { 12, 21, 200, 1, 15, 32, 5387 }, // U+0136
    { 12, 21, 200, 1, 15, 32, 5419 }, // U+0137
    { 12, 11, 200, 1, 11, 17, 5451 }, // U+0138
    { 11, 21, 200, 1, 21, 29, 5468 }, // U+0139
    { 11, 22, 200, 1, 22, 31, 5497 }, // U+013A
    { 11, 21, 200, 1, 15, 29, 5528 }, // U+013B
    { 11, 21, 200, 1, 15, 29, 5557 }, // U+013C
    { 11, 15, 200, 1, 15, 21, 5586 }, // U+013D
    { 12, 15, 200, 1, 15, 23, 5607 }, // U+013E
    { 11, 15, 200, 1, 15, 21, 5630 }, // U+013F
    { 12, 15, 200, 1, 15, 23, 5651 }, // U+0140
    { 12, 15, 200, 0, 15, 23, 5674 }, // U+0141
    { 11, 15, 200, 1, 15, 21, 5697 }, // U+0142
    { 11, 21, 200, 1, 21, 29, 5718 }, // U+0143
    { 11, 18, 200, 1, 18, 25, 5747 }, // U+0144
    { 11, 21, 200, 1, 15, 29, 5772 }, // U+0145
    { 11, 17, 200, 1, 11, 24, 5801 }, // U+0146
    { 11, 21, 200, 1, 21, 29, 5825 }, // U+0147
    { 11, 17, 200, 1, 17, 24, 5854 }, // U+0148
    { 12, 15, 200, 0, 15, 23, 5878 }, // U+0149
    { 11, 19, 200, 1, 15, 27, 5901 }, // U+014A
    { 11, 15, 200, 1, 11, 21, 5928 }, // U+014B
    { 12, 19, 200, 0, 19, 29, 5949 }, // U+014C
    { 12, 16, 200, 0, 16, 24, 5978 }, // U+014D
    { 12, 20, 200, 0, 20, 30, 6002 }, // U+014E
    { 12, 17, 200, 0, 17, 26, 6032 }, // U+014F
    { 12, 21, 200, 0, 21, 32, 6058 }, // U+0150
    { 12, 17, 200, 0, 17, 26, 6090 }, // U+0151
    { 17, 15, 300, 1, 15, 32, 6116 }, // U+0152
    { 19, 11, 300, 0, 11, 27, 6148 }, // U+0153
    { 11, 21, 200, 1, 21, 29, 6175 }, // U+0154
    { 11, 18, 200, 1, 18, 25, 6204 }, // U+0155
    { 11, 21, 200, 1, 15, 29, 6229 }, // U+0156
    { 11, 17, 200, 1, 11, 24, 6258 }, // U+0157
    { 11, 21, 200, 1, 21, 29, 6282 }, // U+0158
    { 11, 17, 200, 1, 17, 24, 6311 }, // U+0159
    { 12, 21, 200, 0, 21, 32, 6335 }, // U+015A
    { 11, 18, 200, 1, 18, 25, 6367 }, // U+015B
    { 12, 20, 200, 0, 20, 30, 6392 }, // U+015C
    { 11, 16, 200, 1, 16, 22, 6422 }, // U+015D
    { 12, 19, 200, 0, 15, 29, 6444 }, // U+015E
    { 11, 15, 200, 1, 11, 21, 6473 }, // U+015F
    { 12, 21, 200, 0, 21, 32, 6494 }, // U+0160
    { 11, 17, 200, 1, 17, 24, 6526 }, // U+0161
    { 12, 21, 200, 0, 15, 32, 6550 }, // U+0162
    { 12, 21, 200, 0, 15, 32, 6582 }, // U+0163
    { 12, 21, 200, 0, 21, 32, 6614 }, // U+0164
    { 12, 16, 200, 0, 16, 24, 6646 }, // U+0165
    { 12, 15, 200, 0, 15, 23, 6670 }, // U+0166
    { 12, 15, 200, 0, 15, 23, 6693 }, // U+0167
    { 11, 19, 200, 1, 19, 27, 6716 }, // U+0168
    { 11, 15, 200, 1, 15, 21, 6743 }, // U+0169
    { 11, 19, 200, 1, 19, 27, 6764 }, // U+016A
    { 11, 16, 200, 1, 16, 22, 6791 }, // U+016B
    { 11, 20, 200, 1, 20, 28, 6813 }, // U+016C
    { 11, 17, 200, 1, 17, 24, 6841 }, // U+016D
    { 11, 21, 200, 1, 21, 29, 6865 }, // U+016E
    { 11, 17, 200, 1, 17, 24, 6894 }, // U+016F
    { 11, 21, 200, 1, 21, 29, 6918 }, // U+0170
    { 11, 17, 200, 1, 17, 24, 6947 }, // U+0171
    { 11, 19, 200, 1, 15, 27, 6971 }, // U+0172
    { 11, 15, 200, 1, 11, 21, 6998 }, // U+0173
    { 20, 20, 300, -1, 20, 50, 7019 }, // U+0174
    { 17, 16, 300, 1, 16, 34, 7069 }, // U+0175
    { 13, 20, 200, 0, 20, 33, 7103 }, // U+0176
    { 13, 20, 200, 0, 16, 33, 7136 }, // U+0177
    { 13, 19, 200, 0, 19, 31, 7169 }, // U+0178
    { 11, 21, 200, 1, 21, 29, 7200 }, // U+0179
    { 11, 18, 200, 1, 18, 25, 7229 }, // U+017A
    { 11, 19, 200, 1, 19, 27, 7254 }, // U+017B
    { 11, 15, 200, 1, 15, 21, 7281 }, // U+017C
    { 11, 21, 200, 1, 21, 29, 7302 }, // U+017D
    { 11, 17, 200, 1, 17, 24, 7331 }, // U+017E
    { 13, 17, 200, 0, 17, 28, 7355 }, // U+01A0
    { 13, 14, 200, 0, 14, 23, 7383 }, // U+01A1
    { 12, 17, 200, 1, 17, 26, 7406 }, // U+01AF
    { 12, 14, 200, 1, 14, 21, 7432 }, // U+01B0
    { 13, 24, 200, 0, 24, 39, 7453 }, // U+01FA
    { 11, 21, 200, 1, 21, 29, 7492 }, // U+01FB
    { 19, 21, 300, 0, 21, 50, 7521 }, // U+01FC
    { 17, 18, 300, 1, 18, 39, 7571 }, // U+01FD
    { 13, 23, 200, 0, 21, 38, 7610 }, // U+01FE
    { 13, 19, 200, 0, 18, 31, 7648 }, // U+01FF
    { 12, 21, 200, 0, 15, 32, 7679 }, // U+0218
    { 11, 17, 200, 1, 11, 24, 7711 }, // U+0219
    { 12, 21, 200, 0, 15, 32, 7735 }, // U+021A
    { 12, 21, 200, 0, 15, 32, 7767 }, // U+021B
    { 6, 7, 0, -4, 18, 6, 7799 }, // U+0300
    { 6, 7, 0, -2, 18, 6, 7805 }, // U+0301
    { 10, 5, 0, -5, 16, 7, 7811 }, // U+0302
    { 8, 3, 0, -4, 15, 3, 7818 }, // U+0303
    { 8, 3, 0, -4, 16, 3, 7821 }, // U+0304
    { 10, 5, 0, -5, 17, 7, 7824 }, // U+0306
    { 4, 3, 0, -2, 15, 2, 7831 }, // U+0307
    { 8, 3, 0, -4, 15, 3, 7833 }, // U+0308
    { 6, 6, 0, -3, 17, 5, 7836 }, // U+0309
    { 8, 6, 0, -4, 17, 6, 7841 }, // U+030A
    { 10, 6, 0, -4, 17, 8, 7847 }, // U+030B
    { 10, 5, 0, -5, 17, 7, 7855 }, // U+030C
    { 4, 4, 0, -2, 16, 2, 7862 }, // U+0312
    { 4, 4, 0, 0, 15, 2, 7864 }, // U+0315
    { 6, 5, 0, -3, 14, 4, 7866 }, // U+031B
    { 4, 3, 0, -2, -1, 2, 7870 }, // U+0323
    { 4, 4, 0, -2, -2, 2, 7872 }, // U+0326
    { 7, 6, 0, -3, 1, 6, 7874 }, // U+0327
    { 6, 6, 0, -5, 2, 5, 7880 }, // U+0328
    { 0, 0, 0, 0, 0, 0, 7885 }, // U+034F
    { 10, 21, 200, 1, 21, 27, 7885 }, // U+0400
    { 10, 19, 200, 1, 19, 24, 7912 }, // U+0401
    { 13, 19, 200, 0, 15, 31, 7936 }, // U+0402
    { 9, 21, 200, 2, 21, 24, 7967 }, // U+0403
    { 12, 15, 200, 0, 15, 23, 7991 }, // U+0404
    { 12, 15, 200, 0, 15, 23, 8014 }, // U+0405
    { 10, 15, 200, 1, 15, 19, 8037 }, // U+0406
    { 10, 19, 200, 1, 19, 24, 8056 }, // U+0407
    { 11, 15, 200, 0, 15, 21, 8080 }, // U+0408
    { 21, 15, 300, -1, 15, 40, 8101 }, // U+0409
    { 21, 15, 300, -1, 15, 40, 8141 }, // U+040A
    { 13, 15, 200, 0, 15, 25, 8181 }, // U+040B
    { 11, 21, 200, 1, 21, 29, 8206 }, // U+040C
    { 11, 21, 200, 1, 21, 29, 8235 }, // U+040D
    { 13, 20, 200, 0, 20, 33, 8264 }, // U+040E
    { 11, 18, 200, 1, 15, 25, 8297 }, // U+040F
    { 13, 15, 200, 0, 15, 25, 8322 }, // U+0410
    { 11, 15, 200, 1, 15, 21, 8347 }, // U+0411
    { 11, 15, 200, 1, 15, 21, 8368 }, // U+0412
    { 9, 15, 200, 2, 15, 17, 8389 }, // U+0413
    { 17, 19, 300, 1, 15, 41, 8406 }, // U+0414
    { 10, 15, 200, 1, 15, 19, 8447 }, // U+0415
    { 21, 15, 300, -1, 15, 40, 8466 }, // U+0416
    { 12, 15, 200, 0, 15, 23, 8506 }, // U+0417
    { 11, 15, 200, 1, 15, 21, 8529 }, // U+0418
    { 11, 20, 200, 1, 20, 28, 8550 }, // U+0419
    { 11, 15, 200, 1, 15, 21, 8578 }, // U+041A
    { 12, 15, 200, 0, 15, 23, 8599 }, // U+041B
    { 15, 15, 300, 2, 15, 29, 8622 }, // U+041C
    { 11, 15, 200, 1, 15, 21, 8651 }, // U+041D
    { 12, 15, 200, 0, 15, 23, 8672 }, // U+041E
    { 11, 15, 200, 1, 15, 21, 8695 }, // U+041F
    { 11, 15, 200, 1, 15, 21, 8716 }, // U+0420
    { 12, 15, 200, 0, 15, 23, 8737 }, // U+0421
    { 12, 15, 200, 0, 15, 23, 8760 }, // U+0422
    { 13, 15, 200, 0, 15, 25, 8783 }, // U+0423
    { 19, 17, 300, 0, 16, 41, 8808 }, // U+0424
    { 13, 15, 200, 0, 15, 25, 8849 }, // U+0425
    { 13, 19, 200, 0, 15, 31, 8874 }, // U+0426
    { 12, 15, 200, 0, 15, 23, 8905 }, // U+0427
    { 19, 15, 300, 0, 15, 36, 8928 }, // U+0428
    { 19, 19, 300, 0, 15, 46, 8964 }, // U+0429
    { 13, 15, 200, 0, 15, 25, 9010 }, // U+042A
    { 17, 15, 300, 1, 15, 32, 9035 }, // U+042B
    { 11, 15, 200, 1, 15, 21, 9067 }, // U+042C
    { 12, 15, 200, 0, 15, 23, 9088 }, // U+042D
    { 18, 15, 300, 0, 15, 34, 9111 }, // U+042E
    { 12, 15, 200, 0, 15, 23, 9145 }, // U+042F
    { 11, 11, 200, 1, 11, 16, 9168 }, // U+0430
    { 11, 16, 200, 1, 16, 22, 9184 }, // U+0431
    { 11, 11, 200, 1, 11, 16, 9206 }, // U+0432
    { 9, 11, 200, 2, 11, 13, 9222 }, // U+0433
    { 13, 14, 200, 0, 11, 23, 9235 }, // U+0434
    { 11, 11, 200, 1, 11, 16, 9258 }, // U+0435
    { 17, 11, 300, 1, 11, 24, 9274 }, // U+0436
    { 11, 11, 200, 1, 11, 16, 9298 }, // U+0437
    { 11, 11, 200, 1, 11, 16, 9314 }, // U+0438
    { 11, 17, 200, 1, 17, 24, 9330 }, // U+0439
    { 11, 11, 200, 1, 11, 16, 9354 }, // U+043A
    { 12, 11, 200, 0, 11, 17, 9370 }, // U+043B
    { 11, 11, 200, 1, 11, 16, 9387 }, // U+043C
    { 11, 11, 200, 1, 11, 16, 9403 }, // U+043D
    { 12, 11, 200, 0, 11, 17, 9419 }, // U+043E
    { 11, 11, 200, 1, 11, 16, 9436 }, // U+043F
    { 11, 15, 200, 1, 11, 21, 9452 }, // U+0440
    { 11, 11, 200, 1, 11, 16, 9473 }, // U+0441
    { 11, 11, 200, 1, 11, 16, 9489 }, // U+0442
    { 13, 15, 200, 0, 11, 25, 9505 }, // U+0443
    { 16, 19, 300, 1, 15, 38, 9530 }, // U+0444
    { 13, 11, 200, 0, 11, 18, 9568 }, // U+0445
    { 12, 14, 200, 1, 11, 21, 9586 }, // U+0446
    { 10, 11, 200, 1, 11, 14, 9607 }, // U+0447
    { 15, 11, 300, 2, 11, 21, 9621 }, // U+0448
    { 17, 14, 300, 1, 11, 30, 9642 }, // U+0449
    { 12, 11, 200, 0, 11, 17, 9672 }, // U+044A
    { 15, 11, 300, 2, 11, 21, 9689 }, // U+044B
    { 11, 11, 200, 1, 11, 16, 9710 }, // U+044C
    { 11, 11, 200, 1, 11, 16, 9726 }, // U+044D
    { 17, 11, 300, 1, 11, 24, 9742 }, // U+044E
    { 11, 11, 200, 0, 11, 16, 9766 }, // U+044F
    { 11, 18, 200, 1, 18, 25, 9782 }, // U+0450
    { 11, 15, 200, 1, 15, 21, 9807 }, // U+0451
    { 12, 19, 200, 0, 15, 29, 9828 }, // U+0452
    { 9, 18, 200, 2, 18, 21, 9857 }, // U+0453
    { 11, 11, 200, 1, 11, 16, 9878 }, // U+0454
    { 11, 11, 200, 1, 11, 16, 9894 }, // U+0455
    { 11, 15, 200, 1, 15, 21, 9910 }, // U+0456
    { 11, 15, 200, 1, 15, 21, 9931 }, // U+0457
    { 9, 19, 200, 1, 15, 22, 9952 }, // U+0458
    { 18, 11, 300, 0, 11, 25, 9974 }, // U+0459
    { 17, 11, 300, 1, 11, 24, 9999 }, // U+045A
    { 12, 15, 200, 0, 15, 23, 10023 }, // U+045B
    { 11, 18, 200, 1, 18, 25, 10046 }, // U+045C
    { 11, 18, 200, 1, 18, 25, 10071 }, // U+045D
    { 13, 21, 200, 0, 17, 35, 10096 }, // U+045E
    { 11, 14, 200, 1, 11, 20, 10131 }, // U+045F
    { 12, 15, 200, 0, 15, 23, 10151 }, // U+0472
    { 12, 11, 200, 0, 11, 17, 10174 }, // U+0473
    { 9, 18, 200, 2, 18, 21, 10191 }, // U+0490
    { 9, 14, 200, 2, 14, 16, 10212 }, // U+0491
    { 12, 15, 200, 0, 15, 23, 10228 }, // U+0492
    { 11, 11, 200, 1, 11, 16, 10251 }, // U+0493
    { 11, 19, 200, 1, 15, 27, 10267 }, // U+0494
    { 11, 15, 200, 1, 11, 21, 10294 }, // U+0495
    { 21, 19, 300, -1, 15, 50, 10315 }, // U+0496
    { 18, 14, 300, 0, 11, 32, 10365 }, // U+0497
    { 12, 17, 200, 0, 15, 26, 10397 }, // U+0498
    { 11, 14, 200, 1, 11, 20, 10423 }, // U+0499
    { 12, 18, 200, 1, 15, 27, 10443 }, // U+049A
    { 11, 14, 200, 1, 11, 20, 10470 }, // U+049B
    { 13, 15, 200, 0, 15, 25, 10490 }, // U+049C
    { 13, 11, 200, 0, 11, 18, 10515 }, // U+049D
    { 13, 15, 200, 0, 15, 25, 10533 }, // U+04A0
    { 13, 11, 200, 0, 11, 18, 10558 }, // U+04A1
    { 13, 18, 200, 0, 15, 30, 10576 }, // U+04A2
    { 12, 14, 200, 1, 11, 21, 10606 }, // U+04A3
    { 18, 15, 300, 0, 15, 34, 10627 }, // U+04A4
    { 13, 11, 200, 0, 11, 18, 10661 }, // U+04A5
    { 12, 17, 200, 0, 15, 26, 10679 }, // U+04AA
    { 11, 14, 200, 1, 11, 20, 10705 }, // U+04AB
    { 13, 15, 200, 0, 15, 25, 10725 }, // U+04AE
    { 12, 15, 200, 0, 11, 23, 10750 }, // U+04AF
    { 13, 15, 200, 0, 15, 25, 10773 }, // U+04B0
    { 12, 15, 200, 0, 11, 23, 10798 }, // U+04B1
    { 13, 18, 200, 0, 15, 30, 10821 }, // U+04B2
    { 12, 14, 200, 0, 11, 21, 10851 }, // U+04B3
    { 13, 18, 200, 0, 15, 30, 10872 }, // U+04B6
    { 12, 14, 200, 1, 11, 21, 10902 }, // U+04B7
    { 12, 15, 200, 0, 15, 23, 10923 }, // U+04B8
    { 11, 11, 200, 1, 11, 16, 10946 }, // U+04B9
    { 11, 15, 200, 1, 15, 21, 10962 }, // U+04BA
    { 11, 15, 200, 1, 15, 21, 10983 }, // U+04BB
    { 10, 15, 200, 1, 15, 19, 11004 }, // U+04C0
    { 21, 20, 300, -1, 20, 53, 11023 }, // U+04C1
    { 17, 18, 300, 1, 18, 39, 11076 }, // U+04C2
    { 11, 16, 200, 1, 16, 22, 11115 }, // U+04CF
    { 13, 20, 200, 0, 20, 33, 11137 }, // U+04D0
    { 11, 17, 200, 1, 17, 24, 11170 }, // U+04D1
    { 13, 19, 200, 0, 19, 31, 11194 }, // U+04D2
    { 11, 15, 200, 1, 15, 21, 11225 }, // U+04D3
    { 19, 15, 300, 0, 15, 36, 11246 }, // U+04D4
    { 17, 11, 300, 1, 11, 24, 11282 }, // U+04D5
    { 10, 20, 200, 1, 20, 25, 11306 }, // U+04D6
    { 11, 17, 200, 1, 17, 24, 11331 }, // U+04D7
    { 12, 15, 200, 0, 15, 23, 11355 }, // U+04D8
    { 11, 11, 200, 1, 11, 16, 11378 }, // U+04D9
    { 21, 19, 300, -1, 19, 50, 11394 }, // U+04DC
    { 17, 16, 300, 1, 16, 34, 11444 }, // U+04DD
    { 12, 19, 200, 0, 19, 29, 11478 }, // U+04DE
    { 11, 15, 200, 1, 15, 21, 11507 }, // U+04DF
    { 11, 19, 200, 1, 19, 27, 11528 }, // U+04E2
    { 11, 16, 200, 1, 16, 22, 11555 }, // U+04E3
    { 11, 19, 200, 1, 19, 27, 11577 }, // U+04E4
    { 11, 15, 200, 1, 15, 21, 11604 }, // U+04E5
    { 12, 19, 200, 0, 19, 29, 11625 }, // U+04E6
    { 12, 15, 200, 0, 15, 23, 11654 }, // U+04E7
    { 12, 15, 200, 0, 15, 23, 11677 }, // U+04E8
    { 12, 11, 200, 0, 11, 17, 11700 }, // U+04E9
    { 13, 19, 200, 0, 19, 31, 11717 }, // U+04EE
    { 13, 20, 200, 0, 16, 33, 11748 }, // U+04EF
    { 13, 19, 200, 0, 19, 31, 11781 }, // U+04F0
    { 13, 19, 200, 0, 15, 31, 11812 }, // U+04F1
    { 13, 21, 200, 0, 21, 35, 11843 }, // U+04F2
    { 13, 21, 200, 0, 17, 35, 11878 }, // U+04F3
    { 12, 19, 200, 0, 19, 29, 11913 }, // U+04F4
    { 10, 15, 200, 1, 15, 19, 11942 }, // U+04F5
    { 17, 19, 300, 1, 19, 41, 11961 }, // U+04F8
    { 15, 16, 300, 2, 16, 30, 12002 }, // U+04F9
    { 14, 13, 225, 0, 13, 23, 12032 }, // U+05D0
    { 12, 13, 198, 0, 13, 20, 12055 }, // U+05D1
    { 9, 14, 137, 0, 13, 16, 12075 }, // U+05D2
    { 12, 13, 190, 0, 13, 20, 12091 }, // U+05D3
    { 12, 13, 219, 1, 13, 20, 12111 }, // U+05D4
    { 6, 13, 113, 0, 13, 10, 12131 }, // U+05D5
    { 8, 13, 124, 0, 13, 13, 12141 }, // U+05D6
    { 14, 13, 229, 0, 13, 23, 12154 }, // U+05D7
    { 13, 13, 220, 0, 13, 22, 12177 }, // U+05D8
    { 6, 8, 111, 0, 13, 6, 12199 }, // U+05D9
    { 11, 17, 190, 0, 13, 24, 12205 }, // U+05DA
    { 11, 13, 176, 0, 13, 18, 12229 }, // U+05DB
    { 11, 17, 185, 0, 17, 24, 12247 }, // U+05DC
    { 14, 13, 234, 0, 13, 23, 12271 }, // U+05DD
    { 15, 13, 234, 0, 13, 25, 12294 }, // U+05DE
    { 6, 17, 118, 0, 13, 13, 12319 }, // U+05DF
    { 8, 13, 135, 0, 13, 13, 12332 }, // U+05E0
    { 14, 13, 227, 0, 13, 23, 12345 }, // U+05E1
    { 13, 15, 210, 0, 14, 25, 12368 }, // U+05E2
    { 13, 17, 218, 0, 13, 28, 12393 }, // U+05E3
    { 13, 13, 209, 0, 13, 22, 12421 }, // U+05E4
    { 12, 17, 196, 0, 13, 26, 12443 }, // U+05E5
    { 12, 13, 197, 0, 13, 20, 12469 }, // U+05E6
    { 14, 17, 218, 0, 13, 30, 12489 }, // U+05E7
    { 10, 13, 181, 0, 13, 17, 12519 }, // U+05E8
    { 15, 13, 262, 1, 13, 25, 12536 }, // U+05E9
    { 14, 13, 241, 0, 13, 23, 12561 }, // U+05EA
    { 4, 7, 108, 1, 6, 4, 12584 }, // U+060C
    { 6, 16, 113, 0, 15, 12, 12588 }, // U+061B
    { 11, 17, 171, 0, 16, 24, 12600 }, // U+061F
    { 10, 12, 157, 0, 10, 15, 12624 }, // U+0621
    { 8, 4, 96, 0, 3, 4, 12639 }, // U+0640
    { 6, 7, 0, 0, 18, 6, 12643 }, // U+0654
    { 6, 6, 191, 3, 9, 5, 12649 }, // U+0660
    { 6, 16, 191, 3, 15, 12, 12654 }, // U+0661
    { 10, 16, 191, 1, 15, 20, 12666 }, // U+0662
    { 12, 16, 191, 0, 15, 24, 12686 }, // U+0663
    { 10, 16, 191, 1, 15, 20, 12710 }, // U+0664
    { 10, 12, 191, 1, 12, 15, 12730 }, // U+0665
    { 12, 16, 191, 0, 15, 24, 12745 }, // U+0666
    { 12, 16, 191, 0, 15, 24, 12769 }, // U+0667
    { 12, 16, 191, 0, 15, 24, 12793 }, // U+0668
    { 10, 15, 191, 1, 15, 19, 12817 }, // U+0669
    { 15, 13, 247, 0, 8, 25, 12836 }, // U+06BA
    { 7, 2, 108, 0, 2, 2, 12861 }, // U+06D4
    { 10, 13, 157, 0, 12, 17, 12863 }, // U+06D5
    { 6, 6, 191, 3, 9, 5, 12880 }, // U+06F0
    { 6, 16, 191, 3, 15, 12, 12885 }, // U+06F1
    { 10, 16, 191, 1, 15, 20, 12897 }, // U+06F2
    { 12, 16, 191, 0, 15, 24, 12917 }, // U+06F3
    { 12, 16, 191, 0, 15, 24, 12941 }, // U+06F4
    { 12, 15, 191, 0, 15, 23, 12965 }, // U+06F5
    { 10, 16, 191, 1, 15, 20, 12988 }, // U+06F6
    { 12, 16, 191, 0, 15, 24, 13008 }, // U+06F7
    { 12, 16, 191, 0, 15, 24, 13032 }, // U+06F8
    { 10, 15, 191, 1, 15, 19, 13056 }, // U+06F9
    { 13, 19, 200, 0, 15, 31, 13075 }, // U+1EA0
    { 11, 15, 200, 1, 11, 21, 13106 }, // U+1EA1
    { 13, 21, 200, 0, 21, 35, 13127 }, // U+1EA2
    { 11, 17, 200, 1, 17, 24, 13162 }, // U+1EA3
    { 13, 24, 200, 0, 24, 39, 13186 }, // U+1EA4
    { 12, 20, 200, 1, 20, 30, 13225 }, // U+1EA5
    { 14, 24, 200, -1, 24, 42, 13255 }, // U+1EA6
    { 13, 20, 200, -1, 20, 33, 13297 }, // U+1EA7
    { 13, 24, 200, 0, 24, 39, 13330 }, // U+1EA8
    { 11, 21, 200, 1, 21, 29, 13369 }, // U+1EA9
    { 13, 23, 200, 0, 23, 38, 13398 }, // U+1EAA
    { 11, 19, 200, 1, 19, 27, 13436 }, // U+1EAB
    { 13, 24, 200, 0, 20, 39, 13463 }, // U+1EAC
    { 11, 20, 200, 1, 16, 28, 13502 }, // U+1EAD
    { 13, 24, 200, 0, 24, 39, 13530 }, // U+1EAE
    { 11, 21, 200, 1, 21, 29, 13569 }, // U+1EAF
    { 13, 24, 200, 0, 24, 39, 13598 }, // U+1EB0
    { 11, 21, 200, 1, 21, 29, 13637 }, // U+1EB1
    { 13, 23, 200, 0, 23, 38, 13666 }, // U+1EB2
    { 11, 20, 200, 1, 20, 28, 13704 }, // U+1EB3
    { 13, 23, 200, 0, 23, 38, 13732 }, // U+1EB4
    { 11, 20, 200, 1, 20, 28, 13770 }, // U+1EB5
    { 13, 24, 200, 0, 20, 39, 13798 }, // U+1EB6
    { 11, 21, 200, 1, 17, 29, 13837 }, // U+1EB7
    { 10, 19, 200, 1, 15, 24, 13866 }, // U+1EB8
    { 11, 15, 200, 1, 11, 21, 13890 }, // U+1EB9
    { 10, 21, 200, 1, 21, 27, 13911 }, // U+1EBA
    { 11, 17, 200, 1, 17, 24, 13938 }, // U+1EBB
    { 10, 19, 200, 1, 19, 24, 13962 }, // U+1EBC
    { 11, 15, 200, 1, 15, 21, 13986 }, // U+1EBD
    { 12, 24, 200, 1, 24, 36, 14007 }, // U+1EBE
    { 12, 20, 200, 1, 20, 30, 14043 }, // U+1EBF
    { 12, 24, 200, -1, 24, 36, 14073 }, // U+1EC0
    { 13, 20, 200, -1, 20, 33, 14109 }, // U+1EC1
    { 11, 24, 200, 1, 24, 33, 14142 }, // U+1EC2
    { 11, 21, 200, 1, 21, 29, 14175 }, // U+1EC3
    { 10, 23, 200, 1, 23, 29, 14204 }, // U+1EC4
    { 11, 19, 200, 1, 19, 27, 14233 }, // U+1EC5
    { 10, 24, 200, 1, 20, 30, 14260 }, // U+1EC6
    { 11, 20, 200, 1, 16, 28, 14290 }, // U+1EC7
    { 10, 21, 200, 1, 21, 27, 14318 }, // U+1EC8
    { 11, 17, 200, 1, 17, 24, 14345 }, // U+1EC9
    { 10, 19, 200, 1, 15, 24, 14369 }, // U+1ECA
    { 11, 19, 200, 1, 15, 27, 14393 }, // U+1ECB
    { 12, 19, 200, 0, 15, 29, 14420 }, // U+1ECC
    { 12, 15, 200, 0, 11, 23, 14449 }, // U+1ECD
    { 12, 21, 200, 0, 21, 32, 14472 }, // U+1ECE
    { 12, 17, 200, 0, 17, 26, 14504 }, // U+1ECF
    { 13, 24, 200, 0, 24, 39, 14530 }, // U+1ED0
    { 13, 20, 200, 0, 20, 33, 14569 }, // U+1ED1
    { 13, 24, 200, -1, 24, 39, 14602 }, // U+1ED2
    { 13, 20, 200, -1, 20, 33, 14641 }, // U+1ED3
    { 12, 24, 200, 0, 24, 36, 14674 }, // U+1ED4
    { 12, 21, 200, 0, 21, 32, 14710 }, // U+1ED5
    { 12, 23, 200, 0, 23, 35, 14742 }, // U+1ED6
    { 12, 19, 200, 0, 19, 29, 14777 }, // U+1ED7
    { 12, 24, 200, 0, 20, 36, 14806 }, // U+1ED8
    { 12, 20, 200, 0, 16, 30, 14842 }, // U+1ED9
    { 13, 21, 200, 0, 21, 35, 14872 }, // U+1EDA
    { 13, 18, 200, 0, 18, 30, 14907 }, // U+1EDB
    { 13, 21, 200, 0, 21, 35, 14937 }, // U+1EDC
    { 13, 18, 200, 0, 18, 30, 14972 }, // U+1EDD
    { 13, 21, 200, 0, 21, 35, 15002 }, // U+1EDE
    { 13, 17, 200, 0, 17, 28, 15037 }, // U+1EDF
    { 13, 19, 200, 0, 19, 31, 15065 }, // U+1EE0
    { 13, 16, 200, 0, 16, 26, 15096 }, // U+1EE1
    { 13, 21, 200, 0, 17, 35, 15122 }, // U+1EE2
    { 13, 18, 200, 0, 14, 30, 15157 }, // U+1EE3
    { 11, 19, 200, 1, 15, 27, 15187 }, // U+1EE4
    { 11, 15, 200, 1, 11, 21, 15214 }, // U+1EE5
    { 11, 21, 200, 1, 21, 29, 15235 }, // U+1EE6
    { 11, 17, 200, 1, 17, 24, 15264 }, // U+1EE7
    { 12, 21, 200, 1, 21, 32, 15288 }, // U+1EE8
    { 12, 18, 200, 1, 18, 27, 15320 }, // U+1EE9
    { 12, 21, 200, 1, 21, 32, 15347 }, // U+1EEA
    { 12, 18, 200, 1, 18, 27, 15379 }, // U+1EEB
    { 12, 21, 200, 1, 21, 32, 15406 }, // U+1EEC
    { 12, 17, 200, 1, 17, 26, 15438 }, // U+1EED
    { 12, 19, 200, 1, 19, 29, 15464 }, // U+1EEE
    { 12, 16, 200, 1, 16, 24, 15493 }, // U+1EEF
    { 12, 21, 200, 1, 17, 32, 15517 }, // U+1EF0
    { 12, 18, 200, 1, 14, 27, 15549 }, // U+1EF1
    { 13, 21, 200, 0, 21, 35, 15576 }, // U+1EF2
    { 13, 22, 200, 0, 18, 36, 15611 }, // U+1EF3
    { 13, 19, 200, 0, 15, 31, 15647 }, // U+1EF4
    { 13, 15, 200, 0, 11, 25, 15678 }, // U+1EF5
    { 13, 21, 200, 0, 21, 35, 15703 }, // U+1EF6
    { 13, 21, 200, 0, 17, 35, 15738 }, // U+1EF7
    { 13, 19, 200, 0, 19, 31, 15773 }, // U+1EF8
    { 13, 19, 200, 0, 15, 31, 15804 }, // U+1EF9
    { 0, 0, 43, 0, 0, 0, 15835 }, // U+2009
    { 0, 0, 0, 0, 0, 0, 15835 }, // U+200B
    { 2, 16, 0, -1, 15, 4, 15835 }, // U+200C
    { 6, 16, 0, -3, 15, 12, 15839 }, // U+200D
    { 6, 16, 0, -1, 15, 12, 15851 }, // U+200E
    { 6, 16, 0, -5, 15, 12, 15863 }, // U+200F
    { 7, 3, 106, 0, 8, 3, 15875 }, // U+2010
    { 7, 3, 107, 0, 7, 3, 15878 }, // U+2011
    { 11, 3, 200, 1, 8, 5, 15881 }, // U+2013
    { 17, 3, 300, 1, 8, 7, 15886 }, // U+2014
    { 6, 7, 200, 3, 15, 6, 15893 }, // U+2018
    { 7, 7, 200, 3, 15, 7, 15899 }, // U+2019
    { 6, 7, 200, 3, 4, 6, 15906 }, // U+201A
    { 12, 7, 200, 0, 15, 11, 15912 }, // U+201C
    { 11, 7, 200, 1, 15, 10, 15923 }, // U+201D
    { 12, 7, 200, 0, 4, 11, 15933 }, // U+201E
    { 11, 19, 200, 1, 15, 27, 15944 }, // U+2020
    { 11, 19, 200, 1, 15, 27, 15971 }, // U+2021
    { 6, 5, 200, 3, 9, 4, 15998 }, // U+2022
    { 17, 4, 300, 1, 4, 9, 16002 }, // U+2026
    { 0, 0, 43, 0, 0, 0, 16011 }, // U+202F
    { 25, 15, 400, 0, 15, 47, 16011 }, // U+2030
    { 6, 11, 200, 3, 11, 9, 16058 }, // U+2039
    { 6, 11, 200, 3, 11, 9, 16067 }, // U+203A
    { 13, 15, 200, 0, 15, 25, 16076 }, // U+2044
    { 6, 16, 113, 0, 15, 12, 16101 }, // U+204F
    { 8, 8, 200, 2, 15, 8, 16113 }, // U+2070
    { 8, 8, 200, 2, 15, 8, 16121 }, // U+2074
    { 7, 8, 200, 3, 15, 7, 16129 }, // U+2075
    { 7, 8, 200, 3, 15, 7, 16136 }, // U+2076
    { 7, 8, 200, 3, 15, 7, 16143 }, // U+2077
    { 7, 8, 200, 3, 15, 7, 16150 }, // U+2078
    { 7, 8, 200, 3, 15, 7, 16157 }, // U+2079
    { 8, 8, 200, 2, 8, 8, 16164 }, // U+2080
    { 7, 8, 200, 3, 8, 7, 16172 }, // U+2081
    { 7, 8, 200, 3, 8, 7, 16179 }, // U+2082
    { 8, 8, 200, 2, 8, 8, 16186 }, // U+2083
    { 8, 8, 200, 2, 8, 8, 16194 }, // U+2084
    { 7, 8, 200, 3, 8, 7, 16202 }, // U+2085
    { 7, 8, 200, 3, 8, 7, 16209 }, // U+2086
    { 7, 8, 200, 3, 8, 7, 16216 }, // U+2087
    { 7, 8, 200, 3, 8, 7, 16223 }, // U+2088
    { 7, 8, 200, 3, 8, 7, 16230 }, // U+2089
    { 12, 19, 200, 0, 17, 29, 16237 }, // U+20A1
    { 11, 15, 200, 1, 15, 21, 16266 }, // U+20A4
    { 13, 15, 200, 0, 15, 25, 16287 }, // U+20A6
    { 13, 15, 200, 0, 15, 25, 16312 }, // U+20A8
    { 13, 15, 200, 0, 15, 25, 16337 }, // U+20A9
    { 12, 15, 200, 0, 15, 23, 16362 }, // U+20AA
    { 11, 15, 200, 1, 15, 21, 16385 }, // U+20AB
    { 12, 15, 200, 0, 15, 23, 16406 }, // U+20AC
    { 13, 15, 200, 0, 15, 25, 16429 }, // U+20AD
    { 12, 15, 200, 0, 15, 23, 16454 }, // U+20AE
    { 13, 15, 200, 0, 15, 25, 16477 }, // U+20B1
    { 12, 20, 200, 0, 18, 30, 16502 }, // U+20B2
    { 12, 15, 200, 0, 15, 23, 16532 }, // U+20B4
    { 12, 19, 200, 0, 17, 29, 16555 }, // U+20B5
    { 12, 15, 200, 0, 15, 23, 16584 }, // U+20B8
    { 12, 15, 200, 0, 15, 23, 16607 }, // U+20B9
    { 13, 15, 200, 0, 15, 25, 16630 }, // U+20BA
    { 12, 15, 200, 0, 15, 23, 16655 }, // U+20BD
    { 11, 20, 200, 1, 17, 28, 16678 }, // U+20BF
    { 12, 10, 200, 0, 12, 15, 16706 }, // U+2190
    { 11, 15, 200, 1, 15, 21, 16721 }, // U+2191
    { 13, 10, 200, 0, 12, 17, 16742 }, // U+2192
    { 11, 15, 200, 1, 15, 21, 16759 }, // U+2193
    { 13, 10, 200, 0, 12, 17, 16780 }, // U+2194
    { 11, 16, 200, 1, 15, 22, 16797 }, // U+2195
    { 13, 12, 200, 0, 14, 20, 16819 }, // U+2196
    { 12, 12, 200, 0, 14, 18, 16839 }, // U+2197
    { 12, 12, 200, 0, 14, 18, 16857 }, // U+2198
    { 13, 12, 200, 0, 14, 20, 16875 }, // U+2199
    { 13, 13, 200, 0, 14, 22, 16895 }, // U+21A9
    { 13, 13, 200, 0, 14, 22, 16917 }, // U+21AA
    { 12, 15, 200, 0, 14, 23, 16939 }, // U+21B0
    { 12, 15, 200, 1, 14, 23, 16962 }, // U+21B1
    { 12, 15, 200, 0, 15, 23, 16985 }, // U+21B2
    { 12, 15, 200, 1, 15, 23, 17008 }, // U+21B3
    { 13, 14, 200, 0, 15, 23, 17031 }, // U+21B6
    { 13, 14, 200, 0, 15, 23, 17054 }, // U+21B7
    { 13, 15, 200, 0, 15, 25, 17077 }, // U+21BA
    { 13, 15, 200, 0, 15, 25, 17102 }, // U+21BB
    { 13, 18, 200, 0, 16, 30, 17127 }, // U+21C4
    { 13, 18, 200, 0, 16, 30, 17157 }, // U+21C6
    { 12, 15, 200, 0, 15, 23, 17187 }, // U+2202
    { 12, 14, 200, 0, 14, 21, 17210 }, // U+2206
    { 11, 15, 200, 1, 15, 21, 17231 }, // U+220F
    { 11, 19, 200, 1, 15, 27, 17252 }, // U+2211
    { 11, 3, 200, 1, 8, 5, 17279 }, // U+2212
    { 13, 15, 200, 0, 15, 25, 17284 }, // U+221A
    { 13, 8, 200, 0, 11, 13, 17309 }, // U+221E
    { 12, 20, 200, 0, 16, 30, 17322 }, // U+222B
    { 12, 8, 200, 0, 10, 12, 17352 }, // U+2248
    { 11, 11, 200, 1, 12, 16, 17364 }, // U+2260
    { 10, 13, 200, 1, 13, 17, 17380 }, // U+2264
    { 10, 13, 200, 1, 13, 17, 17397 }, // U+2265
    { 12, 15, 200, 0, 15, 23, 17414 }, // U+FB01
    { 12, 15, 200, 0, 15, 23, 17437 }, // U+FB02
    { 21, 18, 341, 0, 10, 48, 17460 }, // U+FB56
    { 26, 17, 381, 0, 9, 56, 17508 }, // U+FB57
    { 7, 18, 120, 0, 10, 16, 17564 }, // U+FB58
    { 11, 16, 136, 0, 8, 22, 17580 }, // U+FB59
    { 21, 17, 341, 0, 16, 45, 17602 }, // U+FB66
    { 26, 17, 381, 0, 16, 56, 17647 }, // U+FB67
    { 6, 19, 106, 0, 18, 15, 17703 }, // U+FB68
    { 11, 17, 136, 0, 16, 24, 17718 }, // U+FB69
    { 15, 20, 229, 0, 11, 38, 17742 }, // U+FB7A
    { 18, 20, 253, 0, 11, 45, 17780 }, // U+FB7B
    { 13, 18, 210, 0, 10, 30, 17825 }, // U+FB7C
    { 16, 18, 218, 0, 10, 36, 17855 }, // U+FB7D
    { 10, 20, 172, 0, 19, 25, 17891 }, // U+FB88
    { 14, 20, 190, 0, 19, 35, 17916 }, // U+FB89
    { 9, 21, 136, -1, 16, 24, 17951 }, // U+FB8A
    { 13, 21, 150, -1, 16, 35, 17975 }, // U+FB8B
    { 9, 22, 136, -1, 17, 25, 18010 }, // U+FB8C
    { 13, 22, 150, -1, 17, 36, 18035 }, // U+FB8D
    { 20, 16, 303, 0, 15, 40, 18071 }, // U+FB8E
    { 22, 16, 317, 0, 15, 44, 18111 }, // U+FB8F
    { 10, 16, 151, 0, 15, 20, 18155 }, // U+FB90
    { 13, 16, 169, 0, 15, 26, 18175 }, // U+FB91
    { 20, 20, 303, 0, 19, 50, 18201 }, // U+FB92
    { 22, 20, 317, 0, 19, 55, 18251 }, // U+FB93
    { 11, 20, 151, -1, 19, 28, 18306 }, // U+FB94
    { 14, 20, 169, -1, 19, 35, 18334 }, // U+FB95
    { 15, 13, 247, 0, 8, 25, 18369 }, // U+FB9E
    { 19, 13, 268, 0, 8, 31, 18394 }, // U+FB9F
    { 10, 13, 157, 0, 12, 17, 18425 }, // U+FBA6
    { 14, 10, 195, 0, 9, 18, 18442 }, // U+FBA7
    { 6, 14, 106, 0, 10, 11, 18460 }, // U+FBA8
    { 13, 11, 172, 0, 5, 18, 18471 }, // U+FBA9
    { 16, 13, 257, 0, 12, 26, 18489 }, // U+FBAA
    { 16, 15, 228, 0, 10, 30, 18515 }, // U+FBAB
    { 13, 13, 214, 0, 12, 22, 18545 }, // U+FBAC
    { 14, 15, 190, 0, 10, 27, 18567 }, // U+FBAD
    { 20, 12, 314, 0, 11, 30, 18594 }, // U+FBAE
    { 14, 10, 187, 0, 3, 18, 18624 }, // U+FBAF
    { 20, 18, 314, 0, 17, 45, 18642 }, // U+FBB0
    { 14, 16, 187, 0, 9, 28, 18687 }, // U+FBB1
    { 17, 15, 274, 0, 10, 32, 18715 }, // U+FBFC
    { 19, 11, 267, 0, 6, 27, 18747 }, // U+FBFD
    { 7, 15, 120, 0, 10, 14, 18774 }, // U+FBFE
    { 11, 13, 136, 0, 8, 18, 18788 }, // U+FBFF
    { 10, 12, 157, 0, 10, 15, 18806 }, // U+FE80
    { 9, 19, 90, -2, 19, 22, 18821 }, // U+FE81
    { 10, 21, 106, -1, 20, 27, 18843 }, // U+FE82
    { 5, 21, 90, 0, 21, 14, 18870 }, // U+FE83
    { 9, 23, 106, 0, 22, 26, 18884 }, // U+FE84
    { 10, 20, 166, 0, 15, 25, 18910 }, // U+FE85
    { 13, 21, 175, 0, 16, 35, 18935 }, // U+FE86
    { 5, 23, 91, 1, 16, 15, 18970 }, // U+FE87
    { 8, 23, 106, 1, 16, 23, 18985 }, // U+FE88
    { 17, 17, 274, 0, 12, 37, 19008 }, // U+FE89
    { 19, 17, 267, 0, 12, 41, 19045 }, // U+FE8A
    { 6, 18, 106, 0, 17, 14, 19086 }, // U+FE8B
    { 10, 16, 128, 0, 15, 20, 19100 }, // U+FE8C
    { 4, 16, 91, 1, 16, 8, 19120 }, // U+FE8D
    { 8, 17, 106, 1, 16, 17, 19128 }, // U+FE8E
    { 21, 15, 341, 0, 10, 40, 19145 }, // U+FE8F
    { 26, 14, 381, 0, 9, 46, 19185 }, // U+FE90
    { 6, 15, 106, 0, 10, 12, 19231 }, // U+FE91
    { 10, 13, 128, 0, 8, 17, 19243 }, // U+FE92
    { 10, 18, 157, 0, 17, 23, 19260 }, // U+FE93
    { 14, 19, 185, 0, 18, 34, 19283 }, // U+FE94
    { 21, 14, 341, 0, 13, 37, 19317 }, // U+FE95
    { 26, 14, 381, 0, 13, 46, 19354 }, // U+FE96
    { 8, 16, 106, -1, 15, 16, 19400 }, // U+FE97
    { 11, 14, 136, 0, 13, 20, 19416 }, // U+FE98
    { 21, 16, 341, 0, 15, 42, 19436 }, // U+FE99
    { 26, 16, 381, 0, 15, 52, 19478 }, // U+FE9A
    { 6, 18, 106, 0, 17, 14, 19530 }, // U+FE9B
    { 11, 16, 136, 0, 15, 22, 19544 }, // U+FE9C
    { 14, 20, 229, 0, 11, 35, 19566 }, // U+FE9D
    { 18, 20, 246, 0, 11, 45, 19601 }, // U+FE9E
    { 13, 15, 210, 0, 10, 25, 19646 }, // U+FE9F
    { 16, 15, 218, 0, 10, 30, 19671 }, // U+FEA0
    { 14, 20, 229, 0, 11, 35, 19701 }, // U+FEA1
    { 18, 20, 246, 0, 11, 45, 19736 }, // U+FEA2
    { 13, 11, 210, 0, 10, 18, 19781 }, // U+FEA3
    { 16, 11, 218, 0, 10, 22, 19799 }, // U+FEA4
    { 14, 25, 229, 0, 16, 44, 19821 }, // U+FEA5
    { 18, 25, 246, 0, 16, 57, 19865 }, // U+FEA6
    { 13, 16, 210, 0, 15, 26, 19922 }, // U+FEA7
    { 16, 16, 218, 0, 15, 32, 19948 }, // U+FEA8
    { 10, 12, 172, 0, 11, 15, 19980 }, // U+FEA9
    { 14, 12, 190, 0, 11, 21, 19995 }, // U+FEAA
    { 10, 17, 172, 0, 16, 22, 20016 }, // U+FEAB
    { 14, 17, 190, 0, 16, 30, 20038 }, // U+FEAC
    { 9, 13, 136, -1, 8, 15, 20068 }, // U+FEAD
    { 13, 13, 150, -1, 8, 22, 20083 }, // U+FEAE
    { 9, 19, 136, -1, 14, 22, 20105 }, // U+FEAF
    { 13, 19, 150, -1, 14, 31, 20127 }, // U+FEB0
    { 28, 15, 457, 0, 10, 53, 20158 }, // U+FEB1
    { 32, 14, 480, 0, 9, 56, 20211 }, // U+FEB2
    { 19, 11, 317, 0, 10, 27, 20267 }, // U+FEB3
    { 23, 10, 340, 0, 9, 29, 20294 }, // U+FEB4
    { 28, 21, 457, 0, 16, 74, 20323 }, // U+FEB5
    { 32, 21, 480, 0, 16, 84, 20397 }, // U+FEB6
    { 19, 17, 317, 0, 16, 41, 20481 }, // U+FEB7
    { 23, 17, 340, 0, 16, 49, 20522 }, // U+FEB8
    { 29, 15, 474, 0, 10, 55, 20571 }, // U+FEB9
    { 32, 15, 481, 0, 10, 60, 20626 }, // U+FEBA
    { 20, 11, 325, 0, 10, 28, 20686 }, // U+FEBB
    { 23, 11, 335, 0, 10, 32, 20714 }, // U+FEBC
    { 29, 20, 474, 0, 15, 73, 20746 }, // U+FEBD
    { 32, 20, 481, 0, 15, 80, 20819 }, // U+FEBE
    { 20, 16, 325, 0, 15, 40, 20899 }, // U+FEBF
    { 23, 16, 335, 0, 15, 46, 20939 }, // U+FEC0
    { 17, 17, 281, 0, 16, 37, 20985 }, // U+FEC1
    { 20, 17, 287, 0, 16, 43, 21022 }, // U+FEC2
    { 15, 17, 246, 0, 16, 32, 21065 }, // U+FEC3
    { 18, 17, 254, 0, 16, 39, 21097 }, // U+FEC4
    { 17, 17, 281, 0, 16, 37, 21136 }, // U+FEC5
    { 20, 17, 287, 0, 16, 43, 21173 }, // U+FEC6
    { 15, 17, 246, 0, 16, 32, 21216 }, // U+FEC7
    { 18, 17, 254, 0, 16, 39, 21248 }, // U+FEC8
    { 14, 21, 190, 0, 12, 37, 21287 }, // U+FEC9
    { 14, 19, 190, 0, 10, 34, 21324 }, // U+FECA
    { 11, 12, 186, 0, 11, 17, 21358 }, // U+FECB
    { 15, 11, 184, -1, 10, 21, 21375 }, // U+FECC
    { 14, 26, 190, 0, 17, 46, 21396 }, // U+FECD
    { 14, 24, 190, 0, 15, 42, 21442 }, // U+FECE
    { 11, 17, 186, 0, 16, 24, 21484 }, // U+FECF
    { 15, 16, 184, -1, 15, 30, 21508 }, // U+FED0
    { 21, 19, 341, 0, 18, 50, 21538 }, // U+FED1
    { 25, 17, 372, 0, 16, 54, 21588 }, // U+FED2
    { 10, 19, 168, 0, 18, 24, 21642 }, // U+FED3
    { 13, 17, 176, 0, 16, 28, 21666 }, // U+FED4
    { 17, 19, 277, 0, 15, 41, 21694 }, // U+FED5
    { 20, 20, 285, 0, 14, 50, 21735 }, // U+FED6
    { 10, 19, 168, 0, 18, 24, 21785 }, // U+FED7
    { 13, 17, 176, 0, 16, 28, 21809 }, // U+FED8
    { 19, 17, 310, 0, 16, 41, 21837 }, // U+FED9
    { 22, 17, 325, 0, 16, 47, 21878 }, // U+FEDA
    { 10, 16, 151, 0, 15, 20, 21925 }, // U+FEDB
    { 13, 16, 169, 0, 15, 26, 21945 }, // U+FEDC
    { 15, 21, 247, 0, 16, 40, 21971 }, // U+FEDD
    { 19, 21, 264, 0, 16, 50, 22011 }, // U+FEDE
    { 6, 17, 99, 0, 16, 13, 22061 }, // U+FEDF
    { 9, 17, 115, 0, 16, 20, 22074 }, // U+FEE0
    { 11, 19, 183, 0, 10, 27, 22094 }, // U+FEE1
    { 16, 18, 220, 0, 9, 36, 22121 }, // U+FEE2
    { 12, 10, 194, 0, 9, 15, 22157 }, // U+FEE3
    { 15, 10, 208, 0, 9, 19, 22172 }, // U+FEE4
    { 15, 17, 247, 0, 12, 32, 22191 }, // U+FEE5
    { 19, 17, 268, 0, 12, 41, 22223 }, // U+FEE6
    { 6, 16, 106, 0, 15, 12, 22264 }, // U+FEE7
    { 10, 14, 128, 0, 13, 18, 22276 }, // U+FEE8
    { 10, 13, 157, 0, 12, 17, 22294 }, // U+FEE9
    { 14, 14, 185, 0, 13, 25, 22311 }, // U+FEEA
    { 13, 13, 214, 0, 12, 22, 22336 }, // U+FEEB
    { 14, 15, 190, 0, 10, 27, 22358 }, // U+FEEC
    { 10, 14, 166, 0, 9, 18, 22385 }, // U+FEED
    { 13, 14, 175, 0, 9, 23, 22403 }, // U+FEEE
    { 17, 15, 274, 0, 10, 32, 22426 }, // U+FEEF
    { 19, 11, 267, 0, 6, 27, 22458 }, // U+FEF0
    { 17, 20, 274, 0, 10, 43, 22485 }, // U+FEF1
    { 19, 16, 267, 0, 6, 38, 22528 }, // U+FEF2
    { 7, 15, 120, 0, 10, 14, 22566 }, // U+FEF3
    { 11, 13, 136, 0, 8, 18, 22580 }, // U+FEF4
    { 15, 17, 211, -2, 17, 32, 22598 }, // U+FEF5
    { 16, 19, 227, 0, 18, 38, 22630 }, // U+FEF6
    { 13, 19, 211, 0, 19, 31, 22668 }, // U+FEF7
    { 16, 21, 227, 0, 20, 42, 22699 }, // U+FEF8
    { 13, 23, 211, 0, 16, 38, 22741 }, // U+FEF9
    { 16, 23, 227, 0, 16, 46, 22779 }, // U+FEFA
    { 13, 16, 211, 0, 16, 26, 22825 }, // U+FEFB
    { 16, 17, 227, 0, 16, 34, 22851 }, // U+FEFC
};

static const EpdUnicodeInterval ia_duospace_10_boldIntervals[] = {
    { 0x0, 0x0, 0x0 },
    { 0xD, 0xD, 0x1 },
    { 0x20, 0x7E, 0x2 },
    { 0xA0, 0xA3, 0x61 },
    { 0xA5, 0x17E, 0x65 },
    { 0x1A0, 0x1A1, 0x13F },
    { 0x1AF, 0x1B0, 0x141 },
    { 0x1FA, 0x1FF, 0x143 },
    { 0x218, 0x21B, 0x149 },
    { 0x300, 0x304, 0x14D },
    { 0x306, 0x30C, 0x152 },
    { 0x312, 0x312, 0x159 },
    { 0x315, 0x315, 0x15A },
    { 0x31B, 0x31B, 0x15B },
    { 0x323, 0x323, 0x15C },
    { 0x326, 0x328, 0x15D },
    { 0x34F, 0x34F, 0x160 },
    { 0x400, 0x45F, 0x161 },
    { 0x472, 0x473, 0x1C1 },
    { 0x490, 0x49D, 0x1C3 },
    { 0x4A0, 0x4A5, 0x1D1 },
    { 0x4AA, 0x4AB, 0x1D7 },
    { 0x4AE, 0x4B3, 0x1D9 },
    { 0x4B6, 0x4BB, 0x1DF },
    { 0x4C0, 0x4C2, 0x1E5 },
    { 0x4CF, 0x4D9, 0x1E8 },
    { 0x4DC, 0x4DF, 0x1F3 },
    { 0x4E2, 0x4E9, 0x1F7 },
    { 0x4EE, 0x4F5, 0x1FF },
    { 0x4F8, 0x4F9, 0x207 },
    { 0x5D0, 0x5EA, 0x209 },
    { 0x60C, 0x60C, 0x224 },
    { 0x61B, 0x61B, 0x225 },
    { 0x61F, 0x61F, 0x226 },
    { 0x621, 0x621, 0x227 },
    { 0x640, 0x640, 0x228 },
    { 0x654, 0x654, 0x229 },
    { 0x660, 0x669, 0x22A },
    { 0x6BA, 0x6BA, 0x234 },
    { 0x6D4, 0x6D5, 0x235 },
    { 0x6F0, 0x6F9, 0x237 },
    { 0x1EA0, 0x1EF9, 0x241 },
    { 0x2009, 0x2009, 0x29B },
    { 0x200B, 0x2011, 0x29C },
    { 0x2013, 0x2014, 0x2A3 },
    { 0x2018, 0x201A, 0x2A5 },
    { 0x201C, 0x201E, 0x2A8 },
    { 0x2020, 0x2022, 0x2AB },
    { 0x2026, 0x2026, 0x2AE },
    { 0x202F, 0x2030, 0x2AF },
    { 0x2039, 0x203A, 0x2B1 },
    { 0x2044, 0x2044, 0x2B3 },
    { 0x204F, 0x204F, 0x2B4 },
    { 0x2070, 0x2070, 0x2B5 },
    { 0x2074, 0x2079, 0x2B6 },
    { 0x2080, 0x2089, 0x2BC },
    { 0x20A1, 0x20A1, 0x2C6 },
    { 0x20A4, 0x20A4, 0x2C7 },
    { 0x20A6, 0x20A6, 0x2C8 },
    { 0x20A8, 0x20AE, 0x2C9 },
    { 0x20B1, 0x20B2, 0x2D0 },
    { 0x20B4, 0x20B5, 0x2D2 },
    { 0x20B8, 0x20BA, 0x2D4 },
    { 0x20BD, 0x20BD, 0x2D7 },
    { 0x20BF, 0x20BF, 0x2D8 },
    { 0x2190, 0x2199, 0x2D9 },
    { 0x21A9, 0x21AA, 0x2E3 },
    { 0x21B0, 0x21B3, 0x2E5 },
    { 0x21B6, 0x21B7, 0x2E9 },
    { 0x21BA, 0x21BB, 0x2EB },
    { 0x21C4, 0x21C4, 0x2ED },
    { 0x21C6, 0x21C6, 0x2EE },
    { 0x2202, 0x2202, 0x2EF },
    { 0x2206, 0x2206, 0x2F0 },
    { 0x220F, 0x220F, 0x2F1 },
    { 0x2211, 0x2212, 0x2F2 },
    { 0x221A, 0x221A, 0x2F4 },
    { 0x221E, 0x221E, 0x2F5 },
    { 0x222B, 0x222B, 0x2F6 },
    { 0x2248, 0x2248, 0x2F7 },
    { 0x2260, 0x2260, 0x2F8 },
    { 0x2264, 0x2265, 0x2F9 },
    { 0xFB01, 0xFB02, 0x2FB },
    { 0xFB56, 0xFB59, 0x2FD },
    { 0xFB66, 0xFB69, 0x301 },
    { 0xFB7A, 0xFB7D, 0x305 },
    { 0xFB88, 0xFB95, 0x309 },
    { 0xFB9E, 0xFB9F, 0x317 },
    { 0xFBA6, 0xFBB1, 0x319 },
    { 0xFBFC, 0xFBFF, 0x325 },
    { 0xFE80, 0xFEFC, 0x329 },
};

static const uint16_t ia_duospace_10_boldKernLeftCodepoints[] = {
    0x05D0, 0x05D1, 0x05D2, 0x05D3, 0x05D5, 0x05D6, 0x05D8, 0x05D9, 0x05DB, 0x05DC, 0x05DE, 0x05E0,
    0x05E1, 0x05E2, 0x05E4, 0x05E6, 0x05E8, 0x05E9, 0x05EA, 0xFB8C, 0xFEAD, 0xFEAE, 0xFEAF,
};

static const uint8_t ia_duospace_10_boldKernLeftClassIds[] = {
      1,   2,   3,   4,   5,   6,   7,   8,   9,  10,  11,  12,  13,  14,  15,  16,
     17,  18,  19,  20,  20,  20,  20,
};

static const uint16_t ia_duospace_10_boldKernRightCodepoints[] = {
    0x05D0, 0x05D1, 0x05D2, 0x05D3, 0x05D4, 0x05D6, 0x05D7, 0x05D8, 0x05D9, 0x05DA, 0x05DB, 0x05DC,
    0x05DD, 0x05DE, 0x05E1, 0x05E2, 0x05E3, 0x05E4, 0x05E5, 0x05E7, 0x05E8, 0x05E9, 0x05EA, 0x06D5,
    0xFB8E, 0xFBA6, 0xFBAA, 0xFE8D, 0xFEA3, 0xFEA9, 0xFEB1, 0xFEB3, 0xFEB9, 0xFEBB, 0xFEC1, 0xFEC3,
    0xFEC9, 0xFECB, 0xFECD, 0xFEDB, 0xFEDF, 0xFEE1, 0xFEE3, 0xFEEB,
};

static const uint8_t ia_duospace_10_boldKernRightClassIds[] = {
      1,   2,   3,   4,   5,   6,   7,   8,   9,  10,  11,  12,  13,  14,  15,  16,
     17,  18,  19,  20,  21,  22,  23,  24,  24,  24,  24,  25,  24,  26,  26,  26,
     26,  26,  26,  26,  27,  25,  27,  24,  25,  24,  24,  24,
};

static const uint16_t ia_duospace_10_boldKernRowOffsets[] = {
        0,     6,    11,    18,    29,    35,    36,    45,    56,    62,    72,    77,    80,    87,    89,    96,
      103,   113,   120,   130,   134,
};

static const uint8_t ia_duospace_10_boldKernSparseCols[] = {
      8,  10,  11,  17,  19,  21,   3,   9,  14,  17,  20,   1,   7,   8,  10,  11,
     13,  17,   1,   4,   7,   9,  10,  12,  13,  14,  16,  17,  20,   1,   7,  12,
     14,  17,  20,   1,   3,   7,   9,  10,  16,  17,  18,  19,  20,   1,   4,   6,
      7,  10,  12,  13,  14,  17,  20,  22,   7,  10,  13,  14,  16,  17,   1,   2,
      7,   9,  10,  14,  16,  17,  21,  22,  10,  12,  13,  14,  17,   7,   8,  10,
      7,   9,  11,  14,  16,  17,  20,   7,  14,   9,  10,  11,  14,  16,  17,  21,
      0,   1,   3,   8,  12,  14,  17,   1,   7,   9,  10,  13,  14,  16,  17,  20,
     22,   1,   7,  10,  12,  14,  17,  20,   3,   5,   8,  10,  11,  13,  14,  15,
     17,  21,  23,  24,  25,  26,
};

static const int8_t ia_duospace_10_boldKernSparseValues[] = {
      -7,   -4,   -1,   -7,   -3,   -7,   -2,   -2,   -8,   -8,   -3,    3,   -2,   -8,   -2,   -4,
      -5,   -3,  -13,   -7,   -2,  -17,  -11,   -3,   -2,   -8,  -17,  -11,  -11,   -4,   -4,   -3,
      -5,   -7,   -7,   -2,   -2,   -7,  -12,   -1,   -7,   -5,   -2,   -2,   -2,  -20,   -7,   -5,
      -5,   -5,  -10,   -5,   -5,   -7,   -7,   -7,   -2,   -2,   -4,   -4,   -7,   -7,  -13,   -2,
      -2,  -10,   -7,   -2,  -15,   -4,    3,   -1,   -7,   -2,   -7,   -8,   -9,   -4,   -6,   -3,
      -2,  -10,   -2,   -2,   -4,   -2,   -7,   -5,   -3,   -5,   -7,   -5,   -5,  -12,   -2,   -5,
      -2,   -3,   -2,   -7,   -3,   -8,   -7,  -13,   -7,  -10,   -2,   -5,   -7,  -10,   -7,   -7,
      -8,   -9,   -2,   -9,   -5,   -7,   -5,   -5,  -16,  -17,   -6,   -2,   -2,  -12,  -13,  -13,
      -3,   -7,  -13,   -8,  -10,   17,
};

static const EpdFontData ia_duospace_10_bold = {
    ia_duospace_10_boldBitmaps,
    ia_duospace_10_boldGlyphs,
    ia_duospace_10_boldIntervals,
    91,
    27,
    22,
    -6,
    false,
    nullptr,
    0,
    nullptr,
    nullptr,  // kernLeftClasses: built-in fonts use the split arrays below
    nullptr,  // kernRightClasses
    ia_duospace_10_boldKernLeftCodepoints,
    ia_duospace_10_boldKernLeftClassIds,
    ia_duospace_10_boldKernRightCodepoints,
    ia_duospace_10_boldKernRightClassIds,
    nullptr,  // kernMatrix: built-in fonts use the sparse form below
    ia_duospace_10_boldKernRowOffsets,
    ia_duospace_10_boldKernSparseCols,
    ia_duospace_10_boldKernSparseValues,
    23,
    44,
    20,
    27,
    nullptr,
    0,
};
