/**
 * generated by fontconvert.py
 * name: ia_duospace_12_regular
 * size: 12
 * mode: 1-bit
 * Command used: fontconvert.py ia_duospace_12_regular 12 /Users/jacobshober/Downloads/iA-Fonts-master/iA Writer Duo/Static/iAWriterDuoS-Regular.ttf NotoSansHebrew-Regular.ttf NotoSansArabic-Regular.ttf --additional-intervals 0x05D0,0x05EA --additional-intervals 0x060C,0x060C --additional-intervals 0x061B,0x061B --additional-intervals 0x061F,0x061F --additional-intervals 0x0621,0x0621 --additional-intervals 0x0640,0x0640 --additional-intervals 0x0654,0x0654 --additional-intervals 0x0660,0x0669 --additional-intervals 0x06BA,0x06BA --additional-intervals 0x06D4,0x06D4 --additional-intervals 0x06D5,0x06D5 --additional-intervals 0x06F0,0x06F9 --additional-intervals 0xFB56,0xFB59 --additional-intervals 0xFB66,0xFB69 --additional-intervals 0xFB7A,0xFB7D --additional-intervals 0xFB88,0xFB95 --additional-intervals 0xFB9E,0xFB9F --additional-intervals 0xFBA6,0xFBB1 --additional-intervals 0xFBFC,0xFBFF --additional-intervals 0xFE80,0xFEFC
 */
#pragma once
#include "EpdFontData.h"

static const uint8_t ia_duospace_12_regularBitmaps[27995] = {
    0x73, 0x9C, 0xE7, 0x39, 0xCE, 0x71, 0x08, 0x00, 0x03, 0xDE, 0xF0, 0xEF, 0xDF, 0xBF, 0x7E, 0xFD,
    0xFB, 0x80, 0x07, 0x38, 0x0E, 0x60, 0x1C, 0xC0, 0x33, 0x80, 0x67, 0x0F, 0xFF, 0xDF, 0xFF, 0x87,
    0x30, 0x0C, 0xE0, 0x19, 0xC3, 0xFF, 0xF7, 0xFF, 0xE1, 0xCC, 0x03, 0x98, 0x06, 0x70, 0x0C, 0xE0,
    0x39, 0xC0, 0x03, 0x00, 0x18, 0x01, 0xE0, 0x7F, 0xC7, 0xFF, 0x39, 0x9D, 0x8C, 0x4C, 0x60, 0x73,
    0x03, 0xD8, 0x0F, 0xF0, 0x3F, 0xE0, 0x3F, 0x01, 0x9C, 0x0C, 0xE0, 0x67, 0xE3, 0x3F, 0x9B, 0xDF,
    0xFC, 0x7F, 0xC0, 0x30, 0x01, 0x80, 0x0C, 0x00, 0x3E, 0x01, 0xC3, 0xF8, 0x1C, 0x18, 0xE1, 0xC1,
    0xC7, 0x0E, 0x0E, 0x38, 0xE0, 0x71, 0xCE, 0x01, 0x8E, 0x60, 0x0F, 0xE7, 0x7C, 0x3E, 0x77, 0xF0,
    0x07, 0x31, 0xC0, 0x3B, 0x8E, 0x03, 0x9C, 0x70, 0x38, 0xE3, 0x81, 0x87, 0x1C, 0x1C, 0x18, 0xE1,
    0xC0, 0xFE, 0x0C, 0x03, 0xE0, 0x0F, 0xC0, 0x3F, 0xC0, 0xE3, 0x81, 0xC2, 0x03, 0x80, 0x07, 0x00,
    0x07, 0x00, 0x0F, 0x1E, 0x3E, 0x3C, 0xEE, 0x61, 0x8E, 0xC7, 0x0F, 0x8E, 0x0F, 0x1C, 0x0E, 0x1C,
    0x3E, 0x3F, 0xDE, 0x3F, 0x1C, 0xFF, 0xFF, 0xF8, 0x0E, 0x1C, 0x38, 0x38, 0x70, 0x60, 0xE0, 0xE0,
    0xC0, 0xC0, 0xC0, 0xC0, 0xC0, 0xC0, 0xE0, 0xE0, 0x60, 0x70, 0x38, 0x38, 0x1C, 0x0E, 0x70, 0x38,
    0x1C, 0x1C, 0x0E, 0x06, 0x07, 0x07, 0x03, 0x03, 0x03, 0x03, 0x03, 0x03, 0x07, 0x07, 0x06, 0x0E,
    0x1C, 0x1C, 0x38, 0x70, 0x07, 0x00, 0x38, 0x01, 0xC0, 0x0E, 0x0F, 0x77, 0xFF, 0xFC, 0xFF, 0x81,
    0xF0, 0x1F, 0xC0, 0xEE, 0x0E, 0x38, 0x60, 0xC0, 0x00, 0x00, 0x07, 0x00, 0x38, 0x01, 0xC0, 0x0E,
    0x00, 0x70, 0x7F, 0xFF, 0xFF, 0xE0, 0xE0, 0x07, 0x00, 0x38, 0x01, 0xC0, 0x0E, 0x00, 0x7B, 0x9D,
    0xEE, 0x73, 0x00, 0x7F, 0x7F, 0xC0, 0xF7, 0xBC, 0x00, 0xE0, 0x1C, 0x03, 0x00, 0xE0, 0x18, 0x07,
    0x00, 0xE0, 0x18, 0x07, 0x00, 0xC0, 0x38, 0x07, 0x00, 0xC0, 0x38, 0x06, 0x01, 0xC0, 0x38, 0x06,
    0x01, 0xC0, 0x30, 0x0E, 0x01, 0xC0, 0x00, 0x1F, 0xC1, 0xFF, 0x1E, 0x3C, 0xE0, 0xE6, 0x03, 0x70,
    0x1F, 0x80, 0xFC, 0xE7, 0xE7, 0x3F, 0x39, 0xF8, 0x0F, 0xC0, 0x76, 0x03, 0x38, 0x39, 0xE3, 0xC7,
    0xFC, 0x1F, 0xC0, 0x0F, 0x80, 0xFC, 0x0E, 0xE0, 0xE7, 0x0E, 0x38, 0x21, 0xC0, 0x0E, 0x00, 0x70,
    0x03, 0x80, 0x1C, 0x00, 0xE0, 0x07, 0x00, 0x38, 0x01, 0xC0, 0x0E, 0x0F, 0xFF, 0x7F, 0xF8, 0x1F,
    0xC1, 0xFF, 0x1E, 0x3D, 0xC0, 0xE6, 0x07, 0x00, 0x38, 0x01, 0xC0, 0x1C, 0x00, 0xE0, 0x0E, 0x01,
    0xE0, 0x1E, 0x01, 0xE0, 0x1E, 0x01, 0xC0, 0x1F, 0xFF, 0xFF, 0xF8, 0x1F, 0xC3, 0xFE, 0x70, 0xF2,
    0x07, 0x00, 0x70, 0x07, 0x01, 0xE1, 0xFC, 0x0F, 0xC0, 0x0F, 0x00, 0x70, 0x07, 0x00, 0x76, 0x07,
    0xF0, 0xF7, 0xFE, 0x3F, 0xC0, 0x00, 0xF0, 0x03, 0xE0, 0x0F, 0xC0, 0x1F, 0x80, 0x77, 0x01, 0xCE,
    0x03, 0x9C, 0x0E, 0x38, 0x18, 0x70, 0x70, 0xE1, 0xC1, 0xC3, 0x03, 0x8F, 0xFF, 0xCF, 0xFF, 0x80,
    0x1C, 0x00, 0x38, 0x00, 0x70, 0x3F, 0xF1, 0xFF, 0x9C, 0x00, 0xE0, 0x07, 0x00, 0x38, 0x01, 0xFF,
    0x0F, 0xFC, 0x78, 0xF1, 0x03, 0x80, 0x0E, 0x00, 0x70, 0x03, 0xB0, 0x39, 0xC3, 0xC7, 0xFC, 0x1F,
    0xC0, 0x03, 0xC0, 0x78, 0x07, 0x80, 0x38, 0x03, 0x80, 0x18, 0x01, 0xFF, 0x0F, 0xFC, 0xF8, 0xF7,
    0x83, 0xB8, 0x0F, 0xC0, 0x7E, 0x03, 0xB8, 0x39, 0xE3, 0xC7, 0xFC, 0x1F, 0xC0, 0xFF, 0xFF, 0xFF,
    0xF8, 0x1D, 0xC0, 0xEE, 0x06, 0x00, 0x70, 0x03, 0x80, 0x38, 0x01, 0xC0, 0x1C, 0x00, 0xE0, 0x0E,
    0x00, 0x70, 0x03, 0x80, 0x38, 0x01, 0xC0, 0x1C, 0x00, 0x1F, 0xC3, 0xFF, 0x9C, 0x1C, 0xE0, 0xE6,
    0x03, 0x38, 0x39, 0xE3, 0xC3, 0xF8, 0x3F, 0xE3, 0x83, 0xB8, 0x0F, 0xC0, 0x7E, 0x03, 0xF0, 0x1D,
    0xC1, 0xCF, 0xFE, 0x1F, 0xC0, 0x1F, 0xC1, 0xFF, 0x1E, 0x3C, 0xE0, 0xEE, 0x03, 0xF0, 0x1F, 0x80,
    0xEE, 0x0F, 0x7D, 0xF9, 0xFF, 0x87, 0xDC, 0x00, 0xE0, 0x0E, 0x00, 0xE0, 0x0F, 0x00, 0xF0, 0x1E,
    0x00, 0xF7, 0xBC, 0x00, 0x00, 0x00, 0x00, 0x3D, 0xEF, 0x00, 0x7B, 0xDE, 0x00, 0x00, 0x00, 0x03,
    0xDC, 0xEF, 0x73, 0x98, 0x00, 0x20, 0x1C, 0x0F, 0x87, 0xC1, 0xF0, 0xF8, 0x3C, 0x07, 0x00, 0xF8,
    0x0F, 0x80, 0x7C, 0x03, 0xE0, 0x1E, 0x01, 0xC0, 0x08, 0xFF, 0xFF, 0xFF, 0xC0, 0x00, 0x00, 0x00,
    0x00, 0x7F, 0xFF, 0xFF, 0xE0, 0x80, 0x1C, 0x03, 0xE0, 0x1F, 0x01, 0xF0, 0x0F, 0x80, 0x78, 0x07,
    0x01, 0xE0, 0xF8, 0x7C, 0x3E, 0x0F, 0x01, 0xC0, 0x20, 0x00, 0x1F, 0xC3, 0xFE, 0x78, 0xF7, 0x07,
    0x20, 0x70, 0x07, 0x00, 0x70, 0x3E, 0x07, 0xC0, 0x70, 0x06, 0x00, 0x60, 0x00, 0x00, 0x00, 0x0F,
    0x00, 0xF0, 0x0F, 0x00, 0x03, 0xFE, 0x00, 0xFF, 0xF8, 0x1F, 0x07, 0xC3, 0xC0, 0x1C, 0x39, 0xFE,
    0xE7, 0x3F, 0xE6, 0x67, 0x9E, 0x76, 0x70, 0xE3, 0xE7, 0x0E, 0x3E, 0x70, 0xE3, 0xE7, 0x0E, 0x3E,
    0x70, 0xE7, 0x67, 0x9E, 0x66, 0x3F, 0xFE, 0x71, 0xF7, 0xC3, 0x80, 0x00, 0x3C, 0x00, 0x01, 0xF8,
    0x00, 0x07, 0xFF, 0x00, 0x1F, 0xF0, 0x03, 0x80, 0x0F, 0x80, 0x1F, 0x00, 0x36, 0x00, 0xEE, 0x01,
    0xDC, 0x03, 0x18, 0x0E, 0x38, 0x1C, 0x70, 0x38, 0xE0, 0xFF, 0xE1, 0xFF, 0xC3, 0x83, 0x86, 0x03,
    0x9C, 0x07, 0x38, 0x0E, 0x60, 0x0C, 0xFF, 0x8F, 0xFC, 0xE0, 0xEE, 0x0E, 0xE0, 0xEE, 0x0E, 0xE0,
    0xEF, 0xFC, 0xFF, 0xCE, 0x1E, 0xE0, 0x7E, 0x07, 0xE0, 0x7E, 0x07, 0xE0, 0xEF, 0xFE, 0xFF, 0xC0,
    0x0F, 0xC1, 0xFF, 0x0E, 0x1C, 0xE0, 0x77, 0x02, 0x30, 0x03, 0x80, 0x1C, 0x00, 0xE0, 0x07, 0x00,
    0x38, 0x00, 0xC0, 0x07, 0x00, 0x38, 0x1C, 0xE1, 0xC7, 0xFC, 0x0F, 0xC0, 0xFF, 0x8F, 0xFC, 0xE1,
    0xEE, 0x0E, 0xE0, 0x6E, 0x07, 0xE0, 0x7E, 0x07, 0xE0, 0x7E, 0x07, 0xE0, 0x7E, 0x07, 0xE0, 0x6E,
    0x0E, 0xE1, 0xEF, 0xFC, 0xFF, 0x80, 0xFF, 0xFF, 0xFF, 0x80, 0x70, 0x0E, 0x01, 0xC0, 0x38, 0x07,
    0xFF, 0xFF, 0xFC, 0x03, 0x80, 0x70, 0x0E, 0x01, 0xC0, 0x38, 0x07, 0xFF, 0xFF, 0xE0, 0xFF, 0xFF,
    0xFF, 0xE0, 0x0E, 0x00, 0xE0, 0x0E, 0x00, 0xE0, 0x0F, 0xFE, 0xFF, 0xEE, 0x00, 0xE0, 0x0E, 0x00,
    0xE0, 0x0E, 0x00, 0xE0, 0x0E, 0x00, 0xE0, 0x00, 0x1F, 0xC1, 0xFF, 0x1E, 0x3C, 0xE0, 0xE6, 0x02,
    0x70, 0x03, 0x80, 0x1C, 0x00, 0xE3, 0xF7, 0x1F, 0xB8, 0x0D, 0xC0, 0x6E, 0x03, 0x38, 0x39, 0xE3,
    0xC7, 0xFE, 0x1F, 0xB0, 0xC0, 0x78, 0x0F, 0x01, 0xE0, 0x3C, 0x07, 0x80, 0xF0, 0x1F, 0xFF, 0xFF,
    0xF8, 0x0F, 0x01, 0xE0, 0x3C, 0x07, 0x80, 0xF0, 0x1E, 0x03, 0xC0, 0x60, 0xFF, 0xFF, 0xFC, 0x38,
    0x07, 0x00, 0xE0, 0x1C, 0x03, 0x80, 0x70, 0x0E, 0x01, 0xC0, 0x38, 0x07, 0x00, 0xE0, 0x1C, 0x03,
    0x87, 0xFF, 0xFF, 0xE0, 0x3F, 0xE7, 0xFC, 0x01, 0x80, 0x30, 0x06, 0x00, 0xC0, 0x18, 0x03, 0x00,
    0x60, 0x0C, 0x01, 0x80, 0x30, 0x0E, 0xC1, 0xDC, 0x79, 0xFE, 0x1F, 0x80, 0xE0, 0x77, 0x07, 0x38,
    0x79, 0xC7, 0x8E, 0x78, 0x73, 0x83, 0xB8, 0x1F, 0xC0, 0xFE, 0x07, 0xB8, 0x3D, 0xE1, 0xC7, 0x0E,
    0x1C, 0x70, 0xF3, 0x83, 0x9C, 0x0E, 0xE0, 0x78, 0xC0, 0x18, 0x03, 0x00, 0x60, 0x0C, 0x01, 0x80,
    0x30, 0x06, 0x00, 0xC0, 0x18, 0x03, 0x00, 0x60, 0x0C, 0x01, 0x80, 0x30, 0x07, 0xFF, 0xFF, 0xE0,
    0x78, 0x03, 0xDE, 0x01, 0xF7, 0xC0, 0x7D, 0xB0, 0x3F, 0x6E, 0x1D, 0xD9, 0xC7, 0x76, 0x73, 0x9D,
    0x8E, 0xE7, 0x63, 0xF1, 0xD8, 0x7C, 0x76, 0x1E, 0x1D, 0x83, 0x87, 0x60, 0x41, 0xD8, 0x00, 0x76,
    0x00, 0x1D, 0x80, 0x07, 0x60, 0x01, 0xC0, 0xF0, 0x7E, 0x0F, 0xC1, 0xFC, 0x3F, 0x87, 0xB8, 0xF7,
    0x1E, 0x63, 0xCE, 0x78, 0xCF, 0x1D, 0xE3, 0xBC, 0x3F, 0x87, 0xF0, 0x7E, 0x0F, 0xC1, 0xE0, 0x1F,
    0xC1, 0xFF, 0x1E, 0x3C, 0xE0, 0xE6, 0x03, 0x70, 0x1F, 0x80, 0xFC, 0x07, 0xE0, 0x3F, 0x01, 0xF8,
    0x0F, 0xC0, 0x76, 0x03, 0x38, 0x39, 0xE3, 0xC7, 0xFC, 0x1F, 0xC0, 0xFF, 0xCF, 0xFE, 0xE0, 0xEE,
    0x07, 0xE0, 0x7E, 0x07, 0xE0, 0x7E, 0x1E, 0xFF, 0xEF, 0xF8, 0xE0, 0x0E, 0x00, 0xE0, 0x0E, 0x00,
    0xE0, 0x0E, 0x00, 0xE0, 0x00, 0x1F, 0xC0, 0x7F, 0xC1, 0xE3, 0xC3, 0x83, 0x86, 0x03, 0x1C, 0x07,
    0x38, 0x0E, 0x70, 0x1C, 0xE0, 0x39, 0xC0, 0x73, 0x80, 0xE7, 0x3D, 0xC6, 0x3F, 0x0E, 0x3E, 0x1E,
    0x3C, 0x1F, 0xFC, 0x1F, 0xDC, 0x00, 0x1C, 0xFF, 0xCF, 0xFE, 0xE0, 0xEE, 0x07, 0xE0, 0x7E, 0x07,
    0xE0, 0x7E, 0x1E, 0xFF, 0xEF, 0xF8, 0xE7, 0x0E, 0x38, 0xE3, 0x8E, 0x1C, 0xE0, 0xEE, 0x0E, 0xE0,
    0x70, 0x1F, 0xC3, 0xFF, 0x9C, 0x1F, 0xC0, 0x6E, 0x00, 0x70, 0x01, 0xC0, 0x0F, 0xF0, 0x1F, 0xE0,
    0x1F, 0x80, 0x1E, 0x00, 0x70, 0x03, 0xF0, 0x1F, 0xC1, 0xCF, 0xFE, 0x3F, 0xC0, 0xFF, 0xFF, 0xFF,
    0xFC, 0x0E, 0x00, 0x1C, 0x00, 0x38, 0x00, 0x70, 0x00, 0xE0, 0x01, 0xC0, 0x03, 0x80, 0x07, 0x00,
    0x0E, 0x00, 0x1C, 0x00, 0x38, 0x00, 0x70, 0x00, 0xE0, 0x01, 0xC0, 0x03, 0x80, 0xC0, 0x78, 0x0F,
    0x01, 0xE0, 0x3C, 0x07, 0x80, 0xF0, 0x1E, 0x03, 0xC0, 0x78, 0x0F, 0x01, 0xF0, 0x7E, 0x0F, 0xC1,
    0xFC, 0x7B, 0xFE, 0x3F, 0x80, 0x70, 0x1C, 0xE0, 0x39, 0xC0, 0x71, 0xC0, 0xC3, 0x83, 0x87, 0x07,
    0x06, 0x0C, 0x0E, 0x38, 0x1C, 0x70, 0x38, 0xE0, 0x39, 0x80, 0x77, 0x00, 0xEE, 0x00, 0xD8, 0x01,
    0xF0, 0x03, 0xE0, 0x03, 0x80, 0xE0, 0x38, 0x1D, 0xC1, 0xE0, 0x77, 0x07, 0x81, 0xDC, 0x1F, 0x06,
    0x70, 0xFC, 0x38, 0xC3, 0xB0, 0xE3, 0x8C, 0xE3, 0x8E, 0x33, 0x8C, 0x39, 0xCE, 0x70, 0x67, 0x19,
    0xC1, 0xD8, 0x77, 0x07, 0x61, 0xD8, 0x1F, 0x83, 0xE0, 0x3E, 0x0F, 0x80, 0xF0, 0x3C, 0x03, 0xC0,
    0xF0, 0x0F, 0x01, 0xC0, 0x70, 0x1C, 0x70, 0x38, 0xE0, 0xE0, 0xE3, 0x81, 0xE7, 0x01, 0xDC, 0x01,
    0xF0, 0x03, 0xE0, 0x03, 0x80, 0x0F, 0x80, 0x1F, 0x80, 0x77, 0x01, 0xC7, 0x03, 0x8F, 0x0E, 0x0E,
    0x38, 0x0E, 0x70, 0x1C, 0xF0, 0x0E, 0xE0, 0x39, 0xE0, 0xF1, 0xC1, 0xC1, 0xC7, 0x03, 0x8E, 0x03,
    0xB8, 0x07, 0x70, 0x07, 0xC0, 0x07, 0x00, 0x0E, 0x00, 0x1C, 0x00, 0x38, 0x00, 0x70, 0x00, 0xE0,
    0x01, 0xC0, 0x03, 0x80, 0xFF, 0xFF, 0xFF, 0xC0, 0x1C, 0x01, 0xE0, 0x0E, 0x00, 0xE0, 0x0E, 0x00,
    0xF0, 0x07, 0x00, 0x70, 0x07, 0x00, 0x78, 0x03, 0x80, 0x38, 0x03, 0x80, 0x1F, 0xFF, 0xFF, 0xF8,
    0xFF, 0xFF, 0xE0, 0xE0, 0xE0, 0xE0, 0xE0, 0xE0, 0xE0, 0xE0, 0xE0, 0xE0, 0xE0, 0xE0, 0xE0, 0xE0,
    0xE0, 0xE0, 0xE0, 0xE0, 0xFF, 0xFF, 0xE0, 0x1C, 0x01, 0x80, 0x38, 0x03, 0x00, 0x70, 0x0E, 0x00,
    0xC0, 0x1C, 0x01, 0x80, 0x38, 0x07, 0x00, 0x60, 0x0E, 0x00, 0xC0, 0x1C, 0x03, 0x80, 0x30, 0x07,
    0x00, 0x60, 0x0E, 0x01, 0xC0, 0xFF, 0xFF, 0x07, 0x07, 0x07, 0x07, 0x07, 0x07, 0x07, 0x07, 0x07,
    0x07, 0x07, 0x07, 0x07, 0x07, 0x07, 0x07, 0x07, 0x07, 0xFF, 0xFF, 0x07, 0x00, 0x7C, 0x03, 0xE0,
    0x3B, 0x83, 0x8E, 0x1C, 0x71, 0xC1, 0xCE, 0x0E, 0xE0, 0x3E, 0x01, 0xC0, 0x00, 0xFF, 0xFF, 0xFF,
    0xC0, 0x23, 0x1C, 0x63, 0x88, 0x1F, 0x83, 0xFE, 0x1C, 0x38, 0x41, 0xC0, 0x06, 0x0F, 0xF1, 0xFF,
    0x8F, 0x0C, 0xE0, 0x67, 0x07, 0x1C, 0x78, 0xFF, 0xF3, 0xF7, 0x80, 0xE0, 0x0E, 0x00, 0xE0, 0x0E,
    0x00, 0xE0, 0x0E, 0xF8, 0xFF, 0xCF, 0x1E, 0xE0, 0xEE, 0x07, 0xE0, 0x7E, 0x07, 0xE0, 0x7E, 0x07,
    0xE0, 0xEF, 0x1E, 0xFF, 0xCE, 0xF8, 0x1F, 0x8F, 0xF9, 0xC3, 0xF0, 0x2E, 0x01, 0xC0, 0x38, 0x07,
    0x00, 0xE0, 0x1C, 0x0D, 0xC3, 0xBF, 0xE1, 0xF8, 0x00, 0x70, 0x07, 0x00, 0x70, 0x07, 0x00, 0x71,
    0xF7, 0x3F, 0xF7, 0x8F, 0x70, 0x7E, 0x07, 0xE0, 0x7E, 0x07, 0xE0, 0x7E, 0x07, 0x70, 0x77, 0x8F,
    0x3F, 0xF1, 0xF7, 0x1F, 0xC1, 0xFF, 0x1E, 0x3C, 0xE0, 0xE6, 0x03, 0xFF, 0xFF, 0xFF, 0xFC, 0x00,
    0x60, 0x03, 0x81, 0x9E, 0x1C, 0x7F, 0xC1, 0xFC, 0x00, 0x01, 0xF8, 0x1F, 0xC1, 0xC0, 0x0E, 0x00,
    0x70, 0x7F, 0xFD, 0xFF, 0xE0, 0xE0, 0x07, 0x00, 0x38, 0x01, 0xC0, 0x0E, 0x00, 0x70, 0x03, 0x80,
    0x1C, 0x00, 0xE0, 0x7F, 0xF3, 0xFF, 0x80, 0x1F, 0x73, 0xFF, 0x78, 0xF7, 0x07, 0xE0, 0x7E, 0x07,
    0xE0, 0x7E, 0x07, 0xE0, 0x77, 0x07, 0x78, 0xF3, 0xFF, 0x1F, 0x70, 0x07, 0x00, 0x73, 0x0E, 0x7F,
    0xE3, 0xF8, 0xE0, 0x1C, 0x03, 0x80, 0x70, 0x0E, 0x01, 0xDF, 0x3F, 0xF7, 0x8F, 0xE0, 0xFC, 0x1F,
    0x83, 0xF0, 0x7E, 0x0F, 0xC1, 0xF8, 0x3F, 0x07, 0xE0, 0xFC, 0x1C, 0x0F, 0x00, 0xF0, 0x0E, 0x00,
    0x00, 0x00, 0x0F, 0xE0, 0xFE, 0x00, 0x60, 0x06, 0x00, 0x60, 0x06, 0x00, 0x60, 0x06, 0x00, 0x60,
    0x06, 0x00, 0x60, 0xFF, 0xFF, 0xFF, 0x03, 0x80, 0xF0, 0x3C, 0x00, 0x00, 0x3F, 0xEF, 0xF8, 0x0E,
    0x03, 0x80, 0xE0, 0x38, 0x0E, 0x03, 0x80, 0xE0, 0x38, 0x0E, 0x03, 0x80, 0xE0, 0x38, 0x0E, 0x03,
    0xBF, 0xCF, 0xE0, 0xE0, 0x07, 0x00, 0x38, 0x01, 0xC0, 0x0E, 0x00, 0x70, 0x7B, 0x87, 0x9C, 0x78,
    0xE7, 0x87, 0x78, 0x3F, 0x81, 0xFE, 0x0F, 0x78, 0x71, 0xC3, 0x87, 0x1C, 0x1C, 0xE0, 0xF7, 0x03,
    0x80, 0xFE, 0x1F, 0xC0, 0x38, 0x07, 0x00, 0xE0, 0x1C, 0x03, 0x80, 0x70, 0x0E, 0x01, 0xC0, 0x38,
    0x07, 0x00, 0xE0, 0x1C, 0x03, 0x80, 0x70, 0xFF, 0xFF, 0xFC, 0xFF, 0x9F, 0x9F, 0xFF, 0xFB, 0xC7,
    0xC7, 0x70, 0x70, 0xEE, 0x0E, 0x0D, 0xC1, 0xC1, 0xB8, 0x38, 0x37, 0x07, 0x06, 0xE0, 0xE0, 0xDC,
    0x1C, 0x1B, 0x83, 0x83, 0x70, 0x70, 0x6E, 0x0E, 0x0C, 0xEF, 0x9F, 0xFB, 0xC7, 0xF0, 0x7E, 0x0F,
    0xC1, 0xF8, 0x3F, 0x07, 0xE0, 0xFC, 0x1F, 0x83, 0xF0, 0x7E, 0x0E, 0x1F, 0xC1, 0xFF, 0x1E, 0x3C,
    0xE0, 0xE6, 0x03, 0x70, 0x1F, 0x80, 0xFC, 0x07, 0x60, 0x33, 0x83, 0x9E, 0x3C, 0x7F, 0xC1, 0xFC,
    0x00, 0xEF, 0x8F, 0xFC, 0xF1, 0xEE, 0x0E, 0xE0, 0x7E, 0x07, 0xE0, 0x7E, 0x07, 0xE0, 0x7E, 0x0E,
    0xF1, 0xEF, 0xFC, 0xEF, 0x8E, 0x00, 0xE0, 0x0E, 0x00, 0xE0, 0x0E, 0x00, 0x1F, 0x73, 0xFF, 0x78,
    0xF7, 0x07, 0xE0, 0x7E, 0x07, 0xE0, 0x7E, 0x07, 0xE0, 0x77, 0x07, 0x78, 0xF3, 0xFF, 0x1F, 0x70,
    0x07, 0x00, 0x70, 0x07, 0x00, 0x70, 0x07, 0x7E, 0xFB, 0xFF, 0xC3, 0xE0, 0x1E, 0x00, 0xE0, 0x07,
    0x00, 0x38, 0x01, 0xC0, 0x0E, 0x00, 0x70, 0x03, 0x80, 0xFF, 0xE7, 0xFF, 0x00, 0x1F, 0xC1, 0xFF,
    0x9C, 0x1C, 0xE0, 0x07, 0x00, 0x1F, 0x80, 0x7F, 0x80, 0x7E, 0x00, 0x33, 0x01, 0x9C, 0x1C, 0xFF,
    0xE1, 0xFC, 0x00, 0x07, 0x00, 0x1C, 0x00, 0x70, 0x01, 0xC0, 0x7F, 0xFD, 0xFF, 0xE0, 0x70, 0x01,
    0xC0, 0x07, 0x00, 0x1C, 0x00, 0x70, 0x01, 0xC0, 0x07, 0x00, 0x1C, 0x00, 0x70, 0x00, 0xFE, 0x01,
    0xF8, 0xE0, 0xFC, 0x1F, 0x83, 0xF0, 0x7E, 0x0F, 0xC1, 0xF8, 0x3F, 0x07, 0xE0, 0xFC, 0x1F, 0xC7,
    0xBF, 0xF3, 0xEE, 0xE0, 0x3B, 0x81, 0x9C, 0x1C, 0xE0, 0xE3, 0x86, 0x1C, 0x70, 0x63, 0x03, 0xB8,
    0x1D, 0xC0, 0x6C, 0x03, 0xE0, 0x1F, 0x00, 0x70, 0x00, 0x60, 0x70, 0x77, 0x07, 0x07, 0x70, 0xF0,
    0x63, 0x0F, 0x8E, 0x30, 0xF8, 0xE3, 0x9D, 0x8C, 0x39, 0x9C, 0xC1, 0x99, 0xDC, 0x1F, 0x8D, 0xC1,
    0xF8, 0xD8, 0x0F, 0x0F, 0x80, 0xF0, 0x78, 0x0F, 0x07, 0x00, 0x70, 0x73, 0xC3, 0x8E, 0x38, 0x3B,
    0x81, 0xFC, 0x07, 0xC0, 0x1C, 0x01, 0xF0, 0x1F, 0xC0, 0xEE, 0x0E, 0x38, 0xE0, 0xEF, 0x07, 0x80,
    0xE0, 0x3B, 0x01, 0x9C, 0x1C, 0xE0, 0xE3, 0x86, 0x1C, 0x70, 0x63, 0x03, 0xB8, 0x1D, 0xC0, 0x7C,
    0x03, 0xE0, 0x0E, 0x00, 0x70, 0x03, 0x80, 0x38, 0x01, 0xC0, 0x7C, 0x03, 0xE0, 0x00, 0xFF, 0xFF,
    0xFC, 0x07, 0x81, 0xE0, 0x78, 0x0E, 0x03, 0x80, 0xE0, 0x38, 0x0E, 0x03, 0x80, 0x7F, 0xFF, 0xFE,
    0x0F, 0xE1, 0xFC, 0x70, 0x06, 0x00, 0xC0, 0x1C, 0x01, 0x80, 0x38, 0x03, 0x01, 0xE3, 0xF8, 0x7F,
    0x00, 0x70, 0x06, 0x01, 0xC0, 0x30, 0x0E, 0x01, 0x80, 0x30, 0x0E, 0x00, 0xFE, 0x1F, 0xC0, 0xFF,
    0xFF, 0xFF, 0xFF, 0xFF, 0xFF, 0xFF, 0xFF, 0xC0, 0xFE, 0x1F, 0xC0, 0x1C, 0x03, 0x00, 0x60, 0x1C,
    0x03, 0x00, 0xE0, 0x18, 0x03, 0xC0, 0x3F, 0x87, 0xF1, 0xC0, 0x30, 0x07, 0x00, 0x60, 0x0E, 0x00,
    0xC0, 0x18, 0x03, 0x0F, 0xE1, 0xFC, 0x00, 0x3C, 0x1B, 0xF9, 0xFB, 0xFD, 0x87, 0xE0, 0xF7, 0xBC,
    0x00, 0x00, 0x04, 0x23, 0x9C, 0xE7, 0x39, 0xCE, 0x73, 0x80, 0x06, 0x00, 0xC0, 0x18, 0x0F, 0xC3,
    0xFC, 0xFF, 0xF9, 0xBF, 0x30, 0xE6, 0x1C, 0xC3, 0x98, 0x73, 0x0E, 0x65, 0xED, 0xDF, 0xF9, 0xFE,
    0x0F, 0x00, 0xC0, 0x18, 0x00, 0x0F, 0xE1, 0xFF, 0x8E, 0x1E, 0xE0, 0x67, 0x00, 0x38, 0x01, 0xC0,
    0x06, 0x00, 0xFF, 0xC7, 0xFE, 0x0E, 0x00, 0x70, 0x03, 0x80, 0x1C, 0x01, 0xC0, 0x1F, 0xFF, 0xFF,
    0xF8, 0xF0, 0x0E, 0xE0, 0x39, 0xE0, 0xF1, 0xC1, 0xC1, 0xC7, 0x03, 0x8E, 0x03, 0xB8, 0x07, 0x70,
    0x07, 0xC0, 0xFF, 0xF8, 0xFF, 0xE0, 0x1C, 0x00, 0x38, 0x00, 0x70, 0x00, 0xE0, 0x1F, 0xFC, 0x7F,
    0xFC, 0xFF, 0xFF, 0xFF, 0xE0, 0x01, 0xFF, 0xFF, 0xFF, 0xC0, 0x1F, 0x87, 0xFC, 0x70, 0xC6, 0x00,
    0x60, 0x07, 0x80, 0x7F, 0x03, 0xFC, 0x67, 0xEE, 0x0E, 0xC0, 0x6E, 0x06, 0xF8, 0xE7, 0xFC, 0x1F,
    0x80, 0x3C, 0x00, 0xC0, 0x0E, 0x61, 0xC7, 0xFC, 0x3F, 0x80, 0xE3, 0xF1, 0xF8, 0xE0, 0x03, 0xF0,
    0x03, 0xFF, 0x01, 0xF3, 0xE0, 0xF0, 0x1C, 0x31, 0xE3, 0x9C, 0xFE, 0x66, 0x7B, 0x9D, 0x9C, 0x47,
    0x67, 0x00, 0xD9, 0xC0, 0x36, 0x70, 0x1D, 0x9C, 0x67, 0x73, 0xF9, 0x9C, 0x7C, 0xE3, 0x80, 0x70,
    0x78, 0x3C, 0x0F, 0xFE, 0x01, 0xFE, 0x00, 0x3E, 0x3F, 0x90, 0xC0, 0x67, 0xF7, 0xFB, 0x0D, 0xFF,
    0x7F, 0x80, 0x00, 0x00, 0x31, 0x83, 0x9E, 0x79, 0xE7, 0x9E, 0x79, 0xE3, 0xCE, 0x0F, 0x78, 0x3C,
    0xE0, 0xE3, 0x83, 0x8E, 0x08, 0x20, 0xFF, 0xF7, 0xFF, 0x80, 0x0C, 0x00, 0x60, 0x03, 0x00, 0x18,
    0x00, 0xC0, 0x7F, 0x7F, 0xC0, 0x1F, 0x07, 0x71, 0xFB, 0x3D, 0xE7, 0xEC, 0xFD, 0x9E, 0xF1, 0xDC,
    0x1F, 0x00, 0xFF, 0xFC, 0x3E, 0x3F, 0xBD, 0xFC, 0x7C, 0x1F, 0x1F, 0x8E, 0xFE, 0x3E, 0x00, 0x07,
    0x00, 0x38, 0x01, 0xC0, 0x0E, 0x00, 0x70, 0x7F, 0xFF, 0xFF, 0xE0, 0xE0, 0x07, 0x00, 0x38, 0x01,
    0xC0, 0x00, 0x00, 0x00, 0x7F, 0xFF, 0xFF, 0xE0, 0x7D, 0xFF, 0x18, 0x70, 0xC7, 0x1C, 0x7F, 0xFE,
    0x3E, 0x7F, 0x07, 0x1E, 0x1F, 0x03, 0x63, 0x7F, 0x3E, 0x21, 0x9C, 0xCE, 0x20, 0xE0, 0xFC, 0x1F,
    0x83, 0xF0, 0x7E, 0x0F, 0xC1, 0xF8, 0x3F, 0x07, 0xE0, 0xFC, 0x1F, 0xC7, 0xFF, 0xFF, 0xFF, 0xC0,
    0x38, 0x07, 0x00, 0xE0, 0x1C, 0x00, 0x1F, 0xF7, 0xFF, 0x7F, 0x7F, 0xF7, 0xFF, 0x7F, 0xF7, 0xFF,
    0x7F, 0xF7, 0xFF, 0x77, 0xF7, 0x3F, 0x70, 0xF7, 0x07, 0x70, 0x77, 0x07, 0x70, 0x77, 0x07, 0x70,
    0x77, 0x07, 0x70, 0x77, 0x07, 0x70, 0x22, 0xFF, 0xFE, 0x21, 0x87, 0x0F, 0x5F, 0xF3, 0x00, 0x3C,
    0x3E, 0x1B, 0x01, 0x80, 0xC0, 0x60, 0x30, 0xFE, 0x7F, 0x80, 0x3E, 0x3F, 0xB8, 0xFC, 0x7E, 0x3F,
    0x1F, 0x8E, 0xFE, 0x3E, 0x00, 0x00, 0x03, 0x18, 0x3C, 0xE0, 0xF3, 0xC3, 0xCF, 0x0F, 0x3C, 0x39,
    0xE3, 0xDE, 0x39, 0xE3, 0x8E, 0x38, 0xE0, 0x82, 0x00, 0x38, 0x0F, 0xF0, 0x19, 0x60, 0x70, 0xC1,
    0xC1, 0x83, 0x03, 0x0E, 0x06, 0x18, 0x3F, 0x30, 0x7E, 0x1C, 0x18, 0x78, 0x30, 0xF0, 0xE3, 0x61,
    0x8C, 0xC7, 0x19, 0x9C, 0x7F, 0xB0, 0x7E, 0xE0, 0x0C, 0x38, 0x0F, 0xF0, 0x19, 0x60, 0x70, 0xC1,
    0xC1, 0x83, 0x03, 0x0E, 0x06, 0x18, 0x3F, 0x30, 0x7E, 0x78, 0x19, 0xF8, 0x33, 0xB0, 0xE0, 0x61,
    0x81, 0xC7, 0x07, 0x1C, 0x3C, 0x30, 0x7F, 0xE0, 0xFE, 0x7C, 0x0E, 0xFC, 0x19, 0x38, 0x70, 0x71,
    0xC3, 0xC3, 0x07, 0xCE, 0x11, 0x98, 0x7F, 0x30, 0x7C, 0x1C, 0x18, 0x78, 0x30, 0xF0, 0xE3, 0x61,
    0x8C, 0xC7, 0x19, 0x9C, 0x7F, 0xB0, 0x7E, 0xE0, 0x0C, 0x0F, 0x00, 0xF0, 0x0F, 0x00, 0x00, 0x00,
    0x00, 0x00, 0x06, 0x00, 0x60, 0x0E, 0x03, 0xE0, 0x7C, 0x0E, 0x00, 0xE0, 0x0E, 0x04, 0xE0, 0xEF,
    0x1E, 0x7F, 0xC3, 0xF8, 0x06, 0x00, 0x0E, 0x00, 0x1C, 0x00, 0x1C, 0x00, 0x38, 0x00, 0x00, 0x00,
    0x00, 0x01, 0xC0, 0x07, 0xC0, 0x0F, 0x80, 0x1B, 0x00, 0x77, 0x00, 0xEE, 0x01, 0x8C, 0x07, 0x1C,
    0x0E, 0x38, 0x1C, 0x70, 0x7F, 0xF0, 0xFF, 0xE1, 0xC1, 0xC3, 0x01, 0xCE, 0x03, 0x9C, 0x07, 0x30,
    0x06, 0x00, 0xC0, 0x03, 0x80, 0x07, 0x00, 0x1C, 0x00, 0x38, 0x00, 0x00, 0x00, 0x00, 0x01, 0xC0,
    0x07, 0xC0, 0x0F, 0x80, 0x1B, 0x00, 0x77, 0x00, 0xEE, 0x01, 0x8C, 0x07, 0x1C, 0x0E, 0x38, 0x1C,
    0x70, 0x7F, 0xF0, 0xFF, 0xE1, 0xC1, 0xC3, 0x01, 0xCE, 0x03, 0x9C, 0x07, 0x30, 0x06, 0x07, 0xC0,
    0x0F, 0x80, 0x3B, 0x80, 0xE3, 0x80, 0x00, 0x00, 0x00, 0x00, 0xE0, 0x03, 0xE0, 0x07, 0xC0, 0x0D,
    0x80, 0x3B, 0x80, 0x77, 0x00, 0xC6, 0x03, 0x8E, 0x07, 0x1C, 0x0E, 0x38, 0x3F, 0xF8, 0x7F, 0xF0,
    0xE0, 0xE1, 0x80, 0xE7, 0x01, 0xCE, 0x03, 0x98, 0x03, 0x00, 0x0F, 0x20, 0x3F, 0xE0, 0x27, 0x80,
    0x00, 0x00, 0x00, 0x00, 0x70, 0x01, 0xF0, 0x03, 0xE0, 0x06, 0xC0, 0x1D, 0xC0, 0x3B, 0x80, 0x63,
    0x01, 0xC7, 0x03, 0x8E, 0x07, 0x1C, 0x1F, 0xFC, 0x3F, 0xF8, 0x70, 0x70, 0xC0, 0x73, 0x80, 0xE7,
    0x01, 0xCC, 0x01, 0x80, 0x1C, 0x70, 0x38, 0xE0, 0x71, 0xC0, 0x00, 0x00, 0x00, 0x00, 0x70, 0x01,
    0xF0, 0x03, 0xE0, 0x06, 0xC0, 0x1D, 0xC0, 0x3B, 0x80, 0x63, 0x01, 0xC7, 0x03, 0x8E, 0x07, 0x1C,
    0x1F, 0xFC, 0x3F, 0xF8, 0x70, 0x70, 0xC0, 0x73, 0x80, 0xE7, 0x01, 0xCC, 0x01, 0x80, 0x07, 0xC0,
    0x0D, 0x80, 0x31, 0x80, 0x63, 0x00, 0x6C, 0x00, 0xF8, 0x00, 0x00, 0x01, 0xC0, 0x07, 0xC0, 0x0F,
    0x80, 0x1B, 0x00, 0x77, 0x00, 0xEE, 0x01, 0x8C, 0x07, 0x1C, 0x0E, 0x38, 0x1C, 0x70, 0x7F, 0xF0,
    0xFF, 0xE1, 0xC1, 0xC3, 0x01, 0xCE, 0x03, 0x9C, 0x07, 0x30, 0x06, 0x00, 0x7F, 0xFC, 0x01, 0xFF,
    0xF0, 0x0F, 0xC0, 0x00, 0x77, 0x00, 0x01, 0xDC, 0x00, 0x0E, 0x70, 0x00, 0x39, 0xC0, 0x01, 0xC7,
    0xFE, 0x07, 0x1F, 0xF8, 0x38, 0x70, 0x00, 0xFF, 0xC0, 0x07, 0xFF, 0x00, 0x1C, 0x1C, 0x00, 0xE0,
    0x70, 0x03, 0x81, 0xC0, 0x1C, 0x07, 0xFF, 0x70, 0x1F, 0xFC, 0x0F, 0xC0, 0xFF, 0x0E, 0x1C, 0xE0,
    0x77, 0x02, 0x30, 0x01, 0x80, 0x1C, 0x00, 0xE0, 0x07, 0x00, 0x38, 0x00, 0xC0, 0x07, 0x00, 0x38,
    0x1C, 0xE1, 0xC7, 0xFC, 0x1F, 0xC0, 0x18, 0x01, 0xF0, 0x03, 0x80, 0x7C, 0x03, 0xC0, 0x18, 0x03,
    0x80, 0x70, 0x07, 0x00, 0x60, 0x00, 0x00, 0x07, 0xFF, 0xFF, 0xFC, 0x03, 0x80, 0x70, 0x0E, 0x01,
    0xC0, 0x3F, 0xFF, 0xFF, 0xE0, 0x1C, 0x03, 0x80, 0x70, 0x0E, 0x01, 0xC0, 0x3F, 0xFF, 0xFF, 0x03,
    0x00, 0x70, 0x1C, 0x03, 0x00, 0xE0, 0x00, 0x00, 0x07, 0xFF, 0xFF, 0xFC, 0x03, 0x80, 0x70, 0x0E,
    0x01, 0xC0, 0x3F, 0xFF, 0xFF, 0xE0, 0x1C, 0x03, 0x80, 0x70, 0x0E, 0x01, 0xC0, 0x3F, 0xFF, 0xFF,
    0x0F, 0x03, 0xF0, 0xEE, 0x38, 0xE0, 0x00, 0x00, 0x3F, 0xFF, 0xFF, 0xE0, 0x1C, 0x03, 0x80, 0x70,
    0x0E, 0x01, 0xFF, 0xFF, 0xFF, 0x00, 0xE0, 0x1C, 0x03, 0x80, 0x70, 0x0E, 0x01, 0xFF, 0xFF, 0xF8,
    0x71, 0xCE, 0x39, 0xC7, 0x00, 0x00, 0x01, 0xFF, 0xFF, 0xFF, 0x00, 0xE0, 0x1C, 0x03, 0x80, 0x70,
    0x0F, 0xFF, 0xFF, 0xF8, 0x07, 0x00, 0xE0, 0x1C, 0x03, 0x80, 0x70, 0x0F, 0xFF, 0xFF, 0xC0, 0x18,
    0x03, 0x80, 0x70, 0x07, 0x00, 0xE0, 0x00, 0x00, 0x07, 0xFF, 0xFF, 0xE1, 0xC0, 0x38, 0x07, 0x00,
    0xE0, 0x1C, 0x03, 0x80, 0x70, 0x0E, 0x01, 0xC0, 0x38, 0x07, 0x00, 0xE0, 0x1C, 0x3F, 0xFF, 0xFF,
    0x03, 0x00, 0xE0, 0x1C, 0x07, 0x00, 0xE0, 0x00, 0x00, 0x07, 0xFF, 0xFF, 0xE1, 0xC0, 0x38, 0x07,
    0x00, 0xE0, 0x1C, 0x03, 0x80, 0x70, 0x0E, 0x01, 0xC0, 0x38, 0x07, 0x00, 0xE0, 0x1C, 0x3F, 0xFF,
    0xFF, 0x1F, 0x03, 0xE0, 0xEE, 0x38, 0xE0, 0x00, 0x00, 0x3F, 0xFF, 0xFF, 0x0E, 0x01, 0xC0, 0x38,
    0x07, 0x00, 0xE0, 0x1C, 0x03, 0x80, 0x70, 0x0E, 0x01, 0xC0, 0x38, 0x07, 0x00, 0xE1, 0xFF, 0xFF,
    0xF8, 0x71, 0xCE, 0x39, 0xC7, 0x00, 0x00, 0x01, 0xFF, 0xFF, 0xF8, 0x70, 0x0E, 0x01, 0xC0, 0x38,
    0x07, 0x00, 0xE0, 0x1C, 0x03, 0x80, 0x70, 0x0E, 0x01, 0xC0, 0x38, 0x07, 0x0F, 0xFF, 0xFF, 0xC0,
    0x3F, 0xE0, 0xFF, 0xC3, 0x87, 0x8E, 0x0E, 0x38, 0x18, 0xE0, 0x73, 0x81, 0xFF, 0xE7, 0xFF, 0x1C,
    0xE0, 0x73, 0x81, 0xCE, 0x07, 0x38, 0x18, 0xE0, 0xE3, 0x87, 0x8F, 0xFC, 0x3F, 0xE0, 0x3C, 0x8F,
    0xF8, 0x9E, 0x00, 0x00, 0x01, 0xE0, 0xFC, 0x1F, 0x83, 0xF8, 0x7F, 0x0F, 0x71, 0xEE, 0x3C, 0xC7,
    0x9C, 0xF1, 0x9E, 0x3B, 0xC7, 0x78, 0x7F, 0x0F, 0xE0, 0xFC, 0x1F, 0x83, 0xC0, 0x0C, 0x00, 0x70,
    0x03, 0x80, 0x0E, 0x00, 0x70, 0x00, 0x00, 0x00, 0x03, 0xF8, 0x3F, 0xE3, 0xC7, 0x9C, 0x1C, 0xC0,
    0x6E, 0x03, 0xF0, 0x1F, 0x80, 0xFC, 0x07, 0xE0, 0x3F, 0x01, 0xF8, 0x0E, 0xC0, 0x67, 0x07, 0x3C,
    0x78, 0xFF, 0x83, 0xF8, 0x01, 0x80, 0x1C, 0x00, 0xE0, 0x0E, 0x00, 0x70, 0x00, 0x00, 0x00, 0x03,
    0xF8, 0x3F, 0xE3, 0xC7, 0x9C, 0x1C, 0xC0, 0x6E, 0x03, 0xF0, 0x1F, 0x80, 0xFC, 0x07, 0xE0, 0x3F,
    0x01, 0xF8, 0x0E, 0xC0, 0x67, 0x07, 0x3C, 0x78, 0xFF, 0x83, 0xF8, 0x0F, 0x80, 0x7C, 0x07, 0x70,
    0x71, 0xC0, 0x00, 0x00, 0x00, 0x7F, 0x07, 0xFC, 0x78, 0xF3, 0x83, 0x98, 0x0D, 0xC0, 0x7E, 0x03,
    0xF0, 0x1F, 0x80, 0xFC, 0x07, 0xE0, 0x3F, 0x01, 0xD8, 0x0C, 0xE0, 0xE7, 0x8F, 0x1F, 0xF0, 0x7F,
    0x00, 0x1E, 0x41, 0xFF, 0x04, 0xF0, 0x00, 0x00, 0x00, 0x0F, 0xE0, 0xFF, 0x8F, 0x1E, 0x70, 0x73,
    0x01, 0xB8, 0x0F, 0xC0, 0x7E, 0x03, 0xF0, 0x1F, 0x80, 0xFC, 0x07, 0xE0, 0x3B, 0x01, 0x9C, 0x1C,
    0xF1, 0xE3, 0xFE, 0x0F, 0xE0, 0x38, 0xE1, 0xC7, 0x0E, 0x38, 0x00, 0x00, 0x00, 0x0F, 0xE0, 0xFF,
    0x8F, 0x1E, 0x70, 0x73, 0x01, 0xB8, 0x0F, 0xC0, 0x7E, 0x03, 0xF0, 0x1F, 0x80, 0xFC, 0x07, 0xE0,
    0x3B, 0x01, 0x9C, 0x1C, 0xF1, 0xE3, 0xFE, 0x0F, 0xE0, 0x40, 0x5C, 0x1D, 0xC7, 0x1D, 0xC1, 0xF0,
    0x1C, 0x07, 0xC1, 0xDC, 0x71, 0xDC, 0x1D, 0x01, 0x00, 0x00, 0x10, 0xFF, 0xCF, 0xFC, 0xF1, 0xE7,
    0x0F, 0x30, 0x7B, 0x87, 0xFC, 0x77, 0xE3, 0xBF, 0x39, 0xF9, 0x8F, 0xDC, 0x7F, 0xC3, 0xFC, 0x19,
    0xE1, 0xCF, 0x1E, 0x7F, 0xE7, 0xFE, 0x30, 0x00, 0x18, 0x03, 0x80, 0x70, 0x07, 0x00, 0xE0, 0x00,
    0x00, 0x06, 0x03, 0xC0, 0x78, 0x0F, 0x01, 0xE0, 0x3C, 0x07, 0x80, 0xF0, 0x1E, 0x03, 0xC0, 0x78,
    0x0F, 0x83, 0xF0, 0x7E, 0x0F, 0xE3, 0xDF, 0xF1, 0xFC, 0x03, 0x00, 0xE0, 0x1C, 0x07, 0x00, 0xE0,
    0x00, 0x00, 0x06, 0x03, 0xC0, 0x78, 0x0F, 0x01, 0xE0, 0x3C, 0x07, 0x80, 0xF0, 0x1E, 0x03, 0xC0,
    0x78, 0x0F, 0x83, 0xF0, 0x7E, 0x0F, 0xE3, 0xDF, 0xF1, 0xFC, 0x1F, 0x03, 0xE0, 0xEE, 0x38, 0xE0,
    0x00, 0x00, 0x30, 0x1E, 0x03, 0xC0, 0x78, 0x0F, 0x01, 0xE0, 0x3C, 0x07, 0x80, 0xF0, 0x1E, 0x03,
    0xC0, 0x7C, 0x1F, 0x83, 0xF0, 0x7F, 0x1E, 0xFF, 0x8F, 0xE0, 0x71, 0xCE, 0x39, 0xC7, 0x00, 0x00,
    0x01, 0x80, 0xF0, 0x1E, 0x03, 0xC0, 0x78, 0x0F, 0x01, 0xE0, 0x3C, 0x07, 0x80, 0xF0, 0x1E, 0x03,
    0xE0, 0xFC, 0x1F, 0x83, 0xF8, 0xF7, 0xFC, 0x7F, 0x00, 0x00, 0xC0, 0x03, 0x80, 0x07, 0x00, 0x1C,
    0x00, 0x38, 0x00, 0x00, 0x00, 0x00, 0x78, 0x07, 0x70, 0x1C, 0xF0, 0x78, 0xE0, 0xE0, 0xE3, 0x81,
    0xC7, 0x01, 0xDC, 0x03, 0xB8, 0x03, 0xE0, 0x03, 0x80, 0x07, 0x00, 0x0E, 0x00, 0x1C, 0x00, 0x38,
    0x00, 0x70, 0x00, 0xE0, 0x01, 0xC0, 0xE0, 0x0E, 0x00, 0xE0, 0x0F, 0xF8, 0xFF, 0xEE, 0x1E, 0xE0,
    0x7E, 0x07, 0xE0, 0x7E, 0x07, 0xE0, 0xEF, 0xFE, 0xFF, 0xCE, 0x00, 0xE0, 0x0E, 0x00, 0xE0, 0x00,
    0x0F, 0xE0, 0x3F, 0xE0, 0x71, 0xC1, 0xC1, 0xC3, 0x83, 0x9F, 0x1F, 0x3E, 0x7E, 0x1D, 0xC0, 0x3B,
    0x80, 0x77, 0x00, 0xE7, 0x81, 0xC7, 0xC3, 0x83, 0xC7, 0x01, 0xCE, 0x03, 0x9D, 0x87, 0x3B, 0xFC,
    0x73, 0xF0, 0x08, 0x00, 0xE0, 0x03, 0x00, 0x1C, 0x00, 0x60, 0x00, 0x00, 0x00, 0x03, 0xF0, 0x7F,
    0xC3, 0x87, 0x08, 0x38, 0x00, 0xC1, 0xFE, 0x3F, 0xF1, 0xE1, 0x9C, 0x0C, 0xE0, 0xE3, 0x8F, 0x1F,
    0xFE, 0x7E, 0xF0, 0x01, 0x00, 0x1C, 0x00, 0xE0, 0x0E, 0x00, 0x60, 0x01, 0x00, 0x00, 0x03, 0xF0,
    0x7F, 0xC3, 0x87, 0x08, 0x38, 0x00, 0xC1, 0xFE, 0x3F, 0xF1, 0xE1, 0x9C, 0x0C, 0xE0, 0xE3, 0x8F,
    0x1F, 0xFE, 0x7E, 0xF0, 0x0F, 0x00, 0xFC, 0x0E, 0x70, 0x61, 0x80, 0x00, 0x00, 0x00, 0x7E, 0x0F,
    0xF8, 0x70, 0xE1, 0x07, 0x00, 0x18, 0x3F, 0xC7, 0xFE, 0x3C, 0x33, 0x81, 0x9C, 0x1C, 0x71, 0xE3,
    0xFF, 0xCF, 0xDE, 0x3E, 0x41, 0xFE, 0x09, 0xF0, 0x00, 0x00, 0x00, 0x0F, 0xC1, 0xFF, 0x0E, 0x1C,
    0x20, 0xE0, 0x03, 0x07, 0xF8, 0xFF, 0xC7, 0x86, 0x70, 0x33, 0x83, 0x8E, 0x3C, 0x7F, 0xF9, 0xFB,
    0xC0, 0x39, 0xE1, 0xCF, 0x0E, 0x78, 0x00, 0x00, 0x00, 0x0F, 0xC1, 0xFF, 0x0E, 0x1C, 0x20, 0xE0,
    0x03, 0x07, 0xF8, 0xFF, 0xC7, 0x86, 0x70, 0x33, 0x83, 0x8E, 0x3C, 0x7F, 0xF9, 0xFB, 0xC0, 0x0F,
    0x00, 0xEC, 0x06, 0x60, 0x33, 0x01, 0xD8, 0x07, 0x80, 0x00, 0x03, 0xF0, 0x7F, 0xC3, 0x87, 0x08,
    0x38, 0x00, 0xC1, 0xFE, 0x3F, 0xF1, 0xE1, 0x9C, 0x0C, 0xE0, 0xE3, 0x8F, 0x1F, 0xFE, 0x7E, 0xF0,
    0x1F, 0x9F, 0xC7, 0xFF, 0xFE, 0x71, 0xF8, 0xE2, 0x0F, 0x07, 0x00, 0xE0, 0x71, 0xFF, 0xFF, 0x7F,
    0xFF, 0xF7, 0x8E, 0x00, 0xE0, 0xE0, 0x0E, 0x0F, 0x06, 0xF1, 0xF8, 0xF7, 0xFB, 0xFE, 0x3F, 0x1F,
    0xC0, 0x1F, 0x8F, 0xF9, 0xC3, 0xF0, 0x2E, 0x01, 0xC0, 0x38, 0x07, 0x00, 0xE0, 0x1C, 0x0D, 0xC3,
    0xBF, 0xE1, 0xF8, 0x18, 0x03, 0xC0, 0x1C, 0x1F, 0x83, 0xE0, 0x04, 0x00, 0x60, 0x03, 0x80, 0x0C,
    0x00, 0x70, 0x01, 0x00, 0x00, 0x03, 0xF8, 0x3F, 0xE3, 0xC7, 0x9C, 0x1C, 0xC0, 0x7F, 0xFF, 0xFF,
    0xFF, 0x80, 0x0C, 0x00, 0x70, 0x33, 0xC3, 0x8F, 0xF8, 0x3F, 0x80, 0x01, 0x00, 0x0E, 0x00, 0xE0,
    0x06, 0x00, 0x70, 0x01, 0x00, 0x00, 0x03, 0xF8, 0x3F, 0xE3, 0xC7, 0x9C, 0x1C, 0xC0, 0x7F, 0xFF,
    0xFF, 0xFF, 0x80, 0x0C, 0x00, 0x70, 0x33, 0xC3, 0x8F, 0xF8, 0x3F, 0x80, 0x0F, 0x80, 0x7C, 0x07,
    0x70, 0x71, 0xC0, 0x00, 0x00, 0x00, 0x7F, 0x07, 0xFC, 0x78, 0xF3, 0x83, 0x98, 0x0F, 0xFF, 0xFF,
    0xFF, 0xF0, 0x01, 0x80, 0x0E, 0x06, 0x78, 0x71, 0xFF, 0x07, 0xF0, 0x38, 0xE1, 0xC7, 0x0E, 0x38,
    0x00, 0x00, 0x00, 0x0F, 0xE0, 0xFF, 0x8F, 0x1E, 0x70, 0x73, 0x01, 0xFF, 0xFF, 0xFF, 0xFE, 0x00,
    0x30, 0x01, 0xC0, 0xCF, 0x0E, 0x3F, 0xE0, 0xFE, 0x00, 0x04, 0x01, 0xC0, 0x0E, 0x00, 0xE0, 0x07,
    0x00, 0x20, 0x00, 0x0F, 0xF0, 0xFF, 0x00, 0x70, 0x07, 0x00, 0x70, 0x07, 0x00, 0x70, 0x07, 0x00,
    0x70, 0x07, 0x00, 0x70, 0xFF, 0xFF, 0xFF, 0x01, 0x00, 0x38, 0x03, 0x80, 0x70, 0x06, 0x00, 0x20,
    0x00, 0x0F, 0xF0, 0xFF, 0x00, 0x70, 0x07, 0x00, 0x70, 0x07, 0x00, 0x70, 0x07, 0x00, 0x70, 0x07,
    0x00, 0x70, 0xFF, 0xFF, 0xFF, 0x0F, 0x01, 0xF8, 0x1D, 0xC3, 0x8C, 0x00, 0x00, 0x00, 0xFF, 0x0F,
    0xF0, 0x07, 0x00, 0x70, 0x07, 0x00, 0x70, 0x07, 0x00, 0x70, 0x07, 0x00, 0x70, 0x07, 0x0F, 0xFF,
    0xFF, 0xF0, 0x39, 0xE3, 0x9E, 0x39, 0xE0, 0x00, 0x00, 0x0F, 0xF0, 0xFF, 0x00, 0x70, 0x07, 0x00,
    0x70, 0x07, 0x00, 0x70, 0x07, 0x00, 0x70, 0x07, 0x00, 0x70, 0xFF, 0xFF, 0xFF, 0x00, 0x41, 0xFF,
    0x03, 0xF0, 0x1F, 0x01, 0xDC, 0x00, 0x70, 0x7F, 0x87, 0xFE, 0x78, 0xF3, 0x83, 0x98, 0x0F, 0xC0,
    0x7E, 0x03, 0xF0, 0x1D, 0x80, 0xCE, 0x0E, 0x78, 0xF1, 0xFF, 0x07, 0xF0, 0x3C, 0x0F, 0xF8, 0x9E,
    0x00, 0x00, 0x01, 0xDF, 0x3F, 0xF7, 0x8F, 0xE0, 0xFC, 0x1F, 0x83, 0xF0, 0x7E, 0x0F, 0xC1, 0xF8,
    0x3F, 0x07, 0xE0, 0xFC, 0x1C, 0x04, 0x00, 0x60, 0x03, 0x80, 0x0C, 0x00, 0x70, 0x01, 0x00, 0x00,
    0x03, 0xF8, 0x3F, 0xE3, 0xC7, 0x9C, 0x1C, 0xC0, 0x6E, 0x03, 0xF0, 0x1F, 0x80, 0xEC, 0x06, 0x70,
    0x73, 0xC7, 0x8F, 0xF8, 0x3F, 0x80, 0x01, 0x00, 0x0C, 0x00, 0xE0, 0x06, 0x00, 0x70, 0x01, 0x00,
    0x00, 0x03, 0xF8, 0x3F, 0xE3, 0xC7, 0x9C, 0x1C, 0xC0, 0x6E, 0x03, 0xF0, 0x1F, 0x80, 0xEC, 0x06,
    0x70, 0x73, 0xC7, 0x8F, 0xF8, 0x3F, 0x80, 0x0F, 0x80, 0x7C, 0x07, 0x70, 0x71, 0xC0, 0x00, 0x00,
    0x00, 0x7F, 0x07, 0xFC, 0x78, 0xF3, 0x83, 0x98, 0x0D, 0xC0, 0x7E, 0x03, 0xF0, 0x1D, 0x80, 0xCE,
    0x0E, 0x78, 0xF1, 0xFF, 0x07, 0xF0, 0x1E, 0x41, 0xFF, 0x04, 0xF0, 0x00, 0x00, 0x00, 0x0F, 0xE0,
    0xFF, 0x8F, 0x1E, 0x70, 0x73, 0x01, 0xB8, 0x0F, 0xC0, 0x7E, 0x03, 0xB0, 0x19, 0xC1, 0xCF, 0x1E,
    0x3F, 0xE0, 0xFE, 0x00, 0x38, 0xE1, 0xC7, 0x0E, 0x38, 0x00, 0x00, 0x00, 0x0F, 0xE0, 0xFF, 0x8F,
    0x1E, 0x70, 0x73, 0x01, 0xB8, 0x0F, 0xC0, 0x7E, 0x03, 0xB0, 0x19, 0xC1, 0xCF, 0x1E, 0x3F, 0xE0,
    0xFE, 0x00, 0x07, 0x00, 0x38, 0x01, 0xC0, 0x00, 0x00, 0x00, 0x7F, 0xFF, 0xFF, 0xE0, 0x00, 0x00,
    0x00, 0x38, 0x01, 0xC0, 0x0E, 0x00, 0x00, 0x18, 0xFF, 0xCF, 0xFC, 0xF1, 0xE7, 0x0F, 0x30, 0xFB,
    0x8E, 0xFC, 0xE7, 0xEE, 0x3B, 0xE1, 0x9E, 0x1C, 0xF1, 0xE7, 0xFE, 0x7F, 0xE3, 0x00, 0x00, 0x08,
    0x07, 0x00, 0x70, 0x06, 0x00, 0xE0, 0x08, 0x00, 0x07, 0x07, 0xE0, 0xFC, 0x1F, 0x83, 0xF0, 0x7E,
    0x0F, 0xC1, 0xF8, 0x3F, 0x07, 0xE0, 0xFE, 0x3D, 0xFF, 0x9F, 0x70, 0x02, 0x00, 0x60, 0x1C, 0x03,
    0x00, 0xE0, 0x08, 0x00, 0x07, 0x07, 0xE0, 0xFC, 0x1F, 0x83, 0xF0, 0x7E, 0x0F, 0xC1, 0xF8, 0x3F,
    0x07, 0xE0, 0xFE, 0x3D, 0xFF, 0x9F, 0x70, 0x1F, 0x03, 0xE0, 0xEE, 0x38, 0xE0, 0x00, 0x00, 0x38,
    0x3F, 0x07, 0xE0, 0xFC, 0x1F, 0x83, 0xF0, 0x7E, 0x0F, 0xC1, 0xF8, 0x3F, 0x07, 0xF1, 0xEF, 0xFC,
    0xFB, 0x80, 0x71, 0xCE, 0x39, 0xC7, 0x00, 0x00, 0x01, 0xC1, 0xF8, 0x3F, 0x07, 0xE0, 0xFC, 0x1F,
    0x83, 0xF0, 0x7E, 0x0F, 0xC1, 0xF8, 0x3F, 0x8F, 0x7F, 0xE7, 0xDC, 0x01, 0x00, 0x0C, 0x00, 0xE0,
    0x06, 0x00, 0x70, 0x01, 0x00, 0x00, 0x1C, 0x07, 0x60, 0x33, 0x83, 0x9C, 0x1C, 0x70, 0xC3, 0x8E,
    0x0C, 0x60, 0x77, 0x03, 0xB8, 0x0F, 0x80, 0x7C, 0x01, 0xC0, 0x0E, 0x00, 0x70, 0x07, 0x00, 0x38,
    0x0F, 0x80, 0x7C, 0x00, 0xE0, 0x0E, 0x00, 0xE0, 0x0E, 0x00, 0xE0, 0x0E, 0xF8, 0xFF, 0xCF, 0x1E,
    0xE0, 0xEE, 0x07, 0xE0, 0x7E, 0x07, 0xE0, 0x7E, 0x07, 0xE0, 0xEF, 0x1E, 0xFF, 0xCE, 0xF8, 0xE0,
    0x0E, 0x00, 0xE0, 0x0E, 0x00, 0xE0, 0x00, 0x38, 0xE1, 0xC7, 0x0E, 0x38, 0x00, 0x00, 0x00, 0x70,
    0x1D, 0x80, 0xCE, 0x0E, 0x70, 0x71, 0xC3, 0x0E, 0x38, 0x31, 0x81, 0xDC, 0x0E, 0xE0, 0x3E, 0x01,
    0xF0, 0x07, 0x00, 0x38, 0x01, 0xC0, 0x1C, 0x00, 0xE0, 0x3E, 0x01, 0xF0, 0x00, 0x0F, 0xE0, 0x1F,
    0xC0, 0x00, 0x00, 0x00, 0x00, 0x00, 0x00, 0x70, 0x01, 0xF0, 0x03, 0xE0, 0x06, 0xC0, 0x1D, 0xC0,
    0x3B, 0x80, 0x63, 0x01, 0xC7, 0x03, 0x8E, 0x07, 0x1C, 0x1F, 0xFC, 0x3F, 0xF8, 0x70, 0x70, 0xC0,
    0x73, 0x80, 0xE7, 0x01, 0xCC, 0x01, 0x80, 0x3F, 0xC1, 0xFE, 0x00, 0x00, 0x00, 0x00, 0x00, 0x0F,
    0xC1, 0xFF, 0x0E, 0x1C, 0x20, 0xE0, 0x03, 0x07, 0xF8, 0xFF, 0xC7, 0x86, 0x70, 0x33, 0x83, 0x8E,
    0x3C, 0x7F, 0xF9, 0xFB, 0xC0, 0x08, 0x20, 0x38, 0xE0, 0x31, 0x80, 0x7F, 0x00, 0x7C, 0x00, 0x00,
    0x00, 0x00, 0x01, 0xC0, 0x07, 0xC0, 0x0F, 0x80, 0x1B, 0x00, 0x77, 0x00, 0xEE, 0x01, 0x8C, 0x07,
    0x1C, 0x0E, 0x38, 0x1C, 0x70, 0x7F, 0xF0, 0xFF, 0xE1, 0xC1, 0xC3, 0x01, 0xCE, 0x03, 0x9C, 0x07,
    0x30, 0x06, 0x10, 0x01, 0x86, 0x0E, 0x70, 0x3F, 0x00, 0xF8, 0x00, 0x00, 0x00, 0x03, 0xF0, 0x7F,
    0xC3, 0x87, 0x08, 0x38, 0x00, 0xC1, 0xFE, 0x3F, 0xF1, 0xE1, 0x9C, 0x0C, 0xE0, 0xE3, 0x8F, 0x1F,
    0xFE, 0x7E, 0xF0, 0x03, 0x80, 0x0F, 0x80, 0x1F, 0x00, 0x36, 0x00, 0xEE, 0x01, 0xDC, 0x03, 0x18,
    0x0E, 0x38, 0x1C, 0x70, 0x38, 0xE0, 0xFF, 0xE1, 0xFF, 0xC3, 0x83, 0x86, 0x03, 0x9C, 0x07, 0x38,
    0x0E, 0x60, 0x1C, 0x00, 0x38, 0x00, 0xE0, 0x03, 0x80, 0x07, 0xE0, 0x07, 0xC0, 0x1F, 0x81, 0xFF,
    0x07, 0x0E, 0x08, 0x38, 0x00, 0x60, 0x7F, 0x87, 0xFE, 0x1E, 0x18, 0xE0, 0x63, 0x83, 0x87, 0x1E,
    0x1F, 0xFE, 0x3F, 0x38, 0x01, 0xC0, 0x0E, 0x00, 0x30, 0x00, 0xF8, 0x01, 0xE0, 0x00, 0x80, 0x0E,
    0x00, 0x70, 0x07, 0x00, 0x30, 0x00, 0x00, 0x00, 0x01, 0xF8, 0x3F, 0xE1, 0xC3, 0x9C, 0x0E, 0xE0,
    0x46, 0x00, 0x70, 0x03, 0x80, 0x1C, 0x00, 0xE0, 0x07, 0x00, 0x18, 0x00, 0xE0, 0x07, 0x03, 0x9C,
    0x38, 0xFF, 0x81, 0xF8, 0x03, 0x00, 0x70, 0x1C, 0x03, 0x80, 0x60, 0x08, 0x00, 0x00, 0xFC, 0x7F,
    0xCE, 0x1F, 0x81, 0x70, 0x0E, 0x01, 0xC0, 0x38, 0x07, 0x00, 0xE0, 0x6E, 0x1D, 0xFF, 0x0F, 0xC0,
    0x07, 0x80, 0x7E, 0x03, 0xB8, 0x38, 0xC0, 0x00, 0x00, 0x00, 0x3F, 0x07, 0xFC, 0x38, 0x73, 0x81,
    0xDC, 0x08, 0xC0, 0x0E, 0x00, 0x70, 0x03, 0x80, 0x1C, 0x00, 0xE0, 0x03, 0x00, 0x1C, 0x00, 0xE0,
    0x73, 0x87, 0x1F, 0xF0, 0x3F, 0x00, 0x0F, 0x03, 0xF0, 0xEE, 0x18, 0xE0, 0x00, 0x00, 0x07, 0xE3,
    0xFE, 0x70, 0xFC, 0x0B, 0x80, 0x70, 0x0E, 0x01, 0xC0, 0x38, 0x07, 0x03, 0x70, 0xEF, 0xF8, 0x7E,
    0x00, 0x03, 0x80, 0x1C, 0x00, 0xE0, 0x00, 0x00, 0x00, 0x07, 0xE0, 0xFF, 0x87, 0x0E, 0x70, 0x3B,
    0x81, 0x18, 0x01, 0xC0, 0x0E, 0x00, 0x70, 0x03, 0x80, 0x1C, 0x00, 0x60, 0x03, 0x80, 0x1C, 0x0E,
    0x70, 0xE3, 0xFE, 0x07, 0xE0, 0x0E, 0x01, 0xE0, 0x3C, 0x00, 0x00, 0x00, 0x3F, 0x1F, 0xF3, 0x87,
    0xE0, 0x5C, 0x03, 0x80, 0x70, 0x0E, 0x01, 0xC0, 0x38, 0x1B, 0x87, 0x7F, 0xC3, 0xF0, 0x00, 0x00,
    0xE3, 0x03, 0xB8, 0x1F, 0x80, 0x78, 0x00, 0x00, 0x00, 0x01, 0xF8, 0x3F, 0xE1, 0xC3, 0x9C, 0x0E,
    0xE0, 0x46, 0x00, 0x70, 0x03, 0x80, 0x1C, 0x00, 0xE0, 0x07, 0x00, 0x18, 0x00, 0xE0, 0x07, 0x03,
    0x9C, 0x38, 0xFF, 0x81, 0xF8, 0x00, 0x06, 0x38, 0xEF, 0x0F, 0xC0, 0xF0, 0x00, 0x00, 0x00, 0xFC,
    0x7F, 0xCE, 0x1F, 0x81, 0x70, 0x0E, 0x01, 0xC0, 0x38, 0x07, 0x00, 0xE0, 0x6E, 0x1D, 0xFF, 0x0F,
    0xC0, 0x00, 0x06, 0x18, 0x73, 0x83, 0xF0, 0x1E, 0x00, 0x00, 0x00, 0x0F, 0xF8, 0xFF, 0xCE, 0x1E,
    0xE0, 0xEE, 0x06, 0xE0, 0x7E, 0x07, 0xE0, 0x7E, 0x07, 0xE0, 0x7E, 0x07, 0xE0, 0x7E, 0x06, 0xE0,
    0xEE, 0x1E, 0xFF, 0xCF, 0xF8, 0x00, 0xEE, 0x00, 0xEE, 0x00, 0xEE, 0x00, 0xEE, 0x00, 0xEC, 0x3F,
    0xE0, 0x7F, 0xE0, 0x71, 0xE0, 0xE0, 0xE0, 0xE0, 0xE0, 0xE0, 0xE0, 0xE0, 0xE0, 0xE0, 0xE0, 0xE0,
    0xE0, 0xE0, 0xE0, 0x71, 0xE0, 0x7F, 0xE0, 0x3F, 0xE0, 0x3F, 0xE0, 0xFF, 0xC3, 0x87, 0x8E, 0x0E,
    0x38, 0x18, 0xE0, 0x73, 0x81, 0xFF, 0xE7, 0xFF, 0x1C, 0xE0, 0x73, 0x81, 0xCE, 0x07, 0x38, 0x18,
    0xE0, 0xE3, 0x87, 0x8F, 0xFC, 0x3F, 0xE0, 0x00, 0x70, 0x1F, 0xF0, 0x7F, 0xC0, 0x1C, 0x00, 0x70,
    0x7D, 0xC3, 0xFF, 0x1E, 0x3C, 0x70, 0x73, 0x81, 0xCE, 0x07, 0x38, 0x1C, 0xE0, 0x73, 0x81, 0xC7,
    0x07, 0x1E, 0x3C, 0x3F, 0xF0, 0x7D, 0xC0, 0x3F, 0x87, 0xF8, 0x00, 0x00, 0x00, 0x01, 0xFF, 0xFF,
    0xFF, 0x00, 0xE0, 0x1C, 0x03, 0x80, 0x70, 0x0F, 0xFF, 0xFF, 0xF8, 0x07, 0x00, 0xE0, 0x1C, 0x03,
    0x80, 0x70, 0x0F, 0xFF, 0xFF, 0xC0, 0x1F, 0xC0, 0xFE, 0x00, 0x00, 0x00, 0x00, 0x00, 0x0F, 0xE0,
    0xFF, 0x8F, 0x1E, 0x70, 0x73, 0x01, 0xFF, 0xFF, 0xFF, 0xFE, 0x00, 0x30, 0x01, 0xC0, 0xCF, 0x0E,
    0x3F, 0xE0, 0xFE, 0x00, 0x20, 0x8E, 0x38, 0xE7, 0x1F, 0xC1, 0xF0, 0x00, 0x00, 0x07, 0xFF, 0xFF,
    0xFC, 0x03, 0x80, 0x70, 0x0E, 0x01, 0xC0, 0x3F, 0xFF, 0xFF, 0xE0, 0x1C, 0x03, 0x80, 0x70, 0x0E,
    0x01, 0xC0, 0x3F, 0xFF, 0xFF, 0x10, 0x41, 0xC7, 0x07, 0x30, 0x3F, 0x80, 0xF8, 0x00, 0x00, 0x00,
    0x03, 0xF8, 0x3F, 0xE3, 0xC7, 0x9C, 0x1C, 0xC0, 0x7F, 0xFF, 0xFF, 0xFF, 0x80, 0x0C, 0x00, 0x70,
    0x33, 0xC3, 0x8F, 0xF8, 0x3F, 0x80, 0x0E, 0x01, 0xC0, 0x38, 0x00, 0x00, 0x01, 0xFF, 0xFF, 0xFF,
    0x00, 0xE0, 0x1C, 0x03, 0x80, 0x70, 0x0F, 0xFF, 0xFF, 0xF8, 0x07, 0x00, 0xE0, 0x1C, 0x03, 0x80,
    0x70, 0x0F, 0xFF, 0xFF, 0xC0, 0x07, 0x00, 0x38, 0x01, 0xC0, 0x00, 0x00, 0x00, 0x0F, 0xE0, 0xFF,
    0x8F, 0x1E, 0x70, 0x73, 0x01, 0xFF, 0xFF, 0xFF, 0xFE, 0x00, 0x30, 0x01, 0xC0, 0xCF, 0x0E, 0x3F,
    0xE0, 0xFE, 0x00, 0xFF, 0xEF, 0xFE, 0xE0, 0x0E, 0x00, 0xE0, 0x0E, 0x00, 0xE0, 0x0F, 0xFE, 0xFF,
    0xEE, 0x00, 0xE0, 0x0E, 0x00, 0xE0, 0x0E, 0x00, 0xE0, 0x0F, 0xFE, 0xFF, 0xE0, 0x0E, 0x01, 0x80,
    0x38, 0x03, 0xF0, 0x1E, 0x1F, 0xC1, 0xFF, 0x1E, 0x3C, 0xE0, 0xE6, 0x03, 0xFF, 0xFF, 0xFF, 0xFC,
    0x00, 0x60, 0x03, 0x81, 0x9E, 0x1C, 0x7F, 0xC1, 0xFC, 0x01, 0xC0, 0x1C, 0x00, 0xC0, 0x07, 0xC0,
    0x1E, 0x00, 0x00, 0x0E, 0x38, 0xEE, 0x0F, 0xC0, 0xF0, 0x00, 0x00, 0x07, 0xFF, 0xFF, 0xFC, 0x03,
    0x80, 0x70, 0x0E, 0x01, 0xC0, 0x3F, 0xFF, 0xFF, 0xE0, 0x1C, 0x03, 0x80, 0x70, 0x0E, 0x01, 0xC0,
    0x3F, 0xFF, 0xFF, 0x00, 0x01, 0xC7, 0x07, 0x70, 0x1F, 0x00, 0xF8, 0x00, 0x00, 0x00, 0x03, 0xF8,
    0x3F, 0xE3, 0xC7, 0x9C, 0x1C, 0xC0, 0x7F, 0xFF, 0xFF, 0xFF, 0x80, 0x0C, 0x00, 0x70, 0x33, 0xC3,
    0x8F, 0xF8, 0x3F, 0x80, 0x07, 0x80, 0x7E, 0x07, 0x70, 0x71, 0xC0, 0x00, 0x00, 0x00, 0x7F, 0x07,
    0xFC, 0x78, 0xF3, 0x83, 0x98, 0x09, 0xC0, 0x0E, 0x00, 0x70, 0x03, 0x8F, 0xDC, 0x7E, 0xE0, 0x37,
    0x01, 0xB8, 0x0C, 0xE0, 0xE7, 0x8F, 0x1F, 0xF8, 0x7E, 0xC0, 0x0F, 0x80, 0xF8, 0x1D, 0xC3, 0x8E,
    0x00, 0x00, 0x00, 0x1F, 0x73, 0xFF, 0x78, 0xF7, 0x07, 0xE0, 0x7E, 0x07, 0xE0, 0x7E, 0x07, 0xE0,
    0x77, 0x07, 0x78, 0xF3, 0xFF, 0x1F, 0x70, 0x07, 0x00, 0x73, 0x0E, 0x7F, 0xE3, 0xF8, 0x10, 0x41,
    0xC7, 0x07, 0x38, 0x3F, 0x80, 0xF8, 0x00, 0x00, 0x00, 0x03, 0xF8, 0x3F, 0xE3, 0xC7, 0x9C, 0x1C,
    0xC0, 0x4E, 0x00, 0x70, 0x03, 0x80, 0x1C, 0x7E, 0xE3, 0xF7, 0x01, 0xB8, 0x0D, 0xC0, 0x67, 0x07,
    0x3C, 0x78, 0xFF, 0xC3, 0xF6, 0x10, 0x43, 0x8E, 0x19, 0xC1, 0xFC, 0x0F, 0x80, 0x00, 0x00, 0x01,
    0xF7, 0x3F, 0xF7, 0x8F, 0x70, 0x7E, 0x07, 0xE0, 0x7E, 0x07, 0xE0, 0x7E, 0x07, 0x70, 0x77, 0x8F,
    0x3F, 0xF1, 0xF7, 0x00, 0x70, 0x07, 0x30, 0xE7, 0xFE, 0x3F, 0x80, 0x07, 0x00, 0x38, 0x01, 0xC0,
    0x00, 0x00, 0x00, 0x0F, 0xE0, 0xFF, 0x8F, 0x1E, 0x70, 0x73, 0x01, 0x38, 0x01, 0xC0, 0x0E, 0x00,
    0x71, 0xFB, 0x8F, 0xDC, 0x06, 0xE0, 0x37, 0x01, 0x9C, 0x1C, 0xF1, 0xE3, 0xFF, 0x0F, 0xD8, 0x0F,
    0x00, 0xF0, 0x0F, 0x00, 0x00, 0x00, 0x01, 0xF7, 0x3F, 0xF7, 0x8F, 0x70, 0x7E, 0x07, 0xE0, 0x7E,
    0x07, 0xE0, 0x7E, 0x07, 0x70, 0x77, 0x8F, 0x3F, 0xF1, 0xF7, 0x00, 0x70, 0x07, 0x30, 0xE7, 0xFE,
    0x3F, 0x80, 0x1F, 0xC1, 0xFF, 0x1E, 0x3C, 0xE0, 0xE6, 0x02, 0x70, 0x03, 0x80, 0x1C, 0x00, 0xE3,
    0xF7, 0x1F, 0xB8, 0x0D, 0xC0, 0x6E, 0x03, 0x38, 0x39, 0xE3, 0xC7, 0xFE, 0x1F, 0xB0, 0x00, 0x01,
    0xC0, 0x0E, 0x00, 0xE0, 0x07, 0x00, 0x38, 0x00, 0x03, 0x00, 0x30, 0x07, 0x00, 0x70, 0x07, 0x00,
    0x00, 0x1F, 0x73, 0xFF, 0x78, 0xF7, 0x07, 0xE0, 0x7E, 0x07, 0xE0, 0x7E, 0x07, 0xE0, 0x77, 0x07,
    0x78, 0xF3, 0xFF, 0x1F, 0x70, 0x07, 0x00, 0x73, 0x0E, 0x7F, 0xE3, 0xF8, 0x1F, 0x03, 0xE0, 0xEE,
    0x38, 0xE0, 0x00, 0x00, 0x30, 0x1E, 0x03, 0xC0, 0x78, 0x0F, 0x01, 0xE0, 0x3C, 0x07, 0xFF, 0xFF,
    0xFE, 0x03, 0xC0, 0x78, 0x0F, 0x01, 0xE0, 0x3C, 0x07, 0x80, 0xF0, 0x18, 0x3E, 0x00, 0xF8, 0x07,
    0x70, 0x38, 0xE0, 0x00, 0x00, 0x00, 0x01, 0xC0, 0x07, 0x00, 0x1C, 0x00, 0x70, 0x01, 0xC0, 0x07,
    0x7C, 0x1F, 0xF8, 0x78, 0xF1, 0xC1, 0xC7, 0x07, 0x1C, 0x1C, 0x70, 0x71, 0xC1, 0xC7, 0x07, 0x1C,
    0x1C, 0x70, 0x71, 0xC1, 0xC7, 0x07, 0x30, 0x18, 0x60, 0x33, 0xFF, 0xFF, 0xFF, 0xF3, 0x01, 0x86,
    0x03, 0x0C, 0x06, 0x1F, 0xFC, 0x3F, 0xF8, 0x60, 0x30, 0xC0, 0x61, 0x80, 0xC3, 0x01, 0x86, 0x03,
    0x0C, 0x06, 0x18, 0x0C, 0x30, 0x18, 0x38, 0x03, 0xFC, 0x3F, 0xE0, 0x70, 0x03, 0x80, 0x1D, 0xF0,
    0xFF, 0xC7, 0x8F, 0x38, 0x39, 0xC1, 0xCE, 0x0E, 0x70, 0x73, 0x83, 0x9C, 0x1C, 0xE0, 0xE7, 0x07,
    0x38, 0x39, 0xC1, 0xC0, 0x3C, 0x8F, 0xF8, 0x9E, 0x00, 0x00, 0x01, 0xFF, 0xFF, 0xF8, 0x70, 0x0E,
    0x01, 0xC0, 0x38, 0x07, 0x00, 0xE0, 0x1C, 0x03, 0x80, 0x70, 0x0E, 0x01, 0xC0, 0x38, 0x07, 0x0F,
    0xFF, 0xFF, 0xC0, 0x3E, 0x43, 0xFE, 0x03, 0xC0, 0x00, 0x00, 0x0F, 0xF0, 0xFF, 0x00, 0x70, 0x07,
    0x00, 0x70, 0x07, 0x00, 0x70, 0x07, 0x00, 0x70, 0x07, 0x00, 0x70, 0xFF, 0xFF, 0xFF, 0x3F, 0x87,
    0xF0, 0x00, 0x00, 0x00, 0x01, 0xFF, 0xFF, 0xF8, 0x70, 0x0E, 0x01, 0xC0, 0x38, 0x07, 0x00, 0xE0,
    0x1C, 0x03, 0x80, 0x70, 0x0E, 0x01, 0xC0, 0x38, 0x07, 0x0F, 0xFF, 0xFF, 0xC0, 0x3F, 0xC3, 0xFC,
    0x00, 0x00, 0x00, 0x00, 0x0F, 0xF0, 0xFF, 0x00, 0x70, 0x07, 0x00, 0x70, 0x07, 0x00, 0x70, 0x07,
    0x00, 0x70, 0x07, 0x00, 0x70, 0xFF, 0xFF, 0xFF, 0x20, 0x8E, 0x38, 0xC6, 0x1F, 0xC1, 0xF0, 0x00,
    0x00, 0x07, 0xFF, 0xFF, 0xE1, 0xC0, 0x38, 0x07, 0x00, 0xE0, 0x1C, 0x03, 0x80, 0x70, 0x0E, 0x01,
    0xC0, 0x38, 0x07, 0x00, 0xE0, 0x1C, 0x3F, 0xFF, 0xFF, 0x10, 0x43, 0x8E, 0x39, 0xC1, 0xFC, 0x0F,
    0x80, 0x00, 0x00, 0x0F, 0xF0, 0xFF, 0x00, 0x70, 0x07, 0x00, 0x70, 0x07, 0x00, 0x70, 0x07, 0x00,
    0x70, 0x07, 0x00, 0x70, 0xFF, 0xFF, 0xFF, 0xFF, 0xEF, 0xFE, 0x0E, 0x00, 0xE0, 0x0E, 0x00, 0xE0,
    0x0E, 0x00, 0xE0, 0x0E, 0x00, 0xE0, 0x0E, 0x00, 0xE0, 0x0E, 0x00, 0xE0, 0x0E, 0x0F, 0xFE, 0xFF,
    0xE0, 0x0E, 0x01, 0x80, 0x38, 0x03, 0xF0, 0x1E, 0x07, 0x00, 0x38, 0x01, 0xC0, 0x00, 0x00, 0x00,
    0x7F, 0x83, 0xFC, 0x00, 0xE0, 0x07, 0x00, 0x38, 0x01, 0xC0, 0x0E, 0x00, 0x70, 0x03, 0x80, 0x1C,
    0x00, 0xE0, 0xFF, 0xF7, 0xFF, 0x80, 0x38, 0x03, 0x80, 0x18, 0x00, 0xF8, 0x07, 0xC0, 0x0E, 0x01,
    0xC0, 0x38, 0x00, 0x00, 0x01, 0xFF, 0xFF, 0xF8, 0x70, 0x0E, 0x01, 0xC0, 0x38, 0x07, 0x00, 0xE0,
    0x1C, 0x03, 0x80, 0x70, 0x0E, 0x01, 0xC0, 0x38, 0x07, 0x0F, 0xFF, 0xFF, 0xC0, 0xFF, 0x0F, 0xF0,
    0x07, 0x00, 0x70, 0x07, 0x00, 0x70, 0x07, 0x00, 0x70, 0x07, 0x00, 0x70, 0x07, 0x0F, 0xFF, 0xFF,
    0xF0, 0xE0, 0xFC, 0x1F, 0x83, 0xF0, 0x7E, 0x0F, 0xC1, 0xF8, 0x3F, 0x07, 0xE0, 0xFC, 0x1C, 0x03,
    0x80, 0x70, 0x0F, 0xC1, 0xFC, 0x7B, 0xFE, 0x3F, 0x80, 0xE0, 0xFC, 0x1F, 0x83, 0x80, 0x00, 0x01,
    0xC1, 0xF8, 0x3F, 0x07, 0xE0, 0xFC, 0x1F, 0x83, 0xF0, 0x7E, 0x0F, 0xC1, 0xF8, 0x3F, 0x07, 0xE0,
    0xFC, 0x1C, 0x03, 0x80, 0x70, 0x1C, 0x7F, 0x8F, 0xE0, 0x07, 0x81, 0xF8, 0x77, 0x0C, 0x70, 0x00,
    0x00, 0x0F, 0xF9, 0xFF, 0x00, 0x60, 0x0C, 0x01, 0x80, 0x30, 0x06, 0x00, 0xC0, 0x18, 0x03, 0x00,
    0x60, 0x0C, 0x03, 0xB0, 0x77, 0x1E, 0x7F, 0x87, 0xE0, 0x03, 0xC0, 0x7E, 0x0E, 0xE0, 0xC7, 0x00,
    0x00, 0x00, 0xFF, 0x8F, 0xF8, 0x03, 0x80, 0x38, 0x03, 0x80, 0x38, 0x03, 0x80, 0x38, 0x03, 0x80,
    0x38, 0x03, 0x80, 0x38, 0x03, 0x80, 0x38, 0x03, 0x80, 0x38, 0xFF, 0x0F, 0xE0, 0xE0, 0x77, 0x07,
    0x38, 0x79, 0xC7, 0x8E, 0x78, 0x73, 0x83, 0xB8, 0x1F, 0xC0, 0xFE, 0x07, 0xB8, 0x3D, 0xE1, 0xC7,
    0x0E, 0x1C, 0x70, 0xF3, 0x83, 0x9C, 0x0E, 0xE0, 0x78, 0x00, 0x03, 0xC0, 0x1C, 0x00, 0xE0, 0x07,
    0x00, 0x30, 0x00, 0xE0, 0x07, 0x00, 0x38, 0x01, 0xC0, 0x0E, 0x00, 0x70, 0x7B, 0x87, 0x9C, 0x78,
    0xE7, 0x87, 0x78, 0x3F, 0x81, 0xFE, 0x0F, 0x78, 0x71, 0xC3, 0x87, 0x1C, 0x1C, 0xE0, 0xF7, 0x03,
    0x80, 0x00, 0x1E, 0x00, 0xE0, 0x07, 0x00, 0x38, 0x01, 0x80, 0xE0, 0xF7, 0x0F, 0x38, 0xF1, 0xCF,
    0x0E, 0xF0, 0x7F, 0x03, 0xFC, 0x1F, 0xF0, 0xF3, 0x87, 0x0E, 0x38, 0x39, 0xC1, 0xEE, 0x07, 0x80,
    0x10, 0x03, 0x80, 0x30, 0x07, 0x00, 0x60, 0x00, 0x00, 0x00, 0x06, 0x00, 0x60, 0x06, 0x00, 0x60,
    0x06, 0x00, 0x60, 0x06, 0x00, 0x60, 0x06, 0x00, 0x60, 0x06, 0x00, 0x60, 0x06, 0x00, 0x60, 0x06,
    0x00, 0x7F, 0xF7, 0xFF, 0x02, 0x00, 0x60, 0x1C, 0x03, 0x00, 0xE0, 0x08, 0x00, 0x07, 0xF0, 0xFE,
    0x01, 0xC0, 0x38, 0x07, 0x00, 0xE0, 0x1C, 0x03, 0x80, 0x70, 0x0E, 0x01, 0xC0, 0x38, 0x07, 0x00,
    0xE0, 0x1C, 0x03, 0x87, 0xFF, 0xFF, 0xE0, 0xC0, 0x18, 0x03, 0x00, 0x60, 0x0C, 0x01, 0x80, 0x30,
    0x06, 0x00, 0xC0, 0x18, 0x03, 0x00, 0x60, 0x0C, 0x01, 0x80, 0x30, 0x07, 0xFF, 0xFF, 0xE0, 0x00,
    0x78, 0x0E, 0x01, 0xC0, 0x38, 0x06, 0x00, 0xFE, 0x1F, 0xC0, 0x38, 0x07, 0x00, 0xE0, 0x1C, 0x03,
    0x80, 0x70, 0x0E, 0x01, 0xC0, 0x38, 0x07, 0x00, 0xE0, 0x1C, 0x03, 0x80, 0x70, 0xFF, 0xFF, 0xFC,
    0x00, 0x07, 0x00, 0xE0, 0x38, 0x07, 0x00, 0xE0, 0x0E, 0x01, 0xC3, 0x38, 0x67, 0x0C, 0xC1, 0x80,
    0x30, 0x06, 0x00, 0xC0, 0x18, 0x03, 0x00, 0x60, 0x0C, 0x01, 0x80, 0x30, 0x06, 0x00, 0xC0, 0x1F,
    0xFF, 0xFF, 0x80, 0x00, 0xFF, 0xEE, 0xFE, 0xE0, 0xEE, 0x0E, 0xE0, 0xE0, 0x0E, 0x00, 0xE0, 0x0E,
    0x00, 0xE0, 0x0E, 0x00, 0xE0, 0x0E, 0x00, 0xE0, 0x0E, 0x00, 0xE0, 0x0E, 0x0F, 0xFE, 0xFF, 0xE0,
    0xC0, 0x18, 0x03, 0x00, 0x60, 0x0C, 0x01, 0x80, 0x30, 0x06, 0x00, 0xC3, 0xD8, 0x7B, 0x0F, 0x60,
    0x0C, 0x01, 0x80, 0x30, 0x07, 0xFF, 0xFF, 0xE0, 0xFE, 0x07, 0xF0, 0x03, 0x80, 0x1C, 0x00, 0xE0,
    0x07, 0x00, 0x38, 0x01, 0xC0, 0x0E, 0x00, 0x73, 0x83, 0x9E, 0x1C, 0xF0, 0xE0, 0x07, 0x00, 0x38,
    0x01, 0xC0, 0xFF, 0xE7, 0xFF, 0x00, 0x30, 0x01, 0x80, 0x0C, 0x00, 0x60, 0x03, 0x00, 0x18, 0x00,
    0xC3, 0x07, 0xF8, 0x3F, 0x87, 0xE0, 0x3C, 0x00, 0x60, 0x03, 0x00, 0x18, 0x00, 0xC0, 0x07, 0xFF,
    0x3F, 0xF8, 0xFE, 0x1F, 0xC0, 0x38, 0x07, 0x00, 0xE0, 0x1C, 0x03, 0x80, 0x70, 0x0F, 0xE3, 0xFB,
    0xFC, 0x7F, 0x00, 0xE0, 0x1C, 0x03, 0x80, 0x70, 0xFF, 0xFF, 0xFC, 0x03, 0x00, 0xE0, 0x1C, 0x07,
    0x00, 0xE0, 0x00, 0x00, 0x07, 0x83, 0xF0, 0x7E, 0x0F, 0xE1, 0xFC, 0x3D, 0xC7, 0xB8, 0xF3, 0x1E,
    0x73, 0xC6, 0x78, 0xEF, 0x1D, 0xE1, 0xFC, 0x3F, 0x83, 0xF0, 0x7E, 0x0F, 0x02, 0x00, 0x70, 0x1C,
    0x03, 0x00, 0xE0, 0x08, 0x00, 0x07, 0x7C, 0xFF, 0xDE, 0x3F, 0x83, 0xF0, 0x7E, 0x0F, 0xC1, 0xF8,
    0x3F, 0x07, 0xE0, 0xFC, 0x1F, 0x83, 0xF0, 0x70, 0xF0, 0x7E, 0x0F, 0xC1, 0xFC, 0x3F, 0x87, 0xB8,
    0xF7, 0x1E, 0x63, 0xCE, 0x78, 0xCF, 0x1D, 0xE3, 0xBC, 0x3F, 0x87, 0xF0, 0x7E, 0x0F, 0xC1, 0xE0,
    0x00, 0x38, 0x07, 0x01, 0xC0, 0x38, 0x07, 0x00, 0xEF, 0x9F, 0xFB, 0xC7, 0xF0, 0x7E, 0x0F, 0xC1,
    0xF8, 0x3F, 0x07, 0xE0, 0xFC, 0x1F, 0x83, 0xF0, 0x7E, 0x0E, 0x00, 0x03, 0x80, 0x70, 0x0C, 0x03,
    0x80, 0x70, 0x00, 0x00, 0x0E, 0x38, 0xEE, 0x0F, 0x81, 0xF0, 0x00, 0x00, 0x07, 0x83, 0xF0, 0x7E,
    0x0F, 0xE1, 0xFC, 0x3D, 0xC7, 0xB8, 0xF3, 0x1E, 0x73, 0xC6, 0x78, 0xEF, 0x1D, 0xE1, 0xFC, 0x3F,
    0x83, 0xF0, 0x7E, 0x0F, 0x00, 0x0E, 0x38, 0xEE, 0x0F, 0x81, 0xF0, 0x00, 0x00, 0x07, 0x7C, 0xFF,
    0xDE, 0x3F, 0x83, 0xF0, 0x7E, 0x0F, 0xC1, 0xF8, 0x3F, 0x07, 0xE0, 0xFC, 0x1F, 0x83, 0xF0, 0x70,
    0xE0, 0x07, 0x00, 0x30, 0x01, 0x80, 0x0C, 0x00, 0x1D, 0xF0, 0xFF, 0xC7, 0x8F, 0x38, 0x39, 0xC1,
    0xCE, 0x0E, 0x70, 0x73, 0x83, 0x9C, 0x1C, 0xE0, 0xE7, 0x07, 0x38, 0x39, 0xC1, 0xC0, 0xF0, 0x7E,
    0x0F, 0xC1, 0xFC, 0x3F, 0x87, 0xB8, 0xF7, 0x1E, 0x63, 0xCE, 0x78, 0xCF, 0x1D, 0xE3, 0xBC, 0x3F,
    0x87, 0xF0, 0x7E, 0x0F, 0xC1, 0xE0, 0x0C, 0x01, 0x80, 0x33, 0xFE, 0x7F, 0x80, 0xEF, 0x9F, 0xFB,
    0xC7, 0xF0, 0x7E, 0x0F, 0xC1, 0xF8, 0x3F, 0x07, 0xE0, 0xFC, 0x1F, 0x83, 0xF0, 0x7E, 0x0E, 0x01,
    0xC0, 0x38, 0x07, 0x3F, 0xE7, 0xF8, 0x1F, 0xC0, 0xFE, 0x00, 0x00, 0x00, 0x00, 0x00, 0x0F, 0xE0,
    0xFF, 0x8F, 0x1E, 0x70, 0x73, 0x01, 0xB8, 0x0F, 0xC0, 0x7E, 0x03, 0xF0, 0x1F, 0x80, 0xFC, 0x07,
    0xE0, 0x3B, 0x01, 0x9C, 0x1C, 0xF1, 0xE3, 0xFE, 0x0F, 0xE0, 0x1F, 0xC0, 0xFE, 0x00, 0x00, 0x00,
    0x00, 0x00, 0x0F, 0xE0, 0xFF, 0x8F, 0x1E, 0x70, 0x73, 0x01, 0xB8, 0x0F, 0xC0, 0x7E, 0x03, 0xB0,
    0x19, 0xC1, 0xCF, 0x1E, 0x3F, 0xE0, 0xFE, 0x00, 0x10, 0x41, 0xC7, 0x06, 0x30, 0x3F, 0x80, 0xF8,
    0x00, 0x00, 0x00, 0x03, 0xF8, 0x3F, 0xE3, 0xC7, 0x9C, 0x1C, 0xC0, 0x6E, 0x03, 0xF0, 0x1F, 0x80,
    0xFC, 0x07, 0xE0, 0x3F, 0x01, 0xF8, 0x0E, 0xC0, 0x67, 0x07, 0x3C, 0x78, 0xFF, 0x83, 0xF8, 0x10,
    0x41, 0xC7, 0x06, 0x30, 0x3F, 0x80, 0xF8, 0x00, 0x00, 0x00, 0x03, 0xF8, 0x3F, 0xE3, 0xC7, 0x9C,
    0x1C, 0xC0, 0x6E, 0x03, 0xF0, 0x1F, 0x80, 0xEC, 0x06, 0x70, 0x73, 0xC7, 0x8F, 0xF8, 0x3F, 0x80,
    0x06, 0x60, 0x33, 0x03, 0xB8, 0x19, 0x81, 0x98, 0x00, 0x00, 0x00, 0x03, 0xF8, 0x3F, 0xE3, 0xC7,
    0x9C, 0x1C, 0xC0, 0x6E, 0x03, 0xF0, 0x1F, 0x80, 0xFC, 0x07, 0xE0, 0x3F, 0x01, 0xF8, 0x0E, 0xC0,
    0x67, 0x07, 0x3C, 0x78, 0xFF, 0x83, 0xF8, 0x04, 0x40, 0x33, 0x03, 0xB8, 0x19, 0x81, 0xDC, 0x04,
    0x40, 0x00, 0x03, 0xF8, 0x3F, 0xE3, 0xC7, 0x9C, 0x1C, 0xC0, 0x6E, 0x03, 0xF0, 0x1F, 0x80, 0xEC,
    0x06, 0x70, 0x73, 0xC7, 0x8F, 0xF8, 0x3F, 0x80, 0x0F, 0xFF, 0xFC, 0x7F, 0xFF, 0xF3, 0xC1, 0xC0,
    0x1E, 0x07, 0x00, 0x70, 0x1C, 0x01, 0xC0, 0x70, 0x0E, 0x01, 0xC0, 0x38, 0x07, 0xFE, 0xE0, 0x1F,
    0xFB, 0x80, 0x70, 0x0E, 0x01, 0xC0, 0x1C, 0x07, 0x00, 0x70, 0x1C, 0x01, 0xE0, 0x70, 0x03, 0xC1,
    0xC0, 0x07, 0xFF, 0xFF, 0x0F, 0xFF, 0xFC, 0x1F, 0x8F, 0xE0, 0xFF, 0x7F, 0xC7, 0x0F, 0xC7, 0xB8,
    0x1E, 0x0E, 0xE0, 0x70, 0x3B, 0x81, 0xFF, 0xEE, 0x07, 0xFF, 0xB8, 0x1C, 0x00, 0xE0, 0x70, 0x03,
    0x81, 0xE0, 0x47, 0x0F, 0xC7, 0x8F, 0xF7, 0xFC, 0x1F, 0x8F, 0xE0, 0x03, 0x00, 0x38, 0x07, 0x00,
    0x60, 0x0E, 0x00, 0x00, 0x00, 0x0F, 0xFC, 0xFF, 0xEE, 0x0E, 0xE0, 0x7E, 0x07, 0xE0, 0x7E, 0x07,
    0xE1, 0xEF, 0xFE, 0xFF, 0x8E, 0x70, 0xE3, 0x8E, 0x38, 0xE1, 0xCE, 0x0E, 0xE0, 0xEE, 0x07, 0x00,
    0xC0, 0x07, 0x00, 0x70, 0x03, 0x80, 0x18, 0x00, 0x80, 0x00, 0x0F, 0xDF, 0x7F, 0xF8, 0x7C, 0x03,
    0xC0, 0x1C, 0x00, 0xE0, 0x07, 0x00, 0x38, 0x01, 0xC0, 0x0E, 0x00, 0x70, 0x1F, 0xFC, 0xFF, 0xE0,
    0xFF, 0xCF, 0xFE, 0xE0, 0xEE, 0x07, 0xE0, 0x7E, 0x07, 0xE0, 0x7E, 0x1E, 0xFF, 0xEF, 0xF8, 0xE7,
    0x0E, 0x38, 0xE3, 0x8E, 0x1C, 0xE0, 0xEE, 0x0E, 0xE0, 0x70, 0x00, 0x0E, 0x00, 0xE0, 0x0E, 0x00,
    0xC0, 0x1C, 0x00, 0x7E, 0xFB, 0xFF, 0xC3, 0xE0, 0x1E, 0x00, 0xE0, 0x07, 0x00, 0x38, 0x01, 0xC0,
    0x0E, 0x00, 0x70, 0x03, 0x80, 0xFF, 0xE7, 0xFF, 0x00, 0x00, 0x38, 0x01, 0xC0, 0x0E, 0x00, 0x60,
    0x07, 0x00, 0x00, 0x03, 0x1C, 0x3B, 0x81, 0xF8, 0x0F, 0x00, 0x00, 0x00, 0x0F, 0xFC, 0xFF, 0xEE,
    0x0E, 0xE0, 0x7E, 0x07, 0xE0, 0x7E, 0x07, 0xE1, 0xEF, 0xFE, 0xFF, 0x8E, 0x70, 0xE3, 0x8E, 0x38,
    0xE1, 0xCE, 0x0E, 0xE0, 0xEE, 0x07, 0x00, 0x00, 0x63, 0x83, 0xBC, 0x0F, 0xC0, 0x3C, 0x00, 0x00,
    0x00, 0x0F, 0xDF, 0x7F, 0xF8, 0x7C, 0x03, 0xC0, 0x1C, 0x00, 0xE0, 0x07, 0x00, 0x38, 0x01, 0xC0,
    0x0E, 0x00, 0x70, 0x1F, 0xFC, 0xFF, 0xE0, 0x01, 0x80, 0x1C, 0x00, 0xE0, 0x0E, 0x00, 0x60, 0x00,
    0x00, 0x00, 0x03, 0xF8, 0x7F, 0xF3, 0x83, 0xF8, 0x0D, 0xC0, 0x0E, 0x00, 0x38, 0x01, 0xFE, 0x03,
    0xFC, 0x03, 0xF0, 0x03, 0xC0, 0x0E, 0x00, 0x7E, 0x03, 0xF8, 0x39, 0xFF, 0xC7, 0xF8, 0x01, 0x00,
    0x0C, 0x00, 0xE0, 0x06, 0x00, 0x70, 0x01, 0x00, 0x00, 0x03, 0xF8, 0x3F, 0xF3, 0x83, 0x9C, 0x00,
    0xE0, 0x03, 0xF0, 0x0F, 0xF0, 0x0F, 0xC0, 0x06, 0x60, 0x33, 0x83, 0x9F, 0xFC, 0x3F, 0x80, 0x0F,
    0x80, 0x7C, 0x07, 0x70, 0x71, 0xC0, 0x00, 0x00, 0x00, 0x7F, 0x0F, 0xFE, 0x70, 0x7F, 0x01, 0xB8,
    0x01, 0xC0, 0x07, 0x00, 0x3F, 0xC0, 0x7F, 0x80, 0x7E, 0x00, 0x78, 0x01, 0xC0, 0x0F, 0xC0, 0x7F,
    0x07, 0x3F, 0xF8, 0xFF, 0x00, 0x0F, 0x80, 0x7C, 0x07, 0x70, 0x71, 0xC0, 0x00, 0x00, 0x00, 0x7F,
    0x07, 0xFE, 0x70, 0x73, 0x80, 0x1C, 0x00, 0x7E, 0x01, 0xFE, 0x01, 0xF8, 0x00, 0xCC, 0x06, 0x70,
    0x73, 0xFF, 0x87, 0xF0, 0x1F, 0xC3, 0xFF, 0x9C, 0x1F, 0xC0, 0x6E, 0x00, 0x70, 0x01, 0xC0, 0x0F,
    0xF0, 0x1F, 0xE0, 0x1F, 0x80, 0x1E, 0x00, 0x70, 0x03, 0xF0, 0x1F, 0xC1, 0xCF, 0xFE, 0x3F, 0xE0,
    0x30, 0x01, 0xE0, 0x03, 0x80, 0xFC, 0x07, 0xC0, 0x1F, 0xC1, 0xFF, 0x9C, 0x1C, 0xE0, 0x07, 0x00,
    0x1F, 0x80, 0x7F, 0x80, 0x7E, 0x00, 0x33, 0x01, 0x9C, 0x1C, 0xFF, 0xE1, 0xFE, 0x03, 0x00, 0x1E,
    0x00, 0x38, 0x0F, 0xC0, 0x7C, 0x00, 0x00, 0x01, 0xC7, 0x07, 0x70, 0x1F, 0x00, 0xF8, 0x00, 0x00,
    0x00, 0x03, 0xF8, 0x7F, 0xF3, 0x83, 0xF8, 0x0D, 0xC0, 0x0E, 0x00, 0x38, 0x01, 0xFE, 0x03, 0xFC,
    0x03, 0xF0, 0x03, 0xC0, 0x0E, 0x00, 0x7E, 0x03, 0xF8, 0x39, 0xFF, 0xC7, 0xF8, 0x00, 0x01, 0xC7,
    0x07, 0x70, 0x1F, 0x00, 0xF8, 0x00, 0x00, 0x00, 0x03, 0xF8, 0x3F, 0xF3, 0x83, 0x9C, 0x00, 0xE0,
    0x03, 0xF0, 0x0F, 0xF0, 0x0F, 0xC0, 0x06, 0x60, 0x33, 0x83, 0x9F, 0xFC, 0x3F, 0x80, 0xFF, 0xFF,
    0xFF, 0xFC, 0x0E, 0x00, 0x1C, 0x00, 0x38, 0x00, 0x70, 0x00, 0xE0, 0x01, 0xC0, 0x03, 0x80, 0x07,
    0x00, 0x0E, 0x00, 0x1C, 0x00, 0x38, 0x00, 0x70, 0x00, 0xE0, 0x01, 0xC0, 0x03, 0x80, 0x00, 0x00,
    0x0E, 0x00, 0x1C, 0x00, 0x70, 0x00, 0xE0, 0x01, 0xC0, 0x00, 0x07, 0x00, 0x1C, 0x00, 0x70, 0x01,
    0xC0, 0x7F, 0xFD, 0xFF, 0xE0, 0x70, 0x01, 0xC0, 0x07, 0x00, 0x1C, 0x00, 0x70, 0x01, 0xC0, 0x07,
    0x00, 0x1C, 0x00, 0x70, 0x00, 0xFE, 0x01, 0xF8, 0x00, 0x00, 0x0E, 0x00, 0x78, 0x01, 0xC0, 0x07,
    0x00, 0x18, 0x00, 0x00, 0x00, 0x38, 0xE0, 0x3B, 0x80, 0x3E, 0x00, 0x7C, 0x00, 0x00, 0x00, 0x00,
    0x7F, 0xFF, 0xFF, 0xFE, 0x07, 0x00, 0x0E, 0x00, 0x1C, 0x00, 0x38, 0x00, 0x70, 0x00, 0xE0, 0x01,
    0xC0, 0x03, 0x80, 0x07, 0x00, 0x0E, 0x00, 0x1C, 0x00, 0x38, 0x00, 0x70, 0x00, 0xE0, 0x01, 0xC0,
    0x00, 0x78, 0x01, 0xC0, 0x07, 0x01, 0xDC, 0x07, 0x70, 0x1C, 0x00, 0x70, 0x1F, 0xFF, 0x7F, 0xF8,
    0x1C, 0x00, 0x70, 0x01, 0xC0, 0x07, 0x00, 0x1C, 0x00, 0x70, 0x01, 0xC0, 0x07, 0x00, 0x1C, 0x00,
    0x3F, 0x80, 0x7E, 0xFF, 0xFF, 0xFF, 0xFC, 0x0E, 0x00, 0x1C, 0x00, 0x38, 0x00, 0x70, 0x00, 0xE0,
    0x1F, 0xFC, 0x3F, 0xF8, 0x07, 0x00, 0x0E, 0x00, 0x1C, 0x00, 0x38, 0x00, 0x70, 0x00, 0xE0, 0x01,
    0xC0, 0x03, 0x80, 0x07, 0x00, 0x1C, 0x00, 0x70, 0x01, 0xC0, 0x7F, 0xFD, 0xFF, 0xE0, 0x70, 0x01,
    0xC0, 0x07, 0x00, 0xFF, 0xC3, 0xFF, 0x01, 0xC0, 0x07, 0x00, 0x1C, 0x00, 0x70, 0x01, 0xFE, 0x03,
    0xF8, 0x3C, 0x8F, 0xF8, 0x9E, 0x00, 0x00, 0x01, 0x80, 0xF0, 0x1E, 0x03, 0xC0, 0x78, 0x0F, 0x01,
    0xE0, 0x3C, 0x07, 0x80, 0xF0, 0x1E, 0x03, 0xE0, 0xFC, 0x1F, 0x83, 0xF8, 0xF7, 0xFC, 0x7F, 0x00,
    0x3C, 0x8F, 0xF8, 0x9E, 0x00, 0x00, 0x01, 0xC1, 0xF8, 0x3F, 0x07, 0xE0, 0xFC, 0x1F, 0x83, 0xF0,
    0x7E, 0x0F, 0xC1, 0xF8, 0x3F, 0x8F, 0x7F, 0xE7, 0xDC, 0x3F, 0x87, 0xF0, 0x00, 0x00, 0x00, 0x01,
    0x80, 0xF0, 0x1E, 0x03, 0xC0, 0x78, 0x0F, 0x01, 0xE0, 0x3C, 0x07, 0x80, 0xF0, 0x1E, 0x03, 0xE0,
    0xFC, 0x1F, 0x83, 0xF8, 0xF7, 0xFC, 0x7F, 0x00, 0x3F, 0x87, 0xF0, 0x00, 0x00, 0x00, 0x01, 0xC1,
    0xF8, 0x3F, 0x07, 0xE0, 0xFC, 0x1F, 0x83, 0xF0, 0x7E, 0x0F, 0xC1, 0xF8, 0x3F, 0x8F, 0x7F, 0xE7,
    0xDC, 0x20, 0x8E, 0x38, 0xC6, 0x1F, 0xC1, 0xF0, 0x00, 0x00, 0x06, 0x03, 0xC0, 0x78, 0x0F, 0x01,
    0xE0, 0x3C, 0x07, 0x80, 0xF0, 0x1E, 0x03, 0xC0, 0x78, 0x0F, 0x83, 0xF0, 0x7E, 0x0F, 0xE3, 0xDF,
    0xF1, 0xFC, 0x20, 0x8E, 0x38, 0xCE, 0x1F, 0xC1, 0xF0, 0x00, 0x00, 0x07, 0x07, 0xE0, 0xFC, 0x1F,
    0x83, 0xF0, 0x7E, 0x0F, 0xC1, 0xF8, 0x3F, 0x07, 0xE0, 0xFE, 0x3D, 0xFF, 0x9F, 0x70, 0x1F, 0x03,
    0x60, 0xC6, 0x18, 0xC1, 0xB0, 0x3E, 0x00, 0x06, 0x03, 0xC0, 0x78, 0x0F, 0x01, 0xE0, 0x3C, 0x07,
    0x80, 0xF0, 0x1E, 0x03, 0xC0, 0x78, 0x0F, 0x83, 0xF0, 0x7E, 0x0F, 0xE3, 0xDF, 0xF1, 0xFC, 0x1F,
    0x03, 0x60, 0xCE, 0x19, 0xC1, 0xB0, 0x3E, 0x00, 0x07, 0x07, 0xE0, 0xFC, 0x1F, 0x83, 0xF0, 0x7E,
    0x0F, 0xC1, 0xF8, 0x3F, 0x07, 0xE0, 0xFE, 0x3D, 0xFF, 0x9F, 0x70, 0x0C, 0xC1, 0x98, 0x77, 0x0C,
    0xC3, 0x30, 0x00, 0x00, 0x06, 0x03, 0xC0, 0x78, 0x0F, 0x01, 0xE0, 0x3C, 0x07, 0x80, 0xF0, 0x1E,
    0x03, 0xC0, 0x78, 0x0F, 0x83, 0xF0, 0x7E, 0x0F, 0xE3, 0xDF, 0xF1, 0xFC, 0x08, 0x81, 0x98, 0x77,
    0x0C, 0xC3, 0xB8, 0x22, 0x00, 0x07, 0x07, 0xE0, 0xFC, 0x1F, 0x83, 0xF0, 0x7E, 0x0F, 0xC1, 0xF8,
    0x3F, 0x07, 0xE0, 0xFE, 0x3D, 0xFF, 0x9F, 0x70, 0xC0, 0x78, 0x0F, 0x01, 0xE0, 0x3C, 0x07, 0x80,
    0xF0, 0x1E, 0x03, 0xC0, 0x78, 0x0F, 0x01, 0xF0, 0x7E, 0x0F, 0xC1, 0xFC, 0x7B, 0xFE, 0x3F, 0x80,
    0xE0, 0x30, 0x06, 0x00, 0xF8, 0x1F, 0x00, 0xE0, 0xEE, 0x0E, 0xE0, 0xEE, 0x0E, 0xE0, 0xEE, 0x0E,
    0xE0, 0xEE, 0x0E, 0xE0, 0xEE, 0x0E, 0xF1, 0xE7, 0xFE, 0x3E, 0xE0, 0x1C, 0x03, 0x80, 0x30, 0x03,
    0xE0, 0x3E, 0x00, 0x78, 0x00, 0x03, 0xF0, 0x00, 0x1E, 0xE0, 0x00, 0x71, 0x80, 0x00, 0x00, 0x00,
    0x00, 0x00, 0x0E, 0x03, 0x81, 0xDC, 0x1E, 0x07, 0x70, 0x78, 0x1D, 0xC1, 0xF0, 0x67, 0x0F, 0xC3,
    0x8C, 0x3B, 0x0E, 0x38, 0xCE, 0x38, 0xE3, 0x38, 0xC3, 0x9C, 0xE7, 0x06, 0x71, 0x9C, 0x1D, 0x87,
    0x70, 0x76, 0x1D, 0x81, 0xF8, 0x3E, 0x03, 0xE0, 0xF8, 0x0F, 0x03, 0xC0, 0x3C, 0x0F, 0x00, 0xF0,
    0x1C, 0x00, 0x00, 0xF0, 0x00, 0x1F, 0x80, 0x01, 0xDC, 0x00, 0x38, 0xC0, 0x00, 0x00, 0x00, 0x00,
    0x00, 0x60, 0x70, 0x77, 0x07, 0x07, 0x70, 0xF0, 0x63, 0x0F, 0x8E, 0x30, 0xF8, 0xE3, 0x9D, 0x8C,
    0x39, 0x9C, 0xC1, 0x99, 0xDC, 0x1F, 0x8D, 0xC1, 0xF8, 0xD8, 0x0F, 0x0F, 0x80, 0xF0, 0x78, 0x0F,
    0x07, 0x00, 0x07, 0xC0, 0x0F, 0x80, 0x3B, 0x80, 0xE3, 0x80, 0x00, 0x00, 0x00, 0x3C, 0x03, 0xB8,
    0x0E, 0x78, 0x3C, 0x70, 0x70, 0x71, 0xC0, 0xE3, 0x80, 0xEE, 0x01, 0xDC, 0x01, 0xF0, 0x01, 0xC0,
    0x03, 0x80, 0x07, 0x00, 0x0E, 0x00, 0x1C, 0x00, 0x38, 0x00, 0x70, 0x00, 0xE0, 0x00, 0x0F, 0x80,
    0x7C, 0x07, 0x70, 0x71, 0xC0, 0x00, 0x00, 0x03, 0x80, 0xEC, 0x06, 0x70, 0x73, 0x83, 0x8E, 0x18,
    0x71, 0xC1, 0x8C, 0x0E, 0xE0, 0x77, 0x01, 0xF0, 0x0F, 0x80, 0x38, 0x01, 0xC0, 0x0E, 0x00, 0xE0,
    0x07, 0x01, 0xF0, 0x0F, 0x80, 0x1C, 0x70, 0x38, 0xE0, 0x71, 0xC0, 0x00, 0x00, 0x00, 0x1E, 0x01,
    0xDC, 0x07, 0x3C, 0x1E, 0x38, 0x38, 0x38, 0xE0, 0x71, 0xC0, 0x77, 0x00, 0xEE, 0x00, 0xF8, 0x00,
    0xE0, 0x01, 0xC0, 0x03, 0x80, 0x07, 0x00, 0x0E, 0x00, 0x1C, 0x00, 0x38, 0x00, 0x70, 0x00, 0x01,
    0x80, 0x1C, 0x00, 0xE0, 0x0E, 0x00, 0x70, 0x00, 0x00, 0x00, 0x1F, 0xFF, 0xFF, 0xF8, 0x03, 0x80,
    0x3C, 0x01, 0xC0, 0x1C, 0x01, 0xC0, 0x1E, 0x00, 0xE0, 0x0E, 0x00, 0xE0, 0x0F, 0x00, 0x70, 0x07,
    0x00, 0x70, 0x03, 0xFF, 0xFF, 0xFF, 0x02, 0x00, 0x60, 0x1C, 0x03, 0x00, 0xE0, 0x08, 0x00, 0x07,
    0xFF, 0xFF, 0xE0, 0x3C, 0x0F, 0x03, 0xC0, 0x70, 0x1C, 0x07, 0x01, 0xC0, 0x70, 0x1C, 0x03, 0xFF,
    0xFF, 0xF0, 0x07, 0x00, 0x38, 0x01, 0xC0, 0x00, 0x00, 0x00, 0x7F, 0xFF, 0xFF, 0xE0, 0x0E, 0x00,
    0xF0, 0x07, 0x00, 0x70, 0x07, 0x00, 0x78, 0x03, 0x80, 0x38, 0x03, 0x80, 0x3C, 0x01, 0xC0, 0x1C,
    0x01, 0xC0, 0x0F, 0xFF, 0xFF, 0xFC, 0x0E, 0x01, 0xC0, 0x38, 0x00, 0x00, 0x01, 0xFF, 0xFF, 0xF8,
    0x0F, 0x03, 0xC0, 0xF0, 0x1C, 0x07, 0x01, 0xC0, 0x70, 0x1C, 0x07, 0x00, 0xFF, 0xFF, 0xFC, 0x00,
    0x01, 0xC7, 0x07, 0x70, 0x1F, 0x00, 0xF8, 0x00, 0x00, 0x00, 0x1F, 0xFF, 0xFF, 0xF8, 0x03, 0x80,
    0x3C, 0x01, 0xC0, 0x1C, 0x01, 0xC0, 0x1E, 0x00, 0xE0, 0x0E, 0x00, 0xE0, 0x0F, 0x00, 0x70, 0x07,
    0x00, 0x70, 0x03, 0xFF, 0xFF, 0xFF, 0x00, 0x0E, 0x38, 0xEE, 0x0F, 0x81, 0xF0, 0x00, 0x00, 0x07,
    0xFF, 0xFF, 0xE0, 0x3C, 0x0F, 0x03, 0xC0, 0x70, 0x1C, 0x07, 0x01, 0xC0, 0x70, 0x1C, 0x03, 0xFF,
    0xFF, 0xF0, 0x00, 0x18, 0x00, 0xC0, 0x06, 0x3F, 0xF3, 0xFF, 0xBC, 0x79, 0xC1, 0xCC, 0x06, 0xE0,
    0x3F, 0x01, 0xF8, 0x0F, 0xC0, 0x7E, 0x03, 0xF0, 0x1F, 0x80, 0xEC, 0x07, 0x70, 0x73, 0xC7, 0x8F,
    0xF8, 0x3F, 0x80, 0x00, 0x18, 0x01, 0xC0, 0x0E, 0x3F, 0xF3, 0xFF, 0x3C, 0x79, 0xC1, 0xCC, 0x06,
    0xE0, 0x3F, 0x01, 0xF8, 0x0E, 0xC0, 0x67, 0x07, 0x3C, 0x78, 0xFF, 0x83, 0xF8, 0x00, 0x18, 0x00,
    0xC0, 0x07, 0x80, 0xFC, 0x06, 0x60, 0x33, 0x01, 0x98, 0x0C, 0xC0, 0x66, 0x03, 0x30, 0x19, 0x80,
    0xCC, 0x06, 0x60, 0x33, 0x83, 0x9C, 0x1C, 0xE0, 0xE7, 0x8F, 0x1F, 0xF0, 0x7F, 0x00, 0x00, 0x18,
    0x00, 0xC0, 0x0F, 0xC1, 0xFE, 0x0E, 0x70, 0x73, 0x83, 0x9C, 0x1C, 0xE0, 0xE7, 0x07, 0x38, 0x39,
    0xC1, 0xCE, 0x0E, 0x78, 0xF1, 0xFF, 0x87, 0xDC, 0x00, 0xC0, 0x03, 0x80, 0x06, 0x00, 0x08, 0x00,
    0x7C, 0x00, 0xD8, 0x03, 0x18, 0x06, 0x30, 0x06, 0xC0, 0x0F, 0x80, 0x00, 0x00, 0x1C, 0x00, 0x7C,
    0x00, 0xF8, 0x01, 0xB0, 0x07, 0x70, 0x0E, 0xE0, 0x18, 0xC0, 0x71, 0xC0, 0xE3, 0x81, 0xC7, 0x07,
    0xFF, 0x0F, 0xFE, 0x1C, 0x1C, 0x30, 0x1C, 0xE0, 0x39, 0xC0, 0x73, 0x00, 0x60, 0x03, 0x80, 0x1C,
    0x01, 0xC0, 0x04, 0x00, 0xF0, 0x0E, 0xC0, 0x66, 0x03, 0x30, 0x1D, 0x80, 0x78, 0x00, 0x00, 0x3F,
    0x07, 0xFC, 0x38, 0x70, 0x83, 0x80, 0x0C, 0x1F, 0xE3, 0xFF, 0x1E, 0x19, 0xC0, 0xCE, 0x0E, 0x38,
    0xF1, 0xFF, 0xE7, 0xEF, 0x00, 0x0C, 0x00, 0x00, 0x38, 0x00, 0x01, 0xC0, 0x00, 0x06, 0x00, 0x00,
    0x38, 0x00, 0x00, 0x00, 0x00, 0x00, 0x00, 0x00, 0x1F, 0xFF, 0x00, 0x7F, 0xFC, 0x03, 0xF0, 0x00,
    0x1D, 0xC0, 0x00, 0x77, 0x00, 0x03, 0x9C, 0x00, 0x0E, 0x70, 0x00, 0x71, 0xFF, 0x81, 0xC7, 0xFE,
    0x0E, 0x1C, 0x00, 0x3F, 0xF0, 0x01, 0xFF, 0xC0, 0x07, 0x07, 0x00, 0x38, 0x1C, 0x00, 0xE0, 0x70,
    0x07, 0x01, 0xFF, 0xDC, 0x07, 0xFF, 0x00, 0x30, 0x00, 0x03, 0x80, 0x00, 0x70, 0x00, 0x07, 0x00,
    0x00, 0x60, 0x00, 0x04, 0x00, 0x00, 0x00, 0x01, 0xF9, 0xFC, 0x7F, 0xFF, 0xE7, 0x1F, 0x8E, 0x20,
    0xF0, 0x70, 0x0E, 0x07, 0x1F, 0xFF, 0xF7, 0xFF, 0xFF, 0x78, 0xE0, 0x0E, 0x0E, 0x00, 0xE0, 0xF0,
    0x6F, 0x1F, 0x8F, 0x7F, 0xBF, 0xE3, 0xF1, 0xFC, 0x01, 0x80, 0x1C, 0x00, 0xE0, 0x0E, 0x00, 0x70,
    0x00, 0x00, 0x00, 0x43, 0xFF, 0x3F, 0xF3, 0xC7, 0x9C, 0x3C, 0xC1, 0xEE, 0x1F, 0xF1, 0xDF, 0x8E,
    0xFC, 0xE7, 0xE6, 0x3F, 0x71, 0xFF, 0x0F, 0xF0, 0x67, 0x87, 0x3C, 0x79, 0xFF, 0x9F, 0xF8, 0xC0,
    0x00, 0x01, 0x00, 0x0C, 0x00, 0xE0, 0x06, 0x00, 0x70, 0x01, 0x00, 0x00, 0x63, 0xFF, 0x3F, 0xF3,
    0xC7, 0x9C, 0x3C, 0xC3, 0xEE, 0x3B, 0xF3, 0x9F, 0xB8, 0xEF, 0x86, 0x78, 0x73, 0xC7, 0x9F, 0xF9,
    0xFF, 0x8C, 0x00, 0x00, 0x1F, 0xC3, 0xFF, 0x9C, 0x1F, 0xC0, 0x6E, 0x00, 0x70, 0x01, 0xC0, 0x0F,
    0xF0, 0x1F, 0xE0, 0x1F, 0x80, 0x1E, 0x00, 0x70, 0x03, 0xF0, 0x1F, 0xC1, 0xCF, 0xFE, 0x3F, 0xC0,
    0x00, 0x01, 0xC0, 0x0E, 0x00, 0xE0, 0x07, 0x00, 0x38, 0x00, 0x1F, 0xC1, 0xFF, 0x9C, 0x1C, 0xE0,
    0x07, 0x00, 0x1F, 0x80, 0x7F, 0x80, 0x7E, 0x00, 0x33, 0x01, 0x9C, 0x1C, 0xFF, 0xE1, 0xFC, 0x00,
    0x00, 0x1C, 0x01, 0xE0, 0x0E, 0x00, 0x70, 0x03, 0x00, 0xFF, 0xFF, 0xFF, 0xFC, 0x0E, 0x00, 0x1C,
    0x00, 0x38, 0x00, 0x70, 0x00, 0xE0, 0x01, 0xC0, 0x03, 0x80, 0x07, 0x00, 0x0E, 0x00, 0x1C, 0x00,
    0x38, 0x00, 0x70, 0x00, 0xE0, 0x01, 0xC0, 0x03, 0x80, 0x00, 0x00, 0x0E, 0x00, 0x1C, 0x00, 0x70,
    0x00, 0xE0, 0x01, 0xC0, 0x00, 0x07, 0x00, 0x1C, 0x00, 0x70, 0x01, 0xC0, 0x7F, 0xFD, 0xFF, 0xE0,
    0x70, 0x01, 0xC0, 0x07, 0x00, 0x1C, 0x00, 0x70, 0x01, 0xC0, 0x07, 0x00, 0x1C, 0x00, 0x70, 0x00,
    0xFE, 0x01, 0xF8, 0x00, 0x00, 0x0E, 0x00, 0x78, 0x01, 0xC0, 0x07, 0x00, 0x18, 0x00, 0x47, 0x38,
    0xE3, 0x00, 0x11, 0xCE, 0xE6, 0x00, 0x1E, 0x0F, 0xC7, 0x39, 0x86, 0x00, 0x00, 0x7C, 0x9F, 0xE4,
    0xF8, 0xFF, 0xFF, 0x00, 0x18, 0x67, 0x38, 0xFC, 0x3F, 0x00, 0xFF, 0xF0, 0xF3, 0xBC, 0xFF, 0x3C,
    0x79, 0xF1, 0xC6, 0x30, 0x00, 0x7B, 0xFC, 0xF3, 0xFD, 0xE0, 0x11, 0x1D, 0xCC, 0xCE, 0xE6, 0x60,
    0x00, 0x00, 0x18, 0x67, 0x38, 0xFC, 0x1E, 0x00, 0x33, 0x77, 0xF0, 0xFF, 0xEC, 0x33, 0x3F, 0xE0,
    0xFF, 0xF0, 0xFE, 0xEC, 0xC0, 0x30, 0x60, 0xE1, 0xE6, 0xCF, 0x8C, 0x00, 0x19, 0xC6, 0x3A, 0xFD,
    0xE0, 0x18, 0x03, 0x80, 0x70, 0x07, 0x00, 0x60, 0x00, 0x00, 0x07, 0xFF, 0xFF, 0xFC, 0x03, 0x80,
    0x70, 0x0E, 0x01, 0xC0, 0x3F, 0xFF, 0xFF, 0xE0, 0x1C, 0x03, 0x80, 0x70, 0x0E, 0x01, 0xC0, 0x3F,
    0xFF, 0xFF, 0x71, 0xCE, 0x39, 0xC7, 0x00, 0x00, 0x01, 0xFF, 0xFF, 0xFF, 0x00, 0xE0, 0x1C, 0x03,
    0x80, 0x70, 0x0F, 0xFF, 0xFF, 0xF8, 0x07, 0x00, 0xE0, 0x1C, 0x03, 0x80, 0x70, 0x0F, 0xFF, 0xFF,
    0xC0, 0xFF, 0xE3, 0xFF, 0x80, 0xE0, 0x03, 0x80, 0x0E, 0x00, 0x38, 0x00, 0xFF, 0x03, 0xFE, 0x0F,
    0x3C, 0x38, 0x70, 0xE1, 0xC3, 0x87, 0x0E, 0x1C, 0x38, 0x70, 0xE1, 0xC3, 0x87, 0x0E, 0x1C, 0x00,
    0x70, 0x01, 0xC0, 0xFF, 0x03, 0xF8, 0x02, 0x00, 0xE0, 0x1C, 0x07, 0x00, 0xC0, 0x00, 0x00, 0x07,
    0xFE, 0xFF, 0xDC, 0x03, 0x80, 0x70, 0x0E, 0x01, 0xC0, 0x38, 0x07, 0x00, 0xE0, 0x1C, 0x03, 0x80,
    0x70, 0x0E, 0x01, 0xC0, 0x38, 0x07, 0x00, 0x0F, 0xC1, 0xFF, 0x8E, 0x1C, 0xE0, 0x77, 0x00, 0x30,
    0x03, 0x80, 0x1F, 0xF0, 0xFF, 0x87, 0x00, 0x38, 0x00, 0xC0, 0x07, 0x03, 0x38, 0x1C, 0xE1, 0xC7,
    0xFC, 0x0F, 0xC0, 0x1F, 0xC3, 0xFF, 0x9C, 0x1F, 0xC0, 0x6E, 0x00, 0x70, 0x01, 0xC0, 0x0F, 0xF0,
    0x1F, 0xE0, 0x1F, 0x80, 0x1E, 0x00, 0x70, 0x03, 0xF0, 0x1F, 0xC1, 0xCF, 0xFE, 0x3F, 0xC0, 0xFF,
    0xFF, 0xFC, 0x38, 0x07, 0x00, 0xE0, 0x1C, 0x03, 0x80, 0x70, 0x0E, 0x01, 0xC0, 0x38, 0x07, 0x00,
    0xE0, 0x1C, 0x03, 0x87, 0xFF, 0xFF, 0xE0, 0x71, 0xCE, 0x39, 0xC7, 0x00, 0x00, 0x01, 0xFF, 0xFF,
    0xF8, 0x70, 0x0E, 0x01, 0xC0, 0x38, 0x07, 0x00, 0xE0, 0x1C, 0x03, 0x80, 0x70, 0x0E, 0x01, 0xC0,
    0x38, 0x07, 0x0F, 0xFF, 0xFF, 0xC0, 0x3F, 0xE7, 0xFC, 0x01, 0x80, 0x30, 0x06, 0x00, 0xC0, 0x18,
    0x03, 0x00, 0x60, 0x0C, 0x01, 0x80, 0x30, 0x0E, 0xC1, 0xDC, 0x79, 0xFE, 0x1F, 0x80, 0x0F, 0xFE,
    0x00, 0x07, 0xFF, 0x00, 0x03, 0x83, 0x80, 0x01, 0xC1, 0xC0, 0x00, 0xE0, 0xE0, 0x00, 0x70, 0x70,
    0x00, 0x38, 0x38, 0x00, 0x1C, 0x1F, 0xFC, 0x0C, 0x0F, 0xFF, 0x06, 0x07, 0x03, 0x83, 0x03, 0x80,
    0xC3, 0x81, 0xC0, 0x71, 0xC0, 0xE0, 0x38, 0xE0, 0x70, 0x18, 0xE0, 0x38, 0x1D, 0xF0, 0x1F, 0xFE,
    0xF0, 0x0F, 0xFE, 0x00, 0x60, 0x1C, 0x00, 0x60, 0x1C, 0x00, 0x60, 0x1C, 0x00, 0x60, 0x1C, 0x00,
    0x60, 0x1C, 0x00, 0x60, 0x1C, 0x00, 0x60, 0x1C, 0x00, 0x7F, 0xFF, 0xFC, 0x7F, 0xFF, 0xFE, 0x60,
    0x1C, 0x0E, 0x60, 0x1C, 0x07, 0x60, 0x1C, 0x07, 0x60, 0x1C, 0x07, 0x60, 0x1C, 0x07, 0x60, 0x1C,
    0x0E, 0x60, 0x1F, 0xFE, 0x60, 0x1F, 0xFC, 0xFF, 0xE3, 0xFF, 0x80, 0xE0, 0x03, 0x80, 0x0E, 0x00,
    0x38, 0x00, 0xFF, 0x03, 0xFE, 0x0F, 0x3C, 0x38, 0x70, 0xE1, 0xC3, 0x87, 0x0E, 0x1C, 0x38, 0x70,
    0xE1, 0xC3, 0x87, 0x0E, 0x1C, 0x02, 0x00, 0x70, 0x07, 0x00, 0xE0, 0x0C, 0x00, 0x00, 0x00, 0x0C,
    0x0E, 0xC0, 0xEC, 0x1C, 0xC1, 0xCC, 0x38, 0xC3, 0x8C, 0x70, 0xFF, 0x0F, 0xE0, 0xC7, 0x0C, 0x70,
    0xC3, 0x8C, 0x38, 0xC1, 0xCC, 0x1C, 0xC0, 0xFC, 0x0F, 0x18, 0x03, 0x80, 0x70, 0x07, 0x00, 0xE0,
    0x00, 0x00, 0x06, 0x07, 0xC0, 0xF8, 0x3F, 0x07, 0xE1, 0xFC, 0x3F, 0x8E, 0xF1, 0x9E, 0x73, 0xCC,
    0x7B, 0x8F, 0x61, 0xFC, 0x3F, 0x07, 0xE0, 0xF8, 0x1F, 0x03, 0x10, 0x40, 0xE3, 0x81, 0x8C, 0x07,
    0xF0, 0x0F, 0x80, 0x00, 0x00, 0x00, 0x38, 0x0E, 0xE0, 0x39, 0xC0, 0xC7, 0x07, 0x0E, 0x1C, 0x38,
    0xE0, 0x73, 0x81, 0xCE, 0x03, 0x70, 0x0F, 0xC0, 0x3E, 0x00, 0x78, 0x01, 0xE0, 0x07, 0x00, 0x1C,
    0x03, 0xE0, 0x0F, 0x80, 0xE0, 0xFC, 0x1F, 0x83, 0xF0, 0x7E, 0x0F, 0xC1, 0xF8, 0x3F, 0x07, 0xE0,
    0xFC, 0x1F, 0x83, 0xF0, 0x7E, 0x0F, 0xC1, 0xF8, 0x3F, 0xFF, 0xFF, 0xE1, 0xC0, 0x38, 0x07, 0x00,
    0xE0, 0x03, 0x80, 0x0F, 0x80, 0x1F, 0x00, 0x36, 0x00, 0xEE, 0x01, 0xDC, 0x03, 0x18, 0x0E, 0x38,
    0x1C, 0x70, 0x38, 0xE0, 0xFF, 0xE1, 0xFF, 0xC3, 0x83, 0x86, 0x03, 0x9C, 0x07, 0x38, 0x0E, 0x60,
    0x0C, 0xFF, 0xCF, 0xFC, 0xE0, 0x0E, 0x00, 0xE0, 0x0E, 0x00, 0xE0, 0x0F, 0xFC, 0xFF, 0xEE, 0x0E,
    0xE0, 0x7E, 0x07, 0xE0, 0x7E, 0x07, 0xE0, 0xEF, 0xFE, 0xFF, 0xC0, 0xFF, 0x8F, 0xFC, 0xE0, 0xEE,
    0x0E, 0xE0, 0xEE, 0x0E, 0xE0, 0xEF, 0xFC, 0xFF, 0xCE, 0x1E, 0xE0, 0x7E, 0x07, 0xE0, 0x7E, 0x07,
    0xE0, 0xEF, 0xFE, 0xFF, 0xC0, 0xFF, 0xDF, 0xFB, 0x80, 0x70, 0x0E, 0x01, 0xC0, 0x38, 0x07, 0x00,
    0xE0, 0x1C, 0x03, 0x80, 0x70, 0x0E, 0x01, 0xC0, 0x38, 0x07, 0x00, 0xE0, 0x00, 0x0F, 0xFF, 0x03,
    0xFF, 0xC0, 0xE0, 0x70, 0x38, 0x1C, 0x0E, 0x07, 0x03, 0x81, 0xC0, 0xE0, 0x70, 0x38, 0x1C, 0x0E,
    0x07, 0x03, 0x81, 0xC0, 0xE0, 0x70, 0x38, 0x1C, 0x1C, 0x07, 0x07, 0x01, 0xC1, 0xC0, 0x73, 0xFF,
    0xFF, 0xFF, 0xFF, 0xF8, 0x00, 0x7E, 0x00, 0x1F, 0x80, 0x07, 0xE0, 0x01, 0xD8, 0x00, 0x30, 0xFF,
    0xFF, 0xFF, 0x80, 0x70, 0x0E, 0x01, 0xC0, 0x38, 0x07, 0xFF, 0xFF, 0xFC, 0x03, 0x80, 0x70, 0x0E,
    0x01, 0xC0, 0x38, 0x07, 0xFF, 0xFF, 0xE0, 0xF0, 0x38, 0x1D, 0xF0, 0x70, 0x78, 0xE0, 0xE1, 0xC0,
    0xE1, 0xC3, 0x81, 0xC3, 0x8E, 0x01, 0xC7, 0x1C, 0x03, 0x8E, 0x70, 0x03, 0xFF, 0xE0, 0x07, 0xFF,
    0xC0, 0x1C, 0x73, 0x80, 0x38, 0xE3, 0x80, 0xE1, 0xC7, 0x01, 0xC3, 0x87, 0x07, 0x07, 0x0E, 0x0E,
    0x0E, 0x0E, 0x78, 0x1C, 0x1F, 0xE0, 0x38, 0x1E, 0x3F, 0xC3, 0xFF, 0x1C, 0x3C, 0x40, 0xE0, 0x07,
    0x00, 0x38, 0x07, 0x83, 0xF8, 0x1F, 0xE0, 0x07, 0x80, 0x1C, 0x00, 0xE0, 0x07, 0x70, 0x3B, 0xC3,
    0xCF, 0xFC, 0x3F, 0xC0, 0xC0, 0xF8, 0x1F, 0x07, 0xE0, 0xFC, 0x3F, 0x87, 0xF1, 0xDE, 0x33, 0xCE,
    0x79, 0x8F, 0x71, 0xEC, 0x3F, 0x87, 0xE0, 0xFC, 0x1F, 0x03, 0xE0, 0x60, 0x20, 0x8E, 0x38, 0xC6,
    0x1F, 0xC1, 0xF0, 0x00, 0x00, 0x06, 0x07, 0xC0, 0xF8, 0x3F, 0x07, 0xE1, 0xFC, 0x3F, 0x8E, 0xF1,
    0x9E, 0x73, 0xCC, 0x7B, 0x8F, 0x61, 0xFC, 0x3F, 0x07, 0xE0, 0xF8, 0x1F, 0x03, 0xC0, 0xEC, 0x0E,
    0xC1, 0xCC, 0x1C, 0xC3, 0x8C, 0x38, 0xC7, 0x0F, 0xF0, 0xFE, 0x0C, 0x70, 0xC7, 0x0C, 0x38, 0xC3,
    0x8C, 0x1C, 0xC1, 0xCC, 0x0F, 0xC0, 0xF0, 0x0F, 0xF8, 0x3F, 0xE0, 0xC1, 0x83, 0x06, 0x0C, 0x18,
    0x30, 0x60, 0xC1, 0x83, 0x06, 0x1C, 0x18, 0x70, 0x61, 0xC1, 0x87, 0x06, 0x1C, 0x18, 0x60, 0x63,
    0x81, 0xBC, 0x06, 0xF0, 0x18, 0x78, 0x03, 0xDE, 0x01, 0xF7, 0xC0, 0x7D, 0xB0, 0x3F, 0x6E, 0x1D,
    0xD9, 0xC7, 0x76, 0x73, 0x9D, 0x8E, 0xE7, 0x63, 0xF1, 0xD8, 0x7C, 0x76, 0x1E, 0x1D, 0x83, 0x87,
    0x60, 0x41, 0xD8, 0x00, 0x76, 0x00, 0x1D, 0x80, 0x07, 0x60, 0x01, 0xC0, 0xC0, 0x78, 0x0F, 0x01,
    0xE0, 0x3C, 0x07, 0x80, 0xF0, 0x1F, 0xFF, 0xFF, 0xF8, 0x0F, 0x01, 0xE0, 0x3C, 0x07, 0x80, 0xF0,
    0x1E, 0x03, 0xC0, 0x60, 0x1F, 0xC1, 0xFF, 0x1E, 0x3C, 0xE0, 0xE6, 0x03, 0x70, 0x1F, 0x80, 0xFC,
    0x07, 0xE0, 0x3F, 0x01, 0xF8, 0x0F, 0xC0, 0x76, 0x03, 0x38, 0x39, 0xE3, 0xC7, 0xFC, 0x1F, 0xC0,
    0xFF, 0xFF, 0xFF, 0x83, 0xF0, 0x7E, 0x0F, 0xC1, 0xF8, 0x3F, 0x07, 0xE0, 0xFC, 0x1F, 0x83, 0xF0,
    0x7E, 0x0F, 0xC1, 0xF8, 0x3F, 0x07, 0xE0, 0xE0, 0xFF, 0xCF, 0xFE, 0xE0, 0xEE, 0x07, 0xE0, 0x7E,
    0x07, 0xE0, 0x7E, 0x1E, 0xFF, 0xEF, 0xF8, 0xE0, 0x0E, 0x00, 0xE0, 0x0E, 0x00, 0xE0, 0x0E, 0x00,
    0xE0, 0x00, 0x0F, 0xC1, 0xFF, 0x0E, 0x1C, 0xE0, 0x77, 0x02, 0x30, 0x03, 0x80, 0x1C, 0x00, 0xE0,
    0x07, 0x00, 0x38, 0x00, 0xC0, 0x07, 0x00, 0x38, 0x1C, 0xE1, 0xC7, 0xFC, 0x0F, 0xC0, 0xFF, 0xFF,
    0xFF, 0xFC, 0x0E, 0x00, 0x1C, 0x00, 0x38, 0x00, 0x70, 0x00, 0xE0, 0x01, 0xC0, 0x03, 0x80, 0x07,
    0x00, 0x0E, 0x00, 0x1C, 0x00, 0x38, 0x00, 0x70, 0x00, 0xE0, 0x01, 0xC0, 0x03, 0x80, 0xE0, 0x3B,
    0x80, 0xE7, 0x03, 0x1C, 0x1C, 0x38, 0x70, 0xE3, 0x81, 0xCE, 0x07, 0x38, 0x0D, 0xC0, 0x3F, 0x00,
    0xF8, 0x01, 0xE0, 0x07, 0x80, 0x1C, 0x00, 0x70, 0x0F, 0x80, 0x3E, 0x00, 0x00, 0x70, 0x00, 0x07,
    0x00, 0x00, 0x70, 0x00, 0x7F, 0xF0, 0x1F, 0xFF, 0x83, 0xC7, 0x3C, 0x78, 0x70, 0xE7, 0x07, 0x0E,
    0x70, 0x70, 0x77, 0x07, 0x07, 0x70, 0x70, 0x77, 0x07, 0x07, 0x70, 0x70, 0x67, 0x87, 0x0E, 0x3C,
    0x73, 0xC1, 0xFF, 0xF8, 0x07, 0xFF, 0x00, 0x07, 0x00, 0x00, 0x70, 0x00, 0x70, 0x1C, 0x70, 0x38,
    0xE0, 0xE0, 0xE3, 0x81, 0xE7, 0x01, 0xDC, 0x01, 0xF0, 0x03, 0xE0, 0x03, 0x80, 0x0F, 0x80, 0x1F,
    0x80, 0x77, 0x01, 0xC7, 0x03, 0x8F, 0x0E, 0x0E, 0x38, 0x0E, 0x70, 0x1C, 0xC0, 0xE6, 0x07, 0x30,
    0x39, 0x81, 0xCC, 0x0E, 0x60, 0x73, 0x03, 0x98, 0x1C, 0xC0, 0xE6, 0x07, 0x30, 0x39, 0x81, 0xCC,
    0x0E, 0x60, 0x73, 0x03, 0x9F, 0xFF, 0xFF, 0xF8, 0x01, 0xC0, 0x0E, 0x00, 0x70, 0x03, 0x80, 0x08,
    0xE0, 0x7E, 0x07, 0xE0, 0x7E, 0x07, 0xE0, 0x7E, 0x07, 0xE0, 0x7E, 0x07, 0x78, 0xF3, 0xFF, 0x1F,
    0xF0, 0x07, 0x00, 0x70, 0x07, 0x00, 0x70, 0x07, 0x00, 0x70, 0xE0, 0x70, 0x7E, 0x07, 0x07, 0xE0,
    0x70, 0x7E, 0x07, 0x07, 0xE0, 0x70, 0x7E, 0x07, 0x07, 0xE0, 0x70, 0x7E, 0x07, 0x07, 0xE0, 0x70,
    0x7E, 0x07, 0x07, 0xE0, 0x70, 0x7E, 0x07, 0x07, 0xE0, 0x70, 0x7E, 0x07, 0x07, 0xE0, 0x70, 0x7F,
    0xFF, 0xFF, 0xFF, 0xFF, 0xF0, 0xE0, 0x70, 0x31, 0xC0, 0xE0, 0x63, 0x81, 0xC0, 0xC7, 0x03, 0x81,
    0x8E, 0x07, 0x03, 0x1C, 0x0E, 0x06, 0x38, 0x1C, 0x0C, 0x70, 0x38, 0x18, 0xE0, 0x70, 0x31, 0xC0,
    0xE0, 0x63, 0x81, 0xC0, 0xC7, 0x03, 0x81, 0x8E, 0x07, 0x03, 0x1C, 0x0E, 0x06, 0x38, 0x1C, 0x0C,
    0x7F, 0xFF, 0xFF, 0xFF, 0xFF, 0xFE, 0x00, 0x00, 0x1C, 0x00, 0x00, 0x38, 0x00, 0x00, 0x70, 0x00,
    0x00, 0xE0, 0xFE, 0x01, 0xFC, 0x00, 0x38, 0x00, 0x70, 0x00, 0xE0, 0x01, 0xC0, 0x03, 0x80, 0x07,
    0xFC, 0x0F, 0xFC, 0x1C, 0x38, 0x38, 0x38, 0x70, 0x70, 0xE0, 0xE1, 0xC1, 0xC3, 0x87, 0x07, 0xFE,
    0x0F, 0xF8, 0xE0, 0x01, 0xF8, 0x00, 0x7E, 0x00, 0x1F, 0x80, 0x07, 0xE0, 0x01, 0xF8, 0x00, 0x7E,
    0x00, 0x1F, 0xFF, 0x87, 0xFF, 0xF1, 0xF8, 0x1E, 0x7E, 0x03, 0x9F, 0x80, 0xE7, 0xE0, 0x39, 0xF8,
    0x0E, 0x7E, 0x07, 0x9F, 0xFF, 0xC7, 0xFF, 0xE1, 0xC0, 0xE0, 0x0E, 0x00, 0xE0, 0x0E, 0x00, 0xE0,
    0x0E, 0x00, 0xE0, 0x0F, 0xFC, 0xFF, 0xEE, 0x0E, 0xE0, 0x7E, 0x07, 0xE0, 0x7E, 0x07, 0xE0, 0xEF,
    0xFE, 0xFF, 0xC0, 0x1F, 0x83, 0xFF, 0x1C, 0x39, 0xC0, 0xE0, 0x07, 0x00, 0x18, 0x00, 0xE1, 0xFF,
    0x0F, 0xF8, 0x01, 0xC0, 0x0E, 0x00, 0x66, 0x07, 0x70, 0x39, 0xC3, 0x87, 0xFC, 0x1F, 0x80, 0x60,
    0x3F, 0x83, 0x07, 0xFE, 0x18, 0x78, 0x78, 0xC3, 0x81, 0xE6, 0x38, 0x07, 0x31, 0xC0, 0x39, 0x8E,
    0x01, 0xCF, 0xF0, 0x0E, 0x7F, 0x80, 0x73, 0x1C, 0x03, 0x98, 0xE0, 0x1C, 0xC7, 0x00, 0xE6, 0x18,
    0x07, 0x30, 0xE0, 0x79, 0x83, 0x87, 0x8C, 0x1F, 0xF8, 0x60, 0x3F, 0x80, 0x0F, 0xF8, 0xFF, 0xCE,
    0x0E, 0x70, 0x77, 0x03, 0x98, 0x1C, 0xE0, 0xE7, 0x87, 0x1F, 0xF8, 0x3F, 0xC1, 0xCE, 0x1C, 0x70,
    0xE3, 0x8E, 0x1C, 0x70, 0xEF, 0x07, 0x70, 0x38, 0x1F, 0x83, 0xFE, 0x1C, 0x38, 0x41, 0xC0, 0x06,
    0x0F, 0xF1, 0xFF, 0x8F, 0x0C, 0xE0, 0x67, 0x07, 0x1C, 0x78, 0xFF, 0xF3, 0xF7, 0x80, 0x07, 0xF0,
    0xFF, 0x8F, 0x00, 0x70, 0x07, 0x00, 0x38, 0x01, 0xBF, 0x0F, 0xFC, 0xF8, 0xF7, 0x83, 0xB8, 0x0D,
    0xC0, 0x7E, 0x03, 0xB0, 0x1D, 0x80, 0xCE, 0x0E, 0x38, 0xF1, 0xFF, 0x07, 0xF0, 0xFF, 0xCF, 0xFE,
    0xE0, 0xEE, 0x0E, 0xE0, 0xEF, 0xFC, 0xFF, 0xCE, 0x0E, 0xE0, 0x6E, 0x06, 0xE0, 0xEF, 0xFE, 0xFF,
    0xC0, 0xFF, 0xFF, 0xFE, 0x03, 0x80, 0xE0, 0x38, 0x0E, 0x03, 0x80, 0xE0, 0x38, 0x0E, 0x03, 0x80,
    0xE0, 0x00, 0x1F, 0xF0, 0x3F, 0xE0, 0x70, 0xC0, 0xE1, 0x81, 0xC3, 0x03, 0x86, 0x07, 0x0C, 0x0E,
    0x18, 0x1C, 0x30, 0x70, 0x60, 0xE0, 0xC7, 0xFF, 0xEF, 0xFF, 0xFC, 0x01, 0xF8, 0x03, 0xF0, 0x07,
    0xC0, 0x0C, 0x1F, 0xC1, 0xFF, 0x1E, 0x3C, 0xE0, 0xE6, 0x03, 0xFF, 0xFF, 0xFF, 0xFC, 0x00, 0x60,
    0x03, 0x81, 0x9E, 0x1C, 0x7F, 0xC1, 0xFC, 0x00, 0xF0, 0xE1, 0xFE, 0x38, 0xF3, 0x8E, 0x70, 0x73,
    0x9C, 0x1C, 0xE6, 0x03, 0xFF, 0x80, 0xFF, 0xE0, 0x73, 0xB8, 0x1C, 0xE7, 0x0E, 0x39, 0xC3, 0x8E,
    0x33, 0xC3, 0x8F, 0xF0, 0xE1, 0xC0, 0x1F, 0xC7, 0xFE, 0x70, 0xE2, 0x07, 0x00, 0xE1, 0xFE, 0x1F,
    0xE0, 0x0E, 0x00, 0x76, 0x07, 0xF0, 0xF7, 0xFE, 0x3F, 0xC0, 0xE0, 0xFC, 0x3F, 0x87, 0xF1, 0xFE,
    0x7F, 0xCF, 0xFB, 0xBF, 0xE7, 0xFC, 0xFF, 0x1F, 0xC3, 0xF8, 0x7E, 0x0E, 0x21, 0x8E, 0x39, 0xC6,
    0x1F, 0xC1, 0xF0, 0x00, 0x00, 0x07, 0x07, 0xE1, 0xFC, 0x3F, 0x8F, 0xF3, 0xFE, 0x7F, 0xDD, 0xFF,
    0x3F, 0xE7, 0xF8, 0xFE, 0x1F, 0xC3, 0xF0, 0x70, 0xE0, 0xEE, 0x1C, 0xE1, 0xCE, 0x38, 0xE3, 0x0F,
    0xF0, 0xFF, 0x0E, 0x70, 0xE3, 0x8E, 0x38, 0xE1, 0xCE, 0x0F, 0xE0, 0xF0, 0x1F, 0xF8, 0xFF, 0xC7,
    0x0E, 0x38, 0x71, 0xC3, 0x8E, 0x1C, 0x70, 0xE3, 0x87, 0x1C, 0x38, 0xE1, 0xCE, 0x0F, 0xF0, 0x7F,
    0x03, 0x80, 0xF0, 0x7F, 0xC3, 0xFE, 0x3F, 0xF9, 0xFF, 0xDF, 0xF6, 0xDF, 0xBE, 0xFC, 0xE7, 0xE7,
    0x3F, 0x11, 0xF8, 0x8F, 0xC0, 0x7E, 0x03, 0x80, 0xE0, 0xFC, 0x1F, 0x83, 0xF0, 0x7E, 0x0F, 0xFF,
    0xFF, 0xFF, 0x07, 0xE0, 0xFC, 0x1F, 0x83, 0xF0, 0x7E, 0x0E, 0x1F, 0xC1, 0xFF, 0x1E, 0x3C, 0xE0,
    0xE6, 0x03, 0x70, 0x1F, 0x80, 0xFC, 0x07, 0x60, 0x33, 0x83, 0x9E, 0x3C, 0x7F, 0xC1, 0xFC, 0x00,
    0xFF, 0xFF, 0xFF, 0x83, 0xF0, 0x7E, 0x0F, 0xC1, 0xF8, 0x3F, 0x07, 0xE0, 0xFC, 0x1F, 0x83, 0xF0,
    0x7E, 0x0E, 0xEF, 0x8F, 0xFC, 0xF1, 0xEE, 0x0E, 0xE0, 0x7E, 0x07, 0xE0, 0x7E, 0x07, 0xE0, 0x7E,
    0x0E, 0xF1, 0xEF, 0xFC, 0xEF, 0x8E, 0x00, 0xE0, 0x0E, 0x00, 0xE0, 0x0E, 0x00, 0x1F, 0x8F, 0xF9,
    0xC3, 0xF0, 0x2E, 0x01, 0xC0, 0x38, 0x07, 0x00, 0xE0, 0x1C, 0x0D, 0xC3, 0xBF, 0xE1, 0xF8, 0xFF,
    0xFF, 0xFF, 0xC1, 0xC0, 0x0E, 0x00, 0x70, 0x03, 0x80, 0x1C, 0x00, 0xE0, 0x07, 0x00, 0x38, 0x01,
    0xC0, 0x0E, 0x00, 0x70, 0x00, 0xE0, 0x3B, 0x01, 0x9C, 0x1C, 0xE0, 0xE3, 0x86, 0x1C, 0x70, 0x63,
    0x03, 0xB8, 0x1D, 0xC0, 0x7C, 0x03, 0xE0, 0x0E, 0x00, 0x70, 0x03, 0x80, 0x38, 0x01, 0xC0, 0x7C,
    0x03, 0xE0, 0x00, 0x01, 0xC0, 0x00, 0xE0, 0x00, 0x70, 0x00, 0x38, 0x03, 0xFF, 0xE3, 0xFF, 0xFB,
    0xC7, 0x1D, 0xC3, 0x86, 0xE1, 0xC3, 0xF0, 0xE1, 0xF8, 0x70, 0xFC, 0x38, 0x7E, 0x1C, 0x3F, 0x0E,
    0x1B, 0xC7, 0x1C, 0xFF, 0xFE, 0x3F, 0xFE, 0x00, 0xE0, 0x00, 0x70, 0x00, 0x38, 0x00, 0x1C, 0x00,
    0x0E, 0x00, 0x70, 0x73, 0xC3, 0x8E, 0x38, 0x3B, 0x81, 0xFC, 0x07, 0xC0, 0x1C, 0x01, 0xF0, 0x1F,
    0xC0, 0xEE, 0x0E, 0x38, 0xE0, 0xEF, 0x07, 0x80, 0xC0, 0xE6, 0x07, 0x30, 0x39, 0x81, 0xCC, 0x0E,
    0x60, 0x73, 0x03, 0x98, 0x1C, 0xC0, 0xE6, 0x07, 0x30, 0x39, 0xFF, 0xFF, 0xFF, 0x80, 0x1C, 0x00,
    0xE0, 0x07, 0x00, 0x30, 0xC0, 0xF8, 0x1F, 0x03, 0xE0, 0x7C, 0x0F, 0xC1, 0xFC, 0xFF, 0xFF, 0x3E,
    0xE0, 0x1C, 0x03, 0x80, 0x70, 0x0E, 0xE1, 0xC3, 0x70, 0xE1, 0xB8, 0x70, 0xDC, 0x38, 0x6E, 0x1C,
    0x37, 0x0E, 0x1B, 0x87, 0x0D, 0xC3, 0x86, 0xE1, 0xC3, 0x70, 0xE1, 0xB8, 0x70, 0xDF, 0xFF, 0xEF,
    0xFF, 0xF0, 0xE1, 0xC3, 0x1C, 0x38, 0x63, 0x87, 0x0C, 0x70, 0xE1, 0x8E, 0x1C, 0x31, 0xC3, 0x86,
    0x38, 0x70, 0xC7, 0x0E, 0x18, 0xE1, 0xC3, 0x1C, 0x38, 0x63, 0x87, 0x0C, 0x7F, 0xFF, 0xFF, 0xFF,
    0xFE, 0x00, 0x01, 0xC0, 0x00, 0x38, 0x00, 0x07, 0x00, 0x00, 0xC0, 0xFC, 0x03, 0xF0, 0x00, 0xC0,
    0x03, 0x00, 0x0C, 0x00, 0x3F, 0xE0, 0xFF, 0xC3, 0x07, 0x0C, 0x1C, 0x30, 0x70, 0xC1, 0xC3, 0xFF,
    0x0F, 0xF8, 0xE0, 0x03, 0xE0, 0x03, 0xE0, 0x03, 0xE0, 0x03, 0xE0, 0x03, 0xFF, 0xC3, 0xFF, 0xE3,
    0xE0, 0xE3, 0xE0, 0xE3, 0xE0, 0xE3, 0xE0, 0xE3, 0xFF, 0xE3, 0xFF, 0xC3, 0xE0, 0x0E, 0x00, 0xE0,
    0x0E, 0x00, 0xE0, 0x0F, 0xFC, 0xFF, 0xEE, 0x0E, 0xE0, 0x6E, 0x06, 0xE0, 0xEF, 0xFE, 0xFF, 0xC0,
    0x3F, 0x0F, 0xFB, 0x87, 0x20, 0x70, 0x0E, 0x3F, 0xC7, 0xF8, 0x07, 0x00, 0xF8, 0x1F, 0x87, 0x3F,
    0xE3, 0xF0, 0xE0, 0xFE, 0x38, 0x7F, 0xCE, 0x3C, 0x7B, 0x8E, 0x06, 0xE3, 0x81, 0xFF, 0xC0, 0x7F,
    0xF0, 0x1F, 0x8C, 0x07, 0xE3, 0x81, 0xF8, 0xE0, 0x6E, 0x1C, 0x3B, 0x87, 0xFC, 0xE0, 0xFE, 0x00,
    0x1F, 0xF3, 0xFF, 0x70, 0x77, 0x07, 0x70, 0x77, 0x07, 0x3F, 0xF1, 0xFF, 0x1C, 0x71, 0xC7, 0x38,
    0x7F, 0x87, 0xF0, 0x70, 0x04, 0x00, 0x60, 0x03, 0x80, 0x0C, 0x00, 0x70, 0x01, 0x00, 0x00, 0x03,
    0xF8, 0x3F, 0xE3, 0xC7, 0x9C, 0x1C, 0xC0, 0x7F, 0xFF, 0xFF, 0xFF, 0x80, 0x0C, 0x00, 0x70, 0x33,
    0xC3, 0x8F, 0xF8, 0x3F, 0x80, 0x38, 0xE1, 0xC7, 0x0E, 0x38, 0x00, 0x00, 0x00, 0x0F, 0xE0, 0xFF,
    0x8F, 0x1E, 0x70, 0x73, 0x01, 0xFF, 0xFF, 0xFF, 0xFE, 0x00, 0x30, 0x01, 0xC0, 0xCF, 0x0E, 0x3F,
    0xE0, 0xFE, 0x00, 0x38, 0x03, 0xFC, 0x3F, 0xE0, 0x70, 0x03, 0x80, 0x1D, 0xF0, 0xFF, 0xC7, 0x8F,
    0x38, 0x39, 0xC1, 0xCE, 0x0E, 0x70, 0x73, 0x83, 0x9C, 0x1C, 0xE0, 0xE7, 0x07, 0x38, 0x39, 0xC1,
    0xC0, 0x0E, 0x00, 0x70, 0x03, 0x87, 0xFC, 0x3F, 0xC0, 0x02, 0x01, 0xC0, 0x70, 0x38, 0x0C, 0x00,
    0x00, 0x03, 0xFF, 0xFF, 0xF8, 0x0E, 0x03, 0x80, 0xE0, 0x38, 0x0E, 0x03, 0x80, 0xE0, 0x38, 0x0E,
    0x03, 0x80, 0x1F, 0x8F, 0xF9, 0xC3, 0xF0, 0x2E, 0x01, 0xFE, 0x3F, 0xC7, 0x00, 0xE0, 0x1C, 0x0D,
    0xC3, 0xBF, 0xE1, 0xF8, 0x1F, 0xC1, 0xFF, 0x9C, 0x1C, 0xE0, 0x07, 0x00, 0x1F, 0x80, 0x7F, 0x80,
    0x7E, 0x00, 0x33, 0x01, 0x9C, 0x1C, 0xFF, 0xE1, 0xFC, 0x00, 0x0F, 0x00, 0xF0, 0x0E, 0x00, 0x00,
    0x00, 0x0F, 0xE0, 0xFE, 0x00, 0x60, 0x06, 0x00, 0x60, 0x06, 0x00, 0x60, 0x06, 0x00, 0x60, 0x06,
    0x00, 0x60, 0xFF, 0xFF, 0xFF, 0x39, 0xE3, 0x9E, 0x39, 0xE0, 0x00, 0x00, 0x0F, 0xF0, 0xFF, 0x00,
    0x70, 0x07, 0x00, 0x70, 0x07, 0x00, 0x70, 0x07, 0x00, 0x70, 0x07, 0x00, 0x70, 0xFF, 0xFF, 0xFF,
    0x03, 0x80, 0xF0, 0x3C, 0x00, 0x00, 0x3F, 0xEF, 0xF8, 0x0E, 0x03, 0x80, 0xE0, 0x38, 0x0E, 0x03,
    0x80, 0xE0, 0x38, 0x0E, 0x03, 0x80, 0xE0, 0x38, 0x0E, 0x03, 0xBF, 0xCF, 0xE0, 0x1F, 0xF0, 0x01,
    0xFF, 0x00, 0x1C, 0x30, 0x01, 0xC3, 0x00, 0x1C, 0x30, 0x01, 0xC3, 0xFC, 0x1C, 0x3F, 0xE1, 0xC3,
    0x07, 0x1C, 0x30, 0x71, 0xC3, 0x07, 0x38, 0x30, 0x7F, 0x83, 0xFE, 0xF0, 0x3F, 0xC0, 0xE0, 0xE0,
    0x1C, 0x1C, 0x03, 0x83, 0x80, 0x70, 0x70, 0x0E, 0x0E, 0x01, 0xFF, 0xFF, 0x3F, 0xFF, 0xF7, 0x07,
    0x0E, 0xE0, 0xE0, 0xDC, 0x1C, 0x1B, 0x83, 0x87, 0x70, 0x7F, 0xEE, 0x0F, 0xF8, 0x38, 0x03, 0xFC,
    0x3F, 0xE0, 0x70, 0x03, 0x80, 0x1D, 0xF0, 0xFF, 0xC7, 0x8F, 0x38, 0x39, 0xC1, 0xCE, 0x0E, 0x70,
    0x73, 0x83, 0x9C, 0x1C, 0xE0, 0xE7, 0x07, 0x38, 0x39, 0xC1, 0xC0, 0x02, 0x00, 0x30, 0x07, 0x00,
    0x60, 0x0E, 0x00, 0x40, 0x00, 0x0E, 0x0E, 0xE1, 0xCE, 0x1C, 0xE3, 0x8E, 0x30, 0xFF, 0x0F, 0xF0,
    0xE7, 0x0E, 0x38, 0xE3, 0x8E, 0x1C, 0xE0, 0xFE, 0x0F, 0x08, 0x07, 0x00, 0x70, 0x06, 0x00, 0xE0,
    0x08, 0x00, 0x07, 0x07, 0xE1, 0xFC, 0x3F, 0x8F, 0xF3, 0xFE, 0x7F, 0xDD, 0xFF, 0x3F, 0xE7, 0xF8,
    0xFE, 0x1F, 0xC3, 0xF0, 0x70, 0x10, 0x41, 0xC7, 0x06, 0x30, 0x3F, 0x80, 0xF8, 0x00, 0x00, 0x00,
    0x1C, 0x07, 0x60, 0x33, 0x83, 0x9C, 0x1C, 0x70, 0xC3, 0x8E, 0x0C, 0x60, 0x77, 0x03, 0xB8, 0x0F,
    0x80, 0x7C, 0x01, 0xC0, 0x0E, 0x00, 0x70, 0x07, 0x00, 0x38, 0x0F, 0x80, 0x7C, 0x00, 0xE0, 0xFC,
    0x1F, 0x83, 0xF0, 0x7E, 0x0F, 0xC1, 0xF8, 0x3F, 0x07, 0xE0, 0xFC, 0x1F, 0x83, 0xFF, 0xFF, 0xFE,
    0x1C, 0x03, 0x80, 0x70, 0x0E, 0x00, 0x1F, 0xC1, 0xFF, 0x1E, 0x3C, 0xE0, 0xE6, 0x03, 0x70, 0x1F,
    0x80, 0xFF, 0xFF, 0xFF, 0xFF, 0x01, 0xF8, 0x0F, 0xC0, 0x76, 0x03, 0x38, 0x39, 0xE3, 0xC7, 0xFC,
    0x1F, 0xC0, 0x1F, 0xC1, 0xFF, 0x1E, 0x3C, 0xE0, 0xE6, 0x03, 0x7F, 0xFF, 0xFF, 0xFC, 0x07, 0x60,
    0x33, 0x83, 0x9E, 0x3C, 0x7F, 0xC1, 0xFC, 0x00, 0x00, 0xC0, 0x18, 0x03, 0x00, 0x6F, 0xFD, 0xFF,
    0xB8, 0x07, 0x00, 0xE0, 0x1C, 0x03, 0x80, 0x70, 0x0E, 0x01, 0xC0, 0x38, 0x07, 0x00, 0xE0, 0x1C,
    0x03, 0x80, 0x70, 0x0E, 0x00, 0x01, 0xC0, 0x70, 0x1F, 0xFF, 0xFF, 0xF8, 0x0E, 0x03, 0x80, 0xE0,
    0x38, 0x0E, 0x03, 0x80, 0xE0, 0x38, 0x0E, 0x03, 0x80, 0x3F, 0xF9, 0xFF, 0xCE, 0x00, 0x70, 0x03,
    0x80, 0x1C, 0x00, 0xE0, 0x1F, 0xF8, 0xFF, 0xC1, 0xC0, 0x0E, 0x00, 0x70, 0x03, 0x80, 0x1C, 0x00,
    0xE0, 0x07, 0x00, 0x38, 0x00, 0x3F, 0xF1, 0xFF, 0x8E, 0x00, 0x70, 0x03, 0x80, 0x1C, 0x03, 0xFF,
    0x1F, 0xF8, 0x38, 0x01, 0xC0, 0x0E, 0x00, 0x70, 0x03, 0x80, 0x00, 0xFF, 0xCF, 0xFC, 0xE0, 0x0E,
    0x00, 0xE0, 0x0E, 0x00, 0xE0, 0x0F, 0xF8, 0xFF, 0xCF, 0x1E, 0xE0, 0xFE, 0x07, 0xE0, 0x7E, 0x07,
    0xE0, 0x7E, 0x07, 0xE0, 0x70, 0x07, 0x00, 0xE0, 0xFE, 0x0F, 0xC0, 0xFF, 0x9F, 0xF3, 0x80, 0x70,
    0x0E, 0x01, 0xC0, 0x3B, 0xF7, 0xFF, 0xF0, 0xFC, 0x1F, 0x81, 0xF0, 0x3E, 0x06, 0x00, 0xC0, 0x18,
    0x07, 0x03, 0xE0, 0x78, 0x78, 0x38, 0x1E, 0x78, 0x38, 0x3E, 0x1C, 0x38, 0x38, 0x1C, 0x38, 0x70,
    0x0E, 0x38, 0x70, 0x0E, 0x38, 0xE0, 0x07, 0x38, 0xE0, 0x07, 0xFF, 0xC0, 0x03, 0xFF, 0xC0, 0x07,
    0x38, 0xE0, 0x0E, 0x38, 0xE0, 0x0E, 0x38, 0x70, 0x1C, 0x38, 0x70, 0x1C, 0x38, 0x38, 0x38, 0x38,
    0x38, 0xF8, 0x38, 0x1F, 0xF0, 0x38, 0x0F, 0x00, 0x00, 0x03, 0x00, 0x00, 0x03, 0x00, 0x00, 0x03,
    0x00, 0x00, 0x03, 0xF0, 0xC3, 0xDE, 0x18, 0x78, 0xE3, 0x1C, 0x1C, 0x63, 0x01, 0xCC, 0xE0, 0x3F,
    0xF8, 0x03, 0xFF, 0x00, 0xE6, 0x70, 0x18, 0xCE, 0x07, 0x18, 0xE0, 0xE3, 0x1C, 0x78, 0x61, 0xFF,
    0x0C, 0x3E, 0x00, 0x01, 0xC0, 0x00, 0x38, 0x00, 0x07, 0x00, 0x00, 0xC0, 0x1F, 0xC3, 0xFF, 0x3C,
    0x3C, 0xC0, 0xE0, 0x07, 0x00, 0x38, 0x01, 0xC0, 0x3C, 0x1F, 0xC0, 0xFF, 0x00, 0x3C, 0x00, 0xE0,
    0x07, 0x20, 0x3B, 0x81, 0xDF, 0x3E, 0x7F, 0xE0, 0xFC, 0x01, 0x80, 0x0C, 0x00, 0x60, 0x00, 0x1F,
    0xC7, 0xFE, 0x70, 0xE2, 0x07, 0x00, 0xE1, 0xFE, 0x1F, 0xE0, 0x0E, 0x00, 0x70, 0x07, 0x60, 0x7F,
    0x9E, 0x7F, 0xE1, 0xF8, 0x06, 0x00, 0x60, 0x06, 0x00, 0xE0, 0x77, 0x03, 0xB8, 0x39, 0xC3, 0xCE,
    0x1C, 0x71, 0xC3, 0x8E, 0x1F, 0xE0, 0xFF, 0x07, 0x1C, 0x38, 0xE1, 0xC3, 0x8E, 0x1C, 0x70, 0x73,
    0x83, 0x9C, 0x1F, 0xE0, 0x78, 0x00, 0xC0, 0x06, 0x00, 0x30, 0x01, 0x80, 0xE0, 0xEE, 0x1C, 0xE1,
    0xCE, 0x38, 0xE7, 0x0F, 0xF0, 0xFE, 0x0E, 0x70, 0xE3, 0x8E, 0x38, 0xE1, 0xCE, 0x1F, 0xE0, 0xF0,
    0x07, 0x00, 0x70, 0x07, 0xE0, 0x3B, 0x81, 0xCE, 0x07, 0x38, 0x38, 0xEC, 0xE3, 0xB7, 0x0E, 0xDC,
    0x3F, 0xE0, 0xFF, 0x83, 0xB7, 0x0E, 0xDC, 0x3B, 0x70, 0xEC, 0xE3, 0x83, 0x8E, 0x07, 0x38, 0x1F,
    0xE0, 0x3C, 0xE0, 0x7E, 0x0E, 0xE1, 0xCF, 0x9C, 0xFB, 0x8F, 0xF0, 0xFF, 0x0F, 0xB8, 0xFB, 0x8F,
    0x9C, 0xE0, 0xCE, 0x0F, 0xE0, 0x70, 0xFE, 0x1D, 0xFC, 0x38, 0x38, 0x70, 0x71, 0xC0, 0xE3, 0x81,
    0xCE, 0x03, 0x9C, 0x07, 0xF0, 0x0F, 0xE0, 0x1D, 0xC0, 0x39, 0xC0, 0x73, 0x80, 0xE3, 0x81, 0xC7,
    0x03, 0x8E, 0x07, 0x0F, 0x0E, 0x0E, 0xFC, 0x1D, 0xF8, 0x70, 0x30, 0xE0, 0x63, 0x80, 0xC6, 0x01,
    0xFC, 0x03, 0xF0, 0x06, 0x70, 0x0C, 0x70, 0x18, 0xE0, 0x30, 0xE0, 0x61, 0xE0, 0xC1, 0xE0, 0xC0,
    0xE6, 0x07, 0x30, 0x39, 0x81, 0xCC, 0x0E, 0x60, 0x73, 0x03, 0x9F, 0xFC, 0xFF, 0xE6, 0x07, 0x30,
    0x39, 0x81, 0xCC, 0x0E, 0x60, 0x73, 0x03, 0x98, 0x1F, 0xC0, 0xF8, 0x01, 0xC0, 0x0E, 0x00, 0x70,
    0x03, 0x80, 0xC0, 0xE6, 0x07, 0x30, 0x39, 0x81, 0xCC, 0x0E, 0x7F, 0xF3, 0xFF, 0x98, 0x1C, 0xC0,
    0xE6, 0x07, 0x30, 0x39, 0x81, 0xFC, 0x0F, 0x80, 0x1C, 0x00, 0xE0, 0x07, 0x00, 0x30, 0xE0, 0x3F,
    0xFF, 0x01, 0xFF, 0xF8, 0x0E, 0x01, 0xC0, 0x70, 0x0E, 0x03, 0x80, 0x70, 0x1C, 0x03, 0x80, 0xE0,
    0x1F, 0xFF, 0x00, 0xFF, 0xF8, 0x07, 0x01, 0xC0, 0x38, 0x0E, 0x01, 0xC0, 0x70, 0x0E, 0x03, 0x80,
    0x70, 0x1C, 0x03, 0x80, 0xE0, 0x1C, 0x07, 0x00, 0xE0, 0x38, 0x00, 0xE3, 0xFF, 0x8F, 0xFE, 0x38,
    0x38, 0xE0, 0xE3, 0x83, 0xFE, 0x0F, 0xF8, 0x38, 0xE0, 0xE3, 0x83, 0x8E, 0x0E, 0x38, 0x38, 0xE0,
    0xE3, 0x80, 0x0F, 0xC0, 0xFF, 0x0E, 0x1C, 0xE0, 0x77, 0x03, 0x38, 0x01, 0x80, 0x1C, 0x00, 0xE0,
    0x07, 0x00, 0x38, 0x00, 0xC0, 0x07, 0x00, 0x38, 0x19, 0xC0, 0xE7, 0x9E, 0x1F, 0xE0, 0x7E, 0x00,
    0xC0, 0x06, 0x00, 0x30, 0x00, 0x1F, 0x87, 0xF9, 0xC3, 0xF0, 0x7E, 0x01, 0xC0, 0x38, 0x07, 0x00,
    0xE0, 0x1C, 0x03, 0x81, 0xBC, 0xF3, 0xFC, 0x3F, 0x01, 0x80, 0x30, 0x06, 0x00, 0xF0, 0x0E, 0xE0,
    0x39, 0xE0, 0xF1, 0xC1, 0xC1, 0xC7, 0x03, 0x8E, 0x03, 0xB8, 0x07, 0x70, 0x07, 0xC0, 0x07, 0x00,
    0x0E, 0x00, 0x1C, 0x00, 0x38, 0x00, 0x70, 0x00, 0xE0, 0x01, 0xC0, 0x03, 0x80, 0xE0, 0x3B, 0x83,
    0x9C, 0x1C, 0x60, 0xC3, 0x8E, 0x1C, 0x70, 0x63, 0x03, 0xB8, 0x1D, 0xC0, 0x6C, 0x03, 0xE0, 0x0E,
    0x00, 0x70, 0x03, 0x80, 0x1C, 0x00, 0xE0, 0x07, 0x00, 0x38, 0x00, 0xF0, 0x0E, 0xE0, 0x39, 0xE0,
    0xF1, 0xC1, 0xC1, 0xC7, 0x03, 0x8E, 0x03, 0xB8, 0x07, 0x70, 0x07, 0xC0, 0x07, 0x00, 0xFF, 0xE1,
    0xFF, 0xC0, 0x38, 0x00, 0x70, 0x00, 0xE0, 0x01, 0xC0, 0x03, 0x80, 0xE0, 0x3B, 0x83, 0x9C, 0x1C,
    0x60, 0xC3, 0x8E, 0x1C, 0x70, 0x63, 0x03, 0xB8, 0x1D, 0xC0, 0x6C, 0x03, 0xE0, 0x0E, 0x00, 0x70,
    0x1F, 0xF0, 0xFF, 0x80, 0xE0, 0x07, 0x00, 0x38, 0x00, 0x70, 0x1C, 0x78, 0x38, 0x38, 0x38, 0x1C,
    0x70, 0x1C, 0xF0, 0x0E, 0xE0, 0x07, 0xC0, 0x07, 0xC0, 0x03, 0x80, 0x07, 0xC0, 0x0F, 0xC0, 0x0E,
    0xE0, 0x1C, 0x70, 0x38, 0x70, 0x38, 0x38, 0x70, 0x1E, 0xF0, 0x1F, 0x00, 0x07, 0x00, 0x07, 0x00,
    0x07, 0x00, 0x06, 0x70, 0x71, 0xE1, 0xC3, 0x8E, 0x07, 0x70, 0x1F, 0xC0, 0x3E, 0x00, 0x70, 0x03,
    0xE0, 0x1F, 0xC0, 0x77, 0x03, 0x8E, 0x1C, 0x1F, 0xF0, 0x7C, 0x00, 0x70, 0x01, 0xC0, 0x07, 0x00,
    0x1C, 0xE0, 0x73, 0x81, 0xCE, 0x07, 0x38, 0x1C, 0xE0, 0x73, 0x81, 0xCE, 0x07, 0x38, 0x1C, 0x78,
    0xF1, 0xFF, 0xC1, 0xFF, 0x00, 0x1C, 0x00, 0x70, 0x01, 0xC0, 0x07, 0x00, 0x1F, 0x00, 0x7C, 0x00,
    0x70, 0x01, 0xC0, 0x07, 0x00, 0x1C, 0xE0, 0x73, 0x81, 0xCE, 0x07, 0x38, 0x1C, 0x60, 0x71, 0x81,
    0xC7, 0x9F, 0x1F, 0xFC, 0x1F, 0x70, 0x01, 0xC0, 0x07, 0x00, 0x1F, 0x00, 0x7C, 0x00, 0x70, 0x01,
    0xC0, 0x07, 0x00, 0x18, 0xE0, 0x7E, 0x07, 0xE0, 0x7E, 0x07, 0xE0, 0x7E, 0x67, 0xE6, 0x7E, 0x67,
    0x7F, 0xF7, 0xFF, 0x1F, 0xF0, 0x67, 0x06, 0x70, 0x67, 0x00, 0x70, 0x07, 0x00, 0x70, 0xC0, 0xF8,
    0x1F, 0x03, 0xE0, 0x7C, 0xCF, 0xD9, 0xFF, 0x7F, 0xFF, 0x7E, 0xE1, 0x9C, 0x33, 0x80, 0x70, 0x0E,
    0xE0, 0x0E, 0x00, 0xE0, 0x0E, 0x00, 0xE0, 0x0E, 0x00, 0xFF, 0xCF, 0xFE, 0xE0, 0xEE, 0x07, 0xE0,
    0x7E, 0x07, 0xE0, 0x7E, 0x07, 0xE0, 0x7E, 0x07, 0xE0, 0x70, 0xE0, 0x1C, 0x03, 0x80, 0x70, 0x0E,
    0x01, 0xDF, 0x3F, 0xF7, 0x8F, 0xE0, 0xFC, 0x1F, 0x83, 0xF0, 0x7E, 0x0F, 0xC1, 0xF8, 0x3F, 0x07,
    0xE0, 0xFC, 0x1C, 0xFF, 0xFF, 0xFC, 0x38, 0x07, 0x00, 0xE0, 0x1C, 0x03, 0x80, 0x70, 0x0E, 0x01,
    0xC0, 0x38, 0x07, 0x00, 0xE0, 0x1C, 0x03, 0x87, 0xFF, 0xFF, 0xE0, 0x01, 0xC6, 0x00, 0x03, 0x9C,
    0x00, 0x03, 0xF8, 0x00, 0x03, 0xE0, 0x00, 0x00, 0x00, 0x00, 0x00, 0x00, 0x3C, 0x0E, 0x07, 0x7C,
    0x1C, 0x1E, 0x38, 0x38, 0x70, 0x38, 0x70, 0xE0, 0x70, 0xE3, 0x80, 0x71, 0xC7, 0x00, 0xE3, 0x9C,
    0x00, 0xFF, 0xF8, 0x01, 0xFF, 0xF0, 0x07, 0x1C, 0xE0, 0x0E, 0x38, 0xE0, 0x38, 0x71, 0xC0, 0x70,
    0xE1, 0xC1, 0xC1, 0xC3, 0x83, 0x83, 0x83, 0x9E, 0x07, 0x07, 0xF8, 0x0E, 0x07, 0x80, 0x00, 0x00,
    0x01, 0xC6, 0x00, 0x73, 0x80, 0x0F, 0xE0, 0x01, 0xE0, 0x00, 0x00, 0x0F, 0x0E, 0x1F, 0xE3, 0x8F,
    0x38, 0xE7, 0x07, 0x39, 0xC1, 0xCE, 0x60, 0x3F, 0xF8, 0x0F, 0xFE, 0x07, 0x3B, 0x81, 0xCE, 0x70,
    0xE3, 0x9C, 0x38, 0xE3, 0x3C, 0x38, 0xFF, 0x0E, 0x1C, 0xFF, 0xFF, 0xFC, 0x38, 0x07, 0x00, 0xE0,
    0x1C, 0x03, 0x80, 0x70, 0x0E, 0x01, 0xC0, 0x38, 0x07, 0x00, 0xE0, 0x1C, 0x03, 0x80, 0x70, 0xFF,
    0xFF, 0xFC, 0x08, 0x20, 0x38, 0xE0, 0x31, 0x80, 0x7F, 0x00, 0x7C, 0x00, 0x00, 0x00, 0x00, 0x01,
    0xC0, 0x07, 0xC0, 0x0F, 0x80, 0x1B, 0x00, 0x77, 0x00, 0xEE, 0x01, 0x8C, 0x07, 0x1C, 0x0E, 0x38,
    0x1C, 0x70, 0x7F, 0xF0, 0xFF, 0xE1, 0xC1, 0xC3, 0x01, 0xCE, 0x03, 0x9C, 0x07, 0x30, 0x06, 0x10,
    0xC1, 0x86, 0x0E, 0x70, 0x3F, 0x00, 0xF8, 0x00, 0x00, 0x00, 0x03, 0xF0, 0x7F, 0xC3, 0x87, 0x08,
    0x38, 0x00, 0xC1, 0xFE, 0x3F, 0xF1, 0xE1, 0x9C, 0x0C, 0xE0, 0xE3, 0x8F, 0x1F, 0xFE, 0x7E, 0xF0,
    0x1C, 0x70, 0x38, 0xE0, 0x71, 0xC0, 0x00, 0x00, 0x00, 0x00, 0x70, 0x01, 0xF0, 0x03, 0xE0, 0x06,
    0xC0, 0x1D, 0xC0, 0x3B, 0x80, 0x63, 0x01, 0xC7, 0x03, 0x8E, 0x07, 0x1C, 0x1F, 0xFC, 0x3F, 0xF8,
    0x70, 0x70, 0xC0, 0x73, 0x80, 0xE7, 0x01, 0xCC, 0x01, 0x80, 0x39, 0xE1, 0xCF, 0x0E, 0x78, 0x00,
    0x00, 0x00, 0x0F, 0xC1, 0xFF, 0x0E, 0x1C, 0x20, 0xE0, 0x03, 0x07, 0xF8, 0xFF, 0xC7, 0x86, 0x70,
    0x33, 0x83, 0x8E, 0x3C, 0x7F, 0xF9, 0xFB, 0xC0, 0x00, 0x7F, 0xFC, 0x01, 0xFF, 0xF0, 0x0F, 0xC0,
    0x00, 0x77, 0x00, 0x01, 0xDC, 0x00, 0x0E, 0x70, 0x00, 0x39, 0xC0, 0x01, 0xC7, 0xFE, 0x07, 0x1F,
    0xF8, 0x38, 0x70, 0x00, 0xFF, 0xC0, 0x07, 0xFF, 0x00, 0x1C, 0x1C, 0x00, 0xE0, 0x70, 0x03, 0x81,
    0xC0, 0x1C, 0x07, 0xFF, 0x70, 0x1F, 0xFC, 0x1F, 0x9F, 0xC7, 0xFF, 0xFE, 0x71, 0xF8, 0xE2, 0x0F,
    0x07, 0x00, 0xE0, 0x71, 0xFF, 0xFF, 0x7F, 0xFF, 0xF7, 0x8E, 0x00, 0xE0, 0xE0, 0x0E, 0x0F, 0x06,
    0xF1, 0xF8, 0xF7, 0xFB, 0xFE, 0x3F, 0x1F, 0xC0, 0x30, 0x8E, 0x38, 0xC7, 0x1F, 0xC1, 0xF0, 0x00,
    0x00, 0x07, 0xFF, 0xFF, 0xFC, 0x03, 0x80, 0x70, 0x0E, 0x01, 0xC0, 0x3F, 0xFF, 0xFF, 0xE0, 0x1C,
    0x03, 0x80, 0x70, 0x0E, 0x01, 0xC0, 0x3F, 0xFF, 0xFF, 0x10, 0x41, 0xC7, 0x06, 0x30, 0x3F, 0x80,
    0xF8, 0x00, 0x00, 0x00, 0x03, 0xF8, 0x3F, 0xE3, 0xC7, 0x9C, 0x1C, 0xC0, 0x7F, 0xFF, 0xFF, 0xFF,
    0x80, 0x0C, 0x00, 0x70, 0x33, 0xC3, 0x8F, 0xF8, 0x3F, 0x80, 0x1F, 0xC1, 0xFF, 0x1C, 0x3D, 0xC0,
    0xE6, 0x03, 0x00, 0x1C, 0x00, 0xFF, 0xFF, 0xFF, 0xFF, 0x01, 0xF8, 0x0F, 0xC0, 0x76, 0x03, 0x38,
    0x39, 0xE3, 0xC7, 0xFC, 0x1F, 0xC0, 0x1F, 0xC1, 0xFF, 0x1C, 0x3C, 0xC0, 0xE0, 0x03, 0x00, 0x1F,
    0xFF, 0xFF, 0xFF, 0xE0, 0x33, 0x83, 0x9E, 0x3C, 0x7F, 0xC1, 0xFC, 0x00, 0x01, 0xCF, 0x00, 0x03,
    0x9E, 0x00, 0x07, 0x3C, 0x00, 0x00, 0x00, 0x00, 0x00, 0x00, 0x1E, 0x07, 0x03, 0xBE, 0x0E, 0x0F,
    0x1C, 0x1C, 0x38, 0x1C, 0x38, 0x70, 0x38, 0x71, 0xC0, 0x38, 0xE3, 0x80, 0x71, 0xCE, 0x00, 0x7F,
    0xFC, 0x00, 0xFF, 0xF8, 0x03, 0x8E, 0x70, 0x07, 0x1C, 0x70, 0x1C, 0x38, 0xE0, 0x38, 0x70, 0xE0,
    0xE0, 0xE1, 0xC1, 0xC1, 0xC1, 0xCF, 0x03, 0x83, 0xFC, 0x07, 0x03, 0xC0, 0x07, 0x3C, 0x01, 0xCF,
    0x00, 0x73, 0xC0, 0x00, 0x00, 0x00, 0x00, 0x3C, 0x38, 0x7F, 0x8E, 0x3C, 0xE3, 0x9C, 0x1C, 0xE7,
    0x07, 0x39, 0x80, 0xFF, 0xE0, 0x3F, 0xF8, 0x1C, 0xEE, 0x07, 0x39, 0xC3, 0x8E, 0x70, 0xE3, 0x8C,
    0xF0, 0xE3, 0xFC, 0x38, 0x70, 0x39, 0xE1, 0xCF, 0x0E, 0x78, 0x00, 0x00, 0x00, 0x1F, 0xE1, 0xFF,
    0x8E, 0x1E, 0x20, 0x70, 0x03, 0x80, 0x1C, 0x03, 0xC1, 0xFC, 0x0F, 0xF0, 0x03, 0xC0, 0x0E, 0x00,
    0x70, 0x03, 0xB8, 0x1D, 0xE1, 0xE7, 0xFE, 0x1F, 0xE0, 0x39, 0xE3, 0x9E, 0x39, 0xE0, 0x00, 0x00,
    0x01, 0xFC, 0x7F, 0xE7, 0x0E, 0x20, 0x70, 0x0E, 0x1F, 0xE1, 0xFE, 0x00, 0xE0, 0x07, 0x60, 0x7F,
    0x0F, 0x7F, 0xE3, 0xFC, 0x3F, 0x87, 0xF0, 0x00, 0x00, 0x00, 0x01, 0x81, 0xF0, 0x3E, 0x0F, 0xC1,
    0xF8, 0x7F, 0x0F, 0xE3, 0xBC, 0x67, 0x9C, 0xF3, 0x1E, 0xE3, 0xD8, 0x7F, 0x0F, 0xC1, 0xF8, 0x3E,
    0x07, 0xC0, 0xC0, 0x3F, 0x87, 0xF0, 0x00, 0x00, 0x00, 0x01, 0xC1, 0xF8, 0x7F, 0x0F, 0xE3, 0xFC,
    0xFF, 0x9F, 0xF7, 0x7F, 0xCF, 0xF9, 0xFE, 0x3F, 0x87, 0xF0, 0xFC, 0x1C, 0x71, 0xCE, 0x39, 0xC7,
    0x00, 0x00, 0x01, 0x81, 0xF0, 0x3E, 0x0F, 0xC1, 0xF8, 0x7F, 0x0F, 0xE3, 0xBC, 0x67, 0x9C, 0xF3,
    0x1E, 0xE3, 0xD8, 0x7F, 0x0F, 0xC1, 0xF8, 0x3E, 0x07, 0xC0, 0xC0, 0x71, 0xCE, 0x39, 0xC7, 0x00,
    0x00, 0x01, 0xC1, 0xF8, 0x7F, 0x0F, 0xE3, 0xFC, 0xFF, 0x9F, 0xF7, 0x7F, 0xCF, 0xF9, 0xFE, 0x3F,
    0x87, 0xF0, 0xFC, 0x1C, 0x38, 0xE1, 0xC7, 0x0E, 0x38, 0x00, 0x00, 0x00, 0x0F, 0xE0, 0xFF, 0x8F,
    0x1E, 0x70, 0x73, 0x01, 0xB8, 0x0F, 0xC0, 0x7E, 0x03, 0xF0, 0x1F, 0x80, 0xFC, 0x07, 0xE0, 0x3B,
    0x01, 0x9C, 0x1C, 0xF1, 0xE3, 0xFE, 0x0F, 0xE0, 0x38, 0xE1, 0xC7, 0x0E, 0x38, 0x00, 0x00, 0x00,
    0x0F, 0xE0, 0xFF, 0x8F, 0x1E, 0x70, 0x73, 0x01, 0xB8, 0x0F, 0xC0, 0x7E, 0x03, 0xB0, 0x19, 0xC1,
    0xCF, 0x1E, 0x3F, 0xE0, 0xFE, 0x00, 0x1F, 0xC1, 0xFF, 0x1E, 0x3C, 0xE0, 0xE6, 0x03, 0x70, 0x1F,
    0x80, 0xFF, 0xFF, 0xFF, 0xFF, 0x01, 0xF8, 0x0F, 0xC0, 0x76, 0x03, 0x38, 0x39, 0xE3, 0xC7, 0xFC,
    0x1F, 0xC0, 0x1F, 0xC1, 0xFF, 0x1E, 0x3C, 0xE0, 0xE6, 0x03, 0x7F, 0xFF, 0xFF, 0xFC, 0x07, 0x60,
    0x33, 0x83, 0x9E, 0x3C, 0x7F, 0xC1, 0xFC, 0x00, 0x1F, 0xC0, 0x7F, 0x00, 0x00, 0x00, 0x00, 0x00,
    0x03, 0x80, 0xEE, 0x03, 0x9C, 0x0C, 0x70, 0x70, 0xE1, 0xC3, 0x8E, 0x07, 0x38, 0x1C, 0xE0, 0x37,
    0x00, 0xFC, 0x03, 0xE0, 0x07, 0x80, 0x1E, 0x00, 0x70, 0x01, 0xC0, 0x3E, 0x00, 0xF8, 0x00, 0x1F,
    0xC0, 0xFE, 0x00, 0x00, 0x00, 0x00, 0x00, 0x70, 0x1D, 0x80, 0xCE, 0x0E, 0x70, 0x71, 0xC3, 0x0E,
    0x38, 0x31, 0x81, 0xDC, 0x0E, 0xE0, 0x3E, 0x01, 0xF0, 0x07, 0x00, 0x38, 0x01, 0xC0, 0x1C, 0x00,
    0xE0, 0x3E, 0x01, 0xF0, 0x00, 0x38, 0xE0, 0xE3, 0x83, 0x8E, 0x00, 0x00, 0x00, 0x03, 0x80, 0xEE,
    0x03, 0x9C, 0x0C, 0x70, 0x70, 0xE1, 0xC3, 0x8E, 0x07, 0x38, 0x1C, 0xE0, 0x37, 0x00, 0xFC, 0x03,
    0xE0, 0x07, 0x80, 0x1E, 0x00, 0x70, 0x01, 0xC0, 0x3E, 0x00, 0xF8, 0x00, 0x38, 0xE1, 0xC7, 0x0E,
    0x38, 0x00, 0x00, 0x00, 0x70, 0x1D, 0x80, 0xCE, 0x0E, 0x70, 0x71, 0xC3, 0x0E, 0x38, 0x31, 0x81,
    0xDC, 0x0E, 0xE0, 0x3E, 0x01, 0xF0, 0x07, 0x00, 0x38, 0x01, 0xC0, 0x1C, 0x00, 0xE0, 0x3E, 0x01,
    0xF0, 0x00, 0x06, 0x60, 0x19, 0x80, 0xEE, 0x03, 0x30, 0x19, 0x80, 0x00, 0x00, 0x00, 0x38, 0x0E,
    0xE0, 0x39, 0xC0, 0xC7, 0x07, 0x0E, 0x1C, 0x38, 0xE0, 0x73, 0x81, 0xCE, 0x03, 0x70, 0x0F, 0xC0,
    0x3E, 0x00, 0x78, 0x01, 0xE0, 0x07, 0x00, 0x1C, 0x03, 0xE0, 0x0F, 0x80, 0x04, 0x40, 0x33, 0x03,
    0xB8, 0x19, 0x81, 0xDC, 0x04, 0x40, 0x00, 0x1C, 0x07, 0x60, 0x33, 0x83, 0x9C, 0x1C, 0x70, 0xC3,
    0x8E, 0x0C, 0x60, 0x77, 0x03, 0xB8, 0x0F, 0x80, 0x7C, 0x01, 0xC0, 0x0E, 0x00, 0x70, 0x07, 0x00,
    0x38, 0x0F, 0x80, 0x7C, 0x00, 0x39, 0xE3, 0x9E, 0x39, 0xE0, 0x00, 0x00, 0x0E, 0x07, 0xE0, 0x7E,
    0x07, 0xE0, 0x7E, 0x07, 0xE0, 0x7E, 0x07, 0xE0, 0x77, 0x8F, 0x3F, 0xF1, 0xFF, 0x00, 0x70, 0x07,
    0x00, 0x70, 0x07, 0x00, 0x70, 0x07, 0x73, 0xCE, 0x79, 0xCF, 0x00, 0x00, 0x01, 0x81, 0xF0, 0x3E,
    0x07, 0xC0, 0xF8, 0x1F, 0x83, 0xF9, 0xFF, 0xFE, 0x7D, 0xC0, 0x38, 0x07, 0x00, 0xE0, 0x1C, 0x03,
    0x38, 0x01, 0xEE, 0x00, 0x33, 0x80, 0x00, 0x00, 0x00, 0x00, 0x38, 0x00, 0x7E, 0x00, 0x1F, 0x80,
    0x07, 0xE0, 0x01, 0xF8, 0x00, 0x7E, 0x00, 0x1F, 0x80, 0x07, 0xFF, 0xE1, 0xFF, 0xFC, 0x7E, 0x07,
    0x9F, 0x80, 0xE7, 0xE0, 0x39, 0xF8, 0x0E, 0x7E, 0x03, 0x9F, 0x81, 0xE7, 0xFF, 0xF1, 0xFF, 0xF8,
    0x70, 0x06, 0x70, 0x0F, 0x70, 0x06, 0x70, 0x00, 0x00, 0xE0, 0x03, 0xE0, 0x03, 0xE0, 0x03, 0xE0,
    0x03, 0xE0, 0x03, 0xFF, 0xC3, 0xFF, 0xE3, 0xE0, 0xE3, 0xE0, 0xE3, 0xE0, 0xE3, 0xE0, 0xE3, 0xFF,
    0xE3, 0xFF, 0xC3, 0x78, 0x0E, 0x78, 0x1C, 0x78, 0x38, 0x70, 0x70, 0x71, 0xC1, 0xF3, 0x87, 0xFF,
    0x1C, 0xFC, 0x38, 0xE0, 0xE1, 0xE1, 0xC1, 0xC3, 0x81, 0xC7, 0x03, 0xCE, 0x03, 0x9C, 0x03, 0x80,
    0x7F, 0x87, 0xFE, 0x00, 0x78, 0x01, 0xC0, 0x0E, 0x00, 0x70, 0x03, 0x80, 0x1C, 0x00, 0xE0, 0x07,
    0x00, 0x38, 0x01, 0xC0, 0x0E, 0x7F, 0xFF, 0xFF, 0xE0, 0x3E, 0x1F, 0x83, 0xC0, 0xE0, 0x70, 0x38,
    0x1C, 0x0E, 0x07, 0x03, 0x81, 0xC1, 0xE3, 0xFF, 0xDF, 0xCE, 0x00, 0x7F, 0xFB, 0xFF, 0xC0, 0x38,
    0x01, 0xC0, 0x0E, 0x00, 0x70, 0x03, 0x80, 0x1C, 0x00, 0xE0, 0x07, 0x00, 0x38, 0x01, 0xC0, 0x0E,
    0x00, 0x70, 0x03, 0x80, 0xFF, 0xE7, 0xFF, 0x80, 0x1E, 0x00, 0x70, 0x03, 0x80, 0x1D, 0x80, 0xFC,
    0x07, 0xE0, 0x3F, 0x01, 0xF8, 0x0F, 0xC0, 0x7E, 0x03, 0xF0, 0x1F, 0x80, 0xE0, 0x7D, 0xF1, 0xC7,
    0x1C, 0x71, 0xC7, 0x1C, 0x71, 0xC7, 0x1C, 0x71, 0xC0, 0xFF, 0xFC, 0xF1, 0x87, 0x0E, 0x1C, 0x38,
    0x70, 0xE1, 0xC3, 0x87, 0x0F, 0x0E, 0x00, 0xFF, 0xF3, 0xFF, 0xE3, 0x03, 0xDC, 0x07, 0x70, 0x1D,
    0xC0, 0x77, 0x01, 0xDC, 0x07, 0x70, 0x1D, 0xC0, 0x77, 0x01, 0xDC, 0x07, 0x70, 0x1D, 0xC0, 0x77,
    0x01, 0xC0, 0xE3, 0xF3, 0x8F, 0xEE, 0x07, 0xB8, 0x0F, 0xE0, 0x1F, 0x80, 0x7E, 0x01, 0xF8, 0x07,
    0xE0, 0x1F, 0x80, 0x77, 0x03, 0x9C, 0x0E, 0x7C, 0xF8, 0xFF, 0xC1, 0xFC, 0x00, 0x7D, 0xF1, 0xC7,
    0x1C, 0x71, 0xC7, 0x1C, 0xFF, 0x9F, 0xF8, 0x07, 0x80, 0x70, 0x0E, 0x01, 0xC0, 0x38, 0x07, 0x00,
    0xE0, 0x1C, 0x03, 0x80, 0x70, 0x0E, 0x01, 0xC0, 0x38, 0x07, 0x00, 0xE0, 0x1C, 0x03, 0x80, 0x70,
    0xFF, 0x1F, 0xF0, 0x0F, 0x00, 0xE0, 0x0E, 0x01, 0xC0, 0x38, 0x07, 0x00, 0xE0, 0x1C, 0x03, 0x80,
    0xE0, 0x3D, 0xFF, 0x3F, 0xC0, 0x00, 0x07, 0x80, 0x3C, 0x01, 0xE0, 0x0F, 0x00, 0x7F, 0xFB, 0xFF,
    0xC0, 0x0E, 0x00, 0x70, 0x07, 0x00, 0x38, 0x01, 0xC0, 0x1C, 0x00, 0xE0, 0x07, 0x00, 0x70, 0x03,
    0x80, 0x1C, 0x01, 0xC0, 0x0E, 0x00, 0xFF, 0xF9, 0xFF, 0xF8, 0xE0, 0xF3, 0x80, 0xF7, 0x00, 0xEE,
    0x01, 0xDC, 0x03, 0xB8, 0x07, 0x70, 0x0E, 0xE0, 0x1D, 0xC0, 0x3B, 0x80, 0x77, 0x00, 0xEF, 0xFF,
    0xDF, 0xFF, 0x80, 0xE3, 0xF1, 0xCF, 0xF1, 0xF8, 0xF3, 0xE0, 0xE7, 0x81, 0xE7, 0x01, 0xCE, 0x03,
    0x9C, 0x07, 0x70, 0x0E, 0xE0, 0x1D, 0xC0, 0x73, 0x80, 0xE7, 0x07, 0xDE, 0xFF, 0x39, 0xFC, 0x00,
    0xFF, 0xCE, 0x73, 0x9C, 0xE7, 0x39, 0xCE, 0x73, 0x9C, 0xE7, 0x39, 0xCE, 0x70, 0x7C, 0xFC, 0x78,
    0x70, 0xE1, 0xC3, 0x87, 0x0E, 0x1C, 0x38, 0x70, 0xFF, 0xFF, 0x80, 0xFF, 0xF3, 0xFF, 0xE3, 0x87,
    0x9C, 0x07, 0x70, 0x1D, 0xC0, 0x77, 0x01, 0xDC, 0x07, 0x70, 0x1D, 0xC0, 0x77, 0x01, 0xDE, 0x0E,
    0x3C, 0x78, 0xFF, 0xC0, 0xFE, 0x00, 0x00, 0x01, 0xC0, 0x73, 0x81, 0xCE, 0x07, 0x38, 0x1C, 0xE0,
    0x71, 0xC1, 0xC7, 0x0F, 0x1C, 0x38, 0x70, 0xE1, 0xE3, 0x83, 0x9C, 0x0E, 0xF0, 0x3F, 0x87, 0xFC,
    0x1F, 0xC0, 0x70, 0x00, 0x3F, 0xC3, 0xFF, 0x1E, 0x7D, 0xC0, 0xEE, 0x07, 0xF0, 0x1F, 0x80, 0xFE,
    0x07, 0x7C, 0x39, 0xE1, 0xC0, 0x0E, 0x00, 0x70, 0x03, 0x80, 0x1C, 0x00, 0xE0, 0x07, 0x00, 0x38,
    0x01, 0xC0, 0x0E, 0x00, 0x70, 0x1F, 0xC3, 0xFF, 0x1E, 0x3D, 0xC0, 0xEE, 0x03, 0xF0, 0x1F, 0x80,
    0xEF, 0x07, 0x7C, 0x39, 0xE1, 0xC0, 0x1E, 0x00, 0xE0, 0x1F, 0x7F, 0xF3, 0xFE, 0x00, 0x70, 0x73,
    0x83, 0x9E, 0x1C, 0x70, 0xE3, 0x87, 0x0E, 0x70, 0x73, 0x83, 0xF8, 0x0F, 0xC0, 0x7C, 0x01, 0xC0,
    0x0E, 0x00, 0x70, 0x03, 0xC0, 0x0E, 0x00, 0x70, 0x03, 0x80, 0x1E, 0x00, 0x70, 0x03, 0x80, 0xF0,
    0x77, 0x07, 0x78, 0x73, 0x87, 0x3C, 0xE1, 0xCE, 0x0F, 0xE0, 0xFC, 0x07, 0x80, 0x38, 0x03, 0xC0,
    0x1C, 0x00, 0xEF, 0xFE, 0xFF, 0xE0, 0xFF, 0xFF, 0xFF, 0xF0, 0x01, 0xC0, 0x0E, 0x00, 0x39, 0xC0,
    0xE7, 0x07, 0x1C, 0x1C, 0x70, 0x71, 0xC1, 0xC7, 0x0E, 0x1C, 0x38, 0x70, 0xE1, 0xC7, 0x07, 0x1C,
    0x1C, 0x00, 0x70, 0x01, 0xC0, 0x07, 0x00, 0x1C, 0x00, 0xFF, 0x9F, 0xF8, 0x0F, 0x00, 0xE0, 0x1E,
    0x01, 0xC0, 0x38, 0x07, 0x00, 0xE0, 0x1C, 0x03, 0x80, 0x70, 0x0E, 0x01, 0xC0, 0x38, 0xE1, 0xC7,
    0xE1, 0xC7, 0xE1, 0xC7, 0xE3, 0xC7, 0xE3, 0x87, 0xE3, 0x87, 0xEF, 0x87, 0xFF, 0x07, 0xFE, 0x07,
    0x70, 0x07, 0x70, 0x0E, 0x78, 0x1E, 0x3C, 0x3C, 0x1F, 0xF8, 0x0F, 0xF0, 0x7F, 0xFC, 0x7F, 0xFE,
    0x1C, 0x1E, 0x1C, 0x0F, 0x1C, 0x07, 0x1C, 0x07, 0x1C, 0x07, 0x1C, 0x07, 0x1C, 0x07, 0x1C, 0x07,
    0x1C, 0x07, 0x1C, 0x07, 0x1C, 0x07, 0x7C, 0x07, 0x78, 0x07, 0x67, 0xEE, 0xFF, 0x00, 0x19, 0xCE,
    0x77, 0x39, 0xC0, 0x00, 0x1D, 0xE7, 0x30, 0x00, 0x07, 0xF9, 0xFF, 0x78, 0x6E, 0x01, 0xC0, 0x38,
    0x07, 0x80, 0x78, 0x07, 0x80, 0x78, 0x07, 0x00, 0x60, 0x0C, 0x00, 0x00, 0x00, 0x0F, 0x01, 0xE0,
    0x3C, 0x03, 0x00, 0x1F, 0x0F, 0xC7, 0xA1, 0xC0, 0x70, 0x1C, 0x03, 0xF8, 0x7F, 0xFF, 0x3F, 0x04,
    0x00, 0xFF, 0xFF, 0xFC, 0x31, 0xEE, 0x38, 0x7F, 0xF6, 0x00, 0x03, 0x3C, 0xE2, 0x00, 0x07, 0x39,
    0xCE, 0x31, 0xCE, 0x73, 0x9C, 0xE7, 0x18, 0xC7, 0x39, 0xC0, 0x00, 0x1C, 0x1B, 0x83, 0x70, 0xEF,
    0xFC, 0xFF, 0x1F, 0x03, 0x80, 0x70, 0x0E, 0x01, 0xC0, 0x38, 0x07, 0x00, 0x60, 0x0E, 0x01, 0xC0,
    0x38, 0x07, 0x00, 0x00, 0x00, 0x00, 0x01, 0x86, 0x67, 0x19, 0xDC, 0x67, 0x73, 0x9D, 0xFF, 0xF3,
    0xFF, 0x8F, 0x98, 0x38, 0x00, 0xE0, 0x03, 0x80, 0x0E, 0x00, 0x38, 0x00, 0xE0, 0x03, 0x80, 0x06,
    0x00, 0x18, 0x00, 0x60, 0x00, 0x00, 0x00, 0x00, 0x01, 0xC0, 0xF8, 0x3E, 0x0F, 0x01, 0xC0, 0x30,
    0x07, 0x00, 0xFE, 0x0F, 0xC1, 0xF0, 0x38, 0x0E, 0x01, 0xC0, 0x38, 0x07, 0x86, 0xFF, 0xEF, 0xF8,
    0x00, 0x00, 0x1F, 0x07, 0xF1, 0xFE, 0x70, 0xEE, 0x1D, 0xC1, 0xB8, 0x3F, 0x07, 0xE0, 0xDC, 0x3B,
    0xCF, 0x3F, 0xC3, 0xF8, 0x00, 0x00, 0x00, 0x07, 0xFC, 0x7F, 0xC7, 0xFC, 0x00, 0xC0, 0x0C, 0x00,
    0xC0, 0x0C, 0x00, 0xE0, 0x0E, 0x00, 0xE0, 0x0E, 0x00, 0xE0, 0x0E, 0x00, 0x60, 0x06, 0x00, 0x70,
    0x07, 0x00, 0x00, 0x00, 0x03, 0x80, 0x7F, 0x01, 0xDC, 0x0E, 0x70, 0x38, 0xE0, 0xE3, 0x87, 0x0E,
    0x1C, 0x1C, 0x60, 0x73, 0x81, 0xCE, 0x03, 0xB0, 0x0F, 0xC0, 0x3F, 0x00, 0x78, 0x01, 0xE0, 0x07,
    0x80, 0x0C, 0x00, 0x20, 0x00, 0x00, 0x00, 0x0E, 0x00, 0x38, 0x01, 0xE0, 0x07, 0xC0, 0x1F, 0x00,
    0xFC, 0x03, 0xF8, 0x0E, 0xE0, 0x73, 0x81, 0xCF, 0x06, 0x1C, 0x38, 0x70, 0xE0, 0xE7, 0x03, 0x9C,
    0x0E, 0xF0, 0x1F, 0x80, 0x70, 0x00, 0x80, 0x3E, 0x0F, 0xE3, 0xDC, 0x71, 0xCC, 0x39, 0xC7, 0x3C,
    0xE3, 0xFC, 0x3F, 0x80, 0x30, 0x07, 0x00, 0xE0, 0x1C, 0x03, 0x80, 0x70, 0x06, 0x00, 0xC0, 0x00,
    0x00, 0x0E, 0x00, 0x0E, 0x00, 0x0E, 0x20, 0x07, 0x70, 0x07, 0x70, 0x07, 0x60, 0x07, 0xE0, 0x07,
    0xE0, 0x07, 0x70, 0x07, 0x78, 0x1E, 0x7F, 0xFC, 0x3F, 0xF8, 0x0F, 0xF0, 0xFF, 0xF0, 0x08, 0x07,
    0x81, 0xE0, 0xFC, 0x3B, 0x9C, 0x66, 0x1F, 0x87, 0xE1, 0xDC, 0xE7, 0xF8, 0xFC, 0x03, 0x3C, 0xE2,
    0x00, 0x07, 0x39, 0xCE, 0x31, 0xCE, 0x73, 0x9C, 0xE7, 0x18, 0xC7, 0x39, 0xC0, 0x00, 0x1C, 0x1B,
    0x83, 0x70, 0xEF, 0xFC, 0xFF, 0x1F, 0x03, 0x80, 0x70, 0x0E, 0x01, 0xC0, 0x38, 0x07, 0x00, 0x60,
    0x0E, 0x01, 0xC0, 0x38, 0x07, 0x00, 0x00, 0x00, 0x00, 0x01, 0x86, 0x67, 0x19, 0xDC, 0x67, 0x73,
    0x9D, 0xFF, 0xF3, 0xFF, 0x8F, 0x98, 0x38, 0x00, 0xE0, 0x03, 0x80, 0x0E, 0x00, 0x38, 0x00, 0xE0,
    0x03, 0x80, 0x06, 0x00, 0x18, 0x00, 0x60, 0x00, 0x00, 0x00, 0xE7, 0x9D, 0xF3, 0xB8, 0x77, 0x0F,
    0xFC, 0xFF, 0xDF, 0xE3, 0x80, 0x70, 0x0E, 0x01, 0xC0, 0x38, 0x03, 0x00, 0x60, 0x0C, 0x01, 0xC0,
    0x38, 0x00, 0x06, 0x00, 0xF0, 0x07, 0x00, 0xF8, 0x1F, 0x81, 0xDC, 0x39, 0xC3, 0x8E, 0x70, 0xE7,
    0x06, 0x60, 0x76, 0x07, 0x60, 0x76, 0x67, 0x76, 0x67, 0xFE, 0x3F, 0xC0, 0x1F, 0x8F, 0xE3, 0x91,
    0xC0, 0x70, 0x1C, 0x03, 0x88, 0xFF, 0x1F, 0x83, 0xC1, 0xE0, 0x70, 0x38, 0x0E, 0x07, 0x01, 0xC0,
    0xE0, 0x00, 0x00, 0x00, 0x03, 0x80, 0x7F, 0x01, 0xDC, 0x0E, 0x70, 0x38, 0xE0, 0xE3, 0x87, 0x0E,
    0x1C, 0x1C, 0x60, 0x73, 0x81, 0xCE, 0x03, 0xB0, 0x0F, 0xC0, 0x3F, 0x00, 0x78, 0x01, 0xE0, 0x07,
    0x80, 0x0C, 0x00, 0x20, 0x00, 0x00, 0x00, 0x0E, 0x00, 0x38, 0x01, 0xE0, 0x07, 0xC0, 0x1F, 0x00,
    0xFC, 0x03, 0xF8, 0x0E, 0xE0, 0x73, 0x81, 0xCF, 0x06, 0x1C, 0x38, 0x70, 0xE0, 0xE7, 0x03, 0x9C,
    0x0E, 0xF0, 0x1F, 0x80, 0x70, 0x00, 0x80, 0x3E, 0x0F, 0xE3, 0xDC, 0x71, 0xCC, 0x39, 0xC7, 0x3C,
    0xE3, 0xFC, 0x3F, 0x80, 0x30, 0x07, 0x00, 0xE0, 0x1C, 0x03, 0x80, 0x70, 0x06, 0x00, 0xC0, 0x00,
    0x03, 0x80, 0x0F, 0x80, 0x1F, 0x00, 0x36, 0x00, 0xEE, 0x01, 0xDC, 0x03, 0x18, 0x0E, 0x38, 0x1C,
    0x70, 0x38, 0xE0, 0xFF, 0xE1, 0xFF, 0xC3, 0x83, 0x86, 0x03, 0x9C, 0x07, 0x38, 0x0E, 0x60, 0x0C,
    0x00, 0x00, 0x00, 0x00, 0x1C, 0x00, 0x38, 0x00, 0x70, 0x00, 0x1F, 0x83, 0xFE, 0x1C, 0x38, 0x41,
    0xC0, 0x06, 0x0F, 0xF1, 0xFF, 0x8F, 0x0C, 0xE0, 0x67, 0x07, 0x1C, 0x78, 0xFF, 0xF3, 0xF7, 0x80,
    0x00, 0x00, 0x01, 0xE0, 0x0F, 0x00, 0x78, 0x00, 0x07, 0xC0, 0x0F, 0x80, 0x03, 0x00, 0x0E, 0x00,
    0x18, 0x00, 0x00, 0x00, 0x00, 0x01, 0xC0, 0x07, 0xC0, 0x0F, 0x80, 0x1B, 0x00, 0x77, 0x00, 0xEE,
    0x01, 0x8C, 0x07, 0x1C, 0x0E, 0x38, 0x1C, 0x70, 0x7F, 0xF0, 0xFF, 0xE1, 0xC1, 0xC3, 0x01, 0xCE,
    0x03, 0x9C, 0x07, 0x30, 0x06, 0x0F, 0x00, 0x7C, 0x00, 0xE0, 0x06, 0x00, 0x70, 0x00, 0x00, 0x7E,
    0x0F, 0xF8, 0x70, 0xE1, 0x07, 0x00, 0x18, 0x3F, 0xC7, 0xFE, 0x3C, 0x33, 0x81, 0x9C, 0x1C, 0x71,
    0xE3, 0xFF, 0xCF, 0xDE, 0x00, 0x08, 0x00, 0x38, 0x00, 0x70, 0x01, 0xC0, 0x7F, 0x00, 0xF8, 0x03,
    0xB8, 0x0E, 0x38, 0x00, 0x00, 0x00, 0x00, 0x0E, 0x00, 0x3E, 0x00, 0x7C, 0x00, 0xD8, 0x03, 0xB8,
    0x07, 0x70, 0x0C, 0x60, 0x38, 0xE0, 0x71, 0xC0, 0xE3, 0x83, 0xFF, 0x87, 0xFF, 0x0E, 0x0E, 0x18,
    0x0E, 0x70, 0x1C, 0xE0, 0x39, 0x80, 0x30, 0x00, 0x30, 0x01, 0xC0, 0x1C, 0x00, 0xC0, 0xF6, 0x0F,
    0xC0, 0xE7, 0x06, 0x18, 0x00, 0x00, 0x00, 0x07, 0xE0, 0xFF, 0x87, 0x0E, 0x10, 0x70, 0x01, 0x83,
    0xFC, 0x7F, 0xE3, 0xC3, 0x38, 0x19, 0xC1, 0xC7, 0x1E, 0x3F, 0xFC, 0xFD, 0xE0, 0x20, 0x00, 0xE0,
    0x01, 0xC0, 0x01, 0xC0, 0x01, 0xFC, 0x00, 0xF8, 0x03, 0xB8, 0x0E, 0x38, 0x00, 0x00, 0x00, 0x00,
    0x0E, 0x00, 0x3E, 0x00, 0x7C, 0x00, 0xD8, 0x03, 0xB8, 0x07, 0x70, 0x0C, 0x60, 0x38, 0xE0, 0x71,
    0xC0, 0xE3, 0x83, 0xFF, 0x87, 0xFF, 0x0E, 0x0E, 0x18, 0x0E, 0x70, 0x1C, 0xE0, 0x39, 0x80, 0x30,
    0x60, 0x03, 0x80, 0x07, 0x00, 0x0C, 0x00, 0x3F, 0x80, 0x3F, 0x01, 0xCE, 0x06, 0x18, 0x00, 0x00,
    0x00, 0x00, 0xFC, 0x0F, 0xF8, 0x38, 0x70, 0x41, 0xC0, 0x03, 0x03, 0xFC, 0x3F, 0xF0, 0xF0, 0xC7,
    0x03, 0x1C, 0x1C, 0x38, 0xF0, 0xFF, 0xF1, 0xFB, 0xC0, 0x00, 0x78, 0x01, 0xF8, 0x00, 0x70, 0x00,
    0xC0, 0x7F, 0x00, 0xF8, 0x03, 0xB8, 0x0E, 0x38, 0x00, 0x00, 0x00, 0x00, 0x0E, 0x00, 0x3E, 0x00,
    0x7C, 0x00, 0xD8, 0x03, 0xB8, 0x07, 0x70, 0x0C, 0x60, 0x38, 0xE0, 0x71, 0xC0, 0xE3, 0x83, 0xFF,
    0x87, 0xFF, 0x0E, 0x0E, 0x18, 0x0E, 0x70, 0x1C, 0xE0, 0x39, 0x80, 0x30, 0x01, 0xF0, 0x0F, 0x80,
    0x0C, 0x00, 0xE0, 0xF6, 0x0F, 0xC0, 0xE7, 0x06, 0x18, 0x00, 0x00, 0x00, 0x07, 0xE0, 0xFF, 0x87,
    0x0E, 0x10, 0x70, 0x01, 0x83, 0xFC, 0x7F, 0xE3, 0xC3, 0x38, 0x19, 0xC1, 0xC7, 0x1E, 0x3F, 0xFC,
    0xFD, 0xE0, 0x0F, 0x00, 0x3F, 0xE0, 0x2F, 0x80, 0x00, 0x00, 0x7C, 0x00, 0xF8, 0x03, 0xB8, 0x0E,
    0x38, 0x00, 0x00, 0x07, 0x00, 0x1F, 0x00, 0x3E, 0x00, 0x6C, 0x01, 0xDC, 0x03, 0xB8, 0x06, 0x30,
    0x1C, 0x70, 0x38, 0xE0, 0x71, 0xC1, 0xFF, 0xC3, 0xFF, 0x87, 0x07, 0x0C, 0x07, 0x38, 0x0E, 0x70,
    0x1C, 0xC0, 0x18, 0x3E, 0x41, 0xFE, 0x09, 0xF0, 0x00, 0x00, 0xF0, 0x0F, 0xC0, 0xE7, 0x06, 0x18,
    0x00, 0x00, 0xFC, 0x1F, 0xF0, 0xE1, 0xC2, 0x0E, 0x00, 0x30, 0x7F, 0x8F, 0xFC, 0x78, 0x67, 0x03,
    0x38, 0x38, 0xE3, 0xC7, 0xFF, 0x9F, 0xBC, 0x07, 0xC0, 0x0F, 0x80, 0x3B, 0x80, 0xE3, 0x80, 0x00,
    0x00, 0x00, 0x00, 0xE0, 0x03, 0xE0, 0x07, 0xC0, 0x0D, 0x80, 0x3B, 0x80, 0x77, 0x00, 0xC6, 0x03,
    0x8E, 0x07, 0x1C, 0x0E, 0x38, 0x3F, 0xF8, 0x7F, 0xF0, 0xE0, 0xE1, 0x80, 0xE7, 0x01, 0xCE, 0x03,
    0x98, 0x03, 0x00, 0x00, 0x00, 0x00, 0x07, 0x00, 0x0E, 0x00, 0x1C, 0x00, 0x0F, 0x00, 0xFC, 0x0E,
    0x70, 0x61, 0x80, 0x00, 0x00, 0x00, 0x7E, 0x0F, 0xF8, 0x70, 0xE1, 0x07, 0x00, 0x18, 0x3F, 0xC7,
    0xFE, 0x3C, 0x33, 0x81, 0x9C, 0x1C, 0x71, 0xE3, 0xFF, 0xCF, 0xDE, 0x00, 0x00, 0x00, 0x07, 0x80,
    0x3C, 0x01, 0xE0, 0x00, 0xC0, 0x03, 0x80, 0x07, 0x00, 0x1C, 0x01, 0xB3, 0x03, 0x8E, 0x03, 0xF8,
    0x03, 0xE0, 0x00, 0x00, 0x00, 0x00, 0x0E, 0x00, 0x3E, 0x00, 0x7C, 0x00, 0xD8, 0x03, 0xB8, 0x07,
    0x70, 0x0C, 0x60, 0x38, 0xE0, 0x71, 0xC0, 0xE3, 0x83, 0xFF, 0x87, 0xFF, 0x0E, 0x0E, 0x18, 0x0E,
    0x70, 0x1C, 0xE0, 0x39, 0x80, 0x30, 0x01, 0x80, 0x1C, 0x00, 0xC0, 0x0E, 0x03, 0x6C, 0x1C, 0xE0,
    0x7F, 0x03, 0xF0, 0x00, 0x00, 0xFC, 0x1F, 0xF0, 0xE1, 0xC2, 0x0E, 0x00, 0x30, 0x7F, 0x8F, 0xFC,
    0x78, 0x67, 0x03, 0x38, 0x38, 0xE3, 0xC7, 0xFF, 0x9F, 0xBC, 0x06, 0x00, 0x0E, 0x00, 0x1C, 0x00,
    0x1C, 0x01, 0x9B, 0x03, 0x8E, 0x03, 0xF8, 0x03, 0xE0, 0x00, 0x00, 0x00, 0x00, 0x0E, 0x00, 0x3E,
    0x00, 0x7C, 0x00, 0xD8, 0x03, 0xB8, 0x07, 0x70, 0x0C, 0x60, 0x38, 0xE0, 0x71, 0xC0, 0xE3, 0x83,
    0xFF, 0x87, 0xFF, 0x0E, 0x0E, 0x18, 0x0E, 0x70, 0x1C, 0xE0, 0x39, 0x80, 0x30, 0x1C, 0x00, 0xE0,
    0x03, 0x80, 0x0C, 0x03, 0x6C, 0x1C, 0xE0, 0x7F, 0x01, 0xF0, 0x00, 0x00, 0xFC, 0x1F, 0xF0, 0xE1,
    0xC2, 0x0E, 0x00, 0x30, 0x7F, 0x8F, 0xFC, 0x78, 0x67, 0x03, 0x38, 0x38, 0xE3, 0xC7, 0xFF, 0x9F,
    0xBC, 0x07, 0x80, 0x0F, 0x80, 0x07, 0x00, 0x0C, 0x01, 0xBB, 0x03, 0x8E, 0x03, 0xF8, 0x03, 0xE0,
    0x00, 0x00, 0x00, 0x00, 0x0E, 0x00, 0x3E, 0x00, 0x7C, 0x00, 0xD8, 0x03, 0xB8, 0x07, 0x70, 0x0C,
    0x60, 0x38, 0xE0, 0x71, 0xC0, 0xE3, 0x83, 0xFF, 0x87, 0xFF, 0x0E, 0x0E, 0x18, 0x0E, 0x70, 0x1C,
    0xE0, 0x39, 0x80, 0x30, 0x0F, 0x00, 0x78, 0x00, 0xC0, 0x0E, 0x03, 0x6C, 0x1C, 0xE0, 0x7F, 0x03,
    0xF0, 0x00, 0x00, 0xFC, 0x1F, 0xF0, 0xE1, 0xC2, 0x0E, 0x00, 0x30, 0x7F, 0x8F, 0xFC, 0x78, 0x67,
    0x03, 0x38, 0x38, 0xE3, 0xC7, 0xFF, 0x9F, 0xBC, 0x0E, 0x00, 0x3F, 0x60, 0x6F, 0xC0, 0x07, 0x01,
    0x83, 0x03, 0x8E, 0x03, 0xF8, 0x03, 0xE0, 0x00, 0x00, 0x00, 0x00, 0x0E, 0x00, 0x3E, 0x00, 0x7C,
    0x00, 0xD8, 0x03, 0xB8, 0x07, 0x70, 0x0C, 0x60, 0x38, 0xE0, 0x71, 0xC0, 0xE3, 0x83, 0xFF, 0x87,
    0xFF, 0x0E, 0x0E, 0x18, 0x0E, 0x70, 0x1C, 0xE0, 0x39, 0x80, 0x30, 0x1C, 0x01, 0xFE, 0x0D, 0xF0,
    0x07, 0x03, 0x0C, 0x1C, 0xE0, 0xFF, 0x03, 0xF0, 0x00, 0x00, 0xFC, 0x1F, 0xF0, 0xE1, 0xC2, 0x0E,
    0x00, 0x30, 0x7F, 0x8F, 0xFC, 0x78, 0x67, 0x03, 0x38, 0x38, 0xE3, 0xC7, 0xFF, 0x9F, 0xBC, 0x08,
    0x20, 0x38, 0xE0, 0x31, 0x80, 0x7F, 0x00, 0x7C, 0x00, 0x00, 0x00, 0x00, 0x01, 0xC0, 0x07, 0xC0,
    0x0F, 0x80, 0x1B, 0x00, 0x77, 0x00, 0xEE, 0x01, 0x8C, 0x07, 0x1C, 0x0E, 0x38, 0x1C, 0x70, 0x7F,
    0xF0, 0xFF, 0xE1, 0xC1, 0xC3, 0x01, 0xCE, 0x03, 0x9C, 0x07, 0x30, 0x06, 0x00, 0x00, 0x00, 0x00,
    0x0E, 0x00, 0x1C, 0x00, 0x38, 0x00, 0x10, 0x01, 0x86, 0x0E, 0x70, 0x3F, 0x00, 0xF8, 0x00, 0x00,
    0x00, 0x03, 0xF0, 0x7F, 0xC3, 0x87, 0x08, 0x38, 0x00, 0xC1, 0xFE, 0x3F, 0xF1, 0xE1, 0x9C, 0x0C,
    0xE0, 0xE3, 0x8F, 0x1F, 0xFE, 0x7E, 0xF0, 0x00, 0x00, 0x00, 0x3C, 0x01, 0xE0, 0x0F, 0x00, 0xFF,
    0xFF, 0xFF, 0x80, 0x70, 0x0E, 0x01, 0xC0, 0x38, 0x07, 0xFF, 0xFF, 0xFC, 0x03, 0x80, 0x70, 0x0E,
    0x01, 0xC0, 0x38, 0x07, 0xFF, 0xFF, 0xE0, 0x00, 0x00, 0x07, 0x00, 0xE0, 0x1C, 0x00, 0x1F, 0xC1,
    0xFF, 0x1E, 0x3C, 0xE0, 0xE6, 0x03, 0xFF, 0xFF, 0xFF, 0xFC, 0x00, 0x60, 0x03, 0x81, 0x9E, 0x1C,
    0x7F, 0xC1, 0xFC, 0x00, 0x00, 0x00, 0x00, 0xE0, 0x07, 0x00, 0x38, 0x00, 0x1F, 0x03, 0xE0, 0x0C,
    0x03, 0x80, 0x60, 0x00, 0x00, 0x07, 0xFF, 0xFF, 0xFC, 0x03, 0x80, 0x70, 0x0E, 0x01, 0xC0, 0x3F,
    0xFF, 0xFF, 0xE0, 0x1C, 0x03, 0x80, 0x70, 0x0E, 0x01, 0xC0, 0x3F, 0xFF, 0xFF, 0x0F, 0x80, 0x7C,
    0x00, 0x60, 0x07, 0x00, 0x30, 0x00, 0x00, 0x7F, 0x07, 0xFC, 0x78, 0xF3, 0x83, 0x98, 0x0F, 0xFF,
    0xFF, 0xFF, 0xF0, 0x01, 0x80, 0x0E, 0x06, 0x78, 0x71, 0xFF, 0x07, 0xF0, 0x3C, 0x0F, 0xF8, 0x9E,
    0x00, 0x00, 0x01, 0xFF, 0xFF, 0xFF, 0x00, 0xE0, 0x1C, 0x03, 0x80, 0x70, 0x0F, 0xFF, 0xFF, 0xF8,
    0x07, 0x00, 0xE0, 0x1C, 0x03, 0x80, 0x70, 0x0F, 0xFF, 0xFF, 0xC0, 0x1E, 0x41, 0xFF, 0x04, 0xF0,
    0x00, 0x00, 0x00, 0x0F, 0xE0, 0xFF, 0x8F, 0x1E, 0x70, 0x73, 0x01, 0xFF, 0xFF, 0xFF, 0xFE, 0x00,
    0x30, 0x01, 0xC0, 0xCF, 0x0E, 0x3F, 0xE0, 0xFE, 0x00, 0x00, 0x30, 0x03, 0x80, 0x1C, 0x01, 0xC0,
    0xFC, 0x0F, 0x80, 0xEE, 0x0E, 0x38, 0x00, 0x00, 0x00, 0x3F, 0xF9, 0xFF, 0xCE, 0x00, 0x70, 0x03,
    0x80, 0x1C, 0x00, 0xE0, 0x07, 0xFF, 0x3F, 0xF9, 0xC0, 0x0E, 0x00, 0x70, 0x03, 0x80, 0x1C, 0x00,
    0xE0, 0x07, 0xFF, 0x3F, 0xF8, 0x00, 0x18, 0x00, 0xE0, 0x03, 0x80, 0x1C, 0x0F, 0xE0, 0x3E, 0x01,
    0xDC, 0x0E, 0x38, 0x00, 0x00, 0x00, 0x01, 0xFC, 0x0F, 0xF8, 0x78, 0xF1, 0xC1, 0xC6, 0x03, 0xBF,
    0xFE, 0xFF, 0xFB, 0x80, 0x06, 0x00, 0x1C, 0x0C, 0x78, 0x70, 0xFF, 0x81, 0xFC, 0x00, 0x40, 0x0E,
    0x00, 0x60, 0x07, 0x00, 0x37, 0x80, 0xF8, 0x1D, 0xC3, 0x8E, 0x00, 0x00, 0x00, 0x7F, 0xF7, 0xFF,
    0x70, 0x07, 0x00, 0x70, 0x07, 0x00, 0x70, 0x07, 0xFF, 0x7F, 0xF7, 0x00, 0x70, 0x07, 0x00, 0x70,
    0x07, 0x00, 0x70, 0x07, 0xFF, 0x7F, 0xF0, 0x40, 0x07, 0x00, 0x18, 0x00, 0xE0, 0x03, 0xF8, 0x07,
    0xC0, 0x77, 0x07, 0x1C, 0x00, 0x00, 0x00, 0x07, 0xF0, 0x7F, 0xC7, 0x8F, 0x38, 0x39, 0x80, 0xFF,
    0xFF, 0xFF, 0xFF, 0x00, 0x18, 0x00, 0xE0, 0x67, 0x87, 0x1F, 0xF0, 0x7F, 0x00, 0x01, 0xE0, 0x1F,
    0x00, 0x70, 0x06, 0x0F, 0xE1, 0xF0, 0x3B, 0x87, 0x1C, 0x00, 0x00, 0x00, 0xFF, 0xEF, 0xFE, 0xE0,
    0x0E, 0x00, 0xE0, 0x0E, 0x00, 0xE0, 0x0F, 0xFE, 0xFF, 0xEE, 0x00, 0xE0, 0x0E, 0x00, 0xE0, 0x0E,
    0x00, 0xE0, 0x0F, 0xFE, 0xFF, 0xE0, 0x00, 0xF0, 0x0F, 0xC0, 0x0E, 0x00, 0x60, 0xFE, 0x07, 0xC0,
    0x77, 0x07, 0x1C, 0x00, 0x00, 0x00, 0x07, 0xF0, 0x7F, 0xC7, 0x8F, 0x38, 0x39, 0x80, 0xFF, 0xFF,
    0xFF, 0xFF, 0x00, 0x18, 0x00, 0xE0, 0x67, 0x87, 0x1F, 0xF0, 0x7F, 0x00, 0x3C, 0x0F, 0xF8, 0xBF,
    0x00, 0x01, 0xF0, 0x3F, 0x0E, 0xE1, 0x8E, 0x00, 0x1F, 0xFF, 0xFF, 0xF0, 0x0E, 0x01, 0xC0, 0x38,
    0x07, 0x00, 0xFF, 0xFF, 0xFF, 0x80, 0x70, 0x0E, 0x01, 0xC0, 0x38, 0x07, 0x00, 0xFF, 0xFF, 0xFC,
    0x1E, 0x01, 0xFF, 0x04, 0xF0, 0x00, 0x00, 0xF8, 0x07, 0xE0, 0x77, 0x07, 0x1C, 0x00, 0x00, 0xFE,
    0x0F, 0xF8, 0xF1, 0xE7, 0x07, 0x30, 0x1F, 0xFF, 0xFF, 0xFF, 0xE0, 0x03, 0x00, 0x1C, 0x0C, 0xF0,
    0xE3, 0xFE, 0x0F, 0xE0, 0x0F, 0x03, 0xF0, 0xEE, 0x38, 0xE0, 0x00, 0x00, 0x3F, 0xFF, 0xFF, 0xE0,
    0x1C, 0x03, 0x80, 0x70, 0x0E, 0x01, 0xFF, 0xFF, 0xFF, 0x00, 0xE0, 0x1C, 0x03, 0x80, 0x70, 0x0E,
    0x01, 0xFF, 0xFF, 0xF8, 0x00, 0x00, 0x01, 0xC0, 0x38, 0x07, 0x00, 0x0F, 0x80, 0x7C, 0x07, 0x70,
    0x71, 0xC0, 0x00, 0x00, 0x00, 0x7F, 0x07, 0xFC, 0x78, 0xF3, 0x83, 0x98, 0x0F, 0xFF, 0xFF, 0xFF,
    0xF0, 0x01, 0x80, 0x0E, 0x06, 0x78, 0x71, 0xFF, 0x07, 0xF0, 0x00, 0x00, 0x00, 0x03, 0x80, 0x1C,
    0x00, 0xE0, 0x1F, 0x03, 0xE0, 0x0C, 0x03, 0x80, 0x60, 0x00, 0x00, 0x07, 0xFF, 0xFF, 0xE1, 0xC0,
    0x38, 0x07, 0x00, 0xE0, 0x1C, 0x03, 0x80, 0x70, 0x0E, 0x01, 0xC0, 0x38, 0x07, 0x00, 0xE0, 0x1C,
    0x3F, 0xFF, 0xFF, 0x0F, 0x00, 0xF8, 0x03, 0x80, 0x30, 0x03, 0x00, 0x00, 0xFF, 0x0F, 0xF0, 0x07,
    0x00, 0x70, 0x07, 0x00, 0x70, 0x07, 0x00, 0x70, 0x07, 0x00, 0x70, 0x07, 0x0F, 0xFF, 0xFF, 0xF0,
    0xFF, 0xFF, 0xFC, 0x38, 0x07, 0x00, 0xE0, 0x1C, 0x03, 0x80, 0x70, 0x0E, 0x01, 0xC0, 0x38, 0x07,
    0x00, 0xE0, 0x1C, 0x03, 0x87, 0xFF, 0xFF, 0xE0, 0x00, 0x00, 0x07, 0x00, 0xE0, 0x1C, 0x00, 0x0F,
    0x00, 0xF0, 0x0E, 0x00, 0x00, 0x00, 0x0F, 0xE0, 0xFE, 0x00, 0x60, 0x06, 0x00, 0x60, 0x06, 0x00,
    0x60, 0x06, 0x00, 0x60, 0x06, 0x00, 0x60, 0xFF, 0xFF, 0xFF, 0x00, 0x00, 0x00, 0x07, 0x00, 0x70,
    0x07, 0x00, 0x1F, 0xC1, 0xFF, 0x1E, 0x3C, 0xE0, 0xE6, 0x03, 0x70, 0x1F, 0x80, 0xFC, 0x07, 0xE0,
    0x3F, 0x01, 0xF8, 0x0F, 0xC0, 0x76, 0x03, 0x38, 0x39, 0xE3, 0xC7, 0xFC, 0x1F, 0xC0, 0x00, 0x00,
    0x00, 0x0E, 0x00, 0x70, 0x03, 0x80, 0x1F, 0xC1, 0xFF, 0x1E, 0x3C, 0xE0, 0xE6, 0x03, 0x70, 0x1F,
    0x80, 0xFC, 0x07, 0x60, 0x33, 0x83, 0x9E, 0x3C, 0x7F, 0xC1, 0xFC, 0x00, 0x00, 0x00, 0x00, 0xE0,
    0x07, 0x00, 0x38, 0x00, 0x0F, 0x80, 0x7C, 0x00, 0x60, 0x07, 0x00, 0x30, 0x00, 0x00, 0x00, 0x03,
    0xF8, 0x3F, 0xE3, 0xC7, 0x9C, 0x1C, 0xC0, 0x6E, 0x03, 0xF0, 0x1F, 0x80, 0xFC, 0x07, 0xE0, 0x3F,
    0x01, 0xF8, 0x0E, 0xC0, 0x67, 0x07, 0x3C, 0x78, 0xFF, 0x83, 0xF8, 0x0F, 0x80, 0x7C, 0x00, 0x60,
    0x07, 0x00, 0x30, 0x00, 0x00, 0x7F, 0x07, 0xFC, 0x78, 0xF3, 0x83, 0x98, 0x0D, 0xC0, 0x7E, 0x03,
    0xF0, 0x1D, 0x80, 0xCE, 0x0E, 0x78, 0xF1, 0xFF, 0x07, 0xF0, 0x00, 0x10, 0x01, 0xC0, 0x0E, 0x00,
    0xE0, 0xFE, 0x07, 0xC0, 0x77, 0x07, 0x1C, 0x00, 0x00, 0x00, 0x07, 0xF0, 0x7F, 0xC7, 0x8F, 0x38,
    0x39, 0x80, 0xDC, 0x07, 0xE0, 0x3F, 0x01, 0xF8, 0x0F, 0xC0, 0x7E, 0x03, 0xF0, 0x1D, 0x80, 0xCE,
    0x0E, 0x78, 0xF1, 0xFF, 0x07, 0xF0, 0x00, 0x10, 0x01, 0xC0, 0x0E, 0x00, 0xE0, 0xFE, 0x07, 0xC0,
    0x77, 0x07, 0x1C, 0x00, 0x00, 0x00, 0x07, 0xF0, 0x7F, 0xC7, 0x8F, 0x38, 0x39, 0x80, 0xDC, 0x07,
    0xE0, 0x3F, 0x01, 0xD8, 0x0C, 0xE0, 0xE7, 0x8F, 0x1F, 0xF0, 0x7F, 0x00, 0x40, 0x07, 0x00, 0x38,
    0x00, 0xE0, 0x03, 0xF8, 0x07, 0xC0, 0x77, 0x07, 0x1C, 0x00, 0x00, 0x00, 0x07, 0xF0, 0x7F, 0xC7,
    0x8F, 0x38, 0x39, 0x80, 0xDC, 0x07, 0xE0, 0x3F, 0x01, 0xF8, 0x0F, 0xC0, 0x7E, 0x03, 0xF0, 0x1D,
    0x80, 0xCE, 0x0E, 0x78, 0xF1, 0xFF, 0x07, 0xF0, 0x40, 0x07, 0x00, 0x38, 0x00, 0xE0, 0x03, 0xF8,
    0x07, 0xC0, 0x77, 0x07, 0x1C, 0x00, 0x00, 0x00, 0x07, 0xF0, 0x7F, 0xC7, 0x8F, 0x38, 0x39, 0x80,
    0xDC, 0x07, 0xE0, 0x3F, 0x01, 0xD8, 0x0C, 0xE0, 0xE7, 0x8F, 0x1F, 0xF0, 0x7F, 0x00, 0x00, 0xF0,
    0x0F, 0xC0, 0x0E, 0x00, 0x60, 0xFE, 0x07, 0xC0, 0x77, 0x07, 0x1C, 0x00, 0x00, 0x00, 0x07, 0xF0,
    0x7F, 0xC7, 0x8F, 0x38, 0x39, 0x80, 0xDC, 0x07, 0xE0, 0x3F, 0x01, 0xF8, 0x0F, 0xC0, 0x7E, 0x03,
    0xF0, 0x1D, 0x80, 0xCE, 0x0E, 0x78, 0xF1, 0xFF, 0x07, 0xF0, 0x00, 0xF0, 0x0F, 0xC0, 0x0E, 0x00,
    0x60, 0xFE, 0x07, 0xC0, 0x77, 0x07, 0x1C, 0x00, 0x00, 0x00, 0x07, 0xF0, 0x7F, 0xC7, 0x8F, 0x38,
    0x39, 0x80, 0xDC, 0x07, 0xE0, 0x3F, 0x01, 0xD8, 0x0C, 0xE0, 0xE7, 0x8F, 0x1F, 0xF0, 0x7F, 0x00,
    0x1E, 0x01, 0xFF, 0x05, 0xF0, 0x00, 0x00, 0xF8, 0x07, 0xC0, 0x77, 0x07, 0x1C, 0x00, 0x00, 0xFE,
    0x0F, 0xF8, 0xF1, 0xE7, 0x07, 0x30, 0x1B, 0x80, 0xFC, 0x07, 0xE0, 0x3F, 0x01, 0xF8, 0x0F, 0xC0,
    0x7E, 0x03, 0xB0, 0x19, 0xC1, 0xCF, 0x1E, 0x3F, 0xE0, 0xFE, 0x00, 0x1E, 0x41, 0xFF, 0x04, 0xF0,
    0x00, 0x00, 0xF8, 0x07, 0xC0, 0x77, 0x07, 0x1C, 0x00, 0x00, 0xFE, 0x0F, 0xF8, 0xF1, 0xE7, 0x07,
    0x30, 0x1B, 0x80, 0xFC, 0x07, 0xE0, 0x3B, 0x01, 0x9C, 0x1C, 0xF1, 0xE3, 0xFE, 0x0F, 0xE0, 0x0F,
    0x80, 0x7C, 0x07, 0x70, 0x71, 0xC0, 0x00, 0x00, 0x00, 0x7F, 0x07, 0xFC, 0x78, 0xF3, 0x83, 0x98,
    0x0D, 0xC0, 0x7E, 0x03, 0xF0, 0x1F, 0x80, 0xFC, 0x07, 0xE0, 0x3F, 0x01, 0xD8, 0x0C, 0xE0, 0xE7,
    0x8F, 0x1F, 0xF0, 0x7F, 0x00, 0x00, 0x00, 0x00, 0x38, 0x01, 0xC0, 0x0E, 0x00, 0x0F, 0x80, 0x7C,
    0x07, 0x70, 0x71, 0xC0, 0x00, 0x00, 0x00, 0x7F, 0x07, 0xFC, 0x78, 0xF3, 0x83, 0x98, 0x0D, 0xC0,
    0x7E, 0x03, 0xF0, 0x1D, 0x80, 0xCE, 0x0E, 0x78, 0xF1, 0xFF, 0x07, 0xF0, 0x00, 0x00, 0x00, 0x03,
    0x80, 0x1C, 0x00, 0xE0, 0x01, 0x80, 0x1C, 0x00, 0xE0, 0x0E, 0x00, 0x71, 0x80, 0x0C, 0x00, 0x63,
    0xFF, 0x3F, 0xFB, 0xC7, 0x9C, 0x1C, 0xC0, 0x6E, 0x03, 0xF0, 0x1F, 0x80, 0xFC, 0x07, 0xE0, 0x3F,
    0x01, 0xF8, 0x0E, 0xC0, 0x77, 0x07, 0x3C, 0x78, 0xFF, 0x83, 0xF8, 0x01, 0x00, 0x0C, 0x00, 0xE0,
    0x06, 0x00, 0x71, 0x81, 0x1C, 0x00, 0xE3, 0xFF, 0x3F, 0xF3, 0xC7, 0x9C, 0x1C, 0xC0, 0x6E, 0x03,
    0xF0, 0x1F, 0x80, 0xEC, 0x06, 0x70, 0x73, 0xC7, 0x8F, 0xF8, 0x3F, 0x80, 0x0C, 0x00, 0x70, 0x03,
    0x80, 0x0E, 0x00, 0x71, 0x80, 0x0C, 0x00, 0x63, 0xFF, 0x3F, 0xFB, 0xC7, 0x9C, 0x1C, 0xC0, 0x6E,
    0x03, 0xF0, 0x1F, 0x80, 0xFC, 0x07, 0xE0, 0x3F, 0x01, 0xF8, 0x0E, 0xC0, 0x77, 0x07, 0x3C, 0x78,
    0xFF, 0x83, 0xF8, 0x04, 0x00, 0x60, 0x03, 0x80, 0x0C, 0x00, 0x71, 0x81, 0x1C, 0x00, 0xE3, 0xFF,
    0x3F, 0xF3, 0xC7, 0x9C, 0x1C, 0xC0, 0x6E, 0x03, 0xF0, 0x1F, 0x80, 0xEC, 0x06, 0x70, 0x73, 0xC7,
    0x8F, 0xF8, 0x3F, 0x80, 0x0F, 0x80, 0x7C, 0x00, 0x60, 0x07, 0x00, 0x31, 0x80, 0x0C, 0x00, 0x63,
    0xFF, 0x3F, 0xFB, 0xC7, 0x9C, 0x1C, 0xC0, 0x6E, 0x03, 0xF0, 0x1F, 0x80, 0xFC, 0x07, 0xE0, 0x3F,
    0x01, 0xF8, 0x0E, 0xC0, 0x77, 0x07, 0x3C, 0x78, 0xFF, 0x83, 0xF8, 0x0F, 0x80, 0x7C, 0x00, 0x60,
    0x07, 0x30, 0x33, 0x80, 0x1C, 0x7F, 0xE7, 0xFE, 0x78, 0xF3, 0x83, 0x98, 0x0D, 0xC0, 0x7E, 0x03,
    0xF0, 0x1D, 0x80, 0xCE, 0x0E, 0x78, 0xF1, 0xFF, 0x07, 0xF0, 0x1E, 0x41, 0xFF, 0x05, 0xF6, 0x00,
    0x30, 0x01, 0x8F, 0xFC, 0xFF, 0xEF, 0x1E, 0x70, 0x73, 0x01, 0xB8, 0x0F, 0xC0, 0x7E, 0x03, 0xF0,
    0x1F, 0x80, 0xFC, 0x07, 0xE0, 0x3B, 0x01, 0xDC, 0x1C, 0xF1, 0xE3, 0xFE, 0x0F, 0xE0, 0x1F, 0xC0,
    0xFE, 0xC0, 0x0E, 0x00, 0x71, 0xFF, 0x9F, 0xF9, 0xE3, 0xCE, 0x0E, 0x60, 0x37, 0x01, 0xF8, 0x0F,
    0xC0, 0x76, 0x03, 0x38, 0x39, 0xE3, 0xC7, 0xFC, 0x1F, 0xC0, 0x00, 0x18, 0x00, 0xC0, 0x06, 0x3F,
    0xF3, 0xFF, 0xBC, 0x79, 0xC1, 0xCC, 0x06, 0xE0, 0x3F, 0x01, 0xF8, 0x0F, 0xC0, 0x7E, 0x03, 0xF0,
    0x1F, 0x80, 0xEC, 0x07, 0x70, 0x73, 0xC7, 0x8F, 0xF8, 0x3F, 0x80, 0x00, 0x00, 0x00, 0x1C, 0x00,
    0xE0, 0x07, 0x00, 0x00, 0x18, 0x01, 0xC0, 0x0E, 0x3F, 0xF3, 0xFF, 0x3C, 0x79, 0xC1, 0xCC, 0x06,
    0xE0, 0x3F, 0x01, 0xF8, 0x0E, 0xC0, 0x67, 0x07, 0x3C, 0x78, 0xFF, 0x83, 0xF8, 0x00, 0x00, 0x00,
    0x01, 0xC0, 0x0E, 0x00, 0x70, 0x00, 0xC0, 0x78, 0x0F, 0x01, 0xE0, 0x3C, 0x07, 0x80, 0xF0, 0x1E,
    0x03, 0xC0, 0x78, 0x0F, 0x01, 0xF0, 0x7E, 0x0F, 0xC1, 0xFC, 0x7B, 0xFE, 0x3F, 0x80, 0x00, 0x00,
    0x07, 0x00, 0xE0, 0x1C, 0x00, 0xE0, 0xFC, 0x1F, 0x83, 0xF0, 0x7E, 0x0F, 0xC1, 0xF8, 0x3F, 0x07,
    0xE0, 0xFC, 0x1F, 0xC7, 0xBF, 0xF3, 0xEE, 0x00, 0x00, 0x00, 0x70, 0x0E, 0x01, 0xC0, 0x1F, 0x03,
    0xE0, 0x0C, 0x03, 0x80, 0x60, 0x00, 0x00, 0x06, 0x03, 0xC0, 0x78, 0x0F, 0x01, 0xE0, 0x3C, 0x07,
    0x80, 0xF0, 0x1E, 0x03, 0xC0, 0x78, 0x0F, 0x83, 0xF0, 0x7E, 0x0F, 0xE3, 0xDF, 0xF1, 0xFC, 0x1F,
    0x03, 0xE0, 0x0C, 0x03, 0x80, 0x60, 0x00, 0x38, 0x3F, 0x07, 0xE0, 0xFC, 0x1F, 0x83, 0xF0, 0x7E,
    0x0F, 0xC1, 0xF8, 0x3F, 0x07, 0xF1, 0xEF, 0xFC, 0xFB, 0x80, 0x03, 0x00, 0x38, 0x01, 0xC0, 0x1C,
    0x00, 0xE1, 0x80, 0x0C, 0x00, 0x78, 0x0F, 0xC0, 0x66, 0x03, 0x30, 0x19, 0x80, 0xCC, 0x06, 0x60,
    0x33, 0x01, 0x98, 0x0C, 0xC0, 0x66, 0x03, 0x38, 0x39, 0xC1, 0xCE, 0x0E, 0x78, 0xF1, 0xFF, 0x07,
    0xF0, 0x02, 0x00, 0x18, 0x01, 0xC0, 0x0C, 0x00, 0xE1, 0x82, 0x0C, 0x00, 0xFC, 0x1F, 0xE0, 0xE7,
    0x07, 0x38, 0x39, 0xC1, 0xCE, 0x0E, 0x70, 0x73, 0x83, 0x9C, 0x1C, 0xE0, 0xE7, 0x8F, 0x1F, 0xF8,
    0x7D, 0xC0, 0x18, 0x00, 0xE0, 0x07, 0x00, 0x1C, 0x00, 0xE1, 0x80, 0x0C, 0x00, 0x78, 0x0F, 0xC0,
    0x66, 0x03, 0x30, 0x19, 0x80, 0xCC, 0x06, 0x60, 0x33, 0x01, 0x98, 0x0C, 0xC0, 0x66, 0x03, 0x38,
    0x39, 0xC1, 0xCE, 0x0E, 0x78, 0xF1, 0xFF, 0x07, 0xF0, 0x08, 0x01, 0xC0, 0x07, 0x00, 0x18, 0x00,
    0xE1, 0x82, 0x0C, 0x00, 0xFC, 0x1F, 0xE0, 0xE7, 0x07, 0x38, 0x39, 0xC1, 0xCE, 0x0E, 0x70, 0x73,
    0x83, 0x9C, 0x1C, 0xE0, 0xE7, 0x8F, 0x1F, 0xF8, 0x7D, 0xC0, 0x1F, 0x00, 0xF8, 0x00, 0xC0, 0x0E,
    0x00, 0x61, 0x80, 0x0C, 0x00, 0x78, 0x0F, 0xC0, 0x66, 0x03, 0x30, 0x19, 0x80, 0xCC, 0x06, 0x60,
    0x33, 0x01, 0x98, 0x0C, 0xC0, 0x66, 0x03, 0x38, 0x39, 0xC1, 0xCE, 0x0E, 0x78, 0xF1, 0xFF, 0x07,
    0xF0, 0x1F, 0x00, 0xF8, 0x00, 0xC0, 0x0E, 0x30, 0x61, 0x80, 0x1F, 0x83, 0xFC, 0x1C, 0xE0, 0xE7,
    0x07, 0x38, 0x39, 0xC1, 0xCE, 0x0E, 0x70, 0x73, 0x83, 0x9C, 0x1C, 0xF1, 0xE3, 0xFF, 0x0F, 0xB8,
    0x3C, 0x83, 0xFE, 0x0B, 0xE6, 0x00, 0x30, 0x01, 0xE0, 0x3F, 0x01, 0x98, 0x0C, 0xC0, 0x66, 0x03,
    0x30, 0x19, 0x80, 0xCC, 0x06, 0x60, 0x33, 0x01, 0x98, 0x0C, 0xE0, 0xE7, 0x07, 0x38, 0x39, 0xE3,
    0xC7, 0xFC, 0x1F, 0xC0, 0x7F, 0x81, 0xFC, 0xC0, 0x06, 0x00, 0x7E, 0x0F, 0xF0, 0x73, 0x83, 0x9C,
    0x1C, 0xE0, 0xE7, 0x07, 0x38, 0x39, 0xC1, 0xCE, 0x0E, 0x70, 0x73, 0xC7, 0x8F, 0xFC, 0x3E, 0xE0,
    0x00, 0x18, 0x00, 0xC0, 0x07, 0x80, 0xFC, 0x06, 0x60, 0x33, 0x01, 0x98, 0x0C, 0xC0, 0x66, 0x03,
    0x30, 0x19, 0x80, 0xCC, 0x06, 0x60, 0x33, 0x83, 0x9C, 0x1C, 0xE0, 0xE7, 0x8F, 0x1F, 0xF0, 0x7F,
    0x00, 0x00, 0x00, 0x00, 0x38, 0x01, 0xC0, 0x0E, 0x00, 0x00, 0x18, 0x00, 0xC0, 0x0F, 0xC1, 0xFE,
    0x0E, 0x70, 0x73, 0x83, 0x9C, 0x1C, 0xE0, 0xE7, 0x07, 0x38, 0x39, 0xC1, 0xCE, 0x0E, 0x78, 0xF1,
    0xFF, 0x87, 0xDC, 0x00, 0x00, 0x00, 0x03, 0x80, 0x1C, 0x00, 0xE0, 0x00, 0x06, 0x00, 0x0E, 0x00,
    0x1C, 0x00, 0x1C, 0x00, 0x38, 0x00, 0x00, 0x00, 0x00, 0x78, 0x07, 0x70, 0x1C, 0xF0, 0x78, 0xE0,
    0xE0, 0xE3, 0x81, 0xC7, 0x01, 0xDC, 0x03, 0xB8, 0x03, 0xE0, 0x03, 0x80, 0x07, 0x00, 0x0E, 0x00,
    0x1C, 0x00, 0x38, 0x00, 0x70, 0x00, 0xE0, 0x01, 0xC0, 0x04, 0x00, 0x60, 0x03, 0x80, 0x0C, 0x00,
    0x70, 0x01, 0x00, 0x00, 0x1C, 0x07, 0x60, 0x33, 0x83, 0x9C, 0x1C, 0x70, 0xC3, 0x8E, 0x0C, 0x60,
    0x77, 0x03, 0xB8, 0x0F, 0x80, 0x7C, 0x01, 0xC0, 0x0E, 0x00, 0x70, 0x07, 0x00, 0x38, 0x0F, 0x80,
    0x7C, 0x00, 0xF0, 0x0E, 0xE0, 0x39, 0xE0, 0xF1, 0xC1, 0xC1, 0xC7, 0x03, 0x8E, 0x03, 0xB8, 0x07,
    0x70, 0x07, 0xC0, 0x07, 0x00, 0x0E, 0x00, 0x1C, 0x00, 0x38, 0x00, 0x70, 0x00, 0xE0, 0x01, 0xC0,
    0x03, 0x80, 0x00, 0x00, 0x00, 0x00, 0x1C, 0x00, 0x38, 0x00, 0x70, 0x00, 0xE0, 0x3B, 0x01, 0x9C,
    0x1C, 0xE0, 0xE3, 0x86, 0x1C, 0x70, 0x63, 0x03, 0xB8, 0x1D, 0xC0, 0x7C, 0x03, 0xE0, 0x0E, 0x00,
    0x70, 0x03, 0x80, 0x38, 0x01, 0xCE, 0x7C, 0x73, 0xE3, 0x80, 0x07, 0xC0, 0x0F, 0x80, 0x03, 0x00,
    0x0E, 0x00, 0x18, 0x00, 0x00, 0x00, 0x00, 0x78, 0x07, 0x70, 0x1C, 0xF0, 0x78, 0xE0, 0xE0, 0xE3,
    0x81, 0xC7, 0x01, 0xDC, 0x03, 0xB8, 0x03, 0xE0, 0x03, 0x80, 0x07, 0x00, 0x0E, 0x00, 0x1C, 0x00,
    0x38, 0x00, 0x70, 0x00, 0xE0, 0x01, 0xC0, 0x0F, 0x80, 0x7C, 0x00, 0x60, 0x07, 0x00, 0x30, 0x00,
    0x03, 0x80, 0xEC, 0x06, 0x70, 0x73, 0x83, 0x8E, 0x18, 0x71, 0xC1, 0x8C, 0x0E, 0xE0, 0x77, 0x01,
    0xF0, 0x0F, 0x80, 0x38, 0x01, 0xC0, 0x0E, 0x00, 0xE0, 0x07, 0x01, 0xF0, 0x0F, 0x80, 0x0F, 0x20,
    0x3F, 0xE0, 0x27, 0x80, 0x00, 0x00, 0x00, 0x1E, 0x01, 0xDC, 0x07, 0x3C, 0x1E, 0x38, 0x38, 0x38,
    0xE0, 0x71, 0xC0, 0x77, 0x00, 0xEE, 0x00, 0xF8, 0x00, 0xE0, 0x01, 0xC0, 0x03, 0x80, 0x07, 0x00,
    0x0E, 0x00, 0x1C, 0x00, 0x38, 0x00, 0x70, 0x00, 0x1E, 0x41, 0xFF, 0x04, 0xF0, 0x00, 0x00, 0x00,
    0x70, 0x1D, 0x80, 0xCE, 0x0E, 0x70, 0x71, 0xC3, 0x0E, 0x38, 0x31, 0x81, 0xDC, 0x0E, 0xE0, 0x3E,
    0x01, 0xF0, 0x07, 0x00, 0x38, 0x01, 0xC0, 0x1C, 0x00, 0xE0, 0x3E, 0x01, 0xF0, 0x00, 0xFF, 0xFF,
    0xFF, 0xFF, 0xFC, 0x87, 0x37, 0x8C, 0x7B, 0xF3, 0x0C, 0x30, 0xC3, 0x0C, 0x30, 0xC3, 0x0C, 0x30,
    0xC3, 0x00, 0x00, 0x30, 0x37, 0xEC, 0xDB, 0x30, 0x60, 0xC1, 0x83, 0x06, 0x0C, 0x18, 0x30, 0x60,
    0xC1, 0x83, 0x06, 0x00, 0x00, 0x61, 0x83, 0xF6, 0x66, 0xC1, 0x83, 0x06, 0x0C, 0x18, 0x30, 0x60,
    0xC1, 0x83, 0x06, 0x0C, 0x18, 0x30, 0xFF, 0xFF, 0xFD, 0xFB, 0xF0, 0xFF, 0xFF, 0xFF, 0xC0, 0xFF,
    0xFF, 0xDF, 0xFF, 0xF8, 0x1C, 0x73, 0x8E, 0x39, 0xE7, 0x80, 0x79, 0xE7, 0x1C, 0x73, 0x8E, 0x00,
    0x7B, 0x9D, 0xEE, 0x73, 0x00, 0x38, 0xE7, 0x1D, 0xC7, 0x38, 0xE7, 0x1D, 0xE7, 0xBC, 0xF0, 0x38,
    0xE7, 0x9E, 0x79, 0xE7, 0x1C, 0x71, 0xC6, 0x18, 0xE3, 0x80, 0x38, 0xE7, 0x9E, 0x79, 0xE7, 0x1C,
    0x71, 0xC6, 0x18, 0xE3, 0x80, 0x07, 0x00, 0x38, 0x01, 0xC0, 0x0E, 0x00, 0x70, 0x7F, 0xFF, 0xFF,
    0xE0, 0xE0, 0x07, 0x00, 0x38, 0x01, 0xC0, 0x0E, 0x00, 0x70, 0x03, 0x80, 0x1C, 0x00, 0xE0, 0x07,
    0x00, 0x38, 0x01, 0xC0, 0x0E, 0x00, 0x70, 0x03, 0x80, 0x1C, 0x00, 0x07, 0x00, 0x38, 0x01, 0xC0,
    0x0E, 0x00, 0x70, 0x7F, 0xFF, 0xFF, 0xE0, 0xE0, 0x07, 0x00, 0x38, 0x01, 0xC0, 0x0E, 0x00, 0x70,
    0x03, 0x80, 0x1C, 0x00, 0xE0, 0xFF, 0xFF, 0xFF, 0xC1, 0xC0, 0x0E, 0x00, 0x70, 0x03, 0x80, 0x1C,
    0x00, 0xFF, 0xFF, 0xFF, 0x80, 0xF1, 0xE1, 0xFE, 0x3C, 0x3F, 0xC7, 0x87, 0x80, 0x3E, 0x03, 0x80,
    0x03, 0xF8, 0x38, 0x00, 0x38, 0xC1, 0x80, 0x01, 0xC7, 0x1C, 0x00, 0x0E, 0x39, 0xC0, 0x00, 0x71,
    0xCC, 0x00, 0x03, 0x8C, 0xE0, 0x00, 0x0F, 0xEE, 0xF8, 0xFC, 0x3E, 0xEF, 0xE7, 0xF0, 0x07, 0xE3,
    0x73, 0x80, 0x77, 0x1F, 0x0C, 0x07, 0x38, 0xF8, 0x60, 0x31, 0xC7, 0xC3, 0x03, 0x8E, 0x3E, 0x18,
    0x38, 0x71, 0xB9, 0xC3, 0x81, 0xFC, 0xFE, 0x1C, 0x07, 0xC7, 0xE0, 0x00, 0x18, 0x71, 0xC7, 0x1E,
    0x38, 0x78, 0x78, 0x78, 0x30, 0x20, 0x00, 0xC1, 0xC1, 0xC1, 0xC3, 0xC3, 0x8F, 0x3C, 0xF1, 0x82,
    0x00, 0x00, 0x0E, 0x00, 0x18, 0x00, 0x70, 0x01, 0xC0, 0x03, 0x00, 0x0E, 0x00, 0x18, 0x00, 0x30,
    0x00, 0x00, 0x18, 0x00, 0x30, 0x00, 0xE0, 0x01, 0x80, 0x07, 0x00, 0x1C, 0x00, 0x30, 0x00, 0xE0,
    0x00, 0x77, 0xBC, 0xE0, 0x00, 0x0E, 0x73, 0x8E, 0x71, 0x8C, 0x3E, 0x3F, 0x98, 0xCC, 0x67, 0xF3,
    0x59, 0x8C, 0xFE, 0x3E, 0x00, 0x0E, 0x0F, 0x07, 0x86, 0xC7, 0x63, 0x33, 0xFE, 0xFE, 0x06, 0x00,
    0xFF, 0xFB, 0x07, 0xEF, 0xE0, 0xF1, 0xFF, 0x7C, 0x3C, 0x70, 0x60, 0xFC, 0xFE, 0xC6, 0xC6, 0xFE,
    0x7C, 0xFF, 0xFF, 0x38, 0x61, 0xC3, 0x0E, 0x18, 0x70, 0x3E, 0x3F, 0x9D, 0xC7, 0xC7, 0xF3, 0x19,
    0x8C, 0xFE, 0x3E, 0x00, 0x3E, 0x7F, 0x63, 0x77, 0x7F, 0x1F, 0x06, 0x0E, 0x3C, 0x3E, 0x3F, 0x98,
    0xCC, 0x67, 0xF3, 0x59, 0x8C, 0xFE, 0x3E, 0x00, 0x3C, 0x3E, 0x1B, 0x01, 0x80, 0xC0, 0x60, 0x30,
    0xFE, 0x7F, 0x80, 0x7D, 0xFF, 0x18, 0x70, 0xC7, 0x1C, 0x7F, 0xFE, 0x3E, 0x7F, 0x07, 0x1E, 0x1F,
    0x03, 0x63, 0x7F, 0x3E, 0x0E, 0x0F, 0x07, 0x86, 0xC7, 0x63, 0x33, 0xFE, 0xFE, 0x06, 0x00, 0xFF,
    0xFB, 0x07, 0xEF, 0xE0, 0xF1, 0xFF, 0x7C, 0x3C, 0x70, 0x60, 0xFC, 0xFE, 0xC6, 0xC6, 0xFE, 0x7C,
    0xFF, 0xFF, 0x38, 0x61, 0xC3, 0x0E, 0x18, 0x70, 0x3E, 0x3F, 0x9D, 0xC7, 0xC7, 0xF3, 0x19, 0x8C,
    0xFE, 0x3E, 0x00, 0x3E, 0x7F, 0x63, 0x77, 0x7F, 0x1F, 0x06, 0x0E, 0x3C, 0x06, 0xC0, 0x36, 0x01,
    0xB0, 0x1F, 0x81, 0xFE, 0x1F, 0x79, 0xDB, 0xEF, 0xDE, 0x6F, 0xC3, 0x6C, 0x3B, 0x61, 0xDB, 0x0E,
    0xD8, 0x76, 0xC1, 0xB6, 0x0D, 0xB0, 0x7D, 0xB3, 0xFD, 0xCF, 0xFC, 0x3F, 0xC1, 0xFC, 0x0D, 0x80,
    0x6C, 0x03, 0x60, 0x0F, 0xE1, 0xFF, 0x8E, 0x1E, 0xE0, 0x27, 0x00, 0x38, 0x03, 0xFF, 0x1F, 0xF8,
    0x38, 0x01, 0xC0, 0x3F, 0xF1, 0xFF, 0x83, 0x80, 0x1C, 0x01, 0xC0, 0x1F, 0xFF, 0xFF, 0xF8, 0x3C,
    0x18, 0x78, 0x30, 0xF8, 0x61, 0xF0, 0xC3, 0x61, 0x86, 0xE3, 0x3C, 0xFF, 0xF9, 0xFF, 0x33, 0x99,
    0xFF, 0x3F, 0xFE, 0x79, 0x8E, 0xC3, 0x0D, 0x86, 0x1F, 0x0C, 0x3E, 0x18, 0x3C, 0x30, 0x78, 0xFE,
    0x03, 0xF8, 0x0E, 0x70, 0x39, 0xC0, 0xE7, 0x03, 0x9D, 0xFE, 0xFF, 0xFF, 0xB8, 0xFC, 0xE3, 0xF3,
    0x8E, 0xE7, 0x3B, 0x8E, 0xEE, 0x1F, 0x9C, 0x7E, 0x79, 0xF8, 0xFF, 0xE1, 0xF8, 0x30, 0x18, 0x60,
    0x30, 0xC0, 0x61, 0x80, 0xC3, 0x01, 0x8F, 0xFF, 0xBF, 0xFF, 0xBF, 0xFE, 0x37, 0xD9, 0xED, 0xBF,
    0xDB, 0x79, 0xB6, 0xC3, 0x6F, 0x87, 0xDF, 0x0F, 0x1E, 0x1E, 0x3C, 0x3C, 0x78, 0xFF, 0x3F, 0xFD,
    0xF8, 0xEF, 0xDB, 0x7E, 0xDF, 0xF6, 0xFF, 0xB7, 0xFD, 0xBF, 0xED, 0xFF, 0x6F, 0xFB, 0x7F, 0xDB,
    0xFE, 0xDF, 0xF6, 0xDF, 0xB0, 0xFD, 0xFE, 0xEF, 0xE0, 0x00, 0xE0, 0xFF, 0x0F, 0xF0, 0x0E, 0x3E,
    0xE7, 0xFE, 0xF1, 0xEE, 0x0E, 0xE0, 0xEC, 0x0E, 0xE0, 0xEE, 0x0E, 0xF1, 0xE7, 0xFE, 0x3E, 0xE0,
    0x00, 0xFF, 0xEF, 0xFE, 0x0F, 0xC1, 0xFF, 0x8E, 0x1C, 0xE0, 0x77, 0x00, 0x3F, 0xC3, 0xFE, 0x1C,
    0x00, 0xE0, 0x07, 0xFC, 0x3F, 0xE0, 0xE0, 0x07, 0x03, 0x38, 0x1C, 0xE1, 0xC7, 0xFC, 0x0F, 0xC0,
    0x38, 0x3C, 0x70, 0x70, 0xE1, 0xC1, 0xC7, 0x03, 0x8E, 0x07, 0x38, 0x0E, 0xE0, 0x7F, 0xFE, 0xFF,
    0xFC, 0x77, 0x00, 0xE7, 0x01, 0xCF, 0x03, 0x8E, 0x07, 0x0E, 0x0E, 0x1E, 0x1C, 0x1C, 0x38, 0x1C,
    0xFF, 0xFF, 0xFF, 0xFC, 0x0E, 0x00, 0x1C, 0x00, 0x39, 0x00, 0x7E, 0x00, 0xFC, 0x03, 0xE0, 0x1F,
    0x90, 0x3F, 0xE0, 0x4F, 0xC0, 0x3E, 0x01, 0xF8, 0x03, 0xF0, 0x00, 0xE0, 0x01, 0xC0, 0x03, 0x80,
    0x3F, 0xE0, 0x7F, 0xE0, 0xE0, 0xE7, 0xFF, 0xFF, 0xFF, 0xE7, 0x03, 0x0E, 0x06, 0x7F, 0xFF, 0xFF,
    0xFE, 0x70, 0x70, 0xFF, 0xC1, 0xFF, 0x03, 0x80, 0x07, 0x00, 0x0E, 0x00, 0x1C, 0x00, 0x38, 0x00,
    0x00, 0xC0, 0x0E, 0x00, 0x60, 0x03, 0x01, 0xFC, 0x1F, 0xF1, 0xE7, 0xCE, 0x76, 0x63, 0x27, 0x18,
    0x38, 0xC1, 0xC6, 0x0E, 0x7F, 0x73, 0xFB, 0x98, 0xDC, 0xC6, 0x66, 0x33, 0xF3, 0x9F, 0xBC, 0x7F,
    0xC1, 0xFC, 0x06, 0x00, 0x30, 0x01, 0x80, 0x0F, 0xE0, 0x3F, 0xE0, 0xE1, 0xC0, 0x01, 0xC0, 0x03,
    0x1F, 0xFF, 0xFF, 0xFF, 0x81, 0xE0, 0x0F, 0x01, 0xFF, 0xFF, 0xFF, 0xF9, 0xC0, 0x03, 0x80, 0x07,
    0x02, 0x07, 0x0E, 0x0F, 0xFC, 0x0F, 0xE0, 0x00, 0xC0, 0x0E, 0x00, 0x70, 0x03, 0x00, 0xFC, 0x1F,
    0xF0, 0xE7, 0xCE, 0x77, 0x73, 0xB3, 0x18, 0x38, 0xC1, 0xC6, 0x0E, 0x30, 0x73, 0x83, 0x98, 0x0C,
    0xC0, 0x76, 0x03, 0xB1, 0xCF, 0x9C, 0x7F, 0xC0, 0xFC, 0x06, 0x00, 0x30, 0x01, 0x80, 0xFF, 0xFF,
    0xFF, 0xC0, 0x00, 0x00, 0x0F, 0xFF, 0xFF, 0xFC, 0x1C, 0x00, 0xE0, 0x07, 0x00, 0x38, 0x01, 0xC0,
    0x0E, 0x00, 0x70, 0x03, 0x80, 0x1C, 0x00, 0xE0, 0x07, 0x00, 0xFF, 0xFF, 0xFF, 0xC0, 0xE0, 0x03,
    0x8F, 0xFF, 0xFF, 0xFC, 0x07, 0x00, 0x78, 0xFF, 0x87, 0xF8, 0x07, 0x80, 0x1E, 0x00, 0x70, 0x01,
    0xC0, 0x0F, 0x00, 0x3C, 0x00, 0xE0, 0x03, 0x80, 0x38, 0x01, 0xC0, 0x0E, 0x30, 0x77, 0x83, 0xF8,
    0x1F, 0x03, 0xE3, 0x1F, 0x78, 0x3F, 0x81, 0xF0, 0xFE, 0x0F, 0xF0, 0x73, 0x83, 0x9C, 0x38, 0xE3,
    0xC7, 0xFC, 0x3F, 0xC0, 0x3F, 0xE1, 0xFF, 0x8E, 0x0E, 0x70, 0x73, 0x83, 0x9C, 0x1C, 0xE0, 0xE7,
    0x0F, 0xFF, 0xF7, 0xFF, 0x0E, 0x00, 0x70, 0x0F, 0xFC, 0x7F, 0xE0, 0xE0, 0x07, 0x00, 0x38, 0x00,
    0x3B, 0x03, 0xB0, 0x3B, 0x0F, 0xF8, 0xFF, 0xCE, 0x0E, 0xE0, 0xEE, 0x0E, 0xE0, 0xEE, 0x0E, 0xFF,
    0xCF, 0xFC, 0xE1, 0xEE, 0x07, 0xE0, 0x7E, 0x07, 0xE0, 0x7E, 0x0E, 0xFF, 0xEF, 0xFC, 0x3B, 0x03,
    0xB0, 0x3B, 0x00, 0x00, 0x00, 0x1C, 0x00, 0x78, 0x00, 0xE0, 0x03, 0x80, 0x0F, 0xFF, 0xFF, 0xFF,
    0xBC, 0x00, 0x3C, 0x00, 0x3C, 0x00, 0x38, 0x00, 0x20, 0x00, 0x04, 0x01, 0xC0, 0x7C, 0x1F, 0xC7,
    0xFD, 0xDD, 0xD3, 0x90, 0x70, 0x0E, 0x01, 0xC0, 0x38, 0x07, 0x00, 0xE0, 0x1C, 0x03, 0x80, 0x70,
    0x0E, 0x01, 0xC0, 0x00, 0x00, 0x01, 0xC0, 0x03, 0xC0, 0x03, 0xC0, 0x03, 0x9F, 0xFF, 0xBF, 0xFF,
    0x80, 0x1E, 0x00, 0x78, 0x01, 0xE0, 0x03, 0x80, 0x02, 0x00, 0x0E, 0x01, 0xC0, 0x38, 0x07, 0x00,
    0xE0, 0x1C, 0x03, 0x80, 0x70, 0x0E, 0x01, 0xC0, 0x38, 0x27, 0x2E, 0xEE, 0xFF, 0x8F, 0xE0, 0xF8,
    0x0E, 0x00, 0x80, 0x00, 0x00, 0x18, 0xC0, 0x71, 0xC1, 0xC1, 0xC7, 0x01, 0xDF, 0xFF, 0xFF, 0xFF,
    0xB8, 0x0E, 0x38, 0x38, 0x38, 0xE0, 0x3B, 0x80, 0x22, 0x00, 0x04, 0x01, 0xC0, 0x7C, 0x1F, 0xC7,
    0xFD, 0xDD, 0xD3, 0x90, 0x70, 0x0E, 0x01, 0xC0, 0x38, 0x07, 0x0E, 0xEF, 0xFF, 0xDF, 0xF1, 0xFC,
    0x1F, 0x01, 0xC0, 0x00, 0x00, 0xFF, 0x03, 0xFC, 0x0F, 0x00, 0x3E, 0x00, 0xFC, 0x03, 0xB8, 0x0E,
    0x70, 0x30, 0xE0, 0x01, 0xC0, 0x03, 0x80, 0x07, 0x00, 0x0E, 0x00, 0x18, 0x03, 0xFC, 0x0F, 0xF0,
    0x03, 0xC0, 0x1F, 0x00, 0xFC, 0x07, 0x70, 0x39, 0xC1, 0xC3, 0x0E, 0x00, 0x70, 0x03, 0x80, 0x1C,
    0x00, 0x60, 0x00, 0x60, 0x01, 0xC0, 0x03, 0x80, 0x0F, 0x00, 0x1E, 0x00, 0x3C, 0x30, 0x79, 0xC0,
    0xF7, 0x01, 0xFC, 0x03, 0xF0, 0x03, 0xC0, 0xFF, 0x03, 0xFC, 0x00, 0x18, 0x00, 0xE0, 0x07, 0x00,
    0x38, 0x01, 0xC3, 0x0E, 0x0E, 0x70, 0x3B, 0x80, 0xFC, 0x03, 0xE0, 0x0F, 0x00, 0x3F, 0xC0, 0xFF,
    0x00, 0x00, 0x78, 0x00, 0xF8, 0x00, 0x70, 0x30, 0x70, 0xE0, 0xE3, 0x81, 0xCE, 0x07, 0x3F, 0xFE,
    0xFF, 0xF8, 0xF0, 0x00, 0xF0, 0x00, 0xF0, 0x00, 0xE0, 0x00, 0x80, 0x00, 0x3C, 0x00, 0xF8, 0x01,
    0xC0, 0x07, 0x02, 0x0E, 0x0E, 0x1C, 0x0E, 0x1C, 0x0E, 0x3F, 0xFE, 0x3F, 0xFE, 0x00, 0x78, 0x01,
    0xE0, 0x07, 0x80, 0x0E, 0x00, 0x08, 0x00, 0x00, 0x00, 0xC0, 0x1C, 0x03, 0x80, 0x70, 0x0F, 0xFF,
    0xFF, 0xF7, 0x03, 0x38, 0x31, 0xC3, 0x0E, 0x30, 0x43, 0x00, 0x30, 0x03, 0x00, 0x30, 0x03, 0x00,
    0x30, 0x03, 0x00, 0x30, 0x00, 0x00, 0x30, 0x03, 0x80, 0x1C, 0x00, 0xEF, 0xFF, 0xFF, 0xFC, 0x0E,
    0xC1, 0xCC, 0x38, 0xC7, 0x0C, 0x20, 0xC0, 0x0C, 0x00, 0xC0, 0x0C, 0x00, 0xC0, 0x0C, 0x00, 0xC0,
    0x00, 0x00, 0x30, 0x03, 0x00, 0x30, 0x03, 0x00, 0x30, 0x03, 0x00, 0x30, 0xC3, 0x1C, 0x33, 0x83,
    0x70, 0x3F, 0xFF, 0xFF, 0xF7, 0x00, 0x38, 0x01, 0xC0, 0x0E, 0x00, 0x40, 0xC0, 0x0C, 0x00, 0xC0,
    0x0C, 0x00, 0xC0, 0x0C, 0x00, 0xC0, 0x0C, 0x30, 0xC3, 0x8C, 0x1C, 0xC0, 0xEF, 0xFF, 0xFF, 0xF0,
    0x0E, 0x01, 0xC0, 0x38, 0x07, 0x00, 0x20, 0x01, 0xF0, 0x07, 0xF8, 0x1E, 0xF0, 0x30, 0x70, 0xE0,
    0xE1, 0xC0, 0xC3, 0x80, 0x07, 0x00, 0x0E, 0x00, 0x9C, 0x83, 0xB3, 0x83, 0xEE, 0x03, 0xF8, 0x03,
    0xE0, 0x03, 0x80, 0x02, 0x00, 0x1F, 0x00, 0x7F, 0x01, 0xEF, 0x07, 0x06, 0x0E, 0x0E, 0x18, 0x1C,
    0x00, 0x18, 0x00, 0x30, 0x00, 0x60, 0x08, 0xC8, 0x39, 0xB8, 0x3B, 0xE0, 0x3F, 0x80, 0x3E, 0x00,
    0x38, 0x00, 0x20, 0x01, 0xFC, 0x03, 0xF8, 0x07, 0x80, 0xEF, 0x83, 0xDB, 0x87, 0x33, 0x9C, 0x67,
    0x30, 0xC6, 0xE0, 0x0F, 0xC0, 0x1F, 0x80, 0x3F, 0x00, 0x76, 0x00, 0xCE, 0x03, 0x9C, 0x07, 0x1E,
    0x3C, 0x1F, 0xF0, 0x1F, 0xC0, 0x7F, 0x00, 0xFE, 0x00, 0x3C, 0x00, 0xFB, 0x03, 0xB7, 0x0E, 0x67,
    0x1C, 0xC7, 0x31, 0x86, 0xE0, 0x0F, 0xC0, 0x1F, 0x80, 0x3F, 0x00, 0x76, 0x00, 0xCE, 0x03, 0x9C,
    0x07, 0x1E, 0x3C, 0x1F, 0xF0, 0x1F, 0xC0, 0x00, 0x00, 0x01, 0xC0, 0x03, 0x80, 0x03, 0x80, 0x03,
    0x9F, 0xFF, 0xBF, 0xFF, 0x80, 0x1E, 0x00, 0x78, 0x1D, 0xE0, 0x7B, 0x80, 0xE2, 0x03, 0x80, 0x0F,
    0xFF, 0xFF, 0xFF, 0xBC, 0x00, 0x3C, 0x00, 0x3C, 0x00, 0x38, 0x00, 0x20, 0x00, 0x00, 0x00, 0x1C,
    0x00, 0x78, 0x00, 0xE0, 0x03, 0x80, 0x0F, 0xFF, 0xFF, 0xFF, 0xBC, 0x00, 0x3C, 0x00, 0x3D, 0xC0,
    0x3B, 0xC0, 0x23, 0xC0, 0x03, 0x9F, 0xFF, 0xBF, 0xFF, 0x80, 0x1E, 0x00, 0x78, 0x01, 0xE0, 0x03,
    0x80, 0x02, 0x00, 0x1C, 0x00, 0xF8, 0x01, 0xE0, 0x07, 0x80, 0x1E, 0x00, 0x70, 0x7F, 0xC7, 0xFE,
    0x70, 0x73, 0x01, 0xF8, 0x0F, 0xC0, 0x7E, 0x03, 0xF0, 0x1D, 0x80, 0xCE, 0x0E, 0x3F, 0xE0, 0xFE,
    0x01, 0xC0, 0x07, 0x00, 0x7C, 0x03, 0xE0, 0x1B, 0x01, 0xDC, 0x0E, 0xE0, 0x63, 0x07, 0x1C, 0x38,
    0xE1, 0x83, 0x1C, 0x1C, 0xE0, 0xE6, 0x07, 0x70, 0x1F, 0x80, 0xFF, 0xFF, 0xFF, 0xF8, 0x7F, 0xF3,
    0xFF, 0x98, 0x0C, 0xC0, 0x66, 0x03, 0x30, 0x19, 0x80, 0xCC, 0x06, 0x60, 0x33, 0x01, 0x98, 0x0C,
    0xC0, 0x66, 0x03, 0x30, 0x19, 0x80, 0xCC, 0x06, 0x60, 0x33, 0x01, 0x80, 0xFF, 0xFF, 0xFF, 0xFC,
    0x00, 0xE0, 0x03, 0x80, 0x0E, 0x00, 0x70, 0x01, 0xC0, 0x07, 0x00, 0x3C, 0x00, 0xE0, 0x03, 0x00,
    0x38, 0x01, 0xC0, 0x1C, 0x01, 0xC0, 0x1E, 0x00, 0xE0, 0x0E, 0x00, 0xE0, 0x07, 0x00, 0x7F, 0xFF,
    0xFF, 0xE0, 0xFF, 0xFF, 0xFF, 0xC0, 0x00, 0x0E, 0x00, 0x18, 0x00, 0x70, 0x00, 0xEF, 0x81, 0x9F,
    0x07, 0x07, 0x0E, 0x0E, 0x18, 0x1C, 0x30, 0x18, 0xE0, 0x39, 0xC0, 0x73, 0x00, 0x6E, 0x00, 0xDC,
    0x01, 0xF0, 0x03, 0xE0, 0x03, 0xC0, 0x07, 0x00, 0x3E, 0x7C, 0xFD, 0xFB, 0x9F, 0x3F, 0x1C, 0x7E,
    0x38, 0xFC, 0x71, 0xF9, 0xF3, 0xBF, 0x7E, 0x7C, 0xF8, 0x01, 0xFC, 0x0F, 0xF0, 0x38, 0x00, 0xE0,
    0x03, 0x80, 0x0E, 0x00, 0x38, 0x00, 0xE0, 0x03, 0x80, 0x0E, 0x00, 0x38, 0x00, 0xE0, 0x03, 0x80,
    0x0E, 0x00, 0x38, 0x00, 0xE0, 0x03, 0x80, 0x0E, 0x00, 0x38, 0x00, 0xE0, 0x03, 0x80, 0x0C, 0x07,
    0xF0, 0x3F, 0xC0, 0x3C, 0x1B, 0xF9, 0xFB, 0xFD, 0x87, 0xE0, 0x00, 0x1E, 0x0D, 0xFC, 0xFD, 0xFE,
    0xC3, 0xF0, 0x00, 0xE0, 0x0E, 0x3F, 0xFF, 0xFF, 0xF0, 0x30, 0x03, 0x80, 0x18, 0x1F, 0xFF, 0xFF,
    0xF8, 0xE0, 0x06, 0x00, 0x70, 0x00, 0x00, 0x60, 0x3C, 0x1F, 0x8F, 0xCF, 0xC1, 0xE0, 0x3C, 0x07,
    0xE0, 0x3F, 0x01, 0xFC, 0x07, 0x80, 0x30, 0x01, 0xFF, 0xFF, 0xF8, 0xC0, 0x1E, 0x03, 0xF0, 0x1F,
    0x80, 0x7E, 0x03, 0xC0, 0x78, 0x3F, 0x1F, 0x9F, 0xC3, 0xC0, 0x60, 0x00, 0x01, 0xFF, 0xFF, 0xF8,
    0x1F, 0xB8, 0xFD, 0xCE, 0x0E, 0x70, 0x03, 0x80, 0x3F, 0xFD, 0xFF, 0xE7, 0x07, 0x38, 0x39, 0xC1,
    0xCE, 0x0E, 0x70, 0x73, 0x83, 0x9C, 0x1C, 0xE0, 0xE7, 0x07, 0x38, 0x39, 0xC1, 0xC0, 0x1F, 0xB8,
    0xFD, 0xCE, 0x0E, 0x70, 0x73, 0x83, 0xBF, 0xDD, 0xFE, 0xE7, 0x07, 0x38, 0x39, 0xC1, 0xCE, 0x0E,
    0x70, 0x73, 0x83, 0x9C, 0x1C, 0xE0, 0xE7, 0x07, 0x38, 0x39, 0xC1, 0xC0, 0x00, 0x00, 0x00, 0x00,
    0x00, 0x0E, 0x60, 0x00, 0x0E, 0x70, 0x00, 0x07, 0x60, 0x00, 0x07, 0xE0, 0x00, 0x07, 0xE0, 0x00,
    0x07, 0xF0, 0x00, 0x07, 0x78, 0x00, 0x1E, 0x7F, 0xFF, 0xFE, 0x1F, 0xFF, 0xF8, 0x07, 0xFF, 0x80,
    0x00, 0x00, 0x00, 0x00, 0x00, 0x00, 0x00, 0x76, 0x00, 0x00, 0x7E, 0x00, 0x00, 0x76, 0x00, 0x00,
    0x1C, 0x00, 0x00, 0x1C, 0x00, 0x00, 0x18, 0x00, 0x60, 0x00, 0x00, 0x03, 0x80, 0x00, 0x00, 0x18,
    0x00, 0x00, 0x01, 0xC0, 0x00, 0x06, 0x0E, 0x00, 0x00, 0x78, 0x78, 0x00, 0x0F, 0x81, 0xE0, 0x03,
    0xFF, 0x0F, 0xFF, 0xFF, 0x7F, 0x1F, 0xFF, 0xE1, 0xF8, 0x3F, 0xF0, 0x00, 0x00, 0x00, 0x00, 0x00,
    0x00, 0x00, 0x00, 0x00, 0x06, 0xE0, 0x00, 0x00, 0x77, 0x00, 0x00, 0x01, 0xB0, 0x00, 0x00, 0x07,
    0x00, 0x00, 0x00, 0x38, 0x00, 0x00, 0x00, 0x80, 0x00, 0x00, 0x00, 0x18, 0x38, 0x70, 0xE0, 0xC1,
    0x83, 0x0E, 0xFD, 0xF0, 0x00, 0x0D, 0xDF, 0xB7, 0x38, 0x70, 0x60, 0x00, 0x01, 0xC0, 0x30, 0x0E,
    0x01, 0xC0, 0x7C, 0x3F, 0xFF, 0xBF, 0x00, 0x00, 0x00, 0xD8, 0x3B, 0x83, 0x60, 0x38, 0x07, 0x00,
    0x40, 0x00, 0x30, 0x00, 0x00, 0x30, 0x00, 0x00, 0x3E, 0x00, 0x00, 0x3F, 0x00, 0x00, 0x3B, 0x00,
    0x00, 0x7F, 0x00, 0x00, 0x7E, 0x00, 0x00, 0x00, 0x00, 0x00, 0x00, 0x0E, 0x60, 0x00, 0x0E, 0x70,
    0x00, 0x07, 0x60, 0x00, 0x07, 0xE0, 0x00, 0x07, 0xE0, 0x00, 0x07, 0xF0, 0x00, 0x07, 0x78, 0x00,
    0x1E, 0x7F, 0xFF, 0xFE, 0x1F, 0xFF, 0xF8, 0x07, 0xFF, 0x80, 0x00, 0x30, 0x00, 0x00, 0x01, 0x80,
    0x00, 0x00, 0x0F, 0x80, 0x00, 0x00, 0x7E, 0x00, 0x00, 0x03, 0xB0, 0x00, 0x00, 0x3F, 0x80, 0x00,
    0x01, 0xF8, 0x00, 0x00, 0x00, 0x00, 0x00, 0x00, 0x00, 0x00, 0x03, 0x00, 0x00, 0x00, 0x1C, 0x00,
    0x00, 0x00, 0xC0, 0x00, 0x00, 0x0E, 0x00, 0x00, 0x30, 0x70, 0x00, 0x03, 0xC3, 0xC0, 0x00, 0x7C,
    0x0F, 0x00, 0x1F, 0xF8, 0x7F, 0xFF, 0xFB, 0xF8, 0xFF, 0xFF, 0x0F, 0xC1, 0xFF, 0x80, 0x00, 0x60,
    0xC1, 0xF3, 0xF7, 0x7F, 0xFF, 0x00, 0x00, 0x00, 0xE1, 0xC3, 0x83, 0x87, 0x0E, 0x1C, 0x7B, 0xE7,
    0x80, 0x00, 0x18, 0x03, 0x00, 0x7C, 0x0F, 0xC1, 0xD8, 0x7F, 0x0F, 0xC0, 0x00, 0x00, 0x00, 0x00,
    0x38, 0x06, 0x01, 0xC0, 0x38, 0x0F, 0x87, 0xFF, 0xF7, 0xE0, 0x00, 0x3C, 0x00, 0x7F, 0xC0, 0x7F,
    0xFE, 0x01, 0xFE, 0x01, 0xFE, 0x07, 0xF0, 0x0F, 0x80, 0x1E, 0x00, 0x38, 0x00, 0x70, 0x00, 0x73,
    0x70, 0xE7, 0xF0, 0xE3, 0x70, 0xE1, 0xC0, 0xE1, 0xC0, 0xE0, 0xC0, 0xF0, 0x00, 0x78, 0x00, 0x3F,
    0xFE, 0x1F, 0xFF, 0x07, 0xFC, 0x3C, 0x00, 0x07, 0xFC, 0x00, 0x7F, 0xFE, 0x00, 0x1F, 0xE0, 0x01,
    0xFE, 0x00, 0x7F, 0xC0, 0x0F, 0x9C, 0x01, 0xE0, 0xE0, 0x38, 0x0F, 0x07, 0x00, 0x7E, 0x73, 0x73,
    0xEE, 0x7F, 0x00, 0xE3, 0x70, 0x0E, 0x1C, 0x00, 0xE1, 0xC0, 0x0E, 0x0C, 0x00, 0xF0, 0x00, 0x07,
    0x80, 0x00, 0x3F, 0xFE, 0x01, 0xFF, 0xF0, 0x07, 0xFC, 0x00, 0x7F, 0x01, 0xFF, 0x03, 0xFE, 0x00,
    0x3F, 0x00, 0xFC, 0x0F, 0xE1, 0xFC, 0x3F, 0xC0, 0xFC, 0x00, 0x00, 0x00, 0x00, 0x03, 0xF0, 0x0F,
    0xC0, 0x37, 0x00, 0x30, 0x01, 0xC0, 0x03, 0x00, 0x7F, 0x00, 0x1F, 0xF0, 0x03, 0xFE, 0x00, 0x03,
    0xF0, 0x00, 0xFC, 0x00, 0xFE, 0x01, 0xFF, 0xC3, 0xFC, 0x7E, 0xFC, 0x0F, 0x80, 0x00, 0x00, 0x00,
    0x00, 0x36, 0x00, 0x1D, 0xC0, 0x03, 0x60, 0x00, 0x70, 0x00, 0x1C, 0x00, 0x02, 0x00, 0x00, 0x18,
    0x03, 0x00, 0x7C, 0x0F, 0xC1, 0xD8, 0x7F, 0x0F, 0xC0, 0x00, 0x00, 0x00, 0x00, 0x0C, 0x03, 0xC0,
    0x38, 0x07, 0x80, 0x70, 0x07, 0x00, 0xE0, 0x1C, 0x03, 0xB8, 0xF7, 0xFC, 0xFF, 0x01, 0x00, 0x18,
    0x00, 0x30, 0x00, 0x7C, 0x00, 0xFC, 0x01, 0xDC, 0x07, 0xF0, 0x0F, 0xE0, 0x00, 0x00, 0x00, 0x00,
    0x00, 0x00, 0x0C, 0x00, 0x38, 0x00, 0x38, 0x00, 0x78, 0x00, 0x70, 0x00, 0x70, 0x00, 0xE0, 0x01,
    0xC0, 0x03, 0xC3, 0x8F, 0xC7, 0xFF, 0xEF, 0xF3, 0xC1, 0x00, 0x00, 0x04, 0x07, 0x03, 0x83, 0x63,
    0xB9, 0xD8, 0x00, 0x00, 0x02, 0x03, 0x81, 0xC0, 0x60, 0x38, 0x1C, 0x0E, 0x07, 0x03, 0x83, 0x83,
    0xC3, 0xCF, 0xC7, 0xC1, 0x80, 0x0C, 0x00, 0x70, 0x03, 0x80, 0x76, 0x03, 0xF0, 0x1D, 0x80, 0x00,
    0x00, 0x00, 0x02, 0x00, 0x38, 0x01, 0xC0, 0x06, 0x00, 0x38, 0x01, 0xC0, 0x0F, 0x00, 0x7E, 0x03,
    0xF0, 0x38, 0x03, 0xC0, 0x3C, 0x0F, 0xC0, 0x7C, 0x01, 0x80, 0x00, 0x18, 0x06, 0x01, 0xF0, 0x7E,
    0x1D, 0x8F, 0xE3, 0xF0, 0x00, 0x00, 0x00, 0x00, 0x20, 0x1C, 0x07, 0x00, 0xC0, 0x38, 0x0E, 0x03,
    0x80, 0xE0, 0x38, 0x1C, 0x0F, 0x07, 0x8F, 0xC3, 0xE0, 0x60, 0x00, 0x18, 0x00, 0xC0, 0x07, 0xC0,
    0x3F, 0x01, 0xD8, 0x1F, 0xC0, 0xFC, 0x00, 0x00, 0x00, 0x00, 0x00, 0x00, 0x80, 0x0E, 0x00, 0x70,
    0x01, 0x80, 0x0E, 0x00, 0x70, 0x03, 0xC0, 0x1F, 0x80, 0xFC, 0x0E, 0x00, 0xF0, 0x0F, 0x03, 0xF0,
    0x1F, 0x00, 0x60, 0x00, 0x00, 0x00, 0x0C, 0x00, 0x00, 0x78, 0x00, 0x03, 0xF0, 0x00, 0x1F, 0x80,
    0x00, 0x7C, 0x00, 0x01, 0xE0, 0x00, 0x03, 0x80, 0x00, 0x07, 0x80, 0x00, 0x07, 0x80, 0xC0, 0x03,
    0x81, 0xC0, 0x03, 0x83, 0x00, 0x03, 0x8E, 0x00, 0x07, 0x1C, 0x00, 0x07, 0x3C, 0x00, 0x0E, 0x3C,
    0x00, 0x3C, 0x7F, 0xFF, 0xF0, 0x3F, 0xFF, 0xC0, 0x1F, 0xFC, 0x00, 0x00, 0x00, 0x0C, 0x00, 0x00,
    0x0F, 0x00, 0x00, 0x0F, 0xC0, 0x00, 0x0F, 0xC0, 0x00, 0x07, 0xC0, 0x00, 0x03, 0xC0, 0x00, 0x00,
    0xE0, 0x00, 0x00, 0x3C, 0x00, 0x00, 0x07, 0x80, 0x18, 0x00, 0xF0, 0x07, 0x00, 0x1E, 0x01, 0x80,
    0x03, 0xC0, 0xE0, 0x00, 0x70, 0x38, 0x00, 0x0E, 0x0F, 0x00, 0x03, 0xC1, 0xE0, 0x03, 0xF8, 0x7F,
    0xFF, 0xFF, 0xC7, 0xFF, 0xF9, 0xF0, 0x7F, 0xF0, 0x00, 0x00, 0x40, 0x3C, 0x1F, 0x8F, 0xC7, 0xE0,
    0xF0, 0x3C, 0x03, 0xC0, 0x3C, 0x03, 0xC0, 0x3C, 0x03, 0x80, 0x38, 0x07, 0x00, 0xE0, 0x3C, 0xFF,
    0x1F, 0xC3, 0x00, 0x00, 0x00, 0x40, 0x0F, 0x80, 0x7E, 0x07, 0xE0, 0x7E, 0x01, 0xE0, 0x0E, 0x00,
    0x1C, 0x00, 0x78, 0x00, 0x70, 0x00, 0xE0, 0x01, 0xC0, 0x03, 0x80, 0x0E, 0x00, 0x3C, 0x01, 0xFC,
    0xFF, 0xFF, 0xF9, 0xFC, 0x00, 0x00, 0x00, 0x00, 0x10, 0x00, 0x00, 0xF0, 0x00, 0x03, 0xE0, 0x00,
    0x1F, 0x60, 0x00, 0xFB, 0xC0, 0x01, 0xDF, 0x80, 0x02, 0xFC, 0x00, 0x03, 0xE0, 0x00, 0x0F, 0x00,
    0x00, 0x1C, 0x00, 0x00, 0x3C, 0x00, 0x00, 0x3C, 0x06, 0x00, 0x1C, 0x0E, 0x00, 0x1C, 0x18, 0x00,
    0x1C, 0x70, 0x00, 0x38, 0xE0, 0x00, 0x39, 0xE0, 0x00, 0x71, 0xE0, 0x01, 0xE3, 0xFF, 0xFF, 0x81,
    0xFF, 0xFE, 0x00, 0xFF, 0xE0, 0x00, 0x00, 0x00, 0x10, 0x00, 0x00, 0x1E, 0x00, 0x00, 0x0F, 0x80,
    0x00, 0x0F, 0xB0, 0x00, 0x0F, 0xBC, 0x00, 0x03, 0xBF, 0x00, 0x00, 0xBF, 0x00, 0x00, 0x1F, 0x00,
    0x00, 0x0F, 0x00, 0x00, 0x03, 0x80, 0x00, 0x00, 0xF0, 0x00, 0x00, 0x1E, 0x00, 0x60, 0x03, 0xC0,
    0x1C, 0x00, 0x78, 0x06, 0x00, 0x0F, 0x03, 0x80, 0x01, 0xC0, 0xE0, 0x00, 0x38, 0x3C, 0x00, 0x0F,
    0x07, 0x80, 0x0F, 0xE1, 0xFF, 0xFF, 0xFF, 0x1F, 0xFF, 0xE7, 0xC1, 0xFF, 0xC0, 0x00, 0x00, 0x80,
    0x70, 0x3E, 0x1F, 0x27, 0x9F, 0xEF, 0xF7, 0xE3, 0xF0, 0x78, 0x1E, 0x01, 0xE0, 0x1E, 0x01, 0xE0,
    0x1E, 0x01, 0xC0, 0x1C, 0x03, 0x80, 0x70, 0x1E, 0x7F, 0x8F, 0xE1, 0x80, 0x00, 0x00, 0x80, 0x0E,
    0x00, 0xF8, 0x0F, 0x90, 0x7B, 0xE3, 0xDF, 0x8D, 0xF8, 0x1F, 0x80, 0x78, 0x03, 0x80, 0x07, 0x00,
    0x1E, 0x00, 0x1C, 0x00, 0x38, 0x00, 0x70, 0x00, 0xE0, 0x03, 0x80, 0x0F, 0x00, 0x7F, 0x3F, 0xFF,
    0xFE, 0x7F, 0x00, 0x00, 0x00, 0x0E, 0x00, 0x0E, 0x00, 0x0E, 0x20, 0x07, 0x70, 0x07, 0x70, 0x07,
    0x60, 0x07, 0xE0, 0x07, 0xE0, 0x07, 0x70, 0x07, 0x78, 0x1E, 0x7F, 0xFC, 0x3F, 0xF8, 0x0F, 0xF0,
    0x00, 0x00, 0x00, 0x00, 0xE0, 0x00, 0x07, 0x02, 0x00, 0x70, 0x70, 0x07, 0x07, 0x00, 0x78, 0x60,
    0x07, 0xFE, 0x00, 0x7F, 0xE0, 0x07, 0x07, 0x00, 0x70, 0x70, 0x0E, 0x07, 0xFF, 0xE0, 0x3F, 0xFC,
    0x00, 0xFF, 0x00, 0x08, 0x07, 0x81, 0xE0, 0xFC, 0x3B, 0x9C, 0x66, 0x1F, 0x87, 0xE1, 0xDC, 0xE7,
    0xF8, 0xFC, 0x04, 0x00, 0xFC, 0x07, 0xF8, 0x3C, 0xE0, 0xE1, 0x83, 0x87, 0x0E, 0x1E, 0x18, 0x3E,
    0x60, 0x78, 0x00, 0x00, 0x00, 0xE3, 0x8E, 0x1C, 0x71, 0xC7, 0x3F, 0xEF, 0x04, 0x30, 0x87, 0x0C,
    0x38, 0x03, 0xC0, 0x3E, 0x3D, 0xF3, 0xE3, 0xBE, 0x0D, 0xC0, 0x7C, 0x03, 0xE0, 0x0F, 0x00, 0x38,
    0x01, 0x80, 0x01, 0x00, 0x03, 0x80, 0x03, 0xC0, 0x03, 0xF0, 0x07, 0xF8, 0x0E, 0x7C, 0x0E, 0x3E,
    0x0E, 0x7E, 0x0E, 0x77, 0x07, 0xF7, 0x07, 0xE7, 0xFF, 0xFF, 0xFF, 0xFE, 0x18, 0x18, 0x00, 0x60,
    0x00, 0xF8, 0x00, 0xFE, 0x00, 0x77, 0x00, 0x73, 0x80, 0x39, 0xC0, 0x1C, 0xE0, 0x0C, 0xF0, 0x4F,
    0xF8, 0x7F, 0xFF, 0xFF, 0xFF, 0xE1, 0xC1, 0x80, 0x70, 0xC0, 0x3C, 0x60, 0x0F, 0xF0, 0x03, 0xF8,
    0x00, 0xF0, 0x00, 0x08, 0x00, 0x38, 0x00, 0xF0, 0x07, 0xE0, 0x3F, 0xC0, 0xE7, 0x83, 0x1F, 0x0C,
    0x7E, 0x39, 0xF8, 0xFE, 0x71, 0xF1, 0xFF, 0xFE, 0xFF, 0xF8, 0x01, 0x80, 0x03, 0x80, 0x1F, 0x00,
    0xFC, 0x07, 0x38, 0x1C, 0xE0, 0xE3, 0x83, 0x8C, 0x0E, 0x70, 0x3F, 0xC3, 0xFF, 0xFF, 0xFF, 0xCE,
    0x1C, 0x38, 0x70, 0xF1, 0xC1, 0xFE, 0x03, 0xF8, 0x03, 0x80, 0x03, 0x00, 0x00, 0x0F, 0x00, 0x00,
    0x1F, 0x00, 0x00, 0x7F, 0x00, 0x01, 0xCE, 0x00, 0x07, 0x8C, 0x00, 0x1E, 0x10, 0x00, 0x38, 0x00,
    0x00, 0xE0, 0x00, 0x00, 0xF0, 0x00, 0x0D, 0xFF, 0xFF, 0xF8, 0xFF, 0xFF, 0xF0, 0x3F, 0xFE, 0x00,
    0x07, 0xFE, 0x7F, 0xFD, 0xFF, 0xF7, 0x80, 0x0C, 0x00, 0x1C, 0x00, 0x3F, 0x80, 0x1F, 0xFF, 0x0F,
    0xFE, 0x0C, 0x00, 0x00, 0x78, 0x00, 0x00, 0xC0, 0x00, 0x01, 0x80, 0x00, 0x01, 0xE0, 0x00, 0x07,
    0xC0, 0x00, 0x0C, 0xC0, 0x00, 0x03, 0xC0, 0x00, 0x07, 0xC0, 0x00, 0x1F, 0xC0, 0x00, 0x73, 0x80,
    0x01, 0xE3, 0x00, 0x07, 0x84, 0x00, 0x0E, 0x00, 0x00, 0x38, 0x00, 0x00, 0x3C, 0x00, 0x03, 0x7F,
    0xFF, 0xFE, 0x3F, 0xFF, 0xFC, 0x0F, 0xFF, 0x80, 0x0C, 0x00, 0x78, 0x00, 0xC0, 0x01, 0x80, 0x01,
    0xE0, 0x07, 0xC0, 0x0C, 0x00, 0x03, 0xFF, 0x3F, 0xFE, 0xFF, 0xFB, 0xC0, 0x06, 0x00, 0x0E, 0x00,
    0x1F, 0xC0, 0x0F, 0xFF, 0x87, 0xFF, 0x00, 0x03, 0xC0, 0x01, 0xFC, 0x00, 0x7F, 0x00, 0x1E, 0x00,
    0x03, 0x80, 0x00, 0xE0, 0x08, 0x1C, 0x03, 0x83, 0xE0, 0x70, 0x3F, 0x0C, 0x01, 0xFB, 0x80, 0x07,
    0x70, 0x00, 0xE7, 0x00, 0x3C, 0xF0, 0x0F, 0x1F, 0xFF, 0xC1, 0xFF, 0xF0, 0x0F, 0xF0, 0x00, 0x20,
    0x00, 0x07, 0x00, 0xC0, 0x70, 0x0F, 0x86, 0x00, 0xFF, 0xE0, 0x03, 0xFE, 0x00, 0x1C, 0x70, 0x01,
    0xC7, 0x80, 0x78, 0x3F, 0xFF, 0x81, 0xFF, 0xE0, 0x0F, 0xF8, 0x00, 0x00, 0x18, 0x38, 0x70, 0xE0,
    0xC1, 0x83, 0x0E, 0xFD, 0xF0, 0x00, 0x0D, 0xDF, 0xB7, 0x00, 0x01, 0xC0, 0x30, 0x0E, 0x01, 0xC0,
    0x7C, 0x3F, 0xFF, 0xBF, 0x00, 0x00, 0x00, 0xD8, 0x3B, 0x83, 0x60, 0x1F, 0x0F, 0xC7, 0xA1, 0xC0,
    0x70, 0x1C, 0x03, 0xF8, 0x7F, 0xFF, 0x3F, 0x04, 0x00, 0x38, 0x7F, 0xD3, 0xC0, 0x00, 0x00, 0xE0,
    0x70, 0x38, 0x0C, 0x06, 0x03, 0x01, 0x80, 0xC0, 0x60, 0x30, 0x18, 0x0E, 0x07, 0x03, 0x81, 0xC0,
    0xE0, 0x38, 0x1F, 0xF1, 0x3C, 0x00, 0x00, 0x00, 0x38, 0x07, 0x00, 0x60, 0x0C, 0x01, 0x80, 0x30,
    0x06, 0x00, 0xE0, 0x1C, 0x03, 0x80, 0x70, 0x0E, 0x01, 0xC0, 0x38, 0x07, 0x00, 0xF0, 0x1F, 0xC1,
    0xF8, 0x00, 0x33, 0xCC, 0x30, 0xFB, 0xEC, 0x00, 0x71, 0xC7, 0x0C, 0x30, 0xC3, 0x0C, 0x30, 0xC3,
    0x0E, 0x38, 0xE3, 0x8E, 0x30, 0x78, 0x30, 0x18, 0x0F, 0x87, 0xC3, 0x00, 0x00, 0x70, 0x38, 0x0C,
    0x06, 0x03, 0x01, 0x80, 0xC0, 0x70, 0x38, 0x1C, 0x0E, 0x07, 0x03, 0x81, 0xC0, 0xE0, 0x78, 0x3F,
    0x8F, 0xC0, 0x00, 0x0C, 0x1E, 0x0C, 0x06, 0x03, 0xE1, 0xF0, 0xC0, 0x38, 0x3F, 0x3F, 0x9C, 0xFC,
    0x7E, 0x3F, 0x1D, 0xFE, 0xFF, 0x0F, 0x83, 0x87, 0xDF, 0xCF, 0xC7, 0x00, 0x0C, 0x01, 0xE0, 0x0C,
    0x00, 0x60, 0x03, 0xE0, 0x1F, 0x00, 0xC0, 0x00, 0x00, 0x1C, 0x01, 0xF8, 0x1F, 0xC0, 0xE7, 0x0E,
    0x38, 0x71, 0xC3, 0xCE, 0x0F, 0xFE, 0x7F, 0xF0, 0x3F, 0x01, 0xC0, 0x3E, 0x0F, 0xE0, 0x7E, 0x03,
    0x80, 0x00, 0xE3, 0x8E, 0x18, 0x61, 0x86, 0x18, 0x61, 0x86, 0x1C, 0x71, 0xC7, 0x1C, 0x71, 0xC0,
    0x0C, 0xF3, 0x0C, 0x1E, 0xFB, 0x00, 0xE0, 0xE0, 0x60, 0x60, 0x60, 0x60, 0x60, 0x70, 0x70, 0x70,
    0x70, 0x70, 0x70, 0x70, 0x70, 0x78, 0x7F, 0x3F, 0x00, 0x30, 0xF0, 0xC0, 0xC0, 0x78, 0xF8, 0xC0,
    0x0E, 0x00, 0x03, 0xC0, 0x78, 0x60, 0x3F, 0x8C, 0x0F, 0xE1, 0xF3, 0xC0, 0x3E, 0x70, 0x06, 0x1C,
    0x01, 0x03, 0x80, 0x70, 0x7C, 0x0E, 0x07, 0xE1, 0x80, 0x3F, 0x70, 0x00, 0xEE, 0x00, 0x1C, 0xE0,
    0x07, 0x9E, 0x01, 0xE3, 0xFF, 0xF8, 0x3F, 0xFE, 0x01, 0xFE, 0x00, 0x0E, 0x00, 0x01, 0xE0, 0x00,
    0x18, 0x00, 0x01, 0x80, 0x00, 0x1F, 0x00, 0x01, 0xF0, 0x00, 0x18, 0x00, 0x02, 0x00, 0x00, 0x70,
    0x0C, 0x07, 0x00, 0xF8, 0x60, 0x0F, 0xFE, 0x00, 0x3F, 0xE0, 0x01, 0xC7, 0x00, 0x1C, 0x78, 0x07,
    0x83, 0xFF, 0xF8, 0x1F, 0xFE, 0x00, 0xFF, 0x80, 0x31, 0xEE, 0x38, 0x7F, 0xF6, 0x00, 0x38, 0xE3,
    0x87, 0x1C, 0x71, 0xCF, 0xFB, 0xC0, 0x00, 0x18, 0x1E, 0x06, 0x01, 0x80, 0x3C, 0x1F, 0x06, 0x00,
    0x00, 0x1C, 0x07, 0x01, 0xC0, 0x70, 0x3E, 0x3F, 0xFF, 0x7C, 0x00, 0xEE, 0xE6, 0x66, 0x66, 0x66,
    0x67, 0x77, 0x77, 0x77, 0xE0, 0xE0, 0x60, 0x60, 0x60, 0x60, 0x60, 0x70, 0x70, 0x70, 0x70, 0x70,
    0x70, 0x70, 0x70, 0x78, 0x7F, 0x3F, 0x00, 0x00, 0x00, 0x00, 0x00, 0x00, 0x0E, 0x60, 0x00, 0x0E,
    0x70, 0x00, 0x07, 0x60, 0x00, 0x07, 0xE0, 0x00, 0x07, 0xE0, 0x00, 0x07, 0xF0, 0x00, 0x07, 0x78,
    0x00, 0x1E, 0x7F, 0xFF, 0xFE, 0x1F, 0xFF, 0xF8, 0x07, 0xFF, 0x80, 0x00, 0x00, 0x00, 0x00, 0x00,
    0x00, 0x00, 0x18, 0x00, 0x00, 0x1C, 0x00, 0x00, 0x18, 0x00, 0x60, 0x00, 0x00, 0x03, 0x80, 0x00,
    0x00, 0x18, 0x00, 0x00, 0x01, 0xC0, 0x00, 0x06, 0x0E, 0x00, 0x00, 0x78, 0x78, 0x00, 0x0F, 0x81,
    0xE0, 0x03, 0xFF, 0x0F, 0xFF, 0xFF, 0x7F, 0x1F, 0xFF, 0xE1, 0xF8, 0x3F, 0xF0, 0x00, 0x00, 0x00,
    0x00, 0x00, 0x00, 0x00, 0x00, 0x00, 0x03, 0x80, 0x00, 0x00, 0x1C, 0x00, 0x00, 0x00, 0xE0, 0x00,
    0x00, 0x00, 0xE3, 0x8E, 0x1C, 0x71, 0xC7, 0x3F, 0xEF, 0x00, 0x01, 0xC7, 0x1C, 0x00, 0x07, 0x01,
    0xC0, 0x70, 0x1C, 0x0F, 0x8F, 0xFF, 0xDF, 0x00, 0x00, 0x01, 0x80, 0x70, 0x18, 0x00, 0x3B, 0x0F,
    0xE3, 0xB0, 0x00, 0x00, 0x02, 0x01, 0xE0, 0x78, 0x3F, 0x0E, 0xE7, 0x19, 0x87, 0xE1, 0xF8, 0x77,
    0x39, 0xFE, 0x3F, 0x00, 0x1D, 0x80, 0x7E, 0x01, 0xD8, 0x00, 0x00, 0x00, 0x00, 0x00, 0x00, 0x18,
    0x00, 0x60, 0x0F, 0xC0, 0x7F, 0x03, 0xFC, 0x1C, 0x70, 0x61, 0xC3, 0x87, 0x07, 0xFC, 0x1F, 0xF0,
    0x3F, 0xE0, 0x03, 0xF0, 0x07, 0xC0, 0x00, 0x00, 0x76, 0x00, 0x00, 0x7E, 0x00, 0x00, 0x76, 0x00,
    0x00, 0x00, 0x0E, 0x60, 0x00, 0x0E, 0x70, 0x00, 0x07, 0x60, 0x00, 0x07, 0xE0, 0x00, 0x07, 0xE0,
    0x00, 0x07, 0xF0, 0x00, 0x07, 0x78, 0x00, 0x1E, 0x7F, 0xFF, 0xFE, 0x1F, 0xFF, 0xF8, 0x07, 0xFF,
    0x80, 0x00, 0x76, 0x00, 0x00, 0x03, 0xF8, 0x00, 0x00, 0x1D, 0x80, 0x00, 0x00, 0x00, 0x00, 0x06,
    0x00, 0x00, 0x00, 0x38, 0x00, 0x00, 0x01, 0x80, 0x00, 0x00, 0x1C, 0x00, 0x00, 0x60, 0xE0, 0x00,
    0x07, 0x87, 0x80, 0x00, 0xF8, 0x1E, 0x00, 0x3F, 0xF0, 0xFF, 0xFF, 0xF7, 0xF1, 0xFF, 0xFE, 0x1F,
    0x83, 0xFF, 0x00, 0x00, 0xED, 0xFF, 0xB0, 0x00, 0x00, 0x0E, 0x1C, 0x38, 0x38, 0x70, 0xE1, 0xC7,
    0xBE, 0x78, 0x00, 0x33, 0x07, 0xE0, 0xFC, 0x00, 0x00, 0x00, 0x00, 0x03, 0x80, 0x60, 0x1C, 0x03,
    0x80, 0xF8, 0x7F, 0xFF, 0x7E, 0x00, 0x00, 0x00, 0x18, 0x00, 0x00, 0x1C, 0x00, 0x00, 0x1C, 0x00,
    0x00, 0x76, 0x00, 0x00, 0x7E, 0x00, 0x00, 0x76, 0x00, 0x00, 0x00, 0x0E, 0x60, 0x00, 0x0E, 0x70,
    0x00, 0x07, 0x60, 0x00, 0x07, 0xE0, 0x00, 0x07, 0xE0, 0x00, 0x07, 0xF0, 0x00, 0x07, 0x78, 0x00,
    0x1E, 0x7F, 0xFF, 0xFE, 0x1F, 0xFF, 0xF8, 0x07, 0xFF, 0x80, 0x00, 0x18, 0x00, 0x00, 0x00, 0xE0,
    0x00, 0x00, 0x07, 0x00, 0x00, 0x00, 0xEC, 0x00, 0x00, 0x07, 0xF0, 0x00, 0x00, 0x3B, 0x00, 0x00,
    0x00, 0x00, 0x00, 0x0C, 0x00, 0x00, 0x00, 0x70, 0x00, 0x00, 0x03, 0x00, 0x00, 0x00, 0x38, 0x00,
    0x00, 0xC1, 0xC0, 0x00, 0x0F, 0x0F, 0x00, 0x01, 0xF0, 0x3C, 0x00, 0x7F, 0xE1, 0xFF, 0xFF, 0xEF,
    0xE3, 0xFF, 0xFC, 0x3F, 0x07, 0xFE, 0x00, 0x00, 0x30, 0x70, 0xE7, 0x6F, 0xFD, 0x80, 0x00, 0x00,
    0x70, 0xE1, 0xC1, 0xC3, 0x87, 0x0E, 0x3D, 0xF3, 0xC0, 0x00, 0x0C, 0x03, 0x80, 0x30, 0x19, 0x83,
    0xF0, 0x7E, 0x00, 0x00, 0x00, 0x00, 0x01, 0xC0, 0x30, 0x0E, 0x01, 0xC0, 0x7C, 0x3F, 0xFF, 0xBF,
    0x00, 0x00, 0x3C, 0x00, 0xFF, 0x01, 0xFF, 0xF0, 0x0F, 0xF0, 0x1F, 0xE0, 0xFC, 0x03, 0xC0, 0x0F,
    0x00, 0x38, 0x00, 0xE0, 0x01, 0xC0, 0x07, 0x04, 0x0E, 0x1C, 0x1C, 0x38, 0x38, 0x20, 0x70, 0x00,
    0xF0, 0x00, 0xF0, 0x00, 0xFF, 0xF8, 0xFF, 0xF0, 0x7F, 0x80, 0x3C, 0x00, 0x1F, 0xE0, 0x07, 0xFF,
    0xC0, 0x07, 0xF8, 0x01, 0xFE, 0x01, 0xFC, 0x00, 0xF3, 0x00, 0x78, 0xE0, 0x38, 0x3C, 0x1C, 0x07,
    0xF7, 0x00, 0xFF, 0x82, 0x00, 0xE1, 0xC0, 0x38, 0x70, 0x0E, 0x08, 0x03, 0x80, 0x00, 0xF0, 0x00,
    0x1E, 0x00, 0x03, 0xFF, 0xE0, 0x7F, 0xF8, 0x07, 0xF8, 0x00, 0x7F, 0x01, 0xFF, 0x03, 0xFE, 0x00,
    0x3F, 0x00, 0xFC, 0x0F, 0xE1, 0xFC, 0x3F, 0xC0, 0xFC, 0x00, 0x00, 0x00, 0x00, 0x00, 0xC0, 0x07,
    0x80, 0x0C, 0x00, 0x7F, 0x00, 0x1F, 0xF0, 0x03, 0xFE, 0x00, 0x03, 0xF0, 0x00, 0xFC, 0x00, 0xFE,
    0x01, 0xFF, 0xC3, 0xFC, 0x7E, 0xFC, 0x0F, 0x80, 0x00, 0x00, 0x00, 0x00, 0x1C, 0x00, 0x07, 0x00,
    0x01, 0xC0, 0x00, 0x3C, 0x00, 0xFF, 0x01, 0xFF, 0xF0, 0x0F, 0xF0, 0x1F, 0xE0, 0xFC, 0x03, 0xC0,
    0x0F, 0x00, 0x38, 0x00, 0xE0, 0x01, 0xC0, 0x07, 0x00, 0x0E, 0x00, 0x1C, 0x00, 0x38, 0x00, 0x70,
    0x00, 0xF0, 0x00, 0xF0, 0x00, 0xFF, 0xF8, 0xFF, 0xF0, 0x7F, 0x80, 0x3C, 0x00, 0x1F, 0xE0, 0x07,
    0xFF, 0xC0, 0x07, 0xF8, 0x01, 0xFE, 0x01, 0xFC, 0x00, 0xF3, 0x00, 0x78, 0xE0, 0x38, 0x3C, 0x1C,
    0x07, 0xF7, 0x00, 0xFF, 0x80, 0x00, 0xE0, 0x00, 0x38, 0x00, 0x0E, 0x00, 0x03, 0x80, 0x00, 0xF0,
    0x00, 0x1E, 0x00, 0x03, 0xFF, 0xE0, 0x7F, 0xF8, 0x07, 0xF8, 0x00, 0x7F, 0x01, 0xFF, 0x03, 0xFE,
    0x00, 0x3F, 0x00, 0xFC, 0x0F, 0xE1, 0xFC, 0x3F, 0xC0, 0xFC, 0x00, 0x00, 0x00, 0x7F, 0x00, 0x1F,
    0xF0, 0x03, 0xFE, 0x00, 0x03, 0xF0, 0x00, 0xFC, 0x00, 0xFE, 0x01, 0xFF, 0xC3, 0xFC, 0x7E, 0xFC,
    0x0F, 0x80, 0x00, 0x00, 0x01, 0x80, 0x07, 0x00, 0x0E, 0x00, 0x00, 0x00, 0x00, 0x07, 0x80, 0x1F,
    0xE0, 0x3F, 0xFE, 0x01, 0xFE, 0x03, 0xFC, 0x1F, 0x80, 0x78, 0x01, 0xE0, 0x07, 0x00, 0x1C, 0x00,
    0x38, 0x00, 0xE0, 0x01, 0xC0, 0x03, 0x80, 0x07, 0x00, 0x0E, 0x00, 0x1E, 0x00, 0x1E, 0x00, 0x1F,
    0xFF, 0x1F, 0xFE, 0x0F, 0xF0, 0x01, 0x80, 0x00, 0xE0, 0x00, 0x38, 0x00, 0x00, 0x00, 0x00, 0x00,
    0x0F, 0x00, 0x07, 0xF8, 0x01, 0xFF, 0xF0, 0x01, 0xFE, 0x00, 0x7F, 0x80, 0x7F, 0x00, 0x3C, 0xC0,
    0x1E, 0x38, 0x0E, 0x0F, 0x07, 0x01, 0xFD, 0xC0, 0x3F, 0xE0, 0x00, 0x38, 0x00, 0x0E, 0x00, 0x03,
    0x80, 0x00, 0xE0, 0x00, 0x3C, 0x00, 0x07, 0x80, 0x00, 0xFF, 0xF8, 0x1F, 0xFE, 0x01, 0xFE, 0x00,
    0x18, 0x00, 0x70, 0x01, 0x80, 0x00, 0x00, 0x00, 0x01, 0xFC, 0x07, 0xFC, 0x0F, 0xF8, 0x00, 0xFC,
    0x03, 0xF0, 0x3F, 0x87, 0xF0, 0xFF, 0x03, 0xF0, 0x00, 0x00, 0x00, 0x18, 0x00, 0x0E, 0x00, 0x01,
    0x80, 0x00, 0x00, 0x00, 0x00, 0x00, 0x1F, 0xC0, 0x07, 0xFC, 0x00, 0xFF, 0x80, 0x00, 0xFC, 0x00,
    0x3F, 0x00, 0x3F, 0x80, 0x7F, 0xF0, 0xFF, 0x1F, 0xBF, 0x03, 0xE0, 0x00, 0x00, 0x03, 0x00, 0xF0,
    0x0E, 0x01, 0xE0, 0x1C, 0x01, 0xC0, 0x38, 0x07, 0x00, 0xEE, 0x3D, 0xFF, 0x3F, 0xC0, 0x40, 0x03,
    0x00, 0x0E, 0x00, 0x0E, 0x00, 0x1E, 0x00, 0x1C, 0x00, 0x1C, 0x00, 0x38, 0x00, 0x70, 0x00, 0xF0,
    0xE3, 0xF1, 0xFF, 0xFB, 0xFC, 0xF0, 0x40, 0x00, 0x0C, 0x01, 0xC0, 0x38, 0x00, 0x00, 0x00, 0x06,
    0x01, 0xE0, 0x1C, 0x03, 0xC0, 0x38, 0x03, 0x80, 0x70, 0x0E, 0x01, 0xDC, 0x7B, 0xFE, 0x7F, 0x80,
    0x80, 0x0E, 0x00, 0x1C, 0x00, 0x38, 0x00, 0x00, 0x00, 0x00, 0x00, 0x60, 0x01, 0xC0, 0x01, 0xC0,
    0x03, 0xC0, 0x03, 0x80, 0x03, 0x80, 0x07, 0x00, 0x0E, 0x00, 0x1E, 0x1C, 0x7E, 0x3F, 0xFF, 0x7F,
    0x9E, 0x08, 0x00, 0x02, 0x03, 0x81, 0xC0, 0x60, 0x38, 0x1C, 0x0E, 0x07, 0x03, 0x83, 0x83, 0xC3,
    0xCF, 0xC7, 0xC1, 0x80, 0x02, 0x00, 0x38, 0x01, 0xC0, 0x06, 0x00, 0x38, 0x01, 0xC0, 0x0F, 0x00,
    0x7E, 0x03, 0xF0, 0x38, 0x03, 0xC0, 0x3C, 0x0F, 0xC0, 0x7C, 0x01, 0x80, 0x00, 0x0E, 0x07, 0x03,
    0x80, 0x00, 0x00, 0x10, 0x1C, 0x0E, 0x03, 0x01, 0xC0, 0xE0, 0x70, 0x38, 0x1C, 0x1C, 0x1E, 0x1E,
    0x7E, 0x3E, 0x0C, 0x00, 0x0C, 0x00, 0xF0, 0x03, 0x00, 0x00, 0x00, 0x00, 0x01, 0x00, 0x1C, 0x00,
    0xE0, 0x03, 0x00, 0x1C, 0x00, 0xE0, 0x07, 0x80, 0x3F, 0x01, 0xF8, 0x1C, 0x01, 0xE0, 0x1E, 0x07,
    0xE0, 0x3E, 0x00, 0xC0, 0x00, 0x00, 0x00, 0x00, 0x00, 0x00, 0x00, 0x01, 0x80, 0x00, 0x00, 0x0E,
    0x00, 0x00, 0x00, 0x70, 0x00, 0xE0, 0xE3, 0x80, 0x03, 0x87, 0x0C, 0x80, 0x1C, 0x38, 0x6E, 0x00,
    0xE1, 0xC3, 0x70, 0x07, 0x9E, 0x3B, 0x00, 0x3F, 0xFF, 0xF8, 0x01, 0xFF, 0xFD, 0xC0, 0x0E, 0x00,
    0x07, 0x00, 0x70, 0x00, 0x3C, 0x07, 0x00, 0x00, 0xFF, 0xF8, 0x00, 0x03, 0xFF, 0x80, 0x00, 0x0F,
    0xF0, 0x00, 0x00, 0x00, 0x00, 0x00, 0x38, 0x00, 0x00, 0x00, 0x1C, 0x00, 0x03, 0x83, 0x8E, 0x00,
    0x00, 0xE1, 0xC3, 0x02, 0x00, 0x70, 0xE1, 0x83, 0x80, 0x38, 0x71, 0xE1, 0xC0, 0x1E, 0x78, 0xF8,
    0xC0, 0x0F, 0xFF, 0xFF, 0xE0, 0x07, 0xFF, 0xE7, 0xF0, 0x03, 0x80, 0x00, 0x1C, 0x01, 0xC0, 0x00,
    0x0F, 0x01, 0xC0, 0x00, 0x03, 0xFF, 0xE0, 0x00, 0x00, 0xFF, 0xE0, 0x00, 0x00, 0x3F, 0xC0, 0x00,
    0x00, 0x00, 0x00, 0x00, 0x00, 0x38, 0x00, 0x07, 0x00, 0x00, 0xE1, 0xC3, 0x8C, 0x38, 0x61, 0xC7,
    0x0C, 0x39, 0xC3, 0x87, 0x3C, 0x79, 0xDF, 0xFF, 0xFB, 0xFF, 0x7E, 0x00, 0x00, 0x00, 0x00, 0x00,
    0xC0, 0x00, 0x01, 0x80, 0x70, 0xE3, 0x80, 0xE1, 0x87, 0x01, 0xC3, 0x0E, 0x07, 0x0E, 0x1C, 0x0F,
    0x1E, 0x7C, 0x7F, 0xFF, 0xFF, 0xFF, 0xDF, 0xBE, 0x00, 0x00, 0x00, 0x00, 0x00, 0x08, 0x00, 0x00,
    0x00, 0xE0, 0x00, 0x00, 0x07, 0x00, 0x00, 0x00, 0x6C, 0x00, 0x00, 0x07, 0x70, 0x00, 0x00, 0x1B,
    0x80, 0x00, 0x00, 0x00, 0x00, 0x00, 0x00, 0x06, 0x00, 0x00, 0x00, 0x38, 0x00, 0x00, 0x01, 0xC0,
    0x03, 0x83, 0x8E, 0x00, 0x0E, 0x1C, 0x32, 0x00, 0x70, 0xE1, 0xB8, 0x03, 0x87, 0x0D, 0xC0, 0x1E,
    0x78, 0xEC, 0x00, 0xFF, 0xFF, 0xE0, 0x07, 0xFF, 0xF7, 0x00, 0x38, 0x00, 0x1C, 0x01, 0xC0, 0x00,
    0xF0, 0x1C, 0x00, 0x03, 0xFF, 0xE0, 0x00, 0x0F, 0xFE, 0x00, 0x00, 0x3F, 0xC0, 0x00, 0x00, 0x00,
    0x00, 0x08, 0x00, 0x00, 0x00, 0x0E, 0x00, 0x00, 0x00, 0x07, 0x00, 0x00, 0x00, 0x06, 0xC0, 0x00,
    0x00, 0x07, 0x70, 0x00, 0x00, 0x01, 0xB8, 0x00, 0x00, 0x00, 0x00, 0x00, 0x00, 0x00, 0x00, 0x00,
    0x00, 0x00, 0x00, 0x38, 0x00, 0x00, 0x00, 0x1C, 0x00, 0x03, 0x83, 0x8E, 0x00, 0x00, 0xE1, 0xC3,
    0x02, 0x00, 0x70, 0xE1, 0x83, 0x80, 0x38, 0x71, 0xE1, 0xC0, 0x1E, 0x78, 0xF8, 0xC0, 0x0F, 0xFF,
    0xFF, 0xE0, 0x07, 0xFF, 0xE7, 0xF0, 0x03, 0x80, 0x00, 0x1C, 0x01, 0xC0, 0x00, 0x0F, 0x01, 0xC0,
    0x00, 0x03, 0xFF, 0xE0, 0x00, 0x00, 0xFF, 0xE0, 0x00, 0x00, 0x3F, 0xC0, 0x00, 0x00, 0x00, 0x30,
    0x00, 0x0E, 0x00, 0x01, 0xC0, 0x00, 0x6E, 0x00, 0x1F, 0xC0, 0x01, 0xB8, 0x00, 0x00, 0x00, 0x00,
    0x0E, 0x00, 0x01, 0xC0, 0x00, 0x38, 0x70, 0xE3, 0x0E, 0x18, 0x71, 0xC3, 0x0E, 0x70, 0xE1, 0xCF,
    0x1E, 0x77, 0xFF, 0xFE, 0xFF, 0xDF, 0x80, 0x00, 0x00, 0x00, 0x30, 0x00, 0x00, 0xE0, 0x00, 0x01,
    0xC0, 0x00, 0x06, 0xE0, 0x00, 0x1F, 0xC0, 0x00, 0x1B, 0x80, 0x00, 0x00, 0x00, 0x00, 0x00, 0x00,
    0x00, 0x00, 0xC0, 0x00, 0x01, 0x80, 0x70, 0xE3, 0x80, 0xE1, 0x87, 0x01, 0xC3, 0x0E, 0x07, 0x0E,
    0x1C, 0x0F, 0x1E, 0x7C, 0x7F, 0xFF, 0xFF, 0xFF, 0xDF, 0xBE, 0x00, 0x00, 0x00, 0x00, 0x00, 0x00,
    0x78, 0x00, 0x00, 0x01, 0xFC, 0x00, 0x00, 0x03, 0xFE, 0x00, 0x0E, 0x0F, 0x8F, 0x00, 0x07, 0x1E,
    0x07, 0x20, 0x07, 0x1C, 0x07, 0x70, 0x07, 0x38, 0x07, 0x70, 0x07, 0xF0, 0x1E, 0x60, 0x07, 0xFF,
    0xFC, 0xE0, 0x07, 0xFF, 0xF8, 0xE0, 0x07, 0x1F, 0x80, 0x70, 0x07, 0x00, 0x00, 0x78, 0x0E, 0x00,
    0x00, 0x3F, 0xFE, 0x00, 0x00, 0x1F, 0xFC, 0x00, 0x00, 0x0F, 0xF0, 0x00, 0x00, 0x00, 0x00, 0x00,
    0x78, 0x00, 0x00, 0x00, 0x1F, 0xC0, 0x00, 0x00, 0x03, 0xFE, 0x00, 0x00, 0xE0, 0xF8, 0xF0, 0x00,
    0x07, 0x1E, 0x07, 0x02, 0x00, 0x71, 0xC0, 0x70, 0x70, 0x07, 0x38, 0x07, 0x07, 0x00, 0x7F, 0x01,
    0xF0, 0x60, 0x07, 0xFF, 0xFF, 0xEE, 0x00, 0x7F, 0xFF, 0xFE, 0xE0, 0x07, 0x1F, 0x80, 0x07, 0x00,
    0x70, 0x00, 0x00, 0x78, 0x0E, 0x00, 0x00, 0x03, 0xFF, 0xE0, 0x00, 0x00, 0x1F, 0xFC, 0x00, 0x00,
    0x00, 0xFF, 0x00, 0x00, 0x00, 0x00, 0x00, 0xC0, 0x00, 0x1F, 0xC0, 0x00, 0xFF, 0x87, 0x07, 0x8F,
    0x1C, 0x38, 0x1C, 0x71, 0xC0, 0x73, 0xCE, 0x01, 0xDF, 0x70, 0x1E, 0xFF, 0xFF, 0xF3, 0x9F, 0xFF,
    0x80, 0x1F, 0xF0, 0x00, 0x00, 0x00, 0xC0, 0x00, 0x03, 0xF8, 0x00, 0x03, 0xFE, 0x03, 0x83, 0xC7,
    0x81, 0xC3, 0x81, 0xC0, 0xE3, 0x80, 0xE0, 0xF3, 0x80, 0x70, 0xFB, 0x80, 0xF8, 0xFF, 0xFF, 0xFF,
    0xF3, 0xFF, 0xFF, 0xC0, 0x7F, 0xC0, 0x00, 0x00, 0x00, 0x00, 0x60, 0x00, 0x00, 0x00, 0x70, 0x00,
    0x00, 0x00, 0x70, 0x00, 0x00, 0x00, 0x00, 0x00, 0x00, 0x00, 0x00, 0x00, 0x00, 0x00, 0x78, 0x00,
    0x00, 0x01, 0xFC, 0x00, 0x00, 0x03, 0xFE, 0x00, 0x0E, 0x0F, 0x8F, 0x00, 0x07, 0x1E, 0x07, 0x20,
    0x07, 0x1C, 0x07, 0x70, 0x07, 0x38, 0x07, 0x70, 0x07, 0xF0, 0x1E, 0x60, 0x07, 0xFF, 0xFC, 0xE0,
    0x07, 0xFF, 0xF8, 0xE0, 0x07, 0x1F, 0x80, 0x70, 0x07, 0x00, 0x00, 0x78, 0x0E, 0x00, 0x00, 0x3F,
    0xFE, 0x00, 0x00, 0x1F, 0xFC, 0x00, 0x00, 0x0F, 0xF0, 0x00, 0x00, 0x00, 0x00, 0x00, 0x60, 0x00,
    0x00, 0x00, 0x07, 0x00, 0x00, 0x00, 0x00, 0x70, 0x00, 0x00, 0x00, 0x00, 0x00, 0x00, 0x00, 0x00,
    0x00, 0x00, 0x00, 0x00, 0x07, 0x80, 0x00, 0x00, 0x01, 0xFC, 0x00, 0x00, 0x00, 0x3F, 0xE0, 0x00,
    0x0E, 0x0F, 0x8F, 0x00, 0x00, 0x71, 0xE0, 0x70, 0x20, 0x07, 0x1C, 0x07, 0x07, 0x00, 0x73, 0x80,
    0x70, 0x70, 0x07, 0xF0, 0x1F, 0x06, 0x00, 0x7F, 0xFF, 0xFE, 0xE0, 0x07, 0xFF, 0xFF, 0xEE, 0x00,
    0x71, 0xF8, 0x00, 0x70, 0x07, 0x00, 0x00, 0x07, 0x80, 0xE0, 0x00, 0x00, 0x3F, 0xFE, 0x00, 0x00,
    0x01, 0xFF, 0xC0, 0x00, 0x00, 0x0F, 0xF0, 0x00, 0x00, 0x00, 0x00, 0x01, 0x80, 0x00, 0x07, 0x00,
    0x00, 0x1C, 0x00, 0x00, 0x00, 0x00, 0x00, 0x00, 0x00, 0x03, 0x00, 0x00, 0x7F, 0x00, 0x03, 0xFE,
    0x1C, 0x1E, 0x3C, 0x70, 0xE0, 0x71, 0xC7, 0x01, 0xCF, 0x38, 0x07, 0x7D, 0xC0, 0x7B, 0xFF, 0xFF,
    0xCE, 0x7F, 0xFE, 0x00, 0x7F, 0xC0, 0x00, 0x01, 0x80, 0x00, 0x00, 0xE0, 0x00, 0x00, 0x70, 0x00,
    0x00, 0x00, 0x00, 0x00, 0x00, 0x00, 0x00, 0x06, 0x00, 0x00, 0x1F, 0xC0, 0x00, 0x1F, 0xF0, 0x1C,
    0x1E, 0x3C, 0x0E, 0x1C, 0x0E, 0x07, 0x1C, 0x07, 0x07, 0x9C, 0x03, 0x87, 0xDC, 0x07, 0xC7, 0xFF,
    0xFF, 0xFF, 0x9F, 0xFF, 0xFE, 0x03, 0xFE, 0x00, 0x0E, 0x00, 0x01, 0xC0, 0x00, 0x18, 0x00, 0x03,
    0x00, 0x00, 0x60, 0x00, 0x0C, 0x00, 0x01, 0x80, 0x00, 0x30, 0x00, 0x07, 0x07, 0x00, 0xE7, 0xF0,
    0x1D, 0xFF, 0x03, 0xF8, 0xF0, 0x7C, 0x0E, 0x0F, 0x01, 0xC1, 0xC0, 0x38, 0x70, 0x1E, 0xFF, 0xFF,
    0x9F, 0xFF, 0xE0, 0x7F, 0xC0, 0x00, 0x0E, 0x00, 0x00, 0x1C, 0x00, 0x00, 0x18, 0x00, 0x00, 0x30,
    0x00, 0x00, 0x60, 0x00, 0x00, 0xC0, 0x00, 0x01, 0x80, 0x00, 0x03, 0x00, 0x00, 0x07, 0x07, 0x00,
    0x0E, 0x7F, 0x00, 0x1D, 0xFF, 0x00, 0x3F, 0x8F, 0x00, 0x7C, 0x0E, 0x00, 0xF0, 0x1C, 0x01, 0xC0,
    0x38, 0x07, 0x01, 0xF0, 0xFF, 0xFF, 0xFD, 0xFF, 0xFF, 0xF8, 0x7F, 0xC0, 0x00, 0x30, 0x00, 0x30,
    0x00, 0x30, 0x00, 0x30, 0x00, 0x30, 0x00, 0x30, 0x00, 0x38, 0x00, 0x38, 0x00, 0x38, 0x30, 0x38,
    0xFE, 0x3B, 0xFE, 0x3F, 0xC7, 0x3F, 0x07, 0x3E, 0x07, 0x3C, 0x07, 0x78, 0x7E, 0xFF, 0xFC, 0xFF,
    0xF0, 0xF0, 0x00, 0x30, 0x00, 0x06, 0x00, 0x00, 0xC0, 0x00, 0x18, 0x00, 0x03, 0x00, 0x00, 0x60,
    0x00, 0x0E, 0x00, 0x01, 0xC0, 0x00, 0x38, 0x30, 0x07, 0x1F, 0xC0, 0xEF, 0xF8, 0x1F, 0xE3, 0x83,
    0xF0, 0x70, 0x7C, 0x0E, 0x0F, 0x01, 0xC3, 0xC3, 0xF8, 0xFF, 0xFF, 0xFF, 0xFE, 0xFF, 0xC0, 0x00,
    0x00, 0x0E, 0x00, 0x01, 0xC0, 0x00, 0x18, 0x00, 0x03, 0x03, 0x00, 0x60, 0x70, 0x0C, 0x0C, 0x01,
    0x80, 0x00, 0x30, 0x00, 0x07, 0x07, 0x00, 0xE7, 0xF0, 0x1D, 0xFF, 0x03, 0xF8, 0xF0, 0x7C, 0x0E,
    0x0F, 0x01, 0xC1, 0xC0, 0x38, 0x70, 0x1E, 0xFF, 0xFF, 0x9F, 0xFF, 0xE0, 0x7F, 0xC0, 0x00, 0x0E,
    0x00, 0x00, 0x1C, 0x00, 0x00, 0x18, 0x00, 0x00, 0x30, 0x60, 0x00, 0x61, 0xC0, 0x00, 0xC1, 0x80,
    0x01, 0x80, 0x00, 0x03, 0x00, 0x00, 0x07, 0x07, 0x00, 0x0E, 0x7F, 0x00, 0x1D, 0xFF, 0x00, 0x3F,
    0x8F, 0x00, 0x7C, 0x0E, 0x00, 0xF0, 0x1C, 0x01, 0xC0, 0x38, 0x07, 0x01, 0xF0, 0xFF, 0xFF, 0xFD,
    0xFF, 0xFF, 0xF8, 0x7F, 0xC0, 0x00, 0x30, 0x00, 0x30, 0x00, 0x30, 0x00, 0x30, 0x60, 0x30, 0x70,
    0x30, 0x60, 0x38, 0x00, 0x38, 0x00, 0x38, 0x30, 0x38, 0xFE, 0x3B, 0xFE, 0x3F, 0xC7, 0x3F, 0x07,
    0x3E, 0x07, 0x3C, 0x07, 0x78, 0x7E, 0xFF, 0xFC, 0xFF, 0xF0, 0xF0, 0x00, 0x30, 0x00, 0x06, 0x00,
    0x00, 0xC0, 0x00, 0x18, 0x30, 0x03, 0x07, 0x00, 0x60, 0xC0, 0x0E, 0x00, 0x01, 0xC0, 0x00, 0x38,
    0x30, 0x07, 0x1F, 0xC0, 0xEF, 0xF8, 0x1F, 0xE3, 0x83, 0xF0, 0x70, 0x7C, 0x0E, 0x0F, 0x01, 0xC3,
    0xC3, 0xF8, 0xFF, 0xFF, 0xFF, 0xFE, 0xFF, 0xC0, 0x00, 0x00, 0x0F, 0x00, 0x7F, 0x01, 0xFE, 0x03,
    0x80, 0x06, 0x00, 0x0C, 0x00, 0x1C, 0x10, 0x3F, 0xF0, 0x3F, 0xE0, 0x3E, 0x00, 0xF0, 0x03, 0xC0,
    0x07, 0x00, 0x1C, 0x00, 0x38, 0x00, 0x70, 0x00, 0xE0, 0x01, 0xC0, 0x03, 0x80, 0x03, 0xC0, 0x07,
    0xFF, 0xC7, 0xFF, 0xC3, 0xFE, 0x00, 0x03, 0x80, 0x3F, 0x80, 0xFF, 0x83, 0xC7, 0x07, 0x86, 0x07,
    0x9C, 0x07, 0xF0, 0x07, 0xE0, 0x0F, 0xE0, 0x3F, 0xFC, 0xF3, 0xFB, 0xC0, 0x0F, 0x00, 0x1C, 0x00,
    0x38, 0x00, 0x70, 0x00, 0xE0, 0x01, 0xE0, 0x11, 0xFF, 0xF1, 0xFF, 0xE1, 0xFF, 0x00, 0x0F, 0xC1,
    0xFC, 0x3E, 0x83, 0x80, 0x30, 0x03, 0x00, 0x38, 0x03, 0xE7, 0x1F, 0xFF, 0xFE, 0xFF, 0x00, 0x00,
    0x03, 0x80, 0x3F, 0x80, 0xFF, 0x83, 0xC7, 0x07, 0x06, 0x07, 0x9C, 0x07, 0xF8, 0x07, 0xE0, 0x1F,
    0xE1, 0xFF, 0xFB, 0xE3, 0xF8, 0x00, 0x00, 0x06, 0x00, 0x1E, 0x00, 0x18, 0x00, 0x00, 0x00, 0x00,
    0x01, 0xE0, 0x0F, 0xE0, 0x3F, 0xC0, 0x70, 0x00, 0xC0, 0x01, 0x80, 0x03, 0x82, 0x07, 0xFE, 0x07,
    0xFC, 0x07, 0xC0, 0x1E, 0x00, 0x78, 0x00, 0xE0, 0x03, 0x80, 0x07, 0x00, 0x0E, 0x00, 0x1C, 0x00,
    0x38, 0x00, 0x70, 0x00, 0x78, 0x00, 0xFF, 0xF8, 0xFF, 0xF8, 0x7F, 0xC0, 0x03, 0x00, 0x07, 0x00,
    0x0E, 0x00, 0x00, 0x00, 0x00, 0x00, 0x70, 0x07, 0xF0, 0x1F, 0xF0, 0x78, 0xE0, 0xF0, 0xC0, 0xF3,
    0x80, 0xFE, 0x00, 0xFC, 0x01, 0xFC, 0x07, 0xFF, 0x9E, 0x7F, 0x78, 0x01, 0xE0, 0x03, 0x80, 0x07,
    0x00, 0x0E, 0x00, 0x1C, 0x00, 0x3C, 0x02, 0x3F, 0xFE, 0x3F, 0xFC, 0x3F, 0xE0, 0x03, 0x00, 0x70,
    0x07, 0x00, 0x00, 0x00, 0x00, 0xFC, 0x1F, 0xC3, 0xE8, 0x38, 0x03, 0x00, 0x30, 0x03, 0x80, 0x3E,
    0x71, 0xFF, 0xFF, 0xEF, 0xF0, 0x00, 0x00, 0x03, 0x00, 0x0E, 0x00, 0x0C, 0x00, 0x00, 0x00, 0x00,
    0x00, 0x70, 0x07, 0xF0, 0x1F, 0xF0, 0x78, 0xE0, 0xE0, 0xC0, 0xF3, 0x80, 0xFF, 0x00, 0xFC, 0x03,
    0xFC, 0x3F, 0xFF, 0x7C, 0x7F, 0x00, 0x00, 0x00, 0x00, 0x30, 0x00, 0x00, 0x78, 0x00, 0x00, 0x30,
    0x00, 0x00, 0x00, 0x00, 0x00, 0x00, 0x00, 0x00, 0x38, 0x00, 0x00, 0x7C, 0x00, 0x00, 0xFE, 0x00,
    0x01, 0xCE, 0x60, 0x01, 0xC7, 0x70, 0x01, 0xC7, 0x60, 0x01, 0xC7, 0xE0, 0x01, 0xFF, 0xE0, 0x00,
    0xFF, 0xF0, 0x00, 0x07, 0x78, 0x00, 0x0E, 0x7F, 0xFF, 0xFE, 0x1F, 0xFF, 0xFC, 0x07, 0xFF, 0xE0,
    0x00, 0x00, 0x0C, 0x00, 0x00, 0x00, 0x70, 0x00, 0x00, 0x03, 0x80, 0x00, 0x00, 0x00, 0x00, 0x00,
    0x00, 0x00, 0x00, 0x00, 0x07, 0x00, 0x00, 0x00, 0xFC, 0x0C, 0x00, 0x07, 0xF0, 0x70, 0x00, 0x73,
    0xC3, 0x00, 0x03, 0x8E, 0x38, 0x00, 0x1C, 0x71, 0xC0, 0x00, 0xE3, 0x8F, 0x00, 0x07, 0xB8, 0x3C,
    0x00, 0x1F, 0xC1, 0xFF, 0xFF, 0xFF, 0xE3, 0xFF, 0xFF, 0xFF, 0x07, 0xFF, 0x80, 0x00, 0x0E, 0x01,
    0xC0, 0x38, 0x00, 0x00, 0x00, 0x1E, 0x07, 0xE1, 0xFE, 0x39, 0xC6, 0x39, 0xC3, 0x1C, 0x63, 0xFC,
    0x3F, 0x80, 0x70, 0x3C, 0xFF, 0x9F, 0xC0, 0x00, 0x00, 0x06, 0x00, 0x1C, 0x00, 0x60, 0x00, 0x00,
    0x00, 0x00, 0x1C, 0x01, 0xF8, 0x07, 0xF0, 0x39, 0xE0, 0xE3, 0x83, 0x0E, 0x0E, 0x38, 0x3D, 0xC0,
    0x7F, 0x0F, 0xFF, 0xFF, 0xFF, 0x00, 0x00, 0x00, 0x1B, 0x80, 0x07, 0xF0, 0x00, 0x6E, 0x00, 0x00,
    0x00, 0x00, 0x00, 0x00, 0x0E, 0x00, 0x07, 0xE0, 0x00, 0xFE, 0x00, 0x39, 0xC0, 0x07, 0x19, 0xC0,
    0xC3, 0xB8, 0x1C, 0x77, 0x03, 0xFF, 0xC0, 0x3F, 0xB8, 0x01, 0xF7, 0x00, 0x0E, 0x70, 0x03, 0xCF,
    0x00, 0xF0, 0xFF, 0xFC, 0x0F, 0xFF, 0x00, 0x7F, 0x80, 0x00, 0x1D, 0x80, 0x00, 0x7F, 0x00, 0x01,
    0xD8, 0x00, 0x00, 0x00, 0x00, 0x00, 0x00, 0x00, 0x18, 0x00, 0x00, 0xF8, 0x00, 0x07, 0xF0, 0x00,
    0x39, 0xC0, 0x00, 0xE7, 0x03, 0x03, 0x0E, 0x1C, 0x0E, 0x38, 0x70, 0x3F, 0xFD, 0x80, 0x7F, 0xFE,
    0x00, 0x3F, 0x38, 0x00, 0x70, 0x70, 0x03, 0xC1, 0xE0, 0x1E, 0x03, 0xFF, 0xF0, 0x0F, 0xFF, 0x80,
    0x0F, 0xF8, 0x00, 0x1B, 0x07, 0x70, 0x6E, 0x00, 0x00, 0x00, 0x1E, 0x07, 0xE1, 0xFE, 0x39, 0xC6,
    0x39, 0xC3, 0x1C, 0x63, 0xFC, 0x3F, 0x80, 0x70, 0x3C, 0xFF, 0x9F, 0xC0, 0x00, 0x00, 0x1D, 0x80,
    0x7E, 0x01, 0xD8, 0x00, 0x00, 0x00, 0x00, 0x1C, 0x01, 0xF8, 0x07, 0xF0, 0x39, 0xE0, 0xE3, 0x83,
    0x0E, 0x0E, 0x38, 0x3D, 0xC0, 0x7F, 0x0F, 0xFF, 0xFF, 0xFF, 0x00, 0x00, 0x00, 0x00, 0x30, 0x00,
    0x01, 0x80, 0x00, 0x0E, 0x00, 0x00, 0x70, 0x00, 0x83, 0x80, 0x1E, 0x1C, 0x00, 0xE0, 0xE0, 0x0E,
    0x07, 0x00, 0x38, 0x3B, 0x00, 0xC1, 0xDC, 0x0F, 0x0E, 0xC1, 0xF0, 0x7E, 0x06, 0x03, 0xF0, 0x00,
    0x1F, 0xC0, 0x00, 0xEF, 0x00, 0x1E, 0x7F, 0xFF, 0xF0, 0xFF, 0xFF, 0x01, 0xFF, 0x80, 0x00, 0x00,
    0x30, 0x00, 0x00, 0x18, 0x00, 0x00, 0x0E, 0x00, 0x00, 0x07, 0x00, 0x00, 0x83, 0x80, 0x01, 0xE1,
    0xC0, 0x00, 0xE0, 0xE0, 0x00, 0xE0, 0x70, 0x00, 0x38, 0x38, 0x30, 0x0C, 0x1C, 0x1C, 0x0F, 0x0E,
    0x0C, 0x1F, 0x07, 0x0E, 0x06, 0x03, 0x87, 0x00, 0x01, 0xC3, 0xC0, 0x00, 0xE0, 0xF0, 0x01, 0xF8,
    0x7F, 0xFF, 0xFF, 0x8F, 0xFF, 0xF7, 0xC1, 0xFF, 0xC0, 0x00, 0x00, 0x40, 0x3C, 0x1F, 0x8F, 0xC7,
    0xE0, 0xF0, 0x3C, 0x03, 0xC0, 0x3C, 0x03, 0xC0, 0x3C, 0x03, 0x80, 0x38, 0x07, 0x00, 0xE0, 0x3C,
    0xFF, 0x1F, 0xC3, 0x00, 0x00, 0x00, 0x40, 0x0F, 0x80, 0x7E, 0x07, 0xE0, 0x7E, 0x01, 0xE0, 0x0E,
    0x00, 0x1C, 0x00, 0x78, 0x00, 0x70, 0x00, 0xE0, 0x01, 0xC0, 0x03, 0x80, 0x0E, 0x00, 0x3C, 0x01,
    0xFC, 0xFF, 0xFF, 0xF9, 0xFC, 0x00, 0x00, 0x00, 0x07, 0x00, 0x07, 0x00, 0x07, 0x00, 0x07, 0x00,
    0x07, 0x00, 0x07, 0x00, 0x07, 0x00, 0x07, 0x00, 0x07, 0x00, 0x07, 0x00, 0x07, 0x00, 0x07, 0x00,
    0x07, 0x20, 0x07, 0x70, 0x07, 0x70, 0x07, 0x60, 0x07, 0xE0, 0x07, 0xE0, 0x07, 0x70, 0x0E, 0x78,
    0x1E, 0x7F, 0xFC, 0x3F, 0xF8, 0x0F, 0xF0, 0x00, 0x07, 0x00, 0x00, 0x70, 0x00, 0x07, 0x00, 0x00,
    0x70, 0x00, 0x07, 0x00, 0x00, 0x70, 0x00, 0x07, 0x00, 0x00, 0x70, 0x00, 0x07, 0x00, 0x00, 0x70,
    0x00, 0x07, 0x00, 0x00, 0x70, 0x00, 0x07, 0x02, 0x00, 0x70, 0x70, 0x07, 0x07, 0x00, 0x78, 0x60,
    0x07, 0xFE, 0x00, 0x7F, 0xE0, 0x07, 0x07, 0x00, 0xF0, 0x78, 0x1E, 0x03, 0xFF, 0xC0, 0x1F, 0xF8,
    0x00, 0xFE, 0x00, 0x38, 0xE3, 0x8E, 0x38, 0xE3, 0x8E, 0x38, 0xE3, 0x8E, 0x18, 0x61, 0x8E, 0xFB,
    0xC0, 0x00, 0x38, 0x1C, 0x0E, 0x07, 0x03, 0x81, 0xC0, 0xE0, 0x70, 0x38, 0x1C, 0x0E, 0x07, 0x01,
    0x80, 0xC0, 0x70, 0x7C, 0xFF, 0xFB, 0xC0, 0x00, 0x07, 0x81, 0xFC, 0x3F, 0xE3, 0x8E, 0x30, 0x60,
    0x06, 0x0F, 0xE3, 0xFE, 0x7F, 0xEF, 0x00, 0xE0, 0x0E, 0x00, 0xE0, 0x0E, 0x00, 0xE0, 0x06, 0x00,
    0x60, 0x07, 0x00, 0x70, 0x07, 0x00, 0x00, 0x00, 0x07, 0xC0, 0x0F, 0xE0, 0x1F, 0xE0, 0x3C, 0x70,
    0x78, 0x70, 0x7C, 0x30, 0xFE, 0x38, 0xEF, 0xFF, 0xE7, 0xFF, 0xE1, 0xC0, 0xE0, 0x00, 0xE0, 0x00,
    0xE0, 0x00, 0xE0, 0x00, 0x60, 0x00, 0x70, 0x00, 0x70, 0x00, 0x70, 0x00, 0x70, 0x00, 0x07, 0xC0,
    0xFE, 0x0F, 0xE1, 0xC7, 0x18, 0x73, 0x87, 0x7E, 0x7F, 0xFE, 0xE7, 0xE0, 0x00, 0x00, 0x00, 0x07,
    0xC0, 0x0F, 0xE0, 0x0E, 0xE0, 0x1C, 0x70, 0x38, 0x70, 0x3C, 0x38, 0x7E, 0x3C, 0xFF, 0xFF, 0xE7,
    0xFF, 0x01, 0xC0, 0x01, 0x80, 0x01, 0xC0, 0x01, 0xC0, 0x00, 0x00, 0x00, 0x00, 0x00, 0x0E, 0x00,
    0x0E, 0x00, 0x0E, 0x20, 0x07, 0x70, 0x07, 0x70, 0x07, 0x60, 0x07, 0xE0, 0x07, 0xE0, 0x07, 0x70,
    0x07, 0x78, 0x1E, 0x7F, 0xFC, 0x3F, 0xF8, 0x0F, 0xF0, 0x01, 0x80, 0x00, 0x1C, 0x00, 0x01, 0xC0,
    0x00, 0x00, 0x00, 0x00, 0x00, 0x00, 0x00, 0x00, 0x00, 0x0E, 0x00, 0x00, 0x70, 0x20, 0x07, 0x07,
    0x00, 0x70, 0x70, 0x07, 0x86, 0x00, 0x7F, 0xE0, 0x07, 0xFE, 0x00, 0x70, 0x70, 0x07, 0x07, 0x00,
    0xE0, 0x7F, 0xFE, 0x03, 0xFF, 0xC0, 0x0F, 0xF0, 0x00, 0x30, 0xE3, 0x00, 0x00, 0x03, 0x8E, 0x38,
    0x71, 0xC7, 0x1C, 0xFF, 0xBC, 0x00, 0x18, 0x0E, 0x01, 0x80, 0x00, 0x00, 0x00, 0x01, 0xC0, 0x70,
    0x1C, 0x07, 0x03, 0xE3, 0xFF, 0xF7, 0xC0, 0x00, 0x08, 0x07, 0x81, 0xE0, 0xFC, 0x3B, 0x9C, 0x66,
    0x1F, 0x87, 0xE1, 0xDC, 0xE7, 0xF8, 0xFC, 0x01, 0x80, 0x06, 0x00, 0xFC, 0x07, 0xF0, 0x3F, 0xC1,
    0xC7, 0x06, 0x1C, 0x38, 0x70, 0x7F, 0xC1, 0xFF, 0x03, 0xFE, 0x00, 0x3F, 0x00, 0x7C, 0x00, 0x00,
    0x08, 0x00, 0x38, 0x00, 0xF0, 0x07, 0xE0, 0x3F, 0xC0, 0xE7, 0x83, 0x1F, 0x0C, 0x7E, 0x39, 0xF8,
    0xFE, 0x71, 0xF1, 0xFF, 0xFE, 0xFF, 0xF8, 0x01, 0x80, 0x03, 0x80, 0x1F, 0x00, 0xFC, 0x07, 0x38,
    0x1C, 0xE0, 0xE3, 0x83, 0x8C, 0x0E, 0x70, 0x3F, 0xC3, 0xFF, 0xFF, 0xFF, 0xCE, 0x1C, 0x38, 0x70,
    0xF1, 0xC1, 0xFE, 0x03, 0xF8, 0x03, 0x80, 0x1C, 0x1F, 0x9F, 0xCE, 0x7E, 0x3F, 0x1F, 0x8E, 0xFF,
    0x7F, 0x87, 0xC1, 0xC3, 0xEF, 0xE7, 0xE3, 0x80, 0x1C, 0x01, 0xF8, 0x1F, 0xC0, 0xE7, 0x0E, 0x38,
    0x71, 0xC3, 0xCE, 0x0F, 0xFE, 0x7F, 0xF0, 0x3F, 0x01, 0xC0, 0x3E, 0x0F, 0xE0, 0x7E, 0x03, 0x80,
    0x00, 0x00, 0x03, 0xC0, 0x01, 0xFC, 0x00, 0x7F, 0x00, 0x1E, 0x00, 0x03, 0x80, 0x00, 0xE0, 0x08,
    0x1C, 0x03, 0x83, 0xE0, 0x70, 0x3F, 0x0C, 0x01, 0xFB, 0x80, 0x07, 0x70, 0x00, 0xE7, 0x00, 0x3C,
    0xF0, 0x0F, 0x1F, 0xFF, 0xC1, 0xFF, 0xF0, 0x0F, 0xF0, 0x00, 0x20, 0x00, 0x07, 0x00, 0xC0, 0x70,
    0x0F, 0x86, 0x00, 0xFF, 0xE0, 0x03, 0xFE, 0x00, 0x1C, 0x70, 0x01, 0xC7, 0x80, 0x78, 0x3F, 0xFF,
    0x81, 0xFF, 0xE0, 0x0F, 0xF8, 0x00, 0x00, 0x03, 0xC0, 0x01, 0xFC, 0x00, 0x7F, 0x00, 0x1E, 0x00,
    0x03, 0x80, 0x00, 0xE0, 0x08, 0x1C, 0x03, 0x83, 0xE0, 0x70, 0x3F, 0x0C, 0x01, 0xFB, 0x80, 0x07,
    0x70, 0x00, 0xE7, 0x00, 0x3C, 0xF0, 0x0F, 0x1F, 0xFF, 0xC1, 0xFF, 0xF0, 0x0F, 0xF0, 0x00, 0x00,
    0x00, 0x00, 0x00, 0x01, 0xB8, 0x00, 0x3F, 0x00, 0x06, 0xE0, 0x00, 0x20, 0x00, 0x07, 0x00, 0xC0,
    0x70, 0x0F, 0x86, 0x00, 0xFF, 0xE0, 0x03, 0xFE, 0x00, 0x1C, 0x70, 0x01, 0xC7, 0x80, 0x78, 0x3F,
    0xFF, 0x81, 0xFF, 0xE0, 0x0F, 0xF8, 0x00, 0x00, 0x00, 0x00, 0x00, 0x00, 0x76, 0x00, 0x07, 0xF0,
    0x00, 0x76, 0x00, 0x00, 0x18, 0x38, 0x70, 0xE0, 0xC1, 0x83, 0x0E, 0xFD, 0xF0, 0x00, 0x0D, 0xDF,
    0xB7, 0x00, 0x01, 0xC0, 0x30, 0x0E, 0x01, 0xC0, 0x7C, 0x3F, 0xFF, 0xBF, 0x00, 0x00, 0x00, 0xD8,
    0x3B, 0x83, 0x60, 0x78, 0x01, 0xFF, 0x3B, 0x3C, 0x70, 0x00, 0xE0, 0x81, 0xC3, 0x83, 0x87, 0xC7,
    0x07, 0xCE, 0x03, 0xDC, 0x03, 0xF8, 0x03, 0xE0, 0x01, 0xC0, 0x07, 0xC0, 0x1F, 0xC0, 0x7B, 0x81,
    0xE3, 0x07, 0x8E, 0x1F, 0xFC, 0x3F, 0xF0, 0x38, 0x00, 0x0F, 0xF3, 0x81, 0x3E, 0x70, 0x00, 0x0E,
    0x00, 0x01, 0xC0, 0x30, 0x38, 0x07, 0x07, 0x00, 0x70, 0xE0, 0x07, 0x1C, 0x00, 0x73, 0x80, 0x07,
    0x70, 0x00, 0x7E, 0x00, 0x0F, 0xC0, 0x00, 0xF8, 0x00, 0x0F, 0x00, 0x01, 0xF0, 0x01, 0xFE, 0x03,
    0xFD, 0xF8, 0x7F, 0x1F, 0x00, 0x00, 0x00, 0x38, 0x01, 0xE0, 0x06, 0x00, 0x18, 0x00, 0x7C, 0x39,
    0xF0, 0xE6, 0x03, 0x84, 0x0E, 0x38, 0x38, 0xF8, 0xE1, 0xF3, 0x81, 0xEE, 0x03, 0xF8, 0x07, 0xC0,
    0x07, 0x00, 0x3E, 0x01, 0xFC, 0x0F, 0x70, 0x78, 0xC3, 0xC7, 0x1F, 0xFC, 0x7F, 0xE0, 0x30, 0x00,
    0x78, 0x00, 0x30, 0x00, 0x18, 0x00, 0x07, 0x87, 0x07, 0xC3, 0x83, 0x01, 0xC0, 0x00, 0xE0, 0x60,
    0x70, 0x38, 0x38, 0x0E, 0x1C, 0x03, 0x8E, 0x00, 0xE7, 0x00, 0x3B, 0x80, 0x0F, 0xC0, 0x07, 0xE0,
    0x01, 0xF0, 0x00, 0x78, 0x00, 0x3E, 0x00, 0xFF, 0x07, 0xFB, 0xF3, 0xF8, 0xF8, 0x00, 0x00, 0x00,
    0xE0, 0x0E, 0x00, 0xE4, 0x0E, 0xE0, 0xEF, 0x8E, 0x7C, 0xE1, 0xEE, 0x0F, 0xE0, 0x7C, 0x01, 0xC0,
    0x3E, 0x07, 0xF0, 0xF7, 0x1E, 0x33, 0xC7, 0x7F, 0xF7, 0xFE, 0x00, 0x03, 0x80, 0x78, 0x06, 0x00,
    0x60, 0x07, 0xC0, 0x7C, 0x06, 0x00, 0x00, 0xE0, 0x00, 0xE0, 0x00, 0xE0, 0x00, 0xE0, 0xC0, 0xE0,
    0xE0, 0xE0, 0x70, 0xE0, 0x38, 0xE0, 0x1C, 0xE0, 0x0E, 0xE0, 0x07, 0xE0, 0x07, 0xE0, 0x03, 0xE0,
    0x01, 0xE0, 0x01, 0xF0, 0x0F, 0xF0, 0xFF, 0x7E, 0xFE, 0x3E, 0x00, 0x00, 0x0C, 0x00, 0x1E, 0x00,
    0x38, 0x00, 0x38, 0x00, 0x1F, 0x00, 0x3F, 0x00, 0x18, 0x00, 0x00, 0xE0, 0x0E, 0x00, 0xE4, 0x0E,
    0xE0, 0xEF, 0x8E, 0x7C, 0xE1, 0xEE, 0x0F, 0xE0, 0x7C, 0x01, 0xC0, 0x3E, 0x07, 0xF0, 0xF7, 0x1E,
    0x33, 0xC7, 0x7F, 0xF7, 0xFE, 0x00, 0xE0, 0x00, 0xE0, 0x00, 0xE0, 0x00, 0xE0, 0xC0, 0xE0, 0xE0,
    0xE0, 0x70, 0xE0, 0x38, 0xE0, 0x1C, 0xE0, 0x0E, 0xE0, 0x07, 0xE0, 0x07, 0xE0, 0x03, 0xE0, 0x01,
    0xE0, 0x01, 0xF0, 0x0F, 0xF0, 0xFF, 0x7E, 0xFE, 0x3E, 0x00, 0x00,
};

static const EpdGlyph ia_duospace_12_regularGlyphs[] = {
    { 0, 0, 0, 0, 0, 0, 0 }, // U+0000
    { 0, 0, 104, 0, 0, 0, 0 }, // U+000D
    { 0, 0, 240, 0, 0, 0, 0 }, // U+0020
    { 5, 17, 240, 5, 17, 11, 0 }, // !
    { 7, 7, 240, 4, 18, 7, 11 }, // "
    { 15, 17, 240, 0, 17, 32, 18 }, // #
    { 13, 23, 240, 1, 20, 38, 50 }, // $
    { 21, 17, 360, 1, 17, 45, 88 }, // %
    { 15, 17, 240, 0, 17, 32, 133 }, // &
    { 3, 7, 240, 6, 18, 3, 165 }, // '
    { 8, 22, 240, 5, 19, 22, 168 }, // (
    { 8, 22, 240, 2, 19, 22, 190 }, // )
    { 13, 13, 240, 1, 14, 22, 212 }, // *
    { 13, 12, 240, 1, 14, 20, 234 }, // +
    { 5, 7, 240, 5, 4, 5, 254 }, // ,
    { 9, 2, 240, 3, 8, 3, 259 }, // -
    { 5, 3, 240, 5, 3, 2, 262 }, // .
    { 11, 22, 240, 2, 19, 31, 264 }, // /
    { 13, 17, 240, 1, 17, 28, 295 }, // 0
    { 13, 17, 240, 1, 17, 28, 323 }, // 1
    { 13, 17, 240, 1, 17, 28, 351 }, // 2
    { 12, 17, 240, 1, 17, 26, 379 }, // 3
    { 15, 17, 240, 0, 17, 32, 405 }, // 4
    { 13, 17, 240, 1, 17, 28, 437 }, // 5
    { 13, 17, 240, 1, 17, 28, 465 }, // 6
    { 13, 17, 240, 1, 17, 28, 493 }, // 7
    { 13, 17, 240, 1, 17, 28, 521 }, // 8
    { 13, 17, 240, 1, 17, 28, 549 }, // 9
    { 5, 13, 240, 5, 13, 9, 577 }, // :
    { 5, 16, 240, 5, 13, 10, 586 }, // ;
    { 11, 15, 240, 2, 15, 21, 596 }, // <
    { 13, 7, 240, 1, 11, 12, 617 }, // =
    { 11, 15, 240, 2, 15, 21, 629 }, // >
    { 12, 17, 240, 1, 17, 26, 650 }, // ?
    { 20, 20, 360, 1, 17, 50, 676 }, // @
    { 15, 17, 240, 0, 17, 32, 726 }, // A
    { 12, 17, 240, 2, 17, 26, 758 }, // B
    { 13, 17, 240, 1, 17, 28, 784 }, // C
    { 12, 17, 240, 2, 17, 26, 812 }, // D
    { 11, 17, 240, 2, 17, 24, 838 }, // E
    { 12, 17, 240, 2, 17, 26, 862 }, // F
    { 13, 17, 240, 1, 17, 28, 888 }, // G
    { 11, 17, 240, 2, 17, 24, 916 }, // H
    { 11, 17, 240, 2, 17, 24, 940 }, // I
    { 11, 17, 240, 1, 17, 24, 964 }, // J
    { 13, 17, 240, 2, 17, 28, 988 }, // K
    { 11, 17, 240, 3, 17, 24, 1016 }, // L
    { 18, 17, 360, 2, 17, 39, 1040 }, // M
    { 11, 17, 240, 2, 17, 24, 1079 }, // N
    { 13, 17, 240, 1, 17, 28, 1103 }, // O
    { 12, 17, 240, 2, 17, 26, 1131 }, // P
    { 15, 18, 240, 1, 17, 34, 1157 }, // Q
    { 12, 17, 240, 2, 17, 26, 1191 }, // R
    { 13, 17, 240, 1, 17, 28, 1217 }, // S
    { 15, 17, 240, 0, 17, 32, 1245 }, // T
    { 11, 17, 240, 2, 17, 24, 1277 }, // U
    { 15, 17, 240, 0, 17, 32, 1301 }, // V
    { 22, 17, 360, 0, 17, 47, 1333 }, // W
    { 15, 17, 240, 0, 17, 32, 1380 }, // X
    { 15, 17, 240, 0, 17, 32, 1412 }, // Y
    { 13, 17, 240, 1, 17, 28, 1444 }, // Z
    { 8, 22, 240, 5, 19, 22, 1472 }, // [
    { 11, 22, 240, 2, 19, 31, 1494 }, // <backslash>
    { 8, 22, 240, 2, 19, 22, 1525 }, // ]
    { 13, 11, 240, 1, 17, 18, 1547 }, // ^
    { 13, 2, 240, 1, -2, 4, 1565 }, // _
    { 5, 6, 240, 4, 20, 4, 1569 }, // `
    { 13, 13, 240, 1, 13, 22, 1573 }, // a
    { 12, 18, 240, 2, 18, 27, 1595 }, // b
    { 11, 13, 240, 2, 13, 18, 1622 }, // c
    { 12, 18, 240, 1, 18, 27, 1640 }, // d
    { 13, 13, 240, 1, 13, 22, 1667 }, // e
    { 13, 18, 240, 1, 18, 30, 1689 }, // f
    { 12, 18, 240, 1, 13, 27, 1719 }, // g
    { 11, 18, 240, 2, 18, 25, 1746 }, // h
    { 12, 18, 240, 2, 18, 27, 1771 }, // i
    { 10, 23, 240, 2, 18, 29, 1798 }, // j
    { 13, 18, 240, 2, 18, 30, 1827 }, // k
    { 11, 18, 240, 2, 18, 25, 1857 }, // l
    { 19, 13, 360, 2, 13, 31, 1882 }, // m
    { 11, 13, 240, 2, 13, 18, 1913 }, // n
    { 13, 13, 240, 1, 13, 22, 1931 }, // o
    { 12, 18, 240, 2, 13, 27, 1953 }, // p
    { 12, 18, 240, 1, 13, 27, 1980 }, // q
    { 13, 13, 240, 1, 13, 22, 2007 }, // r
    { 13, 13, 240, 1, 13, 22, 2029 }, // s
    { 14, 17, 240, 0, 17, 30, 2051 }, // t
    { 11, 13, 240, 2, 13, 18, 2081 }, // u
    { 13, 13, 240, 1, 13, 22, 2099 }, // v
    { 20, 13, 360, 1, 13, 33, 2121 }, // w
    { 13, 13, 240, 1, 13, 22, 2154 }, // x
    { 13, 18, 240, 1, 13, 30, 2176 }, // y
    { 11, 13, 240, 2, 13, 18, 2206 }, // z
    { 11, 22, 240, 2, 19, 31, 2224 }, // {
    { 3, 22, 240, 6, 19, 9, 2255 }, // |
    { 11, 22, 240, 2, 19, 31, 2264 }, // }
    { 13, 4, 240, 1, 10, 7, 2295 }, // ~
    { 0, 0, 240, 0, 0, 0, 2302 }, // U+00A0
    { 5, 18, 240, 5, 13, 12, 2302 }, // U+00A1
    { 11, 19, 240, 2, 16, 27, 2314 }, // U+00A2
    { 13, 17, 240, 1, 17, 28, 2341 }, // U+00A3
    { 15, 17, 240, 0, 17, 32, 2369 }, // U+00A5
    { 3, 22, 240, 6, 19, 9, 2401 }, // U+00A6
    { 12, 21, 240, 2, 17, 32, 2410 }, // U+00A7
    { 9, 3, 240, 3, 18, 4, 2442 }, // U+00A8
    { 18, 18, 360, 2, 18, 41, 2446 }, // U+00A9
    { 9, 9, 240, 3, 18, 11, 2487 }, // U+00AA
    { 13, 12, 240, 1, 13, 20, 2498 }, // U+00AB
    { 13, 7, 240, 1, 9, 12, 2518 }, // U+00AC
    { 9, 2, 240, 3, 8, 3, 2530 }, // U+00AD
    { 11, 9, 240, 2, 18, 13, 2533 }, // U+00AE
    { 7, 2, 240, 4, 18, 2, 2546 }, // U+00AF
    { 9, 9, 240, 3, 18, 11, 2548 }, // U+00B0
    { 13, 15, 240, 1, 15, 25, 2559 }, // U+00B1
    { 7, 9, 240, 4, 17, 8, 2584 }, // U+00B2
    { 8, 9, 240, 3, 17, 9, 2592 }, // U+00B3
    { 5, 6, 240, 6, 20, 4, 2601 }, // U+00B4
    { 11, 18, 240, 2, 13, 25, 2605 }, // U+00B5
    { 12, 22, 240, 1, 17, 33, 2630 }, // U+00B6
    { 5, 3, 240, 5, 9, 2, 2663 }, // U+00B7
    { 6, 7, 240, 5, 1, 6, 2665 }, // U+00B8
    { 9, 9, 240, 3, 17, 11, 2671 }, // U+00B9
    { 9, 9, 240, 3, 18, 11, 2682 }, // U+00BA
    { 13, 12, 240, 1, 13, 20, 2693 }, // U+00BB
    { 15, 17, 240, 0, 17, 32, 2713 }, // U+00BC
    { 15, 17, 240, 0, 17, 32, 2745 }, // U+00BD
    { 15, 17, 240, 0, 17, 32, 2777 }, // U+00BE
    { 12, 18, 240, 2, 13, 27, 2809 }, // U+00BF
    { 15, 24, 240, 0, 24, 45, 2836 }, // U+00C0
    { 15, 24, 240, 0, 24, 45, 2881 }, // U+00C1
    { 15, 23, 240, 0, 23, 44, 2926 }, // U+00C2
    { 15, 22, 240, 0, 22, 42, 2970 }, // U+00C3
    { 15, 22, 240, 0, 22, 42, 3012 }, // U+00C4
    { 15, 24, 240, 0, 24, 45, 3054 }, // U+00C5
    { 22, 17, 360, 0, 17, 47, 3099 }, // U+00C6
    { 13, 22, 240, 1, 17, 36, 3146 }, // U+00C7
    { 11, 24, 240, 2, 24, 33, 3182 }, // U+00C8
    { 11, 24, 240, 2, 24, 33, 3215 }, // U+00C9
    { 11, 23, 240, 2, 23, 32, 3248 }, // U+00CA
    { 11, 22, 240, 2, 22, 31, 3280 }, // U+00CB
    { 11, 24, 240, 2, 24, 33, 3311 }, // U+00CC
    { 11, 24, 240, 2, 24, 33, 3344 }, // U+00CD
    { 11, 23, 240, 2, 23, 32, 3377 }, // U+00CE
    { 11, 22, 240, 2, 22, 31, 3409 }, // U+00CF
    { 14, 17, 240, 0, 17, 30, 3440 }, // U+00D0
    { 11, 22, 240, 2, 22, 31, 3470 }, // U+00D1
    { 13, 24, 240, 1, 24, 39, 3501 }, // U+00D2
    { 13, 24, 240, 1, 24, 39, 3540 }, // U+00D3
    { 13, 23, 240, 1, 23, 38, 3579 }, // U+00D4
    { 13, 22, 240, 1, 22, 36, 3617 }, // U+00D5
    { 13, 22, 240, 1, 22, 36, 3653 }, // U+00D6
    { 11, 11, 240, 2, 13, 16, 3689 }, // U+00D7
    { 13, 19, 240, 1, 18, 31, 3705 }, // U+00D8
    { 11, 24, 240, 2, 24, 33, 3736 }, // U+00D9
    { 11, 24, 240, 2, 24, 33, 3769 }, // U+00DA
    { 11, 23, 240, 2, 23, 32, 3802 }, // U+00DB
    { 11, 22, 240, 2, 22, 31, 3834 }, // U+00DC
    { 15, 24, 240, 0, 24, 45, 3865 }, // U+00DD
    { 12, 17, 240, 2, 17, 26, 3910 }, // U+00DE
    { 15, 18, 240, 0, 18, 34, 3936 }, // U+00DF
    { 13, 20, 240, 1, 20, 33, 3970 }, // U+00E0
    { 13, 20, 240, 1, 20, 33, 4003 }, // U+00E1
    { 13, 19, 240, 1, 19, 31, 4036 }, // U+00E2
    { 13, 18, 240, 1, 18, 30, 4067 }, // U+00E3
    { 13, 18, 240, 1, 18, 30, 4097 }, // U+00E4
    { 13, 20, 240, 1, 20, 33, 4127 }, // U+00E5
    { 20, 13, 360, 1, 13, 33, 4160 }, // U+00E6
    { 11, 18, 240, 2, 13, 25, 4193 }, // U+00E7
    { 13, 20, 240, 1, 20, 33, 4218 }, // U+00E8
    { 13, 20, 240, 1, 20, 33, 4251 }, // U+00E9
    { 13, 19, 240, 1, 19, 31, 4284 }, // U+00EA
    { 13, 18, 240, 1, 18, 30, 4315 }, // U+00EB
    { 12, 20, 240, 2, 20, 30, 4345 }, // U+00EC
    { 12, 20, 240, 2, 20, 30, 4375 }, // U+00ED
    { 12, 19, 240, 2, 19, 29, 4405 }, // U+00EE
    { 12, 18, 240, 2, 18, 27, 4434 }, // U+00EF
    { 13, 19, 240, 1, 19, 31, 4461 }, // U+00F0
    { 11, 18, 240, 2, 18, 25, 4492 }, // U+00F1
    { 13, 20, 240, 1, 20, 33, 4517 }, // U+00F2
    { 13, 20, 240, 1, 20, 33, 4550 }, // U+00F3
    { 13, 19, 240, 1, 19, 31, 4583 }, // U+00F4
    { 13, 18, 240, 1, 18, 30, 4614 }, // U+00F5
    { 13, 18, 240, 1, 18, 30, 4644 }, // U+00F6
    { 13, 12, 240, 1, 14, 20, 4674 }, // U+00F7
    { 13, 15, 240, 1, 14, 25, 4694 }, // U+00F8
    { 11, 20, 240, 2, 20, 28, 4719 }, // U+00F9
    { 11, 20, 240, 2, 20, 28, 4747 }, // U+00FA
    { 11, 19, 240, 2, 19, 27, 4775 }, // U+00FB
    { 11, 18, 240, 2, 18, 25, 4802 }, // U+00FC
    { 13, 25, 240, 1, 20, 41, 4827 }, // U+00FD
    { 12, 23, 240, 2, 18, 35, 4868 }, // U+00FE
    { 13, 23, 240, 1, 18, 38, 4903 }, // U+00FF
    { 15, 22, 240, 0, 22, 42, 4941 }, // U+0100
    { 13, 18, 240, 1, 18, 30, 4983 }, // U+0101
    { 15, 24, 240, 0, 24, 45, 5013 }, // U+0102
    { 13, 20, 240, 1, 20, 33, 5058 }, // U+0103
    { 15, 22, 240, 0, 17, 42, 5091 }, // U+0104
    { 14, 18, 240, 1, 13, 32, 5133 }, // U+0105
    { 13, 24, 240, 1, 24, 39, 5165 }, // U+0106
    { 11, 20, 240, 2, 20, 28, 5204 }, // U+0107
    { 13, 23, 240, 1, 23, 38, 5232 }, // U+0108
    { 11, 19, 240, 2, 19, 27, 5270 }, // U+0109
    { 13, 22, 240, 1, 22, 36, 5297 }, // U+010A
    { 11, 18, 240, 2, 18, 25, 5333 }, // U+010B
    { 13, 24, 240, 1, 24, 39, 5358 }, // U+010C
    { 11, 20, 240, 2, 20, 28, 5397 }, // U+010D
    { 12, 24, 240, 2, 24, 36, 5425 }, // U+010E
    { 16, 18, 240, 1, 18, 36, 5461 }, // U+010F
    { 14, 17, 240, 0, 17, 30, 5497 }, // U+0110
    { 14, 18, 240, 1, 18, 32, 5527 }, // U+0111
    { 11, 22, 240, 2, 22, 31, 5559 }, // U+0112
    { 13, 18, 240, 1, 18, 30, 5590 }, // U+0113
    { 11, 24, 240, 2, 24, 33, 5620 }, // U+0114
    { 13, 20, 240, 1, 20, 33, 5653 }, // U+0115
    { 11, 22, 240, 2, 22, 31, 5686 }, // U+0116
    { 13, 18, 240, 1, 18, 30, 5717 }, // U+0117
    { 12, 22, 240, 2, 17, 33, 5747 }, // U+0118
    { 13, 18, 240, 1, 13, 30, 5780 }, // U+0119
    { 11, 24, 240, 2, 24, 33, 5810 }, // U+011A
    { 13, 20, 240, 1, 20, 33, 5843 }, // U+011B
    { 13, 23, 240, 1, 23, 38, 5876 }, // U+011C
    { 12, 24, 240, 1, 19, 36, 5914 }, // U+011D
    { 13, 24, 240, 1, 24, 39, 5950 }, // U+011E
    { 12, 25, 240, 1, 20, 38, 5989 }, // U+011F
    { 13, 22, 240, 1, 22, 36, 6027 }, // U+0120
    { 12, 23, 240, 1, 18, 35, 6063 }, // U+0121
    { 13, 23, 240, 1, 17, 38, 6098 }, // U+0122
    { 12, 24, 240, 1, 19, 36, 6136 }, // U+0123
    { 11, 23, 240, 2, 23, 32, 6172 }, // U+0124
    { 14, 24, 240, -1, 24, 42, 6204 }, // U+0125
    { 15, 17, 240, 0, 17, 32, 6246 }, // U+0126
    { 13, 18, 240, 0, 18, 30, 6278 }, // U+0127
    { 11, 22, 240, 2, 22, 31, 6308 }, // U+0128
    { 12, 18, 240, 2, 18, 27, 6339 }, // U+0129
    { 11, 22, 240, 2, 22, 31, 6366 }, // U+012A
    { 12, 18, 240, 2, 18, 27, 6397 }, // U+012B
    { 11, 24, 240, 2, 24, 33, 6424 }, // U+012C
    { 12, 20, 240, 2, 20, 30, 6457 }, // U+012D
    { 12, 22, 240, 2, 17, 33, 6487 }, // U+012E
    { 13, 23, 240, 2, 18, 38, 6520 }, // U+012F
    { 11, 22, 240, 2, 22, 31, 6558 }, // U+0130
    { 12, 13, 240, 2, 13, 20, 6589 }, // U+0131
    { 11, 17, 240, 2, 17, 24, 6609 }, // U+0132
    { 11, 23, 240, 2, 18, 32, 6633 }, // U+0133
    { 11, 23, 240, 1, 23, 32, 6665 }, // U+0134
    { 12, 24, 240, 2, 19, 36, 6697 }, // U+0135
    { 13, 23, 240, 2, 17, 38, 6733 }, // U+0136
    { 13, 24, 240, 2, 18, 39, 6771 }, // U+0137
    { 13, 13, 240, 2, 13, 22, 6810 }, // U+0138
    { 12, 24, 240, 2, 24, 36, 6832 }, // U+0139
    { 11, 25, 240, 2, 25, 35, 6868 }, // U+013A
    { 11, 23, 240, 3, 17, 32, 6903 }, // U+013B
    { 11, 24, 240, 2, 18, 33, 6935 }, // U+013C
    { 11, 19, 240, 3, 19, 27, 6968 }, // U+013D
    { 12, 19, 240, 2, 19, 29, 6995 }, // U+013E
    { 11, 17, 240, 3, 17, 24, 7024 }, // U+013F
    { 13, 18, 240, 2, 18, 30, 7048 }, // U+0140
    { 13, 17, 240, 1, 17, 28, 7078 }, // U+0141
    { 11, 18, 240, 2, 18, 25, 7106 }, // U+0142
    { 11, 24, 240, 2, 24, 33, 7131 }, // U+0143
    { 11, 20, 240, 2, 20, 28, 7164 }, // U+0144
    { 11, 23, 240, 2, 17, 32, 7192 }, // U+0145
    { 11, 19, 240, 2, 13, 27, 7224 }, // U+0146
    { 11, 24, 240, 2, 24, 33, 7251 }, // U+0147
    { 11, 20, 240, 2, 20, 28, 7284 }, // U+0148
    { 13, 18, 240, 0, 18, 30, 7312 }, // U+0149
    { 11, 22, 240, 2, 17, 31, 7342 }, // U+014A
    { 11, 18, 240, 2, 13, 25, 7373 }, // U+014B
    { 13, 22, 240, 1, 22, 36, 7398 }, // U+014C
    { 13, 18, 240, 1, 18, 30, 7434 }, // U+014D
    { 13, 24, 240, 1, 24, 39, 7464 }, // U+014E
    { 13, 20, 240, 1, 20, 33, 7503 }, // U+014F
    { 13, 24, 240, 1, 24, 39, 7536 }, // U+0150
    { 13, 20, 240, 1, 20, 33, 7575 }, // U+0151
    { 22, 17, 360, 0, 17, 47, 7608 }, // U+0152
    { 22, 13, 360, 1, 13, 36, 7655 }, // U+0153
    { 12, 24, 240, 2, 24, 36, 7691 }, // U+0154
    { 13, 20, 240, 1, 20, 33, 7727 }, // U+0155
    { 12, 23, 240, 2, 17, 35, 7760 }, // U+0156
    { 13, 19, 240, 1, 13, 31, 7795 }, // U+0157
    { 12, 24, 240, 2, 24, 36, 7826 }, // U+0158
    { 13, 20, 240, 1, 20, 33, 7862 }, // U+0159
    { 13, 24, 240, 1, 24, 39, 7895 }, // U+015A
    { 13, 20, 240, 1, 20, 33, 7934 }, // U+015B
    { 13, 23, 240, 1, 23, 38, 7967 }, // U+015C
    { 13, 19, 240, 1, 19, 31, 8005 }, // U+015D
    { 13, 22, 240, 1, 17, 36, 8036 }, // U+015E
    { 13, 18, 240, 1, 13, 30, 8072 }, // U+015F
    { 13, 24, 240, 1, 24, 39, 8102 }, // U+0160
    { 13, 20, 240, 1, 20, 33, 8141 }, // U+0161
    { 15, 23, 240, 0, 17, 44, 8174 }, // U+0162
    { 14, 23, 240, 0, 17, 41, 8218 }, // U+0163
    { 15, 24, 240, 0, 24, 45, 8259 }, // U+0164
    { 14, 20, 240, 0, 20, 35, 8304 }, // U+0165
    { 15, 17, 240, 0, 17, 32, 8339 }, // U+0166
    { 14, 17, 240, 0, 17, 30, 8371 }, // U+0167
    { 11, 22, 240, 2, 22, 31, 8401 }, // U+0168
    { 11, 18, 240, 2, 18, 25, 8432 }, // U+0169
    { 11, 22, 240, 2, 22, 31, 8457 }, // U+016A
    { 11, 18, 240, 2, 18, 25, 8488 }, // U+016B
    { 11, 24, 240, 2, 24, 33, 8513 }, // U+016C
    { 11, 20, 240, 2, 20, 28, 8546 }, // U+016D
    { 11, 24, 240, 2, 24, 33, 8574 }, // U+016E
    { 11, 20, 240, 2, 20, 28, 8607 }, // U+016F
    { 11, 24, 240, 2, 24, 33, 8635 }, // U+0170
    { 11, 20, 240, 2, 20, 28, 8668 }, // U+0171
    { 11, 22, 240, 2, 17, 31, 8696 }, // U+0172
    { 12, 18, 240, 2, 13, 27, 8727 }, // U+0173
    { 22, 23, 360, 0, 23, 64, 8754 }, // U+0174
    { 20, 19, 360, 1, 19, 48, 8818 }, // U+0175
    { 15, 23, 240, 0, 23, 44, 8866 }, // U+0176
    { 13, 24, 240, 1, 19, 39, 8910 }, // U+0177
    { 15, 22, 240, 0, 22, 42, 8949 }, // U+0178
    { 13, 24, 240, 1, 24, 39, 8991 }, // U+0179
    { 11, 20, 240, 2, 20, 28, 9030 }, // U+017A
    { 13, 22, 240, 1, 22, 36, 9058 }, // U+017B
    { 11, 18, 240, 2, 18, 25, 9094 }, // U+017C
    { 13, 24, 240, 1, 24, 39, 9119 }, // U+017D
    { 11, 20, 240, 2, 20, 28, 9158 }, // U+017E
    { 13, 20, 240, 1, 20, 33, 9186 }, // U+01A0
    { 13, 16, 240, 1, 16, 26, 9219 }, // U+01A1
    { 13, 20, 240, 2, 20, 33, 9245 }, // U+01AF
    { 13, 16, 240, 2, 16, 26, 9278 }, // U+01B0
    { 15, 28, 240, 0, 28, 53, 9304 }, // U+01FA
    { 13, 24, 240, 1, 24, 39, 9357 }, // U+01FB
    { 22, 24, 360, 0, 24, 66, 9396 }, // U+01FC
    { 20, 20, 360, 1, 20, 50, 9462 }, // U+01FD
    { 13, 25, 240, 1, 24, 41, 9512 }, // U+01FE
    { 13, 21, 240, 1, 20, 35, 9553 }, // U+01FF
    { 13, 23, 240, 1, 17, 38, 9588 }, // U+0218
    { 13, 19, 240, 1, 13, 31, 9626 }, // U+0219
    { 15, 23, 240, 0, 17, 44, 9657 }, // U+021A
    { 14, 23, 240, 0, 17, 41, 9701 }, // U+021B
    { 5, 6, 0, -3, 20, 4, 9742 }, // U+0300
    { 5, 6, 0, -2, 20, 4, 9746 }, // U+0301
    { 10, 5, 0, -5, 19, 7, 9750 }, // U+0302
    { 10, 3, 0, -5, 18, 4, 9757 }, // U+0303
    { 8, 2, 0, -4, 18, 2, 9761 }, // U+0304
    { 10, 5, 0, -5, 20, 7, 9763 }, // U+0306
    { 4, 3, 0, -2, 18, 2, 9770 }, // U+0307
    { 10, 3, 0, -5, 18, 4, 9772 }, // U+0308
    { 6, 6, 0, -3, 19, 5, 9776 }, // U+0309
    { 6, 6, 0, -3, 20, 5, 9781 }, // U+030A
    { 9, 6, 0, -4, 20, 7, 9786 }, // U+030B
    { 10, 5, 0, -5, 20, 7, 9793 }, // U+030C
    { 4, 5, 0, -2, 19, 3, 9800 }, // U+0312
    { 3, 5, 0, 0, 19, 2, 9803 }, // U+0315
    { 4, 5, 0, -2, 16, 3, 9805 }, // U+031B
    { 4, 3, 0, -2, -2, 2, 9808 }, // U+0323
    { 4, 5, 0, -2, -1, 3, 9810 }, // U+0326
    { 7, 7, 0, -3, 1, 7, 9813 }, // U+0327
    { 6, 6, 0, -5, 1, 5, 9820 }, // U+0328
    { 0, 0, 0, 0, 0, 0, 9825 }, // U+034F
    { 11, 24, 240, 2, 24, 33, 9825 }, // U+0400
    { 11, 22, 240, 2, 22, 31, 9858 }, // U+0401
    { 14, 21, 240, 0, 17, 37, 9889 }, // U+0402
    { 11, 24, 240, 3, 24, 33, 9926 }, // U+0403
    { 13, 17, 240, 1, 17, 28, 9959 }, // U+0404
    { 13, 17, 240, 1, 17, 28, 9987 }, // U+0405
    { 11, 17, 240, 2, 17, 24, 10015 }, // U+0406
    { 11, 22, 240, 2, 22, 31, 10039 }, // U+0407
    { 11, 17, 240, 1, 17, 24, 10070 }, // U+0408
    { 25, 17, 360, -1, 17, 54, 10094 }, // U+0409
    { 24, 17, 360, -1, 17, 51, 10148 }, // U+040A
    { 14, 17, 240, 0, 17, 30, 10199 }, // U+040B
    { 12, 24, 240, 2, 24, 36, 10229 }, // U+040C
    { 11, 24, 240, 2, 24, 33, 10265 }, // U+040D
    { 14, 24, 240, 1, 24, 42, 10298 }, // U+040E
    { 11, 21, 240, 2, 17, 29, 10340 }, // U+040F
    { 15, 17, 240, 0, 17, 32, 10369 }, // U+0410
    { 12, 17, 240, 2, 17, 26, 10401 }, // U+0411
    { 12, 17, 240, 2, 17, 26, 10427 }, // U+0412
    { 11, 17, 240, 3, 17, 24, 10453 }, // U+0413
    { 18, 22, 360, 2, 17, 50, 10477 }, // U+0414
    { 11, 17, 240, 2, 17, 24, 10527 }, // U+0415
    { 23, 17, 360, 0, 17, 49, 10551 }, // U+0416
    { 13, 17, 240, 1, 17, 28, 10600 }, // U+0417
    { 11, 17, 240, 2, 17, 24, 10628 }, // U+0418
    { 11, 24, 240, 2, 24, 33, 10652 }, // U+0419
    { 12, 17, 240, 2, 17, 26, 10685 }, // U+041A
    { 14, 17, 240, 0, 17, 30, 10711 }, // U+041B
    { 18, 17, 360, 2, 17, 39, 10741 }, // U+041C
    { 11, 17, 240, 2, 17, 24, 10780 }, // U+041D
    { 13, 17, 240, 1, 17, 28, 10804 }, // U+041E
    { 11, 17, 240, 2, 17, 24, 10832 }, // U+041F
    { 12, 17, 240, 2, 17, 26, 10856 }, // U+0420
    { 13, 17, 240, 1, 17, 28, 10882 }, // U+0421
    { 15, 17, 240, 0, 17, 32, 10910 }, // U+0422
    { 14, 17, 240, 1, 17, 30, 10942 }, // U+0423
    { 20, 19, 360, 1, 19, 48, 10972 }, // U+0424
    { 15, 17, 240, 0, 17, 32, 11020 }, // U+0425
    { 13, 22, 240, 2, 17, 36, 11052 }, // U+0426
    { 12, 17, 240, 1, 17, 26, 11088 }, // U+0427
    { 20, 17, 360, 1, 17, 43, 11114 }, // U+0428
    { 23, 21, 360, 0, 17, 61, 11157 }, // U+0429
    { 15, 17, 240, 0, 17, 32, 11218 }, // U+042A
    { 18, 17, 360, 2, 17, 39, 11250 }, // U+042B
    { 12, 17, 240, 2, 17, 26, 11289 }, // U+042C
    { 13, 17, 240, 1, 17, 28, 11315 }, // U+042D
    { 21, 17, 360, 1, 17, 45, 11343 }, // U+042E
    { 13, 17, 240, 0, 17, 28, 11388 }, // U+042F
    { 13, 13, 240, 1, 13, 22, 11416 }, // U+0430
    { 13, 19, 240, 1, 19, 31, 11438 }, // U+0431
    { 12, 13, 240, 2, 13, 20, 11469 }, // U+0432
    { 10, 13, 240, 3, 13, 17, 11489 }, // U+0433
    { 15, 17, 240, 0, 13, 32, 11506 }, // U+0434
    { 13, 13, 240, 1, 13, 22, 11538 }, // U+0435
    { 18, 13, 360, 2, 13, 30, 11560 }, // U+0436
    { 12, 13, 240, 1, 13, 20, 11590 }, // U+0437
    { 11, 13, 240, 2, 13, 18, 11610 }, // U+0438
    { 11, 20, 240, 2, 20, 28, 11628 }, // U+0439
    { 12, 13, 240, 2, 13, 20, 11656 }, // U+043A
    { 13, 13, 240, 0, 13, 22, 11676 }, // U+043B
    { 13, 13, 240, 1, 13, 22, 11698 }, // U+043C
    { 11, 13, 240, 2, 13, 18, 11720 }, // U+043D
    { 13, 13, 240, 1, 13, 22, 11738 }, // U+043E
    { 11, 13, 240, 2, 13, 18, 11760 }, // U+043F
    { 12, 18, 240, 2, 13, 27, 11778 }, // U+0440
    { 11, 13, 240, 2, 13, 18, 11805 }, // U+0441
    { 13, 13, 240, 1, 13, 22, 11823 }, // U+0442
    { 13, 18, 240, 1, 13, 30, 11845 }, // U+0443
    { 17, 22, 360, 3, 17, 47, 11875 }, // U+0444
    { 13, 13, 240, 1, 13, 22, 11922 }, // U+0445
    { 13, 17, 240, 2, 13, 28, 11944 }, // U+0446
    { 11, 13, 240, 2, 13, 18, 11972 }, // U+0447
    { 17, 13, 360, 3, 13, 28, 11990 }, // U+0448
    { 19, 17, 360, 2, 13, 41, 12018 }, // U+0449
    { 14, 13, 240, 0, 13, 23, 12059 }, // U+044A
    { 16, 13, 360, 3, 13, 26, 12082 }, // U+044B
    { 12, 13, 240, 2, 13, 20, 12108 }, // U+044C
    { 11, 13, 240, 2, 13, 18, 12128 }, // U+044D
    { 18, 13, 360, 3, 13, 30, 12146 }, // U+044E
    { 12, 13, 240, 1, 13, 20, 12176 }, // U+044F
    { 13, 20, 240, 1, 20, 33, 12196 }, // U+0450
    { 13, 18, 240, 1, 18, 30, 12229 }, // U+0451
    { 13, 23, 240, 0, 18, 38, 12259 }, // U+0452
    { 10, 20, 240, 3, 20, 25, 12297 }, // U+0453
    { 11, 13, 240, 2, 13, 18, 12322 }, // U+0454
    { 13, 13, 240, 1, 13, 22, 12340 }, // U+0455
    { 12, 18, 240, 2, 18, 27, 12362 }, // U+0456
    { 12, 18, 240, 2, 18, 27, 12389 }, // U+0457
    { 10, 23, 240, 2, 18, 29, 12416 }, // U+0458
    { 20, 13, 360, 1, 13, 33, 12445 }, // U+0459
    { 19, 13, 360, 2, 13, 31, 12478 }, // U+045A
    { 13, 18, 240, 0, 18, 30, 12509 }, // U+045B
    { 12, 20, 240, 2, 20, 30, 12539 }, // U+045C
    { 11, 20, 240, 2, 20, 28, 12569 }, // U+045D
    { 13, 25, 240, 1, 20, 41, 12597 }, // U+045E
    { 11, 17, 240, 2, 13, 24, 12638 }, // U+045F
    { 13, 17, 240, 1, 17, 28, 12662 }, // U+0472
    { 13, 13, 240, 1, 13, 22, 12690 }, // U+0473
    { 11, 21, 240, 3, 21, 29, 12712 }, // U+0490
    { 10, 16, 240, 3, 16, 20, 12741 }, // U+0491
    { 13, 17, 240, 1, 17, 28, 12761 }, // U+0492
    { 13, 13, 240, 1, 13, 22, 12789 }, // U+0493
    { 12, 21, 240, 2, 17, 32, 12811 }, // U+0494
    { 11, 18, 240, 2, 13, 25, 12843 }, // U+0495
    { 24, 21, 360, -1, 17, 63, 12868 }, // U+0496
    { 19, 17, 360, 2, 13, 41, 12931 }, // U+0497
    { 13, 21, 240, 1, 17, 35, 12972 }, // U+0498
    { 12, 17, 240, 1, 13, 26, 13007 }, // U+0499
    { 13, 21, 240, 1, 17, 35, 13033 }, // U+049A
    { 12, 16, 240, 2, 13, 24, 13068 }, // U+049B
    { 14, 17, 240, 1, 17, 30, 13092 }, // U+049C
    { 12, 13, 240, 2, 13, 20, 13122 }, // U+049D
    { 15, 17, 240, 0, 17, 32, 13142 }, // U+04A0
    { 15, 13, 240, 0, 13, 25, 13174 }, // U+04A1
    { 13, 21, 240, 2, 17, 35, 13199 }, // U+04A2
    { 13, 17, 240, 2, 13, 28, 13234 }, // U+04A3
    { 21, 17, 360, 1, 17, 45, 13262 }, // U+04A4
    { 14, 13, 240, 1, 13, 23, 13307 }, // U+04A5
    { 13, 21, 240, 1, 17, 35, 13330 }, // U+04AA
    { 11, 17, 240, 2, 13, 24, 13365 }, // U+04AB
    { 15, 17, 240, 0, 17, 32, 13389 }, // U+04AE
    { 13, 18, 240, 1, 13, 30, 13421 }, // U+04AF
    { 15, 17, 240, 0, 17, 32, 13451 }, // U+04B0
    { 13, 18, 240, 1, 13, 30, 13483 }, // U+04B1
    { 16, 21, 240, 0, 17, 42, 13513 }, // U+04B2
    { 14, 17, 240, 1, 13, 30, 13555 }, // U+04B3
    { 14, 21, 240, 1, 17, 37, 13585 }, // U+04B6
    { 14, 17, 240, 1, 13, 30, 13622 }, // U+04B7
    { 12, 17, 240, 1, 17, 26, 13652 }, // U+04B8
    { 11, 13, 240, 2, 13, 18, 13678 }, // U+04B9
    { 12, 17, 240, 2, 17, 26, 13696 }, // U+04BA
    { 11, 18, 240, 2, 18, 25, 13722 }, // U+04BB
    { 11, 17, 240, 2, 17, 24, 13747 }, // U+04C0
    { 23, 23, 360, 0, 23, 67, 13771 }, // U+04C1
    { 18, 19, 360, 2, 19, 43, 13838 }, // U+04C2
    { 11, 18, 240, 2, 18, 25, 13881 }, // U+04CF
    { 15, 24, 240, 0, 24, 45, 13906 }, // U+04D0
    { 13, 20, 240, 1, 20, 33, 13951 }, // U+04D1
    { 15, 22, 240, 0, 22, 42, 13984 }, // U+04D2
    { 13, 18, 240, 1, 18, 30, 14026 }, // U+04D3
    { 22, 17, 360, 0, 17, 47, 14056 }, // U+04D4
    { 20, 13, 360, 1, 13, 33, 14103 }, // U+04D5
    { 11, 24, 240, 2, 24, 33, 14136 }, // U+04D6
    { 13, 20, 240, 1, 20, 33, 14169 }, // U+04D7
    { 13, 17, 240, 1, 17, 28, 14202 }, // U+04D8
    { 13, 13, 240, 1, 13, 22, 14230 }, // U+04D9
    { 23, 22, 360, 0, 22, 64, 14252 }, // U+04DC
    { 18, 18, 360, 2, 18, 41, 14316 }, // U+04DD
    { 13, 22, 240, 1, 22, 36, 14357 }, // U+04DE
    { 12, 18, 240, 1, 18, 27, 14393 }, // U+04DF
    { 11, 22, 240, 2, 22, 31, 14420 }, // U+04E2
    { 11, 18, 240, 2, 18, 25, 14451 }, // U+04E3
    { 11, 22, 240, 2, 22, 31, 14476 }, // U+04E4
    { 11, 18, 240, 2, 18, 25, 14507 }, // U+04E5
    { 13, 22, 240, 1, 22, 36, 14532 }, // U+04E6
    { 13, 18, 240, 1, 18, 30, 14568 }, // U+04E7
    { 13, 17, 240, 1, 17, 28, 14598 }, // U+04E8
    { 13, 13, 240, 1, 13, 22, 14626 }, // U+04E9
    { 14, 22, 240, 1, 22, 39, 14648 }, // U+04EE
    { 13, 23, 240, 1, 18, 38, 14687 }, // U+04EF
    { 14, 22, 240, 1, 22, 39, 14725 }, // U+04F0
    { 13, 23, 240, 1, 18, 38, 14764 }, // U+04F1
    { 14, 24, 240, 1, 24, 42, 14802 }, // U+04F2
    { 13, 25, 240, 1, 20, 41, 14844 }, // U+04F3
    { 12, 22, 240, 1, 22, 33, 14885 }, // U+04F4
    { 11, 18, 240, 2, 18, 25, 14918 }, // U+04F5
    { 18, 22, 360, 2, 22, 50, 14943 }, // U+04F8
    { 16, 17, 360, 3, 17, 34, 14993 }, // U+04F9
    { 15, 15, 253, 0, 15, 29, 15027 }, // U+05D0
    { 13, 15, 229, 1, 15, 25, 15056 }, // U+05D1
    { 9, 16, 150, 0, 15, 18, 15081 }, // U+05D2
    { 13, 15, 217, 0, 15, 25, 15099 }, // U+05D3
    { 13, 15, 251, 1, 15, 25, 15124 }, // U+05D4
    { 6, 15, 120, 0, 15, 12, 15149 }, // U+05D5
    { 7, 15, 132, 1, 15, 14, 15161 }, // U+05D6
    { 14, 15, 265, 1, 15, 27, 15175 }, // U+05D7
    { 14, 15, 254, 1, 15, 27, 15202 }, // U+05D8
    { 6, 9, 118, 0, 15, 7, 15229 }, // U+05D9
    { 11, 20, 218, 1, 15, 28, 15236 }, // U+05DA
    { 11, 15, 206, 1, 15, 21, 15264 }, // U+05DB
    { 13, 20, 209, 0, 20, 33, 15285 }, // U+05DC
    { 15, 15, 274, 1, 15, 29, 15318 }, // U+05DD
    { 15, 15, 264, 1, 15, 29, 15347 }, // U+05DE
    { 5, 20, 132, 1, 15, 13, 15376 }, // U+05DF
    { 7, 15, 152, 1, 15, 14, 15389 }, // U+05E0
    { 14, 15, 257, 1, 15, 27, 15403 }, // U+05E1
    { 14, 17, 237, 0, 16, 30, 15430 }, // U+05E2
    { 13, 20, 248, 1, 15, 33, 15460 }, // U+05E3
    { 13, 15, 240, 1, 15, 25, 15493 }, // U+05E4
    { 13, 20, 212, 0, 15, 33, 15518 }, // U+05E5
    { 12, 15, 222, 1, 15, 23, 15551 }, // U+05E6
    { 14, 20, 251, 1, 15, 35, 15574 }, // U+05E7
    { 11, 15, 209, 1, 15, 21, 15609 }, // U+05E8
    { 16, 15, 292, 1, 15, 30, 15630 }, // U+05E9
    { 16, 15, 274, 0, 15, 30, 15660 }, // U+05EA
    { 4, 7, 131, 2, 6, 4, 15690 }, // U+060C
    { 5, 14, 138, 1, 13, 9, 15694 }, // U+061B
    { 11, 20, 174, 0, 19, 28, 15703 }, // U+061F
    { 10, 11, 164, 0, 9, 14, 15731 }, // U+0621
    { 8, 3, 108, 0, 2, 3, 15745 }, // U+0640
    { 6, 7, 0, 0, 21, 6, 15748 }, // U+0654
    { 5, 5, 229, 5, 10, 4, 15754 }, // U+0660
    { 5, 19, 229, 5, 18, 12, 15758 }, // U+0661
    { 11, 19, 229, 2, 18, 27, 15770 }, // U+0662
    { 14, 19, 229, 0, 18, 34, 15797 }, // U+0663
    { 11, 19, 229, 2, 18, 27, 15831 }, // U+0664
    { 11, 14, 229, 2, 13, 20, 15858 }, // U+0665
    { 12, 19, 229, 1, 18, 29, 15878 }, // U+0666
    { 14, 19, 229, 0, 18, 34, 15907 }, // U+0667
    { 14, 19, 229, 0, 18, 34, 15941 }, // U+0668
    { 11, 18, 229, 2, 17, 25, 15975 }, // U+0669
    { 16, 14, 274, 0, 8, 28, 16000 }, // U+06BA
    { 6, 2, 120, 1, 2, 2, 16028 }, // U+06D4
    { 10, 12, 162, 0, 12, 15, 16030 }, // U+06D5
    { 5, 5, 229, 5, 10, 4, 16045 }, // U+06F0
    { 5, 19, 229, 5, 18, 12, 16049 }, // U+06F1
    { 11, 19, 229, 2, 18, 27, 16061 }, // U+06F2
    { 14, 19, 229, 0, 18, 34, 16088 }, // U+06F3
    { 11, 17, 229, 2, 17, 24, 16122 }, // U+06F4
    { 12, 17, 229, 1, 17, 26, 16146 }, // U+06F5
    { 10, 18, 229, 2, 17, 23, 16172 }, // U+06F6
    { 14, 19, 229, 0, 18, 34, 16195 }, // U+06F7
    { 14, 19, 229, 0, 18, 34, 16229 }, // U+06F8
    { 11, 18, 229, 2, 17, 25, 16263 }, // U+06F9
    { 15, 22, 240, 0, 17, 42, 16288 }, // U+1EA0
    { 13, 18, 240, 1, 13, 30, 16330 }, // U+1EA1
    { 15, 24, 240, 0, 24, 45, 16360 }, // U+1EA2
    { 13, 19, 240, 1, 19, 31, 16405 }, // U+1EA3
    { 15, 27, 240, 0, 27, 51, 16436 }, // U+1EA4
    { 13, 23, 240, 1, 23, 38, 16487 }, // U+1EA5
    { 15, 27, 240, 0, 27, 51, 16525 }, // U+1EA6
    { 14, 23, 240, 0, 23, 41, 16576 }, // U+1EA7
    { 15, 27, 240, 0, 27, 51, 16617 }, // U+1EA8
    { 13, 23, 240, 1, 23, 38, 16668 }, // U+1EA9
    { 15, 26, 240, 0, 26, 49, 16706 }, // U+1EAA
    { 13, 22, 240, 1, 22, 36, 16755 }, // U+1EAB
    { 15, 28, 240, 0, 23, 53, 16791 }, // U+1EAC
    { 13, 24, 240, 1, 19, 39, 16844 }, // U+1EAD
    { 15, 27, 240, 0, 27, 51, 16883 }, // U+1EAE
    { 13, 22, 240, 1, 22, 36, 16934 }, // U+1EAF
    { 15, 27, 240, 0, 27, 51, 16970 }, // U+1EB0
    { 13, 22, 240, 1, 22, 36, 17021 }, // U+1EB1
    { 15, 27, 240, 0, 27, 51, 17057 }, // U+1EB2
    { 13, 22, 240, 1, 22, 36, 17108 }, // U+1EB3
    { 15, 27, 240, 0, 27, 51, 17144 }, // U+1EB4
    { 13, 22, 240, 1, 22, 36, 17195 }, // U+1EB5
    { 15, 29, 240, 0, 24, 55, 17231 }, // U+1EB6
    { 13, 25, 240, 1, 20, 41, 17286 }, // U+1EB7
    { 11, 22, 240, 2, 17, 31, 17327 }, // U+1EB8
    { 13, 18, 240, 1, 13, 30, 17358 }, // U+1EB9
    { 11, 24, 240, 2, 24, 33, 17388 }, // U+1EBA
    { 13, 19, 240, 1, 19, 31, 17421 }, // U+1EBB
    { 11, 22, 240, 2, 22, 31, 17452 }, // U+1EBC
    { 13, 18, 240, 1, 18, 30, 17483 }, // U+1EBD
    { 13, 27, 240, 2, 27, 44, 17513 }, // U+1EBE
    { 14, 23, 240, 1, 23, 41, 17557 }, // U+1EBF
    { 12, 27, 240, 1, 27, 41, 17598 }, // U+1EC0
    { 13, 23, 240, 1, 23, 38, 17639 }, // U+1EC1
    { 12, 27, 240, 2, 27, 41, 17677 }, // U+1EC2
    { 13, 23, 240, 1, 23, 38, 17718 }, // U+1EC3
    { 11, 26, 240, 2, 26, 36, 17756 }, // U+1EC4
    { 13, 22, 240, 1, 22, 36, 17792 }, // U+1EC5
    { 11, 28, 240, 2, 23, 39, 17828 }, // U+1EC6
    { 13, 24, 240, 1, 19, 39, 17867 }, // U+1EC7
    { 11, 24, 240, 2, 24, 33, 17906 }, // U+1EC8
    { 12, 19, 240, 2, 19, 29, 17939 }, // U+1EC9
    { 11, 22, 240, 2, 17, 31, 17968 }, // U+1ECA
    { 12, 23, 240, 2, 18, 35, 17999 }, // U+1ECB
    { 13, 22, 240, 1, 17, 36, 18034 }, // U+1ECC
    { 13, 18, 240, 1, 13, 30, 18070 }, // U+1ECD
    { 13, 24, 240, 1, 24, 39, 18100 }, // U+1ECE
    { 13, 19, 240, 1, 19, 31, 18139 }, // U+1ECF
    { 13, 27, 240, 1, 27, 44, 18170 }, // U+1ED0
    { 13, 23, 240, 1, 23, 38, 18214 }, // U+1ED1
    { 13, 27, 240, 1, 27, 44, 18252 }, // U+1ED2
    { 13, 23, 240, 1, 23, 38, 18296 }, // U+1ED3
    { 13, 27, 240, 1, 27, 44, 18334 }, // U+1ED4
    { 13, 23, 240, 1, 23, 38, 18378 }, // U+1ED5
    { 13, 26, 240, 1, 26, 43, 18416 }, // U+1ED6
    { 13, 22, 240, 1, 22, 36, 18459 }, // U+1ED7
    { 13, 28, 240, 1, 23, 46, 18495 }, // U+1ED8
    { 13, 24, 240, 1, 19, 39, 18541 }, // U+1ED9
    { 13, 24, 240, 1, 24, 39, 18580 }, // U+1EDA
    { 13, 20, 240, 1, 20, 33, 18619 }, // U+1EDB
    { 13, 24, 240, 1, 24, 39, 18652 }, // U+1EDC
    { 13, 20, 240, 1, 20, 33, 18691 }, // U+1EDD
    { 13, 24, 240, 1, 24, 39, 18724 }, // U+1EDE
    { 13, 19, 240, 1, 19, 31, 18763 }, // U+1EDF
    { 13, 22, 240, 1, 22, 36, 18794 }, // U+1EE0
    { 13, 17, 240, 1, 17, 28, 18830 }, // U+1EE1
    { 13, 25, 240, 1, 20, 41, 18858 }, // U+1EE2
    { 13, 21, 240, 1, 16, 35, 18899 }, // U+1EE3
    { 11, 22, 240, 2, 17, 31, 18934 }, // U+1EE4
    { 11, 18, 240, 2, 13, 25, 18965 }, // U+1EE5
    { 11, 24, 240, 2, 24, 33, 18990 }, // U+1EE6
    { 11, 19, 240, 2, 19, 27, 19023 }, // U+1EE7
    { 13, 24, 240, 2, 24, 39, 19050 }, // U+1EE8
    { 13, 20, 240, 2, 20, 33, 19089 }, // U+1EE9
    { 13, 24, 240, 2, 24, 39, 19122 }, // U+1EEA
    { 13, 20, 240, 2, 20, 33, 19161 }, // U+1EEB
    { 13, 24, 240, 2, 24, 39, 19194 }, // U+1EEC
    { 13, 19, 240, 2, 19, 31, 19233 }, // U+1EED
    { 13, 22, 240, 2, 22, 36, 19264 }, // U+1EEE
    { 13, 17, 240, 2, 17, 28, 19300 }, // U+1EEF
    { 13, 25, 240, 2, 20, 41, 19328 }, // U+1EF0
    { 13, 21, 240, 2, 16, 35, 19369 }, // U+1EF1
    { 15, 24, 240, 0, 24, 45, 19404 }, // U+1EF2
    { 13, 25, 240, 1, 20, 41, 19449 }, // U+1EF3
    { 15, 22, 240, 0, 17, 42, 19490 }, // U+1EF4
    { 13, 18, 240, 1, 13, 30, 19532 }, // U+1EF5
    { 15, 24, 240, 0, 24, 45, 19562 }, // U+1EF6
    { 13, 24, 240, 1, 19, 39, 19607 }, // U+1EF7
    { 15, 22, 240, 0, 22, 42, 19646 }, // U+1EF8
    { 13, 23, 240, 1, 18, 38, 19688 }, // U+1EF9
    { 0, 0, 52, 0, 0, 0, 19726 }, // U+2009
    { 0, 0, 0, 0, 0, 0, 19726 }, // U+200B
    { 2, 19, 0, -1, 18, 5, 19726 }, // U+200C
    { 6, 19, 0, -3, 18, 15, 19731 }, // U+200D
    { 7, 20, 0, -1, 18, 18, 19746 }, // U+200E
    { 7, 20, 0, -6, 18, 18, 19764 }, // U+200F
    { 8, 2, 128, 0, 8, 2, 19782 }, // U+2010
    { 7, 3, 129, 1, 8, 3, 19784 }, // U+2011
    { 13, 2, 240, 1, 9, 4, 19787 }, // U+2013
    { 19, 2, 360, 2, 9, 5, 19791 }, // U+2014
    { 6, 7, 240, 4, 18, 6, 19796 }, // U+2018
    { 6, 7, 240, 5, 18, 6, 19802 }, // U+2019
    { 5, 7, 240, 5, 4, 5, 19808 }, // U+201A
    { 11, 7, 240, 2, 18, 10, 19813 }, // U+201C
    { 12, 7, 240, 2, 18, 11, 19823 }, // U+201D
    { 12, 7, 240, 2, 4, 11, 19834 }, // U+201E
    { 13, 23, 240, 1, 18, 38, 19845 }, // U+2020
    { 13, 23, 240, 1, 18, 38, 19883 }, // U+2021
    { 5, 5, 240, 5, 10, 4, 19921 }, // U+2022
    { 19, 3, 361, 2, 3, 8, 19925 }, // U+2026
    { 0, 0, 52, 0, 0, 0, 19933 }, // U+202F
    { 29, 17, 480, 1, 17, 62, 19933 }, // U+2030
    { 7, 12, 240, 4, 13, 11, 19995 }, // U+2039
    { 7, 12, 240, 4, 13, 11, 20006 }, // U+203A
    { 15, 17, 240, 0, 17, 32, 20017 }, // U+2044
    { 5, 14, 138, 1, 13, 9, 20049 }, // U+204F
    { 9, 9, 240, 3, 17, 11, 20058 }, // U+2070
    { 9, 9, 240, 3, 17, 11, 20069 }, // U+2074
    { 7, 9, 240, 4, 17, 8, 20080 }, // U+2075
    { 8, 9, 240, 4, 17, 9, 20088 }, // U+2076
    { 7, 9, 240, 4, 17, 8, 20097 }, // U+2077
    { 9, 9, 240, 3, 17, 11, 20105 }, // U+2078
    { 8, 9, 240, 3, 17, 9, 20116 }, // U+2079
    { 9, 9, 240, 3, 9, 11, 20125 }, // U+2080
    { 9, 9, 240, 3, 9, 11, 20136 }, // U+2081
    { 7, 9, 240, 4, 9, 8, 20147 }, // U+2082
    { 8, 9, 240, 3, 9, 9, 20155 }, // U+2083
    { 9, 9, 240, 3, 9, 11, 20164 }, // U+2084
    { 7, 9, 240, 4, 9, 8, 20175 }, // U+2085
    { 8, 9, 240, 4, 9, 9, 20183 }, // U+2086
    { 7, 9, 240, 4, 9, 8, 20192 }, // U+2087
    { 9, 9, 240, 3, 9, 11, 20200 }, // U+2088
    { 8, 9, 240, 3, 9, 9, 20211 }, // U+2089
    { 13, 24, 240, 1, 20, 39, 20220 }, // U+20A1
    { 13, 17, 240, 1, 17, 28, 20259 }, // U+20A4
    { 15, 17, 240, 0, 17, 32, 20287 }, // U+20A6
    { 14, 17, 240, 1, 17, 30, 20319 }, // U+20A8
    { 15, 17, 240, 0, 17, 32, 20349 }, // U+20A9
    { 13, 17, 240, 1, 17, 28, 20381 }, // U+20AA
    { 12, 18, 240, 2, 18, 27, 20409 }, // U+20AB
    { 13, 17, 240, 1, 17, 28, 20436 }, // U+20AC
    { 15, 17, 240, 0, 17, 32, 20464 }, // U+20AD
    { 15, 17, 240, 0, 17, 32, 20496 }, // U+20AE
    { 15, 17, 240, 0, 17, 32, 20528 }, // U+20B1
    { 13, 24, 240, 1, 21, 39, 20560 }, // U+20B2
    { 15, 17, 240, 0, 17, 32, 20599 }, // U+20B4
    { 13, 24, 240, 1, 21, 39, 20631 }, // U+20B5
    { 13, 17, 240, 1, 17, 28, 20670 }, // U+20B8
    { 13, 18, 240, 1, 17, 30, 20698 }, // U+20B9
    { 13, 17, 240, 1, 17, 28, 20728 }, // U+20BA
    { 13, 17, 240, 1, 17, 28, 20756 }, // U+20BD
    { 12, 23, 240, 2, 20, 35, 20784 }, // U+20BF
    { 15, 12, 240, 0, 15, 23, 20819 }, // U+2190
    { 11, 18, 240, 2, 18, 25, 20842 }, // U+2191
    { 15, 12, 240, 0, 15, 23, 20867 }, // U+2192
    { 11, 18, 240, 2, 17, 25, 20890 }, // U+2193
    { 15, 12, 240, 0, 15, 23, 20915 }, // U+2194
    { 11, 19, 240, 2, 18, 27, 20938 }, // U+2195
    { 14, 13, 240, 1, 16, 23, 20965 }, // U+2196
    { 14, 13, 240, 0, 16, 23, 20988 }, // U+2197
    { 14, 13, 240, 0, 16, 23, 21011 }, // U+2198
    { 14, 13, 240, 1, 16, 23, 21034 }, // U+2199
    { 15, 14, 240, 0, 15, 27, 21057 }, // U+21A9
    { 15, 14, 240, 0, 15, 27, 21084 }, // U+21AA
    { 12, 19, 240, 1, 19, 29, 21111 }, // U+21B0
    { 12, 19, 240, 2, 19, 29, 21140 }, // U+21B1
    { 12, 18, 240, 1, 17, 27, 21169 }, // U+21B2
    { 12, 18, 240, 2, 17, 27, 21196 }, // U+21B3
    { 15, 16, 240, 0, 17, 30, 21223 }, // U+21B6
    { 15, 16, 240, 0, 17, 30, 21253 }, // U+21B7
    { 15, 18, 240, 0, 18, 34, 21283 }, // U+21BA
    { 15, 18, 240, 0, 18, 34, 21317 }, // U+21BB
    { 15, 20, 240, 0, 19, 38, 21351 }, // U+21C4
    { 15, 20, 240, 0, 19, 38, 21389 }, // U+21C6
    { 13, 19, 240, 1, 18, 31, 21427 }, // U+2202
    { 13, 17, 240, 1, 17, 28, 21458 }, // U+2206
    { 13, 18, 240, 1, 18, 30, 21486 }, // U+220F
    { 13, 23, 240, 1, 18, 38, 21516 }, // U+2211
    { 13, 2, 240, 1, 9, 4, 21554 }, // U+2212
    { 15, 18, 240, 0, 17, 34, 21558 }, // U+221A
    { 15, 9, 240, 0, 12, 17, 21592 }, // U+221E
    { 14, 24, 240, 0, 19, 42, 21609 }, // U+222B
    { 13, 9, 240, 1, 13, 15, 21651 }, // U+2248
    { 13, 12, 240, 1, 13, 20, 21666 }, // U+2260
    { 11, 15, 240, 2, 15, 21, 21686 }, // U+2264
    { 11, 15, 240, 2, 15, 21, 21707 }, // U+2265
    { 13, 18, 240, 0, 18, 30, 21728 }, // U+FB01
    { 13, 18, 240, 0, 18, 30, 21758 }, // U+FB02
    { 24, 20, 397, 0, 11, 60, 21788 }, // U+FB56
    { 29, 18, 437, 0, 9, 66, 21848 }, // U+FB57
    { 7, 19, 120, -1, 11, 17, 21914 }, // U+FB58
    { 11, 16, 149, 0, 8, 22, 21931 }, // U+FB59
    { 24, 19, 397, 0, 18, 57, 21953 }, // U+FB66
    { 29, 19, 437, 0, 18, 69, 22010 }, // U+FB67
    { 7, 21, 108, 0, 20, 19, 22079 }, // U+FB68
    { 11, 18, 149, 0, 17, 25, 22098 }, // U+FB69
    { 16, 21, 264, 0, 11, 42, 22123 }, // U+FB7A
    { 20, 21, 288, 0, 11, 53, 22165 }, // U+FB7B
    { 14, 17, 236, 0, 9, 30, 22218 }, // U+FB7C
    { 18, 17, 255, 0, 9, 39, 22248 }, // U+FB7D
    { 11, 23, 191, 0, 22, 32, 22287 }, // U+FB88
    { 15, 23, 213, 0, 22, 44, 22319 }, // U+FB89
    { 9, 23, 147, -1, 17, 26, 22363 }, // U+FB8A
    { 13, 23, 158, -1, 17, 38, 22389 }, // U+FB8B
    { 10, 25, 147, -1, 19, 32, 22427 }, // U+FB8C
    { 13, 25, 158, -1, 19, 41, 22459 }, // U+FB8D
    { 23, 19, 351, 0, 18, 55, 22500 }, // U+FB8E
    { 26, 19, 390, 0, 18, 62, 22555 }, // U+FB8F
    { 11, 19, 165, 0, 18, 27, 22617 }, // U+FB90
    { 14, 19, 203, 0, 18, 34, 22644 }, // U+FB91
    { 23, 22, 351, 0, 21, 64, 22678 }, // U+FB92
    { 26, 22, 390, 0, 21, 72, 22742 }, // U+FB93
    { 11, 22, 165, 0, 21, 31, 22814 }, // U+FB94
    { 14, 22, 203, 0, 21, 39, 22845 }, // U+FB95
    { 16, 14, 274, 0, 8, 28, 22884 }, // U+FB9E
    { 20, 14, 292, 0, 8, 35, 22912 }, // U+FB9F
    { 10, 12, 162, 0, 12, 15, 22947 }, // U+FBA6
    { 14, 10, 192, 0, 9, 18, 22962 }, // U+FBA7
    { 6, 16, 108, 0, 11, 12, 22980 }, // U+FBA8
    { 13, 11, 175, 0, 4, 18, 22992 }, // U+FBA9
    { 16, 14, 269, 0, 13, 28, 23010 }, // U+FBAA
    { 17, 17, 246, 0, 11, 37, 23038 }, // U+FBAB
    { 14, 14, 230, 0, 13, 25, 23075 }, // U+FBAC
    { 14, 17, 203, 0, 11, 30, 23100 }, // U+FBAD
    { 23, 13, 377, 0, 12, 38, 23130 }, // U+FBAE
    { 15, 9, 220, 0, 2, 17, 23168 }, // U+FBAF
    { 23, 19, 377, 0, 18, 55, 23185 }, // U+FBB0
    { 15, 16, 220, 0, 9, 30, 23240 }, // U+FBB1
    { 19, 17, 304, 0, 11, 41, 23270 }, // U+FBFC
    { 20, 11, 294, 0, 5, 28, 23311 }, // U+FBFD
    { 7, 16, 120, -1, 11, 14, 23339 }, // U+FBFE
    { 11, 13, 149, 0, 8, 18, 23353 }, // U+FBFF
    { 10, 11, 164, 0, 9, 14, 23371 }, // U+FE80
    { 9, 21, 94, -2, 21, 24, 23385 }, // U+FE81
    { 11, 24, 116, -2, 23, 33, 23409 }, // U+FE82
    { 6, 24, 94, 0, 24, 18, 23442 }, // U+FE83
    { 9, 27, 116, 0, 26, 31, 23460 }, // U+FE84
    { 9, 22, 179, 1, 16, 25, 23491 }, // U+FE85
    { 13, 23, 189, 1, 17, 38, 23516 }, // U+FE86
    { 6, 26, 95, 1, 18, 20, 23554 }, // U+FE87
    { 8, 26, 116, 1, 18, 26, 23574 }, // U+FE88
    { 19, 18, 304, 0, 12, 43, 23600 }, // U+FE89
    { 20, 18, 294, 0, 12, 45, 23643 }, // U+FE8A
    { 6, 19, 108, 0, 18, 15, 23688 }, // U+FE8B
    { 10, 16, 137, 0, 15, 20, 23703 }, // U+FE8C
    { 4, 18, 95, 1, 18, 9, 23723 }, // U+FE8D
    { 8, 19, 116, 1, 18, 19, 23732 }, // U+FE8E
    { 24, 17, 397, 0, 11, 51, 23751 }, // U+FE8F
    { 29, 15, 437, 0, 9, 55, 23802 }, // U+FE90
    { 6, 16, 108, 0, 11, 12, 23857 }, // U+FE91
    { 10, 13, 137, 0, 8, 17, 23869 }, // U+FE92
    { 10, 17, 162, 0, 17, 22, 23886 }, // U+FE93
    { 14, 20, 194, 0, 19, 35, 23908 }, // U+FE94
    { 24, 14, 397, 0, 13, 42, 23943 }, // U+FE95
    { 29, 14, 437, 0, 13, 51, 23985 }, // U+FE96
    { 7, 17, 108, 0, 16, 15, 24036 }, // U+FE97
    { 11, 14, 149, 0, 13, 20, 24051 }, // U+FE98
    { 24, 17, 397, 0, 16, 51, 24071 }, // U+FE99
    { 29, 17, 437, 0, 16, 62, 24122 }, // U+FE9A
    { 7, 20, 108, 0, 19, 18, 24184 }, // U+FE9B
    { 11, 17, 149, 0, 16, 24, 24202 }, // U+FE9C
    { 15, 21, 256, 0, 11, 40, 24226 }, // U+FE9D
    { 18, 21, 260, 0, 11, 48, 24266 }, // U+FE9E
    { 14, 14, 236, 0, 9, 25, 24314 }, // U+FE9F
    { 18, 14, 255, 0, 9, 32, 24339 }, // U+FEA0
    { 15, 21, 256, 0, 11, 40, 24371 }, // U+FEA1
    { 18, 21, 260, 0, 11, 48, 24411 }, // U+FEA2
    { 14, 10, 236, 0, 9, 18, 24459 }, // U+FEA3
    { 18, 10, 255, 0, 9, 23, 24477 }, // U+FEA4
    { 15, 26, 256, 0, 16, 49, 24500 }, // U+FEA5
    { 18, 26, 260, 0, 16, 59, 24549 }, // U+FEA6
    { 14, 15, 236, 0, 14, 27, 24608 }, // U+FEA7
    { 18, 15, 255, 0, 14, 34, 24635 }, // U+FEA8
    { 11, 13, 191, 0, 12, 18, 24669 }, // U+FEA9
    { 15, 13, 213, 0, 12, 25, 24687 }, // U+FEAA
    { 11, 18, 191, 0, 17, 25, 24712 }, // U+FEAB
    { 15, 18, 213, 0, 17, 34, 24737 }, // U+FEAC
    { 9, 15, 147, -1, 9, 17, 24771 }, // U+FEAD
    { 13, 15, 158, -1, 9, 25, 24788 }, // U+FEAE
    { 9, 20, 147, -1, 14, 23, 24813 }, // U+FEAF
    { 13, 20, 158, -1, 14, 33, 24836 }, // U+FEB0
    { 29, 17, 484, 0, 11, 62, 24869 }, // U+FEB1
    { 33, 15, 508, 0, 9, 62, 24931 }, // U+FEB2
    { 19, 12, 314, 0, 11, 29, 24993 }, // U+FEB3
    { 23, 10, 340, 0, 9, 29, 25022 }, // U+FEB4
    { 29, 23, 484, 0, 17, 84, 25051 }, // U+FEB5
    { 33, 23, 508, 0, 17, 95, 25135 }, // U+FEB6
    { 19, 18, 314, 0, 17, 43, 25230 }, // U+FEB7
    { 23, 18, 340, 0, 17, 52, 25273 }, // U+FEB8
    { 32, 16, 522, 0, 10, 64, 25325 }, // U+FEB9
    { 36, 16, 541, 0, 10, 72, 25389 }, // U+FEBA
    { 22, 11, 361, 0, 10, 31, 25461 }, // U+FEBB
    { 25, 11, 380, 0, 10, 35, 25492 }, // U+FEBC
    { 32, 21, 522, 0, 15, 84, 25527 }, // U+FEBD
    { 36, 21, 541, 0, 15, 95, 25611 }, // U+FEBE
    { 22, 16, 361, 0, 15, 44, 25706 }, // U+FEBF
    { 25, 16, 380, 0, 15, 50, 25750 }, // U+FEC0
    { 19, 19, 315, 0, 18, 46, 25800 }, // U+FEC1
    { 23, 19, 332, 0, 18, 55, 25846 }, // U+FEC2
    { 16, 19, 271, 0, 18, 38, 25901 }, // U+FEC3
    { 19, 19, 284, 0, 18, 46, 25939 }, // U+FEC4
    { 19, 19, 315, 0, 18, 46, 25985 }, // U+FEC5
    { 23, 19, 332, 0, 18, 55, 26031 }, // U+FEC6
    { 16, 19, 271, 0, 18, 38, 26086 }, // U+FEC7
    { 19, 19, 284, 0, 18, 46, 26124 }, // U+FEC8
    { 15, 23, 203, 0, 13, 44, 26170 }, // U+FEC9
    { 15, 21, 212, 0, 11, 40, 26214 }, // U+FECA
    { 12, 12, 201, 0, 11, 18, 26254 }, // U+FECB
    { 15, 12, 208, 0, 11, 23, 26272 }, // U+FECC
    { 15, 28, 203, 0, 18, 53, 26295 }, // U+FECD
    { 15, 26, 212, 0, 16, 49, 26348 }, // U+FECE
    { 12, 17, 201, 0, 16, 26, 26397 }, // U+FECF
    { 15, 17, 208, 0, 16, 32, 26423 }, // U+FED0
    { 24, 19, 393, 0, 18, 57, 26455 }, // U+FED1
    { 29, 17, 439, 0, 16, 62, 26512 }, // U+FED2
    { 11, 19, 179, 0, 18, 27, 26574 }, // U+FED3
    { 14, 17, 198, 0, 16, 30, 26601 }, // U+FED4
    { 19, 21, 310, 0, 16, 50, 26631 }, // U+FED5
    { 22, 21, 323, 0, 14, 58, 26681 }, // U+FED6
    { 11, 19, 179, 0, 18, 27, 26739 }, // U+FED7
    { 14, 17, 198, 0, 16, 30, 26766 }, // U+FED8
    { 21, 19, 353, 0, 18, 50, 26796 }, // U+FED9
    { 25, 19, 369, 0, 18, 60, 26846 }, // U+FEDA
    { 11, 19, 165, 0, 18, 27, 26906 }, // U+FEDB
    { 14, 19, 203, 0, 18, 34, 26933 }, // U+FEDC
    { 16, 24, 278, 0, 18, 48, 26967 }, // U+FEDD
    { 20, 24, 292, 0, 18, 60, 27015 }, // U+FEDE
    { 6, 19, 104, 0, 18, 15, 27075 }, // U+FEDF
    { 9, 19, 120, 0, 18, 22, 27090 }, // U+FEE0
    { 12, 20, 194, 0, 10, 30, 27112 }, // U+FEE1
    { 16, 20, 225, 0, 10, 40, 27142 }, // U+FEE2
    { 12, 10, 210, 0, 9, 15, 27182 }, // U+FEE3
    { 16, 11, 231, 0, 10, 22, 27197 }, // U+FEE4
    { 16, 19, 274, 0, 13, 38, 27219 }, // U+FEE5
    { 20, 19, 292, 0, 13, 48, 27257 }, // U+FEE6
    { 6, 17, 108, 0, 16, 13, 27305 }, // U+FEE7
    { 10, 14, 137, 0, 13, 18, 27318 }, // U+FEE8
    { 10, 12, 162, 0, 12, 15, 27336 }, // U+FEE9
    { 14, 14, 194, 0, 13, 25, 27351 }, // U+FEEA
    { 14, 14, 230, 0, 13, 25, 27376 }, // U+FEEB
    { 14, 17, 203, 0, 11, 30, 27401 }, // U+FEEC
    { 9, 15, 179, 1, 9, 17, 27431 }, // U+FEED
    { 13, 15, 189, 1, 9, 25, 27448 }, // U+FEEE
    { 19, 17, 304, 0, 11, 41, 27473 }, // U+FEEF
    { 20, 11, 294, 0, 5, 28, 27514 }, // U+FEF0
    { 19, 22, 304, 0, 11, 53, 27542 }, // U+FEF1
    { 20, 16, 294, 0, 5, 40, 27595 }, // U+FEF2
    { 7, 16, 120, -1, 11, 14, 27635 }, // U+FEF3
    { 11, 13, 149, 0, 8, 18, 27649 }, // U+FEF4
    { 15, 19, 233, -2, 19, 36, 27667 }, // U+FEF5
    { 19, 20, 240, -2, 19, 48, 27703 }, // U+FEF6
    { 14, 22, 233, -1, 22, 39, 27751 }, // U+FEF7
    { 17, 23, 240, 0, 22, 49, 27790 }, // U+FEF8
    { 12, 26, 233, 1, 18, 39, 27839 }, // U+FEF9
    { 16, 26, 240, 1, 18, 52, 27878 }, // U+FEFA
    { 12, 18, 233, 1, 18, 27, 27930 }, // U+FEFB
    { 16, 19, 240, 1, 18, 38, 27957 }, // U+FEFC
};

static const EpdUnicodeInterval ia_duospace_12_regularIntervals[] = {
    { 0x0, 0x0, 0x0 },
    { 0xD, 0xD, 0x1 },
    { 0x20, 0x7E, 0x2 },
    { 0xA0, 0xA3, 0x61 },
    { 0xA5, 0x17E, 0x65 },
    { 0x1A0, 0x1A1, 0x13F },
    { 0x1AF, 0x1B0, 0x141 },
    { 0x1FA, 0x1FF, 0x143 },
    { 0x218, 0x21B, 0x149 },
    { 0x300, 0x304, 0x14D },
    { 0x306, 0x30C, 0x152 },
    { 0x312, 0x312, 0x159 },
    { 0x315, 0x315, 0x15A },
    { 0x31B, 0x31B, 0x15B },
    { 0x323, 0x323, 0x15C },
    { 0x326, 0x328, 0x15D },
    { 0x34F, 0x34F, 0x160 },
    { 0x400, 0x45F, 0x161 },
    { 0x472, 0x473, 0x1C1 },
    { 0x490, 0x49D, 0x1C3 },
    { 0x4A0, 0x4A5, 0x1D1 },
    { 0x4AA, 0x4AB, 0x1D7 },
    { 0x4AE, 0x4B3, 0x1D9 },
    { 0x4B6, 0x4BB, 0x1DF },
    { 0x4C0, 0x4C2, 0x1E5 },
    { 0x4CF, 0x4D9, 0x1E8 },
    { 0x4DC, 0x4DF, 0x1F3 },
    { 0x4E2, 0x4E9, 0x1F7 },
    { 0x4EE, 0x4F5, 0x1FF },
    { 0x4F8, 0x4F9, 0x207 },
    { 0x5D0, 0x5EA, 0x209 },
    { 0x60C, 0x60C, 0x224 },
    { 0x61B, 0x61B, 0x225 },
    { 0x61F, 0x61F, 0x226 },
    { 0x621, 0x621, 0x227 },
    { 0x640, 0x640, 0x228 },
    { 0x654, 0x654, 0x229 },
    { 0x660, 0x669, 0x22A },
    { 0x6BA, 0x6BA, 0x234 },
    { 0x6D4, 0x6D5, 0x235 },
    { 0x6F0, 0x6F9, 0x237 },
    { 0x1EA0, 0x1EF9, 0x241 },
    { 0x2009, 0x2009, 0x29B },
    { 0x200B, 0x2011, 0x29C },
    { 0x2013, 0x2014, 0x2A3 },
    { 0x2018, 0x201A, 0x2A5 },
    { 0x201C, 0x201E, 0x2A8 },
    { 0x2020, 0x2022, 0x2AB },
    { 0x2026, 0x2026, 0x2AE },
    { 0x202F, 0x2030, 0x2AF },
    { 0x2039, 0x203A, 0x2B1 },
    { 0x2044, 0x2044, 0x2B3 },
    { 0x204F, 0x204F, 0x2B4 },
    { 0x2070, 0x2070, 0x2B5 },
    { 0x2074, 0x2079, 0x2B6 },
    { 0x2080, 0x2089, 0x2BC },
    { 0x20A1, 0x20A1, 0x2C6 },
    { 0x20A4, 0x20A4, 0x2C7 },
    { 0x20A6, 0x20A6, 0x2C8 },
    { 0x20A8, 0x20AE, 0x2C9 },
    { 0x20B1, 0x20B2, 0x2D0 },
    { 0x20B4, 0x20B5, 0x2D2 },
    { 0x20B8, 0x20BA, 0x2D4 },
    { 0x20BD, 0x20BD, 0x2D7 },
    { 0x20BF, 0x20BF, 0x2D8 },
    { 0x2190, 0x2199, 0x2D9 },
    { 0x21A9, 0x21AA, 0x2E3 },
    { 0x21B0, 0x21B3, 0x2E5 },
    { 0x21B6, 0x21B7, 0x2E9 },
    { 0x21BA, 0x21BB, 0x2EB },
    { 0x21C4, 0x21C4, 0x2ED },
    { 0x21C6, 0x21C6, 0x2EE },
    { 0x2202, 0x2202, 0x2EF },
    { 0x2206, 0x2206, 0x2F0 },
    { 0x220F, 0x220F, 0x2F1 },
    { 0x2211, 0x2212, 0x2F2 },
    { 0x221A, 0x221A, 0x2F4 },
    { 0x221E, 0x221E, 0x2F5 },
    { 0x222B, 0x222B, 0x2F6 },
    { 0x2248, 0x2248, 0x2F7 },
    { 0x2260, 0x2260, 0x2F8 },
    { 0x2264, 0x2265, 0x2F9 },
    { 0xFB01, 0xFB02, 0x2FB },
    { 0xFB56, 0xFB59, 0x2FD },
    { 0xFB66, 0xFB69, 0x301 },
    { 0xFB7A, 0xFB7D, 0x305 },
    { 0xFB88, 0xFB95, 0x309 },
    { 0xFB9E, 0xFB9F, 0x317 },
    { 0xFBA6, 0xFBB1, 0x319 },
    { 0xFBFC, 0xFBFF, 0x325 },
    { 0xFE80, 0xFEFC, 0x329 },
};

static const uint16_t ia_duospace_12_regularKernLeftCodepoints[] = {
    0x05D0, 0x05D1, 0x05D2, 0x05D3, 0x05D5, 0x05D6, 0x05D8, 0x05D9, 0x05DB, 0x05DC, 0x05DE, 0x05E0,
    0x05E1, 0x05E2, 0x05E4, 0x05E6, 0x05E8, 0x05E9, 0x05EA, 0xFB8C, 0xFEAD, 0xFEAE, 0xFEAF,
};

static const uint8_t ia_duospace_12_regularKernLeftClassIds[] = {
      1,   2,   3,   4,   5,   6,   7,   8,   9,  10,  11,  12,  13,  14,  15,  16,
     17,  18,  19,  20,  20,  20,  20,
};

static const uint16_t ia_duospace_12_regularKernRightCodepoints[] = {
    0x05D0, 0x05D1, 0x05D2, 0x05D3, 0x05D4, 0x05D6, 0x05D7, 0x05D8, 0x05D9, 0x05DA, 0x05DB, 0x05DC,
    0x05DD, 0x05DE, 0x05E1, 0x05E2, 0x05E3, 0x05E4, 0x05E5, 0x05E7, 0x05E8, 0x05E9, 0x05EA, 0x06D5,
    0xFB8E, 0xFBA6, 0xFBAA, 0xFE8D, 0xFEA3, 0xFEA9, 0xFEB1, 0xFEB3, 0xFEB9, 0xFEBB, 0xFEC1, 0xFEC3,
    0xFECB, 0xFEDB, 0xFEDF, 0xFEE1, 0xFEE3, 0xFEEB,
};

static const uint8_t ia_duospace_12_regularKernRightClassIds[] = {
      1,   2,   3,   4,   5,   6,   7,   8,   9,  10,  11,  12,  13,  14,  15,  16,
     17,  18,  19,  20,  21,  22,  23,  24,  24,  24,  24,  25,  24,  26,  26,  26,
     26,  26,  26,  26,  25,  24,  25,  24,  24,  24,
};

static const uint16_t ia_duospace_12_regularKernRowOffsets[] = {
        0,     6,    11,    18,    29,    35,    36,    45,    56,    62,    72,    77,    80,    87,    89,    96,
      103,   113,   120,   130,   133,
};

static const uint8_t ia_duospace_12_regularKernSparseCols[] = {
      8,  10,  11,  17,  19,  21,   3,   9,  14,  17,  20,   1,   7,   8,  10,  11,
     13,  17,   1,   4,   7,   9,  10,  12,  13,  14,  16,  17,  20,   1,   7,  12,
     14,  17,  20,   1,   3,   7,   9,  10,  16,  17,  18,  19,  20,   1,   4,   6,
      7,  10,  12,  13,  14,  17,  20,  22,   7,  10,  13,  14,  16,  17,   1,   2,
      7,   9,  10,  14,  16,  17,  21,  22,  10,  12,  13,  14,  17,   7,   8,  10,
      7,   9,  11,  14,  16,  17,  20,   7,  14,   9,  10,  11,  14,  16,  17,  21,
      0,   1,   3,   8,  12,  14,  17,   1,   7,   9,  10,  13,  14,  16,  17,  20,
     22,   1,   7,  10,  12,  14,  17,  20,   3,   5,   8,  10,  11,  13,  14,  15,
     17,  21,  23,  24,  25,
};

static const int8_t ia_duospace_12_regularKernSparseValues[] = {
      -8,   -2,   -2,   -8,   -4,   -8,   -5,   -8,  -13,  -13,  -10,    2,   -8,  -13,   -5,   -6,
      -9,  -10,  -16,   -8,   -8,  -20,  -14,  -10,   -5,  -13,  -20,  -14,  -14,   -2,   -6,   -4,
      -3,   -8,   -4,   -8,   -5,   -8,   -8,   -2,   -4,   -9,   -8,   -8,   -5,  -26,   -8,   -3,
      -3,   -3,  -12,   -3,   -3,   -9,   -8,   -8,   -8,   -5,   -6,   -6,  -10,  -10,  -16,   -2,
      -8,  -12,  -10,   -8,  -15,   -6,    8,   -2,   -8,   -5,   -8,   -9,  -11,   -6,   -6,  -10,
      -2,  -12,   -2,   -2,  -12,   -5,   -4,   -3,  -10,   -3,   -8,   -3,   -3,  -11,   -2,   -3,
      -5,  -10,   -8,   -8,  -10,  -13,  -10,  -16,   -8,   -6,   -8,   -3,   -4,  -12,   -4,   -8,
      -9,  -10,   -2,  -10,   -3,   -4,   -3,   -3,  -18,  -20,   -6,   -8,   -2,  -14,  -16,  -16,
     -10,   -8,  -16,  -10,  -12,
};

static const EpdFontData ia_duospace_12_regular = {
    ia_duospace_12_regularBitmaps,
    ia_duospace_12_regularGlyphs,
    ia_duospace_12_regularIntervals,
    91,
    33,
    26,
    -7,
    false,
    nullptr,
    0,
    nullptr,
    nullptr,  // kernLeftClasses: built-in fonts use the split arrays below
    nullptr,  // kernRightClasses
    ia_duospace_12_regularKernLeftCodepoints,
    ia_duospace_12_regularKernLeftClassIds,
    ia_duospace_12_regularKernRightCodepoints,
    ia_duospace_12_regularKernRightClassIds,
    nullptr,  // kernMatrix: built-in fonts use the sparse form below
    ia_duospace_12_regularKernRowOffsets,
    ia_duospace_12_regularKernSparseCols,
    ia_duospace_12_regularKernSparseValues,
    23,
    42,
    20,
    26,
    nullptr,
    0,
};
